Household/family type,SERIALNO,INTP_adj
6,1,0.0
1,16,Other
1,16,Other
1,47,0.0
1,47,0.0
1,55,0.0
1,55,0.0
1,55,0.0
Other,194,Other
1,218,0.0
1,218,0.0
1,398,0.0
1,398,Other
1,414,0.0
1,414,0.0
1,414,0.0
1,463,0.0
1,463,0.0
1,463,0.0
1,463,0.0
1,721,0.0
1,721,0.0
1,721,0.0
1,721,0.0
1,721,0.0
1,721,0.0
1,721,0.0
1,721,0.0
1,721,0.0
1,721,0.0
1,721,0.0
1,721,0.0
3,739,0.0
3,739,0.0
Other,782,0.0
Other,782,Other
1,783,0.0
1,783,0.0
1,783,0.0
1,783,0.0
1,792,0.0
1,792,0.0
1,792,0.0
1,792,0.0
1,792,0.0
1,798,0.0
1,798,0.0
1,798,0.0
1,798,0.0
6,802,0.0
1,882,0.0
1,882,0.0
1,882,0.0
1,882,0.0
1,954,Other
1,954,Other
1,967,0.0
1,967,0.0
1,998,0.0
1,998,0.0
2,1021,0.0
2,1021,0.0
2,1021,0.0
2,1021,0.0
6,1054,0.0
3,1097,0.0
3,1097,0.0
1,1127,0.0
1,1127,0.0
6,1219,0.0
Other,1348,Other
Other,1348,Other
6,1357,0.0
1,1358,0.0
1,1358,0.0
1,1358,0.0
Other,1459,0.0
1,1545,0.0
1,1545,Other
1,1545,0.0
1,1545,0.0
2,1556,0.0
2,1556,0.0
2,1556,0.0
1,1761,Other
1,1761,0.0
1,1761,0.0
1,1761,0.0
1,1761,0.0
1,1761,0.0
1,1810,0.0
1,1810,0.0
1,1810,0.0
1,1810,0.0
1,1810,0.0
Other,1818,0.0
1,1845,0.0
1,1845,0.0
1,1845,0.0
6,1862,0.0
1,1969,0.0
1,1969,0.0
1,1969,0.0
1,1969,0.0
1,1982,0.0
1,1982,0.0
1,1982,0.0
1,1982,0.0
1,2028,0.0
1,2028,0.0
1,2028,0.0
1,2028,0.0
Other,2102,0.0
Other,2102,0.0
1,2131,0.0
1,2131,0.0
6,2158,0.0
6,2237,Other
1,2338,Other
1,2338,0.0
1,2338,0.0
Other,2381,Other
6,2387,Other
1,2476,0.0
1,2476,0.0
1,2476,0.0
1,2623,0.0
1,2623,0.0
1,2623,0.0
1,2658,0.0
1,2658,0.0
1,2660,0.0
1,2660,0.0
1,2660,0.0
1,2660,0.0
6,2715,0.0
1,2796,Other
1,2796,0.0
3,2860,0.0
3,2860,0.0
1,2876,0.0
1,2876,0.0
1,2876,0.0
1,2876,0.0
Other,2880,Other
1,2911,0.0
1,2911,0.0
1,3030,0.0
1,3030,0.0
1,3030,0.0
1,3030,0.0
6,3117,0.0
1,3194,0.0
1,3194,0.0
1,3194,0.0
1,3194,0.0
1,3194,0.0
1,3194,0.0
1,3194,0.0
3,3273,Other
3,3273,0.0
3,3273,0.0
3,3273,0.0
1,3335,0.0
1,3335,0.0
1,3335,0.0
1,3335,0.0
1,3346,Other
1,3346,0.0
2,3359,0.0
2,3359,0.0
2,3359,0.0
2,3359,0.0
2,3359,0.0
2,3359,0.0
Other,3445,0.0
6,3481,Other
3,3622,0.0
3,3622,0.0
3,3622,0.0
1,3765,Other
1,3765,0.0
1,3765,0.0
1,3765,0.0
1,3776,0.0
1,3776,0.0
Other,3803,0.0
Other,3803,0.0
Other,3803,0.0
3,3865,0.0
3,3865,0.0
3,3865,0.0
3,3865,0.0
3,3865,0.0
3,3865,0.0
3,3865,0.0
6,3872,0.0
1,3876,Other
1,3876,0.0
1,3876,0.0
1,3876,0.0
1,3959,0.0
1,3959,0.0
1,3959,0.0
1,3959,0.0
1,3959,0.0
1,3959,0.0
1,4062,0.0
1,4062,0.0
1,4082,0.0
1,4082,0.0
1,4082,0.0
1,4082,0.0
1,4138,0.0
1,4138,0.0
6,4315,0.0
1,4347,0.0
1,4347,0.0
1,4347,0.0
Other,4410,Other
Other,4410,0.0
3,17588,0.0
Other,4410,0.0
6,4485,0.0
1,4498,0.0
1,4498,0.0
6,4542,0.0
1,4572,0.0
1,4572,0.0
1,4572,Other
Other,4621,0.0
Other,4621,0.0
Other,4621,0.0
Other,4769,0.0
6,4920,0.0
3,4946,0.0
3,4946,0.0
3,4946,0.0
3,4946,0.0
3,4946,0.0
3,4946,0.0
1,4947,Other
1,4947,0.0
1,4947,0.0
1,4947,0.0
1,4947,0.0
1,4947,0.0
3,4962,0.0
3,4962,0.0
3,4962,0.0
1,5019,0.0
1,5019,0.0
1,5019,0.0
6,5220,0.0
6,5271,0.0
Other,5380,0.0
6,5430,0.0
Other,5442,0.0
Other,5442,0.0
Other,5442,0.0
Other,5442,Other
Other,5442,0.0
3,5637,0.0
3,5637,0.0
1,5666,0.0
1,5666,0.0
1,5666,0.0
1,5666,0.0
3,5676,0.0
3,5676,0.0
3,5676,0.0
2,5750,Other
2,5750,0.0
3,5774,0.0
3,5774,0.0
3,5774,0.0
Other,5779,0.0
1,5881,0.0
1,5881,0.0
1,5881,0.0
1,5881,0.0
1,6009,0.0
1,6009,0.0
1,6009,Other
1,6009,0.0
6,6070,0.0
Other,6078,0.0
1,6159,Other
1,6159,0.0
1,6159,0.0
1,6159,0.0
6,6178,0.0
6,6199,0.0
6,6309,0.0
6,6335,0.0
6,6430,0.0
1,6445,0.0
1,6445,0.0
1,6445,0.0
1,6445,0.0
1,6445,0.0
1,6464,Other
1,6464,Other
Other,6549,0.0
6,6587,0.0
1,6684,0.0
1,6684,0.0
1,6684,0.0
1,6684,0.0
3,6798,0.0
3,6798,0.0
2,6842,0.0
2,6842,0.0
2,6842,0.0
2,6842,0.0
1,6882,0.0
1,6882,Other
Other,6954,0.0
6,6972,0.0
6,7139,0.0
3,7218,0.0
3,7218,0.0
3,7218,0.0
1,7268,0.0
1,7268,0.0
1,7268,0.0
1,7268,0.0
1,7268,0.0
1,7268,0.0
6,7296,0.0
1,7309,0.0
1,7309,0.0
Other,7351,0.0
Other,7351,0.0
Other,7356,Other
Other,7356,0.0
1,7417,0.0
1,7417,0.0
1,7417,0.0
1,7417,0.0
6,7462,Other
Other,7503,0.0
Other,7555,0.0
1,7690,0.0
1,7690,0.0
Other,7698,Other
6,7704,0.0
6,7718,0.0
3,7736,0.0
3,7736,0.0
3,7736,0.0
3,7736,0.0
1,7879,0.0
1,7879,0.0
1,7879,0.0
Other,7964,Other
1,8007,0.0
1,8007,0.0
1,8007,0.0
1,8007,0.0
3,8108,0.0
3,8108,0.0
3,8108,0.0
3,8144,0.0
3,8144,0.0
6,8150,0.0
1,8168,0.0
1,8168,0.0
3,8172,0.0
3,8172,0.0
1,8211,0.0
1,8211,0.0
1,8211,0.0
1,8211,0.0
1,8244,0.0
1,8244,0.0
6,8446,0.0
1,8517,0.0
1,8517,0.0
1,8517,0.0
1,8517,0.0
1,8517,0.0
3,8530,0.0
3,8530,0.0
3,8530,0.0
3,8530,0.0
Other,8541,0.0
1,8601,0.0
1,8601,0.0
3,8786,0.0
3,8786,0.0
3,8786,0.0
3,8786,0.0
6,8877,0.0
3,8889,0.0
3,8889,0.0
1,8945,0.0
1,8945,0.0
1,8945,0.0
2,9063,0.0
2,9063,0.0
3,9086,0.0
3,9086,0.0
3,9086,0.0
3,9086,0.0
3,9086,0.0
3,9086,0.0
1,9098,Other
1,9098,Other
3,9105,0.0
3,9105,0.0
3,9105,0.0
3,9105,0.0
3,9105,0.0
2,9207,0.0
2,9207,0.0
6,9248,0.0
Other,9268,0.0
6,9278,0.0
1,9405,0.0
1,9405,0.0
1,9405,0.0
Other,9485,0.0
2,9583,0.0
2,9583,0.0
6,9602,0.0
3,9650,0.0
3,9650,0.0
3,9731,0.0
3,9731,0.0
3,9737,0.0
3,9737,0.0
Other,9909,0.0
Other,9909,Other
1,9918,0.0
1,9918,0.0
1,9918,0.0
1,9918,0.0
1,9918,0.0
1,10009,0.0
1,10009,0.0
1,10009,0.0
1,10009,0.0
1,10009,0.0
3,10073,0.0
3,10073,0.0
3,10073,0.0
1,10132,0.0
1,10132,0.0
1,10132,0.0
1,10132,0.0
1,10132,0.0
Other,10152,0.0
Other,10162,0.0
2,10212,0.0
2,10212,0.0
2,10212,0.0
2,10212,Other
2,10212,0.0
2,10212,0.0
Other,10228,0.0
Other,10228,0.0
1,10259,Other
1,10259,0.0
6,10352,Other
1,10448,0.0
1,10448,0.0
1,10448,0.0
1,10448,0.0
1,10467,Other
1,10467,0.0
1,10467,0.0
2,10584,0.0
2,10584,0.0
2,10584,0.0
1,10595,0.0
1,10595,0.0
1,10595,0.0
1,10595,0.0
1,10595,0.0
Other,10672,0.0
Other,10672,0.0
3,10719,0.0
3,10719,0.0
3,10719,0.0
1,10776,0.0
1,10776,0.0
1,10776,0.0
1,10776,0.0
1,10776,0.0
Other,10829,0.0
Other,10829,0.0
6,10843,0.0
6,10877,Other
1,10903,Other
1,10903,Other
3,10907,0.0
3,10907,0.0
1,10995,0.0
1,10995,0.0
2,11030,0.0
2,11030,0.0
3,11167,Other
3,11167,Other
Other,11406,0.0
Other,11406,0.0
Other,11414,0.0
Other,11414,0.0
Other,11414,0.0
Other,11414,0.0
6,11468,0.0
3,11497,0.0
3,11497,0.0
3,11497,0.0
3,11497,0.0
3,11497,0.0
2,11519,0.0
2,11519,0.0
1,11534,Other
1,11534,Other
1,11614,0.0
1,11614,0.0
1,11614,0.0
1,11614,0.0
6,11618,0.0
Other,11650,Other
Other,11650,Other
1,11686,0.0
1,11686,0.0
1,11686,0.0
1,11686,0.0
Other,11707,0.0
Other,11707,0.0
1,11777,0.0
1,11777,0.0
1,11780,0.0
1,11780,0.0
1,11780,0.0
1,11780,0.0
1,11780,0.0
1,11780,0.0
2,11833,0.0
2,11833,0.0
3,12156,0.0
3,12156,0.0
3,12160,0.0
3,12160,0.0
3,12160,0.0
3,12160,0.0
3,12373,0.0
3,12373,0.0
3,12373,0.0
3,12373,0.0
1,12381,0.0
1,12381,0.0
1,12381,0.0
1,12381,0.0
1,12381,0.0
6,12410,0.0
6,12487,0.0
6,12515,0.0
1,12574,0.0
1,12574,0.0
1,12574,0.0
1,12574,0.0
1,12574,0.0
1,12574,0.0
3,12708,0.0
3,12708,0.0
3,12708,0.0
1,12757,Other
1,12757,0.0
1,12757,0.0
1,12757,0.0
1,12757,0.0
6,12801,0.0
1,12931,0.0
1,12931,0.0
1,13032,0.0
1,13032,0.0
1,13032,0.0
1,13032,0.0
1,13032,0.0
Other,13069,0.0
1,13109,0.0
1,13109,0.0
3,13158,0.0
3,13158,0.0
3,13169,Other
3,13169,0.0
Other,13196,0.0
Other,13296,0.0
Other,13296,0.0
Other,13437,0.0
Other,13443,0.0
Other,13443,0.0
1,13653,0.0
1,13653,0.0
1,13653,0.0
1,13653,0.0
Other,13725,0.0
1,13726,Other
1,13726,0.0
1,13727,Other
1,13727,0.0
6,13747,0.0
1,13751,0.0
1,13751,0.0
1,13751,0.0
6,13761,0.0
Other,13785,0.0
2,13811,Other
2,13811,0.0
2,13811,0.0
2,13811,0.0
2,13811,0.0
2,13811,0.0
2,13811,Other
1,13853,0.0
1,13853,0.0
1,13890,0.0
1,13890,0.0
1,13890,0.0
1,13890,0.0
1,13890,0.0
3,13962,0.0
3,13962,0.0
3,13962,0.0
6,14001,0.0
Other,14064,0.0
Other,14064,0.0
3,14075,0.0
3,14075,0.0
1,14118,0.0
1,14118,0.0
Other,14139,0.0
1,14144,0.0
1,14144,0.0
1,14144,0.0
6,14170,Other
1,18277,0.0
1,14225,0.0
1,14225,Other
3,14234,0.0
3,14234,0.0
1,14401,0.0
1,14401,0.0
1,14401,0.0
1,14401,0.0
1,14401,0.0
1,14401,0.0
1,14534,0.0
1,14534,0.0
1,14534,0.0
6,14549,0.0
3,14585,0.0
3,14585,0.0
3,14585,0.0
3,14585,0.0
3,14585,0.0
3,14630,0.0
3,14630,0.0
3,14854,0.0
3,14854,0.0
3,14854,0.0
3,14854,0.0
3,14854,0.0
3,14854,0.0
3,14854,0.0
3,14854,0.0
Other,14932,0.0
1,15061,0.0
1,15061,0.0
3,15097,0.0
3,15097,0.0
3,15097,0.0
1,15101,0.0
1,15101,0.0
Other,15260,0.0
1,15283,0.0
1,15283,0.0
1,15283,0.0
Other,15305,0.0
1,15342,0.0
1,15342,0.0
1,15342,0.0
1,15342,0.0
6,15381,0.0
1,15425,Other
1,15425,0.0
1,15425,0.0
1,15431,0.0
1,15431,0.0
1,15512,0.0
1,15512,0.0
6,15595,Other
1,15630,0.0
1,15630,0.0
1,15630,0.0
1,15630,0.0
1,15630,0.0
1,15644,0.0
1,15644,0.0
1,15644,0.0
1,15644,0.0
Other,15666,0.0
Other,15666,0.0
Other,15800,0.0
Other,15800,0.0
1,15890,0.0
1,15890,0.0
1,15890,0.0
1,15890,0.0
1,15890,0.0
3,16022,0.0
3,16022,0.0
Other,16037,Other
Other,16037,0.0
Other,16037,0.0
3,16055,0.0
3,16055,0.0
1,16060,0.0
1,16060,0.0
Other,16087,0.0
1,16139,0.0
1,16139,0.0
1,16139,0.0
1,16139,0.0
1,16139,0.0
Other,16181,0.0
Other,16181,0.0
Other,16183,0.0
Other,16183,0.0
Other,16183,0.0
6,16245,0.0
3,16280,0.0
3,16280,0.0
3,16280,0.0
3,16280,0.0
Other,16281,0.0
Other,16281,0.0
Other,16281,0.0
1,16306,0.0
1,16306,0.0
1,16306,0.0
1,16306,0.0
1,16405,Other
1,16405,Other
6,16521,0.0
3,16534,0.0
3,16534,0.0
1,16623,0.0
1,16623,0.0
1,16623,0.0
1,16640,Other
1,16640,0.0
1,16640,0.0
1,16640,0.0
1,16640,0.0
1,16640,0.0
1,16640,0.0
1,16640,0.0
1,16640,0.0
3,16686,0.0
3,16686,0.0
3,16686,0.0
3,16686,0.0
3,16686,0.0
Other,16690,0.0
3,16760,0.0
3,16760,0.0
3,16760,0.0
3,16760,0.0
3,16760,0.0
3,16760,0.0
3,16792,0.0
3,16792,0.0
3,16831,0.0
3,16831,0.0
3,16831,0.0
1,16837,0.0
1,16837,0.0
1,16837,0.0
3,16893,0.0
3,16893,0.0
1,16947,0.0
1,16947,0.0
1,16947,0.0
1,16947,0.0
1,16987,0.0
1,16987,0.0
3,17121,0.0
3,17121,0.0
3,17123,0.0
3,17123,0.0
3,17123,0.0
Other,17343,0.0
Other,17343,0.0
1,17479,0.0
1,17479,0.0
1,17479,0.0
1,17479,0.0
2,17483,0.0
2,17483,0.0
6,17500,0.0
1,17537,0.0
1,17537,0.0
1,17537,0.0
1,17537,0.0
1,17537,0.0
1,17537,0.0
1,17537,0.0
1,17537,0.0
1,17537,0.0
1,17537,0.0
3,17588,0.0
3,17588,0.0
6,17610,Other
3,17638,0.0
3,17638,0.0
1,17656,0.0
1,17656,0.0
1,17656,0.0
1,17656,0.0
Other,17736,0.0
3,17780,0.0
3,17780,0.0
1,17793,0.0
1,17793,0.0
Other,17822,Other
Other,17833,0.0
1,17901,0.0
1,17901,0.0
1,17901,0.0
1,17901,0.0
Other,17934,0.0
Other,18002,Other
1,18040,0.0
1,18040,0.0
1,18040,0.0
1,18040,0.0
1,18040,0.0
Other,18077,0.0
Other,18077,0.0
1,18100,0.0
1,18100,0.0
1,18100,0.0
1,18100,0.0
1,18100,0.0
1,18131,0.0
1,18131,0.0
1,18131,0.0
1,18131,0.0
2,18153,0.0
2,18153,0.0
2,18153,0.0
2,18153,0.0
6,18181,0.0
6,18265,0.0
1,18277,0.0
1,18277,0.0
Other,18279,0.0
Other,18279,0.0
Other,18296,0.0
Other,18296,0.0
1,18356,0.0
1,18356,0.0
1,18356,0.0
1,18433,Other
1,18433,0.0
1,18433,0.0
1,18433,0.0
1,18508,0.0
1,18508,0.0
1,18508,0.0
1,18508,0.0
1,18508,0.0
1,18508,0.0
Other,18618,0.0
6,18631,0.0
3,18678,0.0
3,18678,0.0
3,18678,0.0
3,18697,Other
3,18697,Other
3,18748,0.0
3,18748,Other
Other,18758,0.0
Other,18758,0.0
6,18802,0.0
3,18881,0.0
3,18881,0.0
2,18891,Other
2,18891,0.0
2,18891,0.0
2,19034,0.0
2,19034,0.0
2,19034,0.0
2,19034,0.0
2,19034,0.0
1,19079,0.0
1,19079,0.0
1,19079,0.0
Other,19173,0.0
Other,19173,0.0
Other,19220,0.0
Other,19230,0.0
1,19236,0.0
1,19236,0.0
1,19286,0.0
1,19286,0.0
1,19370,0.0
1,19370,0.0
1,19370,0.0
1,19370,0.0
1,19427,0.0
1,19427,0.0
1,19427,0.0
1,19427,0.0
1,19444,0.0
1,19444,0.0
2,19503,Other
2,19503,0.0
6,19515,0.0
3,19600,0.0
3,19600,0.0
3,19704,0.0
3,19704,0.0
3,19704,0.0
3,19704,0.0
3,19704,0.0
3,19704,0.0
3,19704,0.0
1,19725,Other
1,19725,Other
1,19725,0.0
1,19725,0.0
1,19725,0.0
1,19725,0.0
1,19725,0.0
2,19757,Other
2,19757,0.0
2,19757,0.0
2,19757,0.0
2,19757,0.0
Other,19783,0.0
3,19831,0.0
3,19831,0.0
3,19831,0.0
6,19980,0.0
1,20008,0.0
1,20008,0.0
1,20008,0.0
1,20008,0.0
1,20044,0.0
1,20044,0.0
1,20073,0.0
1,20073,0.0
Other,20202,0.0
2,20226,0.0
2,20226,0.0
1,20281,0.0
1,20281,0.0
1,20317,0.0
1,20317,0.0
Other,20443,0.0
1,20467,0.0
1,20467,0.0
1,20467,0.0
1,20467,0.0
1,20467,0.0
1,20504,Other
1,20504,0.0
1,20504,Other
Other,20523,0.0
1,20527,0.0
1,20527,0.0
1,20527,0.0
1,20527,0.0
2,20587,0.0
2,20587,0.0
2,20587,0.0
6,20594,0.0
Other,20596,0.0
1,20606,0.0
1,20606,0.0
3,20716,Other
3,20716,0.0
3,20716,0.0
3,20716,0.0
3,20716,0.0
6,20782,Other
1,20828,0.0
1,20828,0.0
1,20828,0.0
1,20828,0.0
1,20828,0.0
1,20828,0.0
1,20844,Other
1,20844,Other
1,20878,0.0
1,20878,0.0
1,20878,0.0
1,20915,Other
1,20915,Other
1,21021,0.0
1,21021,0.0
1,21173,0.0
1,21173,0.0
1,21227,0.0
1,21227,0.0
2,21257,0.0
2,21257,0.0
2,21257,0.0
1,21321,0.0
1,21321,0.0
1,21321,0.0
1,21321,0.0
1,21350,0.0
1,21350,0.0
1,21350,0.0
1,21350,0.0
1,21350,0.0
1,21350,0.0
1,21350,0.0
1,21350,0.0
1,21350,0.0
1,21350,0.0
1,21350,0.0
1,21456,0.0
1,21456,0.0
1,21456,0.0
3,21468,Other
3,21468,Other
1,21476,0.0
1,21476,0.0
1,21562,0.0
1,21562,0.0
1,21562,0.0
1,21562,0.0
1,21562,0.0
Other,21579,Other
3,21595,0.0
3,21595,0.0
3,21595,0.0
3,21595,0.0
3,21595,0.0
1,21627,0.0
1,21627,0.0
1,21627,0.0
1,21627,0.0
1,21632,Other
1,21632,0.0
1,21632,0.0
1,21632,0.0
Other,21711,0.0
3,21712,0.0
3,21712,0.0
3,21712,0.0
6,21727,0.0
3,21773,0.0
3,21773,0.0
Other,21912,0.0
Other,21912,0.0
6,21922,0.0
1,21943,0.0
1,21943,0.0
1,21943,0.0
6,21965,0.0
6,22022,0.0
3,22055,0.0
3,22055,0.0
3,22055,0.0
1,22115,0.0
1,22115,0.0
3,22185,0.0
3,22185,0.0
3,22185,0.0
1,22225,Other
1,22225,0.0
1,22225,0.0
1,22225,0.0
1,22225,0.0
Other,22237,0.0
Other,22237,Other
6,22252,0.0
6,22343,Other
Other,22427,0.0
Other,22556,0.0
3,22578,0.0
3,22578,0.0
3,22578,0.0
2,22654,0.0
2,22654,0.0
6,22763,Other
6,22838,0.0
2,22901,0.0
2,22901,0.0
1,22936,0.0
1,22936,0.0
1,22979,0.0
1,22979,0.0
1,22979,0.0
1,22979,0.0
1,23000,0.0
1,23000,0.0
1,23000,0.0
Other,23034,0.0
6,23062,0.0
Other,23087,0.0
Other,23087,0.0
1,23096,Other
1,23096,0.0
1,23096,0.0
2,23148,0.0
2,23148,0.0
6,23190,Other
2,23199,0.0
2,23199,0.0
1,23218,0.0
1,23218,0.0
1,23218,0.0
1,23242,0.0
1,23242,0.0
1,23488,0.0
1,23488,0.0
1,23520,0.0
1,23520,0.0
1,23520,0.0
6,23532,0.0
6,23543,0.0
1,23551,0.0
1,23551,0.0
1,23551,0.0
1,23551,0.0
1,23551,0.0
1,23575,0.0
1,23575,0.0
1,23575,0.0
1,23575,0.0
1,23633,0.0
1,23633,0.0
1,23633,0.0
2,23720,0.0
2,23720,0.0
2,23720,0.0
2,23720,0.0
2,23720,0.0
2,23720,0.0
1,23726,0.0
1,23726,0.0
1,23726,0.0
3,23788,0.0
3,23788,0.0
1,23835,0.0
1,23835,0.0
1,23835,0.0
1,23835,0.0
Other,23854,0.0
1,23860,0.0
1,23860,0.0
1,23860,0.0
6,23958,0.0
1,23968,0.0
1,23968,0.0
1,23968,0.0
6,23992,0.0
3,23998,0.0
3,23998,0.0
1,24000,0.0
1,24000,0.0
1,24000,0.0
Other,24034,Other
1,24055,0.0
1,24055,0.0
1,24055,0.0
1,24055,0.0
1,24055,0.0
1,24055,0.0
6,24071,0.0
2,24126,0.0
2,24126,0.0
1,24165,Other
1,24165,0.0
1,24165,0.0
6,24229,0.0
2,24256,0.0
2,24256,0.0
1,24304,0.0
1,24304,0.0
1,24349,0.0
1,24349,0.0
6,24358,0.0
Other,24399,0.0
Other,24399,0.0
1,24404,0.0
1,24404,0.0
1,24404,0.0
1,24404,0.0
1,24404,0.0
3,24414,0.0
3,24414,0.0
3,24414,0.0
2,24453,0.0
2,24453,0.0
6,24458,Other
1,24548,0.0
1,24548,0.0
1,24548,0.0
1,24684,0.0
1,24684,0.0
1,24684,0.0
1,24720,0.0
1,24720,0.0
Other,24738,0.0
6,24886,Other
Other,24951,Other
1,24953,Other
1,24953,0.0
Other,25000,0.0
Other,25000,0.0
Other,25000,0.0
Other,25101,0.0
Other,25152,0.0
Other,25152,0.0
3,25208,0.0
3,25208,0.0
3,25208,0.0
1,25286,0.0
1,25286,0.0
3,25289,0.0
3,25289,0.0
6,25314,0.0
3,25445,0.0
3,25445,0.0
Other,25563,Other
3,25591,0.0
3,25591,0.0
3,25591,0.0
Other,25635,Other
Other,25635,0.0
6,25701,0.0
1,25755,0.0
1,25755,0.0
1,25755,0.0
Other,25906,0.0
Other,25906,0.0
1,25942,0.0
1,25942,0.0
1,25942,0.0
2,25950,0.0
2,25950,0.0
2,25950,0.0
2,25950,0.0
3,25972,0.0
3,25972,0.0
1,26021,0.0
1,26021,0.0
1,26021,0.0
1,26021,0.0
1,26021,0.0
6,26046,0.0
3,26106,0.0
3,26106,0.0
3,26106,0.0
1,26151,0.0
1,26151,0.0
3,26183,0.0
3,26183,0.0
3,26183,0.0
3,26183,0.0
3,26183,0.0
1,26228,0.0
1,26228,0.0
1,26228,0.0
1,26228,0.0
3,26314,0.0
3,26314,0.0
3,26314,0.0
1,26347,0.0
1,26347,0.0
1,26347,0.0
1,26347,0.0
3,26356,0.0
3,26356,0.0
3,26356,0.0
2,26390,0.0
2,26390,0.0
Other,26392,0.0
1,26401,0.0
1,26401,0.0
1,26401,0.0
1,26401,0.0
1,26401,0.0
3,26595,0.0
3,26595,0.0
1,26603,0.0
1,26603,0.0
1,26603,0.0
1,26603,0.0
1,26603,0.0
1,26603,0.0
1,26603,0.0
1,26682,0.0
1,26682,0.0
3,26696,0.0
3,26696,0.0
3,26696,0.0
3,26696,0.0
1,26740,0.0
1,26740,0.0
1,26740,0.0
3,26885,0.0
3,26885,0.0
3,26885,0.0
3,26885,0.0
3,26922,0.0
3,26922,0.0
3,26922,0.0
Other,26924,0.0
Other,26924,0.0
Other,26924,0.0
6,27043,Other
1,27118,0.0
1,27118,0.0
3,27142,0.0
3,27142,0.0
1,27166,0.0
1,27166,0.0
1,27166,0.0
1,27166,0.0
Other,27172,0.0
3,27252,0.0
3,27252,0.0
3,27252,0.0
3,27252,0.0
3,27252,0.0
3,27312,0.0
3,27312,0.0
6,27374,Other
6,27380,0.0
Other,27430,0.0
3,27547,0.0
3,27547,0.0
3,27547,0.0
3,27547,0.0
6,27612,0.0
3,27718,0.0
3,27718,0.0
1,27764,Other
1,27764,0.0
1,27821,Other
1,27821,0.0
Other,27828,0.0
Other,27828,0.0
Other,27853,0.0
1,28001,0.0
1,28001,0.0
3,28225,0.0
3,28225,0.0
3,28256,0.0
3,28256,0.0
1,28269,0.0
1,28269,0.0
1,28269,0.0
Other,28278,0.0
6,28285,0.0
3,28342,0.0
3,28342,0.0
3,28342,0.0
6,28395,0.0
3,28480,0.0
3,28480,0.0
3,28480,0.0
3,28480,0.0
3,28480,0.0
3,28480,0.0
6,28541,0.0
Other,28543,0.0
Other,28543,0.0
Other,28543,0.0
6,28552,0.0
6,28567,0.0
1,28675,0.0
1,28675,0.0
1,28675,0.0
Other,28774,0.0
Other,28774,0.0
1,28938,0.0
1,28938,0.0
1,28938,0.0
1,28938,0.0
1,28949,0.0
1,28949,0.0
1,28949,0.0
3,29005,0.0
3,29005,0.0
3,29005,0.0
1,29027,0.0
1,29027,0.0
1,29055,0.0
1,29055,0.0
1,29055,0.0
1,29055,0.0
1,29055,0.0
1,29088,Other
1,29088,Other
6,29124,0.0
Other,29441,0.0
1,29472,0.0
1,29472,0.0
3,29515,0.0
3,29515,0.0
3,29541,0.0
3,29541,0.0
3,29541,0.0
3,29541,0.0
1,29595,0.0
1,29595,0.0
1,29595,0.0
1,29595,0.0
1,29595,0.0
1,29595,0.0
6,29607,Other
1,29727,0.0
1,29727,0.0
1,29727,0.0
1,29850,0.0
1,29850,0.0
1,29850,0.0
1,29939,0.0
1,29939,0.0
3,30064,0.0
3,30064,0.0
3,30064,0.0
1,30180,Other
1,30180,0.0
3,30202,0.0
3,30202,0.0
3,30232,0.0
3,30232,0.0
3,30232,0.0
1,30245,0.0
1,30245,0.0
1,30296,0.0
1,30296,0.0
1,30296,0.0
6,30364,0.0
Other,30380,Other
Other,30439,Other
Other,30439,Other
Other,30441,Other
6,30443,0.0
6,30457,0.0
Other,30506,0.0
1,30527,Other
1,30527,0.0
Other,30555,0.0
3,30559,0.0
3,30559,0.0
3,30559,0.0
Other,30650,0.0
Other,30650,0.0
Other,30650,0.0
1,30745,0.0
1,30745,0.0
1,30792,0.0
1,30792,0.0
1,30805,0.0
1,30805,0.0
1,30805,0.0
1,30805,0.0
6,30845,0.0
1,30947,0.0
1,30947,0.0
1,30975,0.0
1,30975,0.0
1,30975,0.0
Other,30983,0.0
Other,30998,0.0
Other,31013,0.0
3,31019,Other
3,31019,0.0
3,31019,0.0
3,31019,0.0
3,31019,0.0
3,31019,0.0
1,31022,0.0
1,31022,0.0
1,31084,0.0
1,31084,0.0
1,31084,0.0
1,31084,0.0
6,31236,Other
1,31287,0.0
1,31287,Other
1,31287,0.0
1,31287,0.0
3,31301,0.0
3,31301,Other
6,31308,0.0
6,31323,0.0
6,31335,Other
Other,31409,Other
Other,31409,Other
1,31561,0.0
1,31561,0.0
1,31563,Other
1,31563,0.0
1,31563,0.0
1,31672,0.0
1,31672,0.0
1,31672,0.0
3,31758,0.0
3,31758,0.0
3,31758,0.0
6,31760,0.0
1,31773,Other
1,31773,0.0
1,31773,0.0
1,31796,0.0
1,31796,0.0
3,31808,0.0
3,31808,0.0
3,31808,0.0
1,31904,0.0
1,31904,0.0
3,31995,0.0
3,31995,0.0
3,31995,0.0
1,32020,0.0
1,32020,Other
1,32020,0.0
6,32023,0.0
1,32054,0.0
1,32054,0.0
1,32054,0.0
1,32054,0.0
1,32054,0.0
Other,32122,0.0
Other,32122,0.0
3,32230,0.0
3,32230,0.0
Other,32271,0.0
6,32280,0.0
6,32311,0.0
6,32328,Other
6,32379,0.0
Other,32491,Other
Other,32607,0.0
3,32617,0.0
3,32617,0.0
3,32617,0.0
3,32621,0.0
3,32621,0.0
1,32680,0.0
1,32680,0.0
Other,32688,0.0
Other,32688,0.0
Other,32688,0.0
Other,32688,0.0
Other,32688,0.0
3,32826,0.0
3,32826,0.0
3,32826,0.0
3,32826,0.0
3,32826,0.0
Other,32829,0.0
1,32871,0.0
1,32871,0.0
1,32871,0.0
3,32925,Other
3,32925,0.0
3,32925,0.0
3,32925,0.0
Other,32954,Other
Other,32962,0.0
1,33004,0.0
1,33004,0.0
1,33004,0.0
1,33004,0.0
1,33004,0.0
3,33006,0.0
3,33006,0.0
3,33006,0.0
3,33006,0.0
3,33006,0.0
1,33012,0.0
1,33012,0.0
1,33012,0.0
1,33012,0.0
1,33012,0.0
1,33012,0.0
1,33024,0.0
1,33024,0.0
1,33037,0.0
1,33037,0.0
1,33037,0.0
1,33037,0.0
1,33037,0.0
1,33037,0.0
6,33204,0.0
1,33266,Other
1,33266,Other
1,33281,0.0
1,33281,0.0
1,33281,0.0
3,33293,0.0
3,33293,0.0
Other,33349,0.0
3,33369,0.0
3,33369,0.0
1,33462,0.0
1,33462,0.0
1,33462,0.0
Other,33498,0.0
3,33595,0.0
3,33595,0.0
3,33595,0.0
3,33595,0.0
3,33616,0.0
3,33616,0.0
1,33643,0.0
1,33643,0.0
1,33650,0.0
1,33650,0.0
Other,33685,0.0
2,33693,0.0
2,33693,0.0
Other,33697,Other
1,33719,0.0
1,33719,0.0
1,33719,0.0
1,33719,0.0
Other,33744,0.0
3,33780,0.0
3,33780,0.0
Other,33783,0.0
6,33893,Other
1,33930,0.0
1,33930,0.0
1,33930,0.0
2,33948,0.0
2,33948,0.0
2,33948,0.0
1,33958,Other
1,33958,0.0
1,33958,0.0
1,33958,0.0
Other,33980,0.0
Other,33980,0.0
3,33996,0.0
3,33996,0.0
1,34010,0.0
1,34010,0.0
1,34010,0.0
1,34010,0.0
Other,34034,0.0
Other,34034,0.0
1,34055,0.0
1,34055,0.0
1,34055,0.0
1,34063,0.0
1,34063,0.0
3,34152,0.0
3,34152,Other
3,34152,0.0
2,34178,0.0
2,34178,0.0
2,34178,0.0
2,34178,0.0
1,34257,0.0
1,34257,0.0
1,34276,0.0
1,34276,0.0
1,34276,0.0
1,34276,0.0
1,34317,0.0
1,34317,0.0
1,34338,0.0
1,34338,0.0
1,34338,0.0
1,34354,0.0
1,34354,0.0
1,34354,0.0
1,34354,0.0
1,34354,0.0
1,34354,0.0
1,34354,0.0
1,34354,0.0
1,34354,0.0
1,34376,0.0
1,34376,0.0
Other,34401,0.0
Other,34401,0.0
6,34422,0.0
1,34436,0.0
1,34436,0.0
1,34436,0.0
1,34436,0.0
1,34436,0.0
1,34448,Other
1,34448,Other
Other,34500,0.0
Other,34500,0.0
6,34686,0.0
Other,34698,0.0
1,34721,0.0
1,34721,0.0
1,34721,0.0
1,34721,0.0
1,34721,0.0
1,34721,0.0
1,34721,0.0
6,34817,0.0
6,34923,0.0
1,34934,0.0
1,34934,0.0
2,34940,0.0
2,34940,0.0
2,34940,0.0
2,34940,0.0
2,34940,0.0
3,34994,0.0
3,34994,0.0
3,34994,0.0
3,34994,0.0
3,34994,0.0
3,35105,0.0
3,35105,0.0
6,35149,0.0
3,35170,0.0
3,35170,0.0
3,35170,0.0
3,35170,0.0
3,35196,0.0
3,35196,0.0
3,35196,0.0
3,35196,0.0
3,35196,0.0
3,35196,0.0
3,35196,0.0
3,35196,0.0
1,35263,0.0
1,35263,0.0
1,35263,0.0
1,35263,0.0
1,35426,0.0
1,35426,0.0
1,35426,0.0
1,35450,0.0
1,35450,0.0
1,35450,0.0
1,35480,0.0
1,35480,0.0
2,35567,0.0
2,35567,0.0
2,35567,0.0
2,35567,0.0
Other,35579,0.0
2,35631,0.0
2,35631,0.0
2,35631,0.0
2,35631,0.0
Other,35644,0.0
Other,35644,0.0
Other,35644,0.0
1,35677,0.0
1,35677,0.0
1,35739,Other
1,35739,0.0
1,35739,0.0
1,35739,0.0
1,35739,0.0
1,35855,0.0
1,35855,0.0
1,35855,0.0
1,35855,0.0
1,35855,0.0
1,35855,0.0
1,35857,Other
1,35857,0.0
Other,35897,0.0
Other,35993,0.0
Other,36367,Other
Other,35993,0.0
1,36007,0.0
1,36007,0.0
Other,36032,0.0
Other,36032,0.0
3,36056,0.0
3,36056,0.0
3,36056,0.0
1,36114,0.0
1,36114,0.0
2,36160,0.0
2,36160,0.0
1,36254,0.0
1,36254,0.0
6,36264,0.0
Other,36283,0.0
3,36337,0.0
3,36337,0.0
3,36337,0.0
3,36337,0.0
3,36337,0.0
6,36339,0.0
3,36410,0.0
3,36410,0.0
Other,36411,Other
Other,36415,0.0
Other,36429,0.0
3,36455,0.0
3,36455,0.0
3,36455,0.0
3,36455,0.0
3,36455,0.0
6,36460,0.0
6,36524,0.0
3,36551,0.0
3,36551,0.0
3,36551,0.0
3,36551,0.0
Other,36604,0.0
Other,36697,0.0
1,36724,0.0
1,36724,0.0
1,36724,0.0
1,36724,0.0
3,36736,0.0
3,36736,0.0
3,36736,0.0
Other,36747,0.0
Other,36747,0.0
1,36790,Other
1,36790,0.0
1,36790,0.0
1,36790,0.0
1,36790,0.0
1,36790,0.0
1,36823,0.0
1,36823,0.0
1,36823,0.0
1,36823,0.0
1,36905,0.0
1,36905,0.0
1,36905,0.0
6,36916,0.0
1,36920,0.0
1,36920,0.0
1,36920,0.0
1,36989,0.0
1,36989,0.0
1,36989,0.0
1,36989,0.0
1,36989,0.0
Other,37074,0.0
1,37086,Other
1,37086,0.0
1,37101,0.0
1,37101,0.0
1,37101,0.0
6,37106,0.0
1,37258,0.0
1,37258,0.0
1,37258,0.0
6,37308,0.0
1,37319,0.0
1,37319,0.0
1,37319,0.0
1,37319,0.0
1,37335,0.0
1,37335,0.0
Other,37339,0.0
Other,37573,0.0
1,37668,0.0
1,37668,0.0
1,37668,0.0
6,37685,0.0
1,37721,0.0
1,37721,0.0
1,37721,0.0
Other,37750,0.0
1,37765,0.0
1,37765,0.0
6,37842,0.0
3,37897,0.0
3,37897,0.0
3,37897,0.0
Other,37937,0.0
Other,37939,Other
Other,37939,0.0
3,37973,0.0
3,37973,0.0
3,37973,0.0
1,38052,0.0
1,38052,0.0
Other,38058,0.0
6,38066,0.0
3,38087,0.0
3,38087,0.0
3,38087,0.0
1,38117,0.0
1,38117,0.0
Other,38143,0.0
1,38318,0.0
1,38318,0.0
1,38318,0.0
1,38318,0.0
1,38318,0.0
6,38342,0.0
Other,38354,0.0
2,38416,0.0
2,38416,0.0
Other,38482,0.0
Other,38482,0.0
Other,38482,0.0
2,38503,0.0
2,38503,0.0
2,38503,0.0
2,38503,0.0
6,38505,0.0
3,38695,0.0
3,38695,0.0
3,38695,0.0
3,38695,0.0
3,38695,0.0
3,38695,0.0
3,38695,0.0
6,38820,Other
1,38823,Other
1,38823,Other
Other,38859,0.0
Other,38859,0.0
Other,38859,0.0
1,38892,0.0
1,38892,0.0
1,38892,0.0
Other,38936,0.0
Other,38936,0.0
1,38960,0.0
1,38960,0.0
1,38960,0.0
1,38960,0.0
1,38960,0.0
1,38962,0.0
1,38962,0.0
1,38962,0.0
1,38962,0.0
Other,38995,Other
3,39004,0.0
3,39004,0.0
3,39004,0.0
3,39004,0.0
Other,39011,Other
Other,39011,0.0
1,39017,0.0
1,39017,0.0
1,39017,0.0
1,39017,0.0
1,39017,0.0
1,39017,0.0
1,39017,0.0
1,39017,Other
1,39017,0.0
6,39018,0.0
1,39020,0.0
1,39020,0.0
1,39020,0.0
1,39020,0.0
1,39020,0.0
1,39021,0.0
1,39021,0.0
1,39021,0.0
1,39021,0.0
1,39021,0.0
3,39028,0.0
3,39028,0.0
3,39028,0.0
3,39028,0.0
3,39028,0.0
3,39028,0.0
3,39028,0.0
3,39028,0.0
3,39028,0.0
3,39028,0.0
6,39034,0.0
6,39052,0.0
6,39099,0.0
Other,39141,Other
Other,39141,Other
Other,39141,Other
Other,39150,0.0
Other,39150,0.0
6,39300,0.0
3,39390,0.0
3,39390,0.0
3,39428,0.0
3,39428,0.0
2,39431,0.0
2,39431,0.0
Other,39455,0.0
Other,39455,0.0
Other,39455,0.0
Other,39455,0.0
6,39502,0.0
1,39693,0.0
1,39693,0.0
1,39693,0.0
1,39693,0.0
1,39693,0.0
1,39693,0.0
1,39712,Other
1,39712,Other
1,39735,0.0
1,39735,0.0
1,39735,0.0
6,39889,0.0
1,39903,0.0
1,39903,0.0
3,39986,0.0
3,39986,0.0
3,39986,0.0
1,39988,Other
1,39988,0.0
3,40055,0.0
3,40055,0.0
3,40055,0.0
1,40158,0.0
1,40158,0.0
1,40158,0.0
1,40158,0.0
1,40158,0.0
1,40170,0.0
1,40170,0.0
Other,40190,Other
Other,40190,0.0
1,40371,0.0
1,40371,0.0
1,40522,0.0
1,40522,0.0
1,40522,0.0
1,40522,0.0
1,40522,0.0
1,40522,0.0
1,40628,0.0
1,40628,0.0
1,40628,0.0
1,40628,0.0
1,40630,0.0
1,40630,0.0
1,40630,0.0
6,40665,0.0
1,40671,0.0
1,40671,0.0
1,40671,0.0
1,40775,0.0
1,40775,0.0
1,40775,0.0
1,40775,0.0
6,40875,0.0
6,40981,0.0
2,40985,0.0
2,40985,0.0
2,41159,0.0
2,41159,0.0
Other,41214,Other
Other,41214,0.0
6,41308,0.0
1,41334,0.0
1,41334,0.0
1,41334,0.0
1,41529,0.0
1,41529,0.0
6,41541,0.0
Other,41629,0.0
Other,41629,0.0
2,41635,0.0
2,41635,0.0
3,41642,0.0
3,41642,0.0
3,41642,0.0
3,41642,0.0
6,41686,0.0
Other,41817,0.0
Other,41817,0.0
6,42042,0.0
Other,42047,Other
2,42115,Other
2,42115,0.0
6,42315,Other
6,42334,Other
1,42371,0.0
1,42371,0.0
1,42371,0.0
1,42371,0.0
1,42371,0.0
1,42371,0.0
6,42376,0.0
3,42413,0.0
3,42413,0.0
3,42413,0.0
3,42413,0.0
1,42436,Other
1,42436,Other
1,42436,0.0
1,42585,0.0
1,42585,0.0
1,42585,0.0
1,42585,0.0
1,42585,0.0
Other,42604,0.0
Other,42604,0.0
1,42742,0.0
1,42742,0.0
1,42742,0.0
1,42742,0.0
1,42852,0.0
1,42852,0.0
1,42852,0.0
2,42885,0.0
2,42885,0.0
Other,42916,0.0
Other,42916,0.0
1,42959,0.0
1,42959,Other
1,43018,0.0
1,43018,0.0
1,43018,0.0
1,43073,0.0
1,43073,0.0
6,43093,Other
Other,43130,0.0
Other,43130,0.0
3,43221,Other
3,43221,0.0
6,43242,0.0
1,43284,Other
1,43284,0.0
1,43284,0.0
6,43302,0.0
Other,43352,0.0
Other,43358,0.0
Other,43358,0.0
Other,43564,0.0
3,43620,0.0
3,43620,0.0
6,43871,0.0
Other,43904,0.0
Other,43904,0.0
1,43937,0.0
1,43937,0.0
1,43937,0.0
1,43937,0.0
1,43956,Other
1,43956,Other
1,43956,0.0
1,43988,0.0
1,43988,0.0
1,43988,0.0
6,43993,Other
3,44019,0.0
3,44019,0.0
3,44019,0.0
1,44224,0.0
1,44224,0.0
1,44224,0.0
1,44224,0.0
1,44233,0.0
1,44233,0.0
1,44233,0.0
Other,44260,0.0
Other,44260,0.0
1,44269,0.0
1,44269,0.0
1,44317,Other
1,44317,0.0
1,44317,0.0
6,44319,0.0
1,44338,0.0
1,44338,0.0
1,44338,0.0
1,44338,0.0
1,44338,0.0
1,44338,0.0
6,44379,Other
1,44387,Other
1,44387,Other
1,44387,0.0
1,44387,0.0
1,44411,Other
1,44411,0.0
1,44411,Other
1,44411,0.0
Other,44428,0.0
Other,44428,0.0
6,44629,Other
1,44649,0.0
1,44649,0.0
1,44649,0.0
6,44707,0.0
1,44756,0.0
1,44756,0.0
1,44756,0.0
1,44762,Other
1,44762,0.0
6,44776,0.0
Other,44807,0.0
2,45051,0.0
2,45051,Other
2,45059,0.0
2,45059,0.0
2,45059,0.0
2,45059,0.0
2,45059,0.0
1,45203,0.0
1,45203,0.0
1,45203,0.0
1,45203,0.0
1,45203,0.0
1,45207,0.0
1,45207,0.0
1,45207,0.0
1,45207,0.0
1,45207,0.0
1,45207,0.0
6,45289,0.0
1,45331,Other
1,45331,0.0
1,45331,0.0
1,45331,0.0
6,45352,0.0
3,45376,0.0
3,45376,0.0
3,45376,0.0
3,45376,0.0
Other,45380,0.0
Other,45440,Other
1,45615,0.0
1,45615,0.0
1,45615,0.0
1,45615,0.0
1,45751,Other
1,45751,0.0
1,45869,0.0
1,45869,0.0
1,45869,0.0
6,45930,0.0
1,46048,0.0
1,46048,0.0
1,46059,0.0
1,46059,0.0
6,46071,0.0
2,46107,0.0
2,46107,0.0
2,46221,0.0
2,46221,0.0
6,46350,0.0
6,46516,0.0
6,46758,0.0
Other,46811,0.0
Other,46811,0.0
3,46831,0.0
3,46831,0.0
3,46831,0.0
3,46831,0.0
6,46853,0.0
3,46865,0.0
3,46865,0.0
Other,46950,0.0
Other,46950,0.0
6,46959,0.0
1,46979,Other
1,46979,0.0
1,46983,0.0
1,46983,0.0
1,46983,0.0
1,46983,0.0
Other,46984,0.0
Other,46984,0.0
3,47121,0.0
3,47121,0.0
Other,47143,0.0
6,47190,0.0
1,47281,0.0
1,47281,0.0
1,47301,0.0
1,47301,0.0
2,47324,0.0
2,47324,0.0
2,47324,0.0
3,47383,Other
3,47383,0.0
1,47406,0.0
1,47406,0.0
1,47406,0.0
1,47406,0.0
3,47431,0.0
3,47431,0.0
6,47432,0.0
Other,47482,0.0
Other,47496,0.0
Other,47496,0.0
Other,47616,Other
3,47650,0.0
3,47650,0.0
3,47650,0.0
3,47650,0.0
Other,47671,0.0
Other,47671,0.0
Other,47671,0.0
3,47742,0.0
3,47742,Other
3,47742,Other
3,47742,0.0
3,47742,Other
3,47742,0.0
3,47742,Other
3,47776,0.0
3,47776,0.0
2,47813,Other
2,47813,0.0
2,47813,0.0
1,47815,0.0
1,47815,0.0
1,47815,0.0
1,47815,0.0
1,47815,0.0
Other,47882,Other
Other,47882,0.0
3,47907,0.0
3,47907,0.0
3,47907,0.0
3,47907,0.0
3,47907,0.0
3,47907,0.0
3,47907,0.0
1,47968,0.0
1,47968,0.0
1,47968,0.0
1,47968,0.0
6,48041,0.0
6,48052,0.0
6,48068,0.0
1,48108,Other
1,48108,0.0
1,48108,0.0
6,48115,0.0
3,48147,0.0
3,48147,0.0
3,48147,0.0
Other,48179,0.0
Other,48179,0.0
1,48186,Other
1,48186,Other
6,48193,0.0
1,48243,0.0
1,48243,0.0
3,48290,0.0
3,48290,0.0
3,48290,0.0
3,48290,0.0
Other,48309,0.0
Other,48309,0.0
3,48376,0.0
3,48376,0.0
3,48376,0.0
Other,48386,0.0
Other,48419,Other
1,48446,0.0
1,48446,0.0
6,48558,0.0
1,48653,0.0
1,48653,0.0
2,48671,0.0
2,48671,0.0
2,48671,0.0
1,48686,Other
1,48686,Other
1,48701,0.0
1,48701,0.0
1,48701,0.0
1,48701,0.0
1,48701,0.0
1,48702,0.0
1,48702,0.0
1,48702,0.0
1,48702,0.0
1,48702,0.0
1,48710,0.0
1,48710,0.0
1,48710,0.0
1,48710,0.0
1,48710,0.0
1,48710,0.0
1,48721,0.0
1,48721,0.0
1,48721,0.0
1,48721,0.0
1,48721,0.0
1,48721,0.0
1,48721,0.0
1,48759,0.0
1,48759,0.0
1,48800,0.0
1,48800,0.0
1,48800,0.0
1,48800,0.0
3,48827,0.0
3,48827,0.0
3,48827,0.0
3,48827,0.0
3,48827,0.0
3,48827,0.0
Other,48861,0.0
1,48862,0.0
1,48862,0.0
1,48876,Other
1,48876,0.0
3,48912,0.0
3,48912,0.0
3,48912,0.0
1,48994,0.0
1,48994,0.0
1,48994,0.0
1,48994,0.0
1,48994,0.0
1,49028,0.0
1,49028,0.0
1,49028,0.0
1,49028,0.0
1,49081,0.0
1,49081,0.0
1,49081,0.0
1,49081,0.0
1,49081,0.0
1,49081,Other
1,49193,Other
1,49193,0.0
1,49193,0.0
3,49310,0.0
3,49310,0.0
3,49310,0.0
Other,49323,0.0
1,49355,0.0
1,49355,0.0
1,49387,0.0
1,49387,0.0
1,49387,0.0
1,49387,0.0
1,49387,0.0
1,49487,0.0
1,49487,Other
1,49487,0.0
1,49487,0.0
1,49487,0.0
Other,49498,0.0
2,49505,0.0
2,49505,Other
Other,49550,0.0
Other,49550,0.0
1,49578,Other
1,49578,0.0
1,49578,0.0
1,49593,0.0
1,49593,0.0
1,49610,Other
1,49610,Other
1,49610,0.0
1,49610,0.0
6,49648,Other
3,49822,0.0
3,49822,0.0
3,49822,0.0
3,49828,0.0
3,49828,0.0
3,49828,0.0
6,49927,0.0
1,49932,0.0
1,49932,0.0
1,49932,0.0
3,49948,0.0
3,49948,0.0
3,49948,0.0
3,49948,0.0
2,50095,0.0
2,50095,0.0
1,50148,Other
1,50148,Other
1,50148,0.0
Other,50226,0.0
Other,50281,Other
1,50336,0.0
1,50336,0.0
1,50336,0.0
1,50336,0.0
1,50336,0.0
1,50336,0.0
1,50336,0.0
3,50337,0.0
3,50337,0.0
3,50337,0.0
1,50391,0.0
1,50391,0.0
1,50391,0.0
1,50391,0.0
1,50391,0.0
Other,50494,0.0
Other,50494,0.0
1,50552,0.0
1,50552,0.0
1,50552,0.0
1,50580,0.0
1,50580,0.0
6,50585,0.0
1,50736,Other
1,50736,0.0
1,50736,0.0
1,50736,0.0
1,50737,0.0
1,50737,0.0
1,50737,0.0
1,50760,0.0
1,50760,0.0
3,50819,0.0
3,50819,0.0
1,50854,0.0
1,50854,0.0
1,50881,0.0
1,50881,0.0
1,50881,0.0
1,50881,0.0
3,50916,Other
3,50916,Other
Other,50918,0.0
Other,50918,0.0
6,50932,0.0
1,51019,0.0
1,51019,0.0
6,51022,0.0
1,51109,0.0
1,51109,0.0
1,51109,0.0
1,51109,0.0
6,51111,0.0
Other,51149,Other
Other,51149,0.0
Other,51162,0.0
1,51319,0.0
1,51319,0.0
1,51319,0.0
1,51319,0.0
1,51319,0.0
1,51319,0.0
Other,51386,0.0
1,51397,0.0
1,51397,0.0
1,51397,0.0
1,51397,0.0
1,51399,Other
1,51399,Other
Other,51485,0.0
Other,51485,0.0
1,51531,0.0
1,51531,Other
1,51531,0.0
1,51584,0.0
1,51584,0.0
1,51584,0.0
1,51584,0.0
3,51600,0.0
3,51600,0.0
3,51610,0.0
3,51610,0.0
3,51672,0.0
3,51672,0.0
3,51685,0.0
3,51685,0.0
3,51685,0.0
2,51791,0.0
2,51791,0.0
1,51798,0.0
1,51798,0.0
1,51798,0.0
1,51798,0.0
1,51798,0.0
1,51798,0.0
1,51798,0.0
3,51870,0.0
3,51870,0.0
3,51870,0.0
1,51929,Other
1,51929,Other
1,51929,0.0
1,51929,0.0
1,51948,0.0
1,51948,0.0
1,51948,0.0
Other,51958,0.0
1,52015,0.0
1,52015,0.0
1,52015,0.0
1,52015,0.0
1,52015,0.0
1,52015,0.0
1,52160,0.0
1,52160,0.0
1,52160,0.0
1,52160,0.0
1,52167,0.0
1,52167,Other
Other,52226,0.0
Other,52487,0.0
Other,52487,0.0
1,52542,Other
1,52542,0.0
1,52542,0.0
1,52542,0.0
1,52577,Other
1,52577,Other
6,52587,0.0
1,52606,0.0
1,52606,0.0
1,52606,0.0
1,52606,0.0
1,52624,Other
1,52624,0.0
1,52624,0.0
Other,52786,0.0
3,52799,0.0
3,52799,0.0
3,52832,0.0
3,52832,0.0
3,52832,0.0
Other,52930,0.0
Other,52930,0.0
3,52941,0.0
3,52941,0.0
Other,52944,0.0
1,53040,0.0
1,53040,0.0
1,53040,0.0
1,53040,0.0
1,53040,0.0
6,53041,0.0
Other,53092,0.0
1,53099,Other
1,53099,0.0
1,53099,0.0
Other,53177,0.0
Other,53186,0.0
1,53201,Other
1,53201,0.0
1,53389,0.0
1,53389,0.0
1,53389,0.0
1,53389,0.0
Other,53398,0.0
Other,53463,0.0
6,53469,0.0
1,53628,0.0
1,53628,0.0
1,53628,0.0
1,53637,Other
1,53637,0.0
3,53734,0.0
3,53734,0.0
3,53734,0.0
3,53734,0.0
1,53739,0.0
1,53739,0.0
1,53739,0.0
1,53739,0.0
1,53739,0.0
3,53786,Other
3,53786,0.0
6,53793,0.0
1,53801,Other
1,53801,Other
1,53801,0.0
1,53899,0.0
1,53899,0.0
1,53899,0.0
1,54043,0.0
1,54043,Other
1,54043,0.0
6,54099,0.0
3,54237,0.0
3,54237,0.0
6,54271,0.0
2,54336,0.0
2,54336,0.0
2,54336,0.0
2,54336,0.0
1,54362,0.0
1,54362,0.0
6,54366,0.0
1,54372,Other
1,54372,Other
Other,54528,0.0
Other,54528,0.0
1,54678,0.0
1,54678,0.0
1,54755,0.0
1,54755,0.0
1,54764,0.0
1,54764,0.0
1,54764,0.0
1,54764,0.0
1,54764,0.0
1,54764,0.0
6,54791,0.0
1,54807,0.0
1,54807,Other
1,54807,0.0
1,54807,0.0
Other,54835,0.0
6,54877,0.0
Other,54886,Other
Other,54886,0.0
3,54995,0.0
3,54995,0.0
Other,55049,0.0
Other,55049,0.0
Other,55049,0.0
Other,55049,0.0
Other,55049,0.0
1,55121,0.0
1,55121,0.0
1,55121,0.0
2,55196,0.0
2,55196,0.0
2,55196,0.0
2,55196,0.0
2,55196,0.0
2,55196,0.0
2,55196,0.0
3,55250,0.0
3,55250,0.0
3,55250,0.0
3,55250,0.0
3,55250,0.0
3,55250,0.0
1,55273,0.0
1,55273,0.0
1,55273,0.0
1,55350,0.0
1,55350,0.0
1,55350,0.0
3,55398,0.0
3,55398,0.0
3,55398,0.0
1,55418,0.0
1,55418,0.0
1,55418,0.0
1,55418,0.0
1,55605,0.0
1,55605,0.0
1,55605,0.0
1,55605,0.0
1,55605,0.0
Other,55762,0.0
Other,55762,0.0
1,55769,0.0
1,55769,0.0
1,55769,0.0
1,55769,0.0
1,55769,0.0
1,55769,0.0
6,55778,0.0
Other,55780,0.0
1,55835,0.0
1,55835,Other
1,55851,Other
1,55851,0.0
1,55851,0.0
3,55859,0.0
3,55859,0.0
3,55859,0.0
3,55875,0.0
3,55875,0.0
3,55875,0.0
3,55875,0.0
1,55876,0.0
1,55876,0.0
1,55876,0.0
1,55876,0.0
1,55876,0.0
Other,55948,0.0
2,56137,0.0
2,56137,0.0
3,56193,0.0
3,56193,0.0
3,56193,0.0
3,56193,0.0
2,56273,Other
2,56273,0.0
2,56400,0.0
2,56400,0.0
3,56410,0.0
3,56410,0.0
3,56410,0.0
Other,56473,0.0
Other,56473,0.0
1,56559,0.0
1,56559,0.0
1,56559,0.0
1,56559,0.0
1,56559,0.0
Other,56594,Other
6,56686,0.0
6,56748,Other
3,56750,0.0
3,56750,0.0
3,56750,0.0
6,56832,0.0
1,56838,0.0
1,56838,0.0
1,56838,0.0
1,56838,0.0
1,56838,0.0
3,56893,0.0
3,56893,0.0
3,56893,0.0
1,56963,0.0
1,56963,0.0
1,56963,0.0
1,57014,0.0
1,57014,0.0
1,57108,Other
1,57108,0.0
6,57113,0.0
3,57132,0.0
3,57132,0.0
3,57132,0.0
3,57132,0.0
3,57132,0.0
Other,57214,0.0
1,57230,0.0
1,57230,0.0
1,57329,0.0
1,57329,0.0
1,57329,0.0
1,57338,0.0
1,57338,0.0
1,57338,0.0
1,57338,0.0
Other,57479,0.0
3,57541,0.0
3,57541,0.0
3,57541,0.0
3,57541,Other
1,57547,0.0
1,57547,Other
1,57547,0.0
1,57569,0.0
1,57569,0.0
1,57665,Other
1,57665,0.0
1,57665,0.0
3,57718,0.0
3,57718,0.0
3,57718,0.0
Other,57741,0.0
Other,57741,0.0
1,57903,0.0
1,57903,0.0
1,57903,0.0
1,57903,0.0
1,57925,Other
1,57925,Other
1,57925,0.0
3,57940,0.0
3,57940,0.0
3,57940,0.0
1,57947,Other
1,57947,0.0
1,57947,0.0
3,57990,0.0
3,57990,0.0
3,58006,0.0
3,58006,0.0
3,58006,0.0
Other,58201,0.0
1,58230,Other
1,58230,0.0
1,58230,0.0
1,58230,0.0
1,58328,0.0
1,58328,0.0
1,58328,0.0
1,58328,0.0
Other,58436,0.0
6,58495,0.0
6,58500,0.0
1,58515,0.0
1,58515,0.0
1,58515,0.0
1,58515,0.0
1,58515,0.0
1,58515,0.0
3,58573,0.0
3,58573,0.0
1,58614,0.0
1,58614,0.0
Other,58656,0.0
Other,58656,0.0
2,58827,0.0
2,58827,0.0
2,58827,0.0
1,58853,0.0
1,58853,0.0
Other,58871,0.0
1,58927,Other
1,58927,Other
Other,58987,0.0
Other,58987,0.0
6,59086,0.0
1,59097,Other
1,59097,Other
Other,59134,0.0
1,59334,0.0
1,59334,0.0
1,59334,0.0
3,59529,0.0
3,59529,0.0
3,59529,0.0
3,59529,0.0
6,59591,0.0
1,59609,0.0
1,59609,0.0
1,59609,0.0
1,59609,0.0
1,59609,0.0
1,59609,0.0
1,59609,0.0
1,59666,0.0
1,59666,0.0
1,59666,0.0
1,59666,0.0
1,59767,0.0
1,59767,0.0
1,59792,0.0
1,59792,0.0
1,59792,0.0
1,59792,0.0
1,59792,0.0
1,59848,0.0
1,59848,0.0
1,59848,0.0
1,59848,0.0
1,59848,0.0
Other,59858,0.0
Other,59858,0.0
Other,59866,0.0
6,59899,0.0
1,59939,Other
1,59939,Other
3,59982,0.0
3,59982,0.0
3,59982,0.0
3,59999,0.0
3,59999,0.0
1,60060,Other
1,60060,0.0
1,60060,0.0
1,60060,0.0
1,60060,0.0
1,60169,0.0
1,60169,0.0
6,60191,0.0
3,60287,0.0
3,60287,0.0
2,60306,0.0
2,60306,0.0
2,60306,0.0
2,60306,0.0
1,60311,0.0
1,60311,0.0
1,60311,0.0
Other,60340,Other
1,60474,0.0
1,60474,0.0
1,60474,0.0
1,60474,0.0
1,60474,0.0
3,60497,0.0
3,60497,0.0
Other,60519,Other
6,60668,0.0
3,60686,Other
3,60686,0.0
1,60712,0.0
1,60712,0.0
1,60712,0.0
1,60712,0.0
3,60749,0.0
3,60749,0.0
3,60749,0.0
3,60823,0.0
3,60823,0.0
1,61040,0.0
1,61040,0.0
1,61040,0.0
1,61040,0.0
1,61040,0.0
1,61040,0.0
1,61076,0.0
1,61076,0.0
1,61076,0.0
3,61089,0.0
3,61089,Other
3,61089,0.0
3,61093,0.0
3,61093,0.0
3,61093,0.0
3,61093,0.0
Other,61111,0.0
Other,61111,0.0
Other,61111,0.0
Other,61111,0.0
6,61174,0.0
1,61232,0.0
1,61232,0.0
1,61232,0.0
1,61232,0.0
1,61232,0.0
1,61232,0.0
1,61232,0.0
1,61232,0.0
1,61232,0.0
3,61260,0.0
3,61260,0.0
3,61260,0.0
6,61333,0.0
1,61348,Other
1,61348,0.0
1,61372,0.0
1,61372,Other
1,61372,0.0
1,61372,0.0
1,61372,0.0
1,61372,0.0
1,61372,0.0
6,61417,Other
1,61517,0.0
1,61517,0.0
1,61518,0.0
1,61518,0.0
1,61518,0.0
1,61518,0.0
Other,61526,0.0
Other,61526,0.0
Other,61559,0.0
3,61629,0.0
3,61629,0.0
3,61629,0.0
3,61629,0.0
1,61672,0.0
1,61672,0.0
1,61673,Other
1,61673,0.0
3,61724,0.0
3,61724,0.0
3,61724,0.0
6,61727,0.0
1,61864,Other
1,61864,Other
Other,61893,0.0
1,61941,0.0
1,61941,0.0
1,61941,0.0
1,61941,0.0
2,61969,0.0
2,61969,0.0
2,61969,0.0
2,61969,Other
1,62009,0.0
1,62009,0.0
1,62009,0.0
1,62009,0.0
6,62011,0.0
Other,62092,Other
Other,62092,0.0
3,62133,Other
3,62133,0.0
6,62166,0.0
1,62191,Other
1,62191,Other
1,62249,0.0
1,62249,0.0
1,62249,0.0
1,62249,0.0
1,62249,0.0
1,62311,Other
1,62311,Other
Other,62343,0.0
Other,62343,0.0
3,62398,0.0
3,62398,0.0
6,62493,Other
6,62590,0.0
1,62620,0.0
1,62620,0.0
1,62620,0.0
1,62620,0.0
3,62630,0.0
3,62630,0.0
3,62630,0.0
3,62630,0.0
3,62630,0.0
2,62700,0.0
2,62700,0.0
1,62704,0.0
1,62704,0.0
3,62878,0.0
3,62878,0.0
3,62878,0.0
Other,62930,0.0
Other,62930,0.0
6,62936,Other
Other,62942,0.0
Other,63120,Other
3,63147,0.0
3,63147,0.0
3,63147,0.0
3,63147,0.0
3,63147,0.0
Other,63233,0.0
Other,63233,0.0
6,63289,0.0
3,63436,0.0
3,63436,0.0
3,63436,0.0
Other,63447,0.0
6,63558,0.0
1,63583,0.0
1,63583,0.0
1,63583,0.0
1,63583,0.0
1,63597,0.0
1,63597,0.0
1,63597,0.0
1,63597,0.0
1,63597,0.0
1,63597,0.0
1,63597,0.0
1,63597,0.0
6,63664,0.0
Other,63684,0.0
6,63859,0.0
1,63880,Other
1,63880,Other
1,63881,0.0
1,63881,0.0
Other,63901,0.0
1,63986,0.0
1,63986,0.0
1,63986,0.0
1,63986,0.0
1,63986,0.0
3,64095,0.0
3,64095,0.0
3,64095,0.0
Other,64113,0.0
2,64150,Other
2,64150,0.0
2,64150,0.0
2,64150,Other
2,64150,0.0
1,64491,0.0
1,64491,0.0
1,64491,0.0
1,64491,0.0
1,64548,0.0
1,64548,0.0
1,64548,0.0
3,64572,0.0
3,64572,0.0
3,64572,0.0
1,64641,0.0
1,64641,0.0
3,64697,0.0
3,64697,0.0
1,64716,Other
1,64716,0.0
1,64774,0.0
1,64774,0.0
1,64774,0.0
1,64774,0.0
1,64774,0.0
1,64774,0.0
1,64983,0.0
1,64983,0.0
1,64983,0.0
1,65005,Other
1,65005,0.0
1,65005,0.0
1,65005,0.0
1,65010,0.0
1,65010,0.0
Other,65031,0.0
1,65053,0.0
1,65053,0.0
1,65053,0.0
Other,65195,0.0
6,65335,Other
3,65338,0.0
3,65338,0.0
1,65342,Other
1,65342,0.0
6,65344,0.0
1,65358,Other
1,65358,0.0
1,65358,0.0
2,65378,0.0
2,65378,0.0
Other,65381,0.0
Other,65381,0.0
Other,65420,Other
1,65450,0.0
1,65450,0.0
1,65450,Other
1,65450,0.0
1,65450,0.0
2,65494,0.0
2,65494,0.0
2,65494,0.0
1,65521,0.0
1,65521,0.0
6,65612,0.0
3,65616,0.0
3,65616,0.0
3,65626,0.0
3,65626,0.0
1,65718,0.0
1,65718,0.0
1,65718,0.0
Other,65744,Other
1,65782,0.0
1,65782,Other
1,65782,0.0
3,65792,0.0
3,65792,0.0
Other,65818,Other
Other,65818,Other
6,65893,0.0
1,66168,0.0
1,66168,Other
1,66168,0.0
1,66168,0.0
1,66318,Other
1,66318,Other
1,66441,0.0
1,66441,0.0
1,66441,0.0
1,66455,0.0
1,66455,0.0
1,66455,0.0
1,66455,0.0
1,66455,0.0
1,66455,0.0
1,66455,0.0
3,66487,0.0
3,66487,0.0
3,66487,0.0
Other,66593,0.0
1,66601,0.0
1,66601,0.0
Other,66607,0.0
Other,66607,0.0
1,66691,Other
1,66691,Other
1,66693,Other
1,66693,0.0
1,66740,0.0
1,66740,0.0
6,66783,0.0
1,66788,0.0
1,66788,0.0
1,66788,0.0
1,66788,0.0
6,66885,Other
6,66897,Other
1,66926,Other
1,66926,Other
Other,66952,0.0
6,67077,Other
1,67209,0.0
1,67209,0.0
1,67259,0.0
1,67259,0.0
Other,67280,0.0
1,67312,0.0
1,67312,0.0
1,67312,0.0
1,67312,0.0
1,67312,0.0
1,67312,0.0
1,67312,0.0
1,67312,0.0
1,67312,0.0
1,67312,0.0
1,67375,0.0
1,67375,0.0
1,67513,Other
1,67513,0.0
1,67526,Other
1,67526,Other
1,67526,Other
1,67526,Other
1,67561,0.0
1,67561,0.0
1,67561,0.0
1,67567,0.0
1,67567,0.0
1,67569,0.0
1,67569,0.0
1,67569,0.0
1,67569,0.0
Other,67858,0.0
Other,67858,0.0
1,67950,0.0
1,67950,0.0
1,67950,0.0
1,67950,0.0
1,67950,0.0
1,67950,0.0
1,68024,0.0
1,68024,0.0
1,68046,Other
1,68046,Other
1,68080,0.0
1,68080,0.0
1,68080,0.0
1,68080,0.0
1,68080,0.0
1,68080,0.0
1,68080,0.0
1,68082,0.0
1,68082,0.0
1,68082,0.0
1,68082,0.0
Other,68143,0.0
Other,68143,0.0
1,68198,0.0
1,68198,0.0
1,68198,0.0
1,68198,0.0
3,68325,0.0
3,68325,0.0
3,68325,0.0
3,68338,Other
3,68338,0.0
3,68338,0.0
Other,68372,0.0
1,68484,0.0
1,68484,0.0
3,68507,0.0
3,68507,0.0
Other,68544,0.0
1,68548,Other
1,68548,0.0
3,68595,0.0
3,68595,0.0
3,68595,0.0
3,68595,0.0
Other,68598,0.0
1,68791,0.0
1,68791,0.0
1,68791,0.0
1,68791,0.0
1,68905,0.0
1,68905,Other
1,68935,Other
1,68935,0.0
1,68935,0.0
1,68935,0.0
Other,68958,0.0
Other,68958,0.0
6,68984,0.0
1,69078,0.0
1,69078,0.0
1,69078,0.0
1,69078,0.0
1,69078,0.0
1,69110,0.0
1,69110,0.0
1,69110,0.0
1,69110,0.0
1,69110,0.0
1,69110,0.0
6,69231,0.0
Other,69257,0.0
6,69308,Other
Other,69366,0.0
1,69424,0.0
1,69424,0.0
1,69424,0.0
1,69424,0.0
1,69492,0.0
1,69492,0.0
1,69492,0.0
1,69501,0.0
1,69501,0.0
Other,69573,Other
1,69654,0.0
1,69654,0.0
1,69654,0.0
1,69654,0.0
Other,69797,0.0
Other,69797,0.0
Other,69797,0.0
Other,69809,0.0
6,69939,0.0
1,69967,Other
1,69967,0.0
1,69967,0.0
1,69967,0.0
1,70044,0.0
1,70044,0.0
1,70052,0.0
1,70052,0.0
1,70052,0.0
Other,70082,0.0
1,70174,0.0
1,70174,0.0
1,70174,0.0
1,70174,0.0
Other,70240,0.0
Other,70240,0.0
1,70293,0.0
1,70293,0.0
1,70293,0.0
1,70293,0.0
1,70293,0.0
1,70293,0.0
1,70377,0.0
1,70377,0.0
1,70377,0.0
1,70377,0.0
3,70389,0.0
3,70389,0.0
6,70417,0.0
3,70424,Other
3,70424,0.0
3,70424,0.0
1,70471,Other
1,70471,0.0
1,70471,0.0
1,70471,0.0
1,70471,0.0
1,70471,0.0
Other,70542,0.0
Other,70549,0.0
6,70556,0.0
3,70594,0.0
3,70594,0.0
6,70653,0.0
1,70694,0.0
1,70694,0.0
1,70694,0.0
Other,70727,0.0
Other,70727,0.0
1,70823,0.0
1,70823,0.0
1,70823,0.0
1,70823,0.0
1,70823,Other
Other,70843,0.0
1,70865,0.0
1,70865,0.0
1,70978,0.0
1,70978,0.0
Other,70988,0.0
Other,70988,0.0
Other,70988,0.0
1,71148,0.0
1,71148,Other
1,71148,0.0
1,71148,0.0
Other,71213,0.0
3,71313,0.0
3,71313,0.0
3,71313,0.0
6,71325,0.0
1,71363,Other
1,71363,0.0
1,71363,0.0
3,71440,0.0
3,71440,0.0
3,71440,0.0
3,71462,0.0
3,71462,0.0
6,71506,0.0
Other,71659,0.0
Other,71659,0.0
3,71741,0.0
3,71741,0.0
3,71741,0.0
6,71742,0.0
1,71760,0.0
1,71760,0.0
6,71786,Other
1,71869,0.0
1,71869,0.0
1,71882,0.0
1,71882,0.0
1,71882,0.0
1,71882,0.0
1,71910,0.0
1,71910,0.0
1,71910,0.0
1,71910,0.0
Other,71967,Other
1,72014,Other
1,72014,Other
2,72020,0.0
2,72020,0.0
1,72118,0.0
1,72118,0.0
1,72118,0.0
1,72118,0.0
1,72180,0.0
1,72180,0.0
1,72180,0.0
1,72180,0.0
Other,72491,Other
Other,72491,Other
Other,72504,0.0
Other,72543,Other
Other,72543,0.0
6,72592,0.0
6,72612,0.0
3,72671,0.0
3,72671,0.0
3,72671,0.0
Other,72699,Other
1,72714,Other
1,72714,0.0
Other,72725,0.0
6,72776,Other
1,72834,0.0
1,72834,0.0
1,72834,0.0
1,72834,0.0
1,72834,0.0
Other,72856,Other
2,72860,0.0
2,72860,0.0
1,72893,0.0
1,72893,0.0
1,72893,0.0
1,72893,0.0
1,72893,0.0
1,72893,0.0
6,72908,0.0
1,72919,0.0
1,72919,0.0
1,72945,0.0
1,72945,0.0
1,72945,0.0
1,72945,0.0
1,73112,Other
1,73112,0.0
6,73177,Other
3,73260,0.0
3,73260,0.0
3,73260,0.0
3,73260,0.0
3,73304,0.0
3,73304,0.0
3,73304,0.0
6,73365,0.0
6,73471,0.0
1,73555,0.0
1,73555,0.0
1,73555,0.0
1,73555,0.0
6,73585,Other
Other,73596,Other
3,73831,0.0
3,73831,0.0
3,73831,0.0
Other,73868,0.0
Other,73878,0.0
Other,73878,0.0
1,74109,0.0
1,74109,0.0
1,74109,0.0
1,74303,0.0
1,74303,0.0
1,74303,0.0
1,74303,0.0
Other,74322,0.0
Other,74322,0.0
Other,74470,0.0
Other,74470,0.0
Other,74470,0.0
Other,74481,0.0
Other,74481,Other
6,74516,0.0
1,74542,Other
1,74542,0.0
1,74542,0.0
1,74542,0.0
3,74610,0.0
3,74610,0.0
1,74876,0.0
1,74876,0.0
1,74876,0.0
1,74876,0.0
3,74913,0.0
3,74913,0.0
3,74913,0.0
3,74962,0.0
3,74962,0.0
3,74962,0.0
3,74962,0.0
3,74962,0.0
1,74974,0.0
1,74974,0.0
1,74974,0.0
1,74974,0.0
Other,74988,0.0
Other,74988,0.0
6,75122,0.0
6,75168,0.0
3,75200,0.0
3,75200,0.0
3,75200,0.0
3,75390,0.0
3,75390,0.0
3,75390,0.0
1,75398,0.0
1,75398,0.0
1,75398,0.0
1,75398,0.0
1,75398,0.0
1,75398,0.0
2,75462,0.0
2,75462,0.0
2,75462,0.0
2,75462,0.0
2,75462,Other
6,75473,0.0
6,75484,0.0
6,75490,0.0
1,75525,0.0
1,75525,0.0
1,75525,0.0
1,75525,0.0
1,75599,0.0
1,75599,0.0
1,75599,0.0
1,75599,0.0
1,75599,Other
1,75599,0.0
1,75599,0.0
1,75599,0.0
1,75770,0.0
1,75770,0.0
2,75786,0.0
2,75786,0.0
2,75786,0.0
2,75786,0.0
3,75863,0.0
3,75863,0.0
3,75910,0.0
3,75910,0.0
3,75910,0.0
3,75910,0.0
Other,75975,0.0
Other,75975,0.0
Other,75975,0.0
3,76085,0.0
3,76085,0.0
3,76123,0.0
3,76123,0.0
2,76225,0.0
2,76225,0.0
2,76225,0.0
1,76271,0.0
1,76271,0.0
1,76271,0.0
1,76344,0.0
1,76344,0.0
Other,76379,0.0
1,76451,Other
1,76451,0.0
1,76451,0.0
1,76451,0.0
1,76451,0.0
1,76451,0.0
Other,76506,Other
Other,76506,0.0
3,76513,0.0
3,76513,0.0
3,76513,0.0
6,76559,0.0
3,76565,0.0
3,76565,0.0
3,76565,0.0
6,76618,0.0
Other,76867,Other
Other,76867,0.0
Other,76867,0.0
1,76914,0.0
1,76914,0.0
1,76914,0.0
1,76914,0.0
1,76975,0.0
1,76975,0.0
1,77001,0.0
1,77001,0.0
1,77001,0.0
1,77001,0.0
1,77001,0.0
1,77001,0.0
3,77105,0.0
3,77105,0.0
1,77151,0.0
1,77151,0.0
1,77151,0.0
1,77151,0.0
1,77151,0.0
1,77151,0.0
1,77151,0.0
1,77165,0.0
1,77165,0.0
Other,77250,0.0
Other,77250,0.0
Other,77250,0.0
6,77273,0.0
2,77358,0.0
2,77358,0.0
1,77423,0.0
1,77423,0.0
1,77423,0.0
3,77470,0.0
3,77470,0.0
3,77470,0.0
6,77481,0.0
3,77577,0.0
3,77577,0.0
3,77577,0.0
3,77643,0.0
3,77643,0.0
3,77643,0.0
3,77675,Other
3,77675,0.0
6,77798,0.0
6,77851,Other
Other,77962,0.0
2,78037,0.0
2,78037,0.0
2,78037,0.0
1,78267,0.0
1,78267,0.0
1,78267,0.0
1,78267,0.0
1,78298,Other
1,78298,Other
1,78357,0.0
1,78357,0.0
1,78357,0.0
1,78393,0.0
1,78393,Other
1,78416,0.0
1,78416,0.0
1,78416,0.0
1,78416,0.0
1,78416,0.0
Other,78424,0.0
2,78524,0.0
2,78524,0.0
2,78524,0.0
2,78524,0.0
2,78562,0.0
2,78562,0.0
6,78563,0.0
3,78620,0.0
3,78620,0.0
3,78620,0.0
1,78649,Other
1,78649,0.0
1,78649,0.0
Other,78654,0.0
1,78774,0.0
1,78774,0.0
1,78774,0.0
3,78824,0.0
3,78824,0.0
3,78824,0.0
3,78824,0.0
Other,78853,0.0
Other,78853,0.0
1,78902,0.0
1,78902,0.0
1,78934,0.0
1,78934,0.0
2,78941,0.0
2,78941,0.0
2,78976,0.0
2,78976,0.0
2,78976,0.0
2,78976,0.0
Other,78978,Other
3,78985,0.0
3,78985,0.0
3,78985,0.0
3,78985,0.0
3,79006,0.0
3,79006,0.0
3,79006,0.0
3,79006,0.0
3,79006,0.0
3,79006,0.0
1,79009,0.0
1,79009,0.0
1,79009,0.0
Other,79016,0.0
Other,79016,0.0
Other,79016,0.0
6,79157,0.0
1,79194,0.0
1,79194,0.0
1,79194,0.0
Other,79268,Other
Other,79268,0.0
Other,79268,0.0
3,79451,0.0
3,79451,0.0
Other,79516,0.0
Other,79516,0.0
6,79558,Other
3,79578,0.0
3,79578,0.0
3,79578,0.0
3,79578,0.0
Other,79662,0.0
1,79666,0.0
1,79666,0.0
1,79666,0.0
1,79666,0.0
1,79666,Other
6,79675,0.0
3,79728,Other
3,79728,0.0
3,79728,0.0
3,79728,0.0
1,79747,0.0
1,79747,0.0
1,79747,0.0
1,79747,0.0
1,79795,0.0
1,79795,0.0
1,79795,0.0
1,79795,0.0
1,79811,Other
1,79811,0.0
1,79816,0.0
1,79816,0.0
1,79816,0.0
1,79816,0.0
3,79817,0.0
3,79817,0.0
3,79817,0.0
1,79884,0.0
1,79884,0.0
3,79981,0.0
3,79981,0.0
Other,79982,Other
6,80018,0.0
2,80078,0.0
2,80078,0.0
Other,80088,0.0
Other,80088,0.0
2,80261,0.0
2,80261,0.0
2,80261,0.0
1,80287,Other
1,80287,Other
3,80327,0.0
3,80327,0.0
3,80338,0.0
3,80338,0.0
3,80361,0.0
3,80361,0.0
3,80361,0.0
3,80361,0.0
6,80407,0.0
1,80461,Other
1,80461,Other
1,80461,Other
1,80461,0.0
1,80500,Other
1,80500,0.0
1,80500,0.0
1,80648,0.0
1,80648,0.0
6,80695,Other
6,80707,0.0
6,80710,0.0
6,80939,0.0
Other,81063,0.0
Other,81063,0.0
3,81092,0.0
3,81092,0.0
3,81092,0.0
3,81092,0.0
3,81208,0.0
3,81208,0.0
1,81232,Other
1,81232,0.0
1,81247,0.0
1,81247,0.0
1,81247,0.0
1,81247,0.0
Other,81259,Other
6,81301,Other
1,81355,0.0
1,81355,0.0
6,81394,Other
1,81431,0.0
1,81431,0.0
1,81431,0.0
1,81431,0.0
1,81469,0.0
1,81469,0.0
1,81469,0.0
1,81469,0.0
Other,81477,0.0
Other,81483,0.0
Other,81483,0.0
Other,81483,Other
3,81630,0.0
3,81630,0.0
1,81730,0.0
1,81730,0.0
6,81794,0.0
1,81806,Other
1,81806,Other
1,81806,0.0
1,81837,0.0
1,81837,0.0
1,81837,0.0
3,82016,0.0
3,82016,0.0
3,82016,0.0
3,82016,0.0
1,82019,0.0
1,82019,0.0
1,82019,0.0
6,82032,0.0
1,82038,0.0
1,82038,0.0
1,82038,0.0
1,82038,0.0
Other,82048,0.0
Other,82050,0.0
1,82061,0.0
1,82061,0.0
1,82061,0.0
1,82066,0.0
1,82066,0.0
6,82100,0.0
3,82420,0.0
3,82420,0.0
3,82420,0.0
3,82420,0.0
3,82420,0.0
1,82427,Other
1,82427,0.0
1,82427,Other
Other,82453,0.0
6,82548,0.0
2,82581,0.0
2,82581,Other
2,82581,0.0
2,82581,0.0
2,82581,0.0
3,82585,0.0
3,82585,0.0
3,82585,0.0
6,82603,Other
3,82646,0.0
3,82646,0.0
6,82678,0.0
Other,82701,0.0
Other,82701,0.0
Other,82701,0.0
Other,82701,0.0
3,82757,0.0
3,82757,0.0
1,82784,0.0
1,82784,0.0
1,82818,Other
1,82818,0.0
Other,82925,0.0
Other,82925,0.0
1,82933,0.0
1,82933,0.0
Other,82980,0.0
1,83041,Other
1,83041,Other
1,83069,0.0
1,83069,0.0
3,83090,0.0
3,83090,0.0
3,83090,0.0
3,83090,0.0
1,83117,0.0
1,83117,0.0
1,83200,0.0
1,83200,0.0
1,83200,0.0
1,83200,0.0
1,83207,0.0
1,83207,0.0
2,83242,0.0
2,83242,0.0
2,83242,Other
1,83391,0.0
1,83391,0.0
1,83398,Other
1,83398,0.0
1,83398,Other
2,83451,0.0
2,83451,0.0
2,83451,0.0
1,83452,0.0
1,83452,0.0
1,83452,0.0
1,83452,0.0
1,83452,0.0
1,83452,0.0
1,83452,0.0
1,83452,0.0
1,83452,0.0
1,83452,0.0
1,83452,0.0
3,83465,0.0
3,83465,0.0
3,83586,0.0
3,83586,0.0
3,83630,0.0
3,83630,0.0
3,83676,0.0
3,83676,0.0
3,83676,0.0
1,83753,0.0
1,83753,0.0
1,83753,0.0
1,83753,0.0
1,83753,0.0
1,83753,0.0
1,83753,0.0
1,83753,0.0
1,83753,0.0
1,83844,Other
1,83844,0.0
1,83844,0.0
1,83844,0.0
6,83873,0.0
Other,83927,0.0
Other,83927,0.0
Other,83934,0.0
1,83984,0.0
1,83984,Other
3,84041,0.0
3,84041,0.0
3,84041,0.0
3,84041,0.0
3,84086,0.0
3,84086,0.0
3,84086,0.0
1,84124,0.0
1,84124,0.0
1,84124,0.0
1,84223,0.0
1,84223,0.0
1,84223,0.0
1,84223,0.0
1,84223,0.0
1,84223,0.0
1,84223,0.0
1,84239,0.0
1,84239,0.0
1,84239,0.0
3,84263,0.0
3,84263,0.0
3,84263,0.0
3,84263,0.0
3,84263,0.0
3,84263,0.0
3,84315,0.0
3,84315,0.0
3,84315,0.0
3,84315,0.0
6,84443,0.0
Other,84448,Other
Other,84448,0.0
6,84484,0.0
2,84601,0.0
2,84601,0.0
2,84601,0.0
2,84601,0.0
2,84601,0.0
2,84601,0.0
2,84601,0.0
6,84699,0.0
1,84876,0.0
1,84876,0.0
1,84910,0.0
1,84910,0.0
1,84910,0.0
1,85036,Other
1,85036,Other
3,85166,0.0
3,85166,0.0
1,85173,0.0
1,85173,0.0
3,85287,0.0
3,85287,0.0
6,85315,0.0
1,85392,0.0
1,85392,0.0
1,85392,0.0
Other,85482,0.0
Other,85482,0.0
Other,85482,0.0
2,85521,Other
2,85521,0.0
2,85521,0.0
2,85521,0.0
6,85548,0.0
6,85635,0.0
6,85720,Other
3,85741,0.0
3,85741,0.0
3,85741,0.0
1,85775,0.0
1,85775,0.0
1,85775,0.0
1,85775,0.0
Other,85810,0.0
Other,85810,Other
Other,85810,0.0
Other,85810,0.0
1,85923,0.0
1,85923,0.0
1,85923,0.0
1,85923,0.0
1,85923,0.0
1,85934,0.0
1,85934,0.0
1,86012,0.0
1,86012,0.0
1,86012,0.0
1,86044,0.0
1,86044,0.0
1,86044,0.0
1,86044,0.0
1,86044,0.0
1,86044,0.0
6,86110,Other
1,86201,0.0
1,86201,0.0
1,86201,0.0
1,86201,0.0
6,86305,0.0
1,86321,0.0
1,86321,0.0
1,86321,0.0
1,86375,0.0
1,86375,0.0
1,86375,0.0
1,86375,0.0
1,86375,0.0
1,86381,0.0
1,86381,0.0
1,86388,Other
1,86388,0.0
3,86405,0.0
3,86405,0.0
3,86405,0.0
3,86405,0.0
3,86405,0.0
6,86418,Other
6,86443,0.0
Other,86519,Other
Other,86519,0.0
1,86552,0.0
1,86552,0.0
1,86552,0.0
1,86552,0.0
1,86552,0.0
Other,86563,0.0
Other,86566,0.0
Other,86590,0.0
6,86664,0.0
1,86714,0.0
1,86714,0.0
3,86777,0.0
3,86777,0.0
3,86827,Other
3,86827,Other
Other,86834,0.0
Other,86834,0.0
2,86889,0.0
2,86889,0.0
2,86889,0.0
2,86913,0.0
2,86913,0.0
2,86913,0.0
2,86913,0.0
2,86913,0.0
1,86958,0.0
1,86958,0.0
1,86963,0.0
1,86963,0.0
1,86963,0.0
1,86963,0.0
1,86963,0.0
1,86963,0.0
6,87009,0.0
1,87013,Other
1,87013,Other
3,87066,0.0
3,87066,0.0
3,87066,Other
6,87071,0.0
3,87186,0.0
3,87186,0.0
3,87186,0.0
3,87231,0.0
3,87231,0.0
1,87313,0.0
1,87313,Other
1,87313,0.0
1,87313,0.0
1,87313,0.0
1,87343,0.0
1,87343,0.0
1,87343,0.0
1,87343,0.0
1,87416,0.0
1,87416,0.0
1,87416,0.0
1,87416,0.0
6,87419,0.0
1,87517,0.0
1,87517,0.0
1,87670,0.0
1,87670,0.0
1,87670,0.0
1,87756,0.0
1,87756,0.0
1,87756,0.0
1,87778,0.0
1,87778,0.0
1,87778,0.0
Other,87895,0.0
Other,87895,0.0
1,87917,0.0
1,87917,Other
1,88035,Other
1,88035,0.0
2,88059,0.0
2,88059,0.0
2,88059,0.0
Other,88182,0.0
Other,88182,0.0
3,88183,0.0
3,88183,0.0
3,88183,0.0
1,88209,0.0
1,88209,0.0
1,88209,0.0
1,88209,0.0
1,88209,0.0
1,88209,Other
1,88238,Other
1,88238,0.0
1,88238,0.0
Other,88241,0.0
1,88246,0.0
1,88246,0.0
1,88246,0.0
1,88246,0.0
1,88254,Other
1,88254,Other
1,88284,0.0
1,88284,0.0
1,88284,0.0
1,88284,0.0
1,88284,0.0
1,88284,0.0
6,88329,0.0
6,88395,0.0
Other,88468,0.0
1,88491,0.0
1,88491,0.0
1,88491,0.0
1,88491,0.0
1,88491,0.0
Other,88498,0.0
1,88629,0.0
1,88629,0.0
1,88629,0.0
Other,88637,Other
2,88658,0.0
2,88658,0.0
1,88834,0.0
1,88834,0.0
1,88852,Other
1,88852,0.0
1,88852,0.0
1,88852,0.0
Other,88907,0.0
1,88941,Other
1,88941,0.0
1,88941,0.0
1,88941,0.0
1,88941,0.0
1,88943,0.0
1,88943,0.0
1,88966,0.0
1,88966,0.0
1,88966,0.0
1,88966,0.0
3,88990,0.0
3,88990,0.0
Other,89025,0.0
Other,89248,0.0
Other,89248,0.0
Other,89312,0.0
1,89340,0.0
1,89340,0.0
1,89340,0.0
1,89417,0.0
1,89417,0.0
3,89436,0.0
3,89436,0.0
3,89436,0.0
3,89505,0.0
3,89505,0.0
3,89505,0.0
3,89505,0.0
1,89577,0.0
1,89577,0.0
1,89577,0.0
3,89580,0.0
3,89580,0.0
3,89580,0.0
3,89706,Other
3,89706,0.0
3,89706,0.0
3,89706,0.0
6,89747,0.0
Other,89818,0.0
1,89887,0.0
1,89887,0.0
1,89945,0.0
1,89945,0.0
1,89945,0.0
1,89945,0.0
1,89945,0.0
1,89945,0.0
1,89945,0.0
1,89970,0.0
1,89970,0.0
1,89970,0.0
3,90040,0.0
3,90040,0.0
3,90040,0.0
3,90040,0.0
1,90050,0.0
1,90050,0.0
6,90068,0.0
6,90078,0.0
1,90097,0.0
1,90097,0.0
1,90104,0.0
1,90104,0.0
1,90104,0.0
1,90126,0.0
1,90126,0.0
1,90126,0.0
1,90126,0.0
1,90126,0.0
1,90126,0.0
1,90126,0.0
1,90126,0.0
1,90126,0.0
1,90126,0.0
1,90305,0.0
1,90305,0.0
1,90305,0.0
1,90359,0.0
1,90359,0.0
1,90476,0.0
1,90476,0.0
1,90480,0.0
1,90480,0.0
1,90480,0.0
1,90480,0.0
1,90480,0.0
1,90480,0.0
1,90480,0.0
Other,90497,0.0
Other,90497,0.0
1,90621,Other
1,90621,0.0
3,90647,0.0
3,90647,0.0
1,90705,0.0
1,90705,0.0
1,90705,0.0
1,90705,0.0
6,90734,0.0
1,90738,0.0
1,90738,0.0
1,90738,0.0
6,90767,0.0
1,90830,0.0
1,90830,0.0
6,90892,0.0
6,90922,Other
6,90985,0.0
Other,91070,0.0
1,91201,0.0
1,91201,0.0
1,91201,0.0
1,91560,0.0
1,91560,0.0
1,91560,0.0
Other,91564,0.0
1,91580,Other
1,91580,Other
1,91584,0.0
1,91584,0.0
1,91584,0.0
2,91713,Other
2,91713,Other
Other,91738,Other
Other,91738,0.0
6,91817,Other
6,91867,0.0
2,91875,0.0
2,91875,0.0
2,91875,0.0
1,91916,0.0
1,91916,0.0
1,91916,0.0
1,91916,0.0
1,91916,0.0
1,91916,0.0
Other,91939,Other
Other,91956,0.0
Other,91956,0.0
3,91966,Other
3,91966,0.0
1,91973,0.0
1,91973,0.0
1,91973,0.0
1,91973,0.0
1,91973,0.0
1,91983,0.0
1,91983,0.0
1,91983,0.0
1,91983,0.0
1,91983,0.0
1,91983,0.0
1,91983,0.0
1,91983,0.0
1,91983,0.0
1,91983,0.0
1,91983,0.0
1,92036,0.0
1,92036,0.0
Other,92048,0.0
Other,92050,Other
Other,92050,0.0
Other,92050,0.0
Other,92050,0.0
Other,92050,0.0
Other,92050,0.0
Other,92050,0.0
1,92067,0.0
1,92067,0.0
1,92067,0.0
Other,92069,0.0
6,92113,0.0
3,92133,0.0
3,92133,0.0
1,92244,0.0
1,92244,0.0
1,92244,0.0
1,92327,Other
1,92327,Other
1,92327,Other
1,92327,0.0
Other,92364,0.0
Other,92364,0.0
1,92375,0.0
1,92375,0.0
1,92375,0.0
3,92387,0.0
3,92387,0.0
3,92387,0.0
3,92394,0.0
3,92394,0.0
3,92394,0.0
3,92394,0.0
1,92415,0.0
1,92415,0.0
1,92415,0.0
3,92483,0.0
3,92483,0.0
1,92497,0.0
1,92497,0.0
1,92497,0.0
1,92500,0.0
1,92500,0.0
1,92616,0.0
1,92616,0.0
6,92620,Other
3,92686,0.0
3,92686,0.0
3,92686,0.0
3,92686,0.0
1,92775,0.0
1,92775,0.0
1,92775,0.0
1,92775,0.0
1,92797,0.0
1,92797,0.0
3,92874,0.0
3,92874,0.0
1,92884,0.0
1,92884,0.0
1,92884,0.0
1,92884,0.0
1,92884,0.0
Other,92955,Other
6,92980,0.0
3,93049,0.0
3,93049,0.0
1,93076,0.0
1,93076,0.0
1,93076,0.0
6,93084,0.0
1,93127,Other
1,93127,Other
1,93127,0.0
1,93127,0.0
Other,93214,0.0
Other,93214,0.0
Other,93283,0.0
2,93362,0.0
2,93362,0.0
2,93471,0.0
2,93471,0.0
6,93473,0.0
3,93541,0.0
3,93541,0.0
3,93541,0.0
3,93557,Other
3,93557,0.0
1,93587,0.0
1,93587,0.0
1,93587,0.0
1,93627,0.0
1,93627,0.0
1,93627,0.0
1,93658,0.0
1,93658,0.0
1,93665,0.0
1,93665,0.0
1,93665,0.0
1,93665,0.0
1,93665,0.0
1,93665,0.0
1,93665,0.0
1,93752,0.0
1,93752,0.0
1,93752,0.0
1,93882,Other
1,93882,0.0
2,93889,Other
2,93889,Other
3,93989,0.0
3,93989,0.0
3,93989,0.0
6,93994,0.0
3,94035,0.0
3,94035,0.0
1,94110,0.0
1,94110,0.0
Other,94131,0.0
Other,94142,0.0
Other,94142,Other
6,94162,0.0
6,94190,0.0
3,94253,Other
3,94253,0.0
1,94286,0.0
1,94286,0.0
1,94286,0.0
1,94286,0.0
Other,94358,0.0
Other,94358,0.0
Other,94358,0.0
2,94386,0.0
2,94386,0.0
2,94386,0.0
2,94386,0.0
1,94387,0.0
1,94387,0.0
1,94387,0.0
1,94461,0.0
1,94461,0.0
1,94572,0.0
1,94572,0.0
1,94572,0.0
1,94572,0.0
6,94625,0.0
Other,94786,Other
Other,94786,0.0
2,94787,Other
2,94787,0.0
1,94788,0.0
1,94788,0.0
1,94788,0.0
1,95038,0.0
1,95038,0.0
6,95050,Other
Other,95162,0.0
Other,95162,0.0
Other,95162,0.0
6,95164,0.0
3,95175,0.0
3,95175,0.0
Other,95199,0.0
Other,95223,Other
Other,95223,0.0
6,95414,0.0
Other,95432,0.0
Other,95470,0.0
Other,95470,0.0
1,95487,0.0
1,95487,0.0
1,95487,0.0
Other,95603,0.0
1,95611,0.0
1,95611,0.0
6,95803,0.0
6,95857,0.0
6,95926,Other
1,95992,0.0
1,95992,0.0
1,95992,0.0
1,95992,0.0
1,96002,0.0
1,96002,0.0
1,96002,0.0
1,96002,0.0
1,96002,0.0
3,96039,0.0
3,96039,0.0
3,96039,0.0
3,96039,0.0
3,96039,0.0
Other,96211,Other
6,96213,0.0
1,96264,0.0
1,96264,0.0
1,96264,0.0
1,96264,0.0
1,96264,0.0
1,96264,0.0
1,96346,0.0
1,96346,Other
1,96346,0.0
1,96346,0.0
1,96346,0.0
3,96369,0.0
3,96369,0.0
3,96369,0.0
3,96369,0.0
Other,96513,0.0
Other,96513,Other
Other,96513,0.0
Other,96569,0.0
6,96687,0.0
Other,96729,0.0
3,96753,0.0
3,96753,0.0
Other,96883,0.0
Other,96958,0.0
Other,96958,0.0
6,97102,0.0
3,97114,0.0
3,97114,0.0
3,97114,0.0
Other,97159,0.0
1,97182,Other
1,97182,0.0
1,97187,0.0
1,97187,Other
1,97187,0.0
1,97275,0.0
1,97275,0.0
1,97275,0.0
Other,97337,Other
Other,97337,Other
Other,97337,0.0
Other,97337,0.0
Other,97347,0.0
Other,97437,0.0
1,97449,0.0
1,97449,0.0
1,97449,0.0
1,97449,0.0
1,97495,0.0
1,97495,0.0
Other,97572,0.0
Other,97572,0.0
Other,97572,0.0
3,97729,0.0
3,97729,0.0
3,97729,0.0
3,97729,0.0
6,97744,0.0
3,97750,0.0
3,97750,0.0
3,97750,0.0
6,97783,0.0
Other,97886,0.0
Other,97886,0.0
Other,97886,0.0
Other,97933,0.0
1,97952,0.0
1,97952,0.0
1,97952,0.0
1,97952,0.0
1,97952,0.0
1,98106,0.0
1,98106,0.0
1,98106,0.0
1,98106,0.0
6,98233,0.0
1,98273,0.0
1,98273,0.0
1,98273,0.0
6,98385,0.0
2,98430,0.0
2,98430,0.0
2,98430,0.0
Other,98454,0.0
Other,98454,0.0
Other,98454,0.0
Other,98454,0.0
3,98519,0.0
3,98519,0.0
3,98519,0.0
3,98519,0.0
1,98560,0.0
1,98560,0.0
1,98560,0.0
1,98611,Other
1,98611,0.0
3,98719,0.0
3,98719,0.0
3,98719,0.0
3,98719,0.0
3,98719,0.0
3,98719,0.0
1,98884,Other
1,98884,0.0
1,98884,0.0
1,99104,0.0
1,99104,0.0
2,99105,0.0
2,99105,0.0
2,99105,0.0
1,99264,0.0
1,99264,0.0
1,99264,0.0
1,99264,0.0
6,99278,Other
Other,99443,0.0
Other,99443,0.0
1,99497,0.0
1,99497,0.0
3,99520,0.0
3,99520,0.0
3,99520,0.0
3,99520,0.0
3,99520,0.0
3,99520,0.0
1,99521,Other
1,99521,0.0
1,99521,Other
Other,99547,0.0
6,99580,0.0
Other,99649,0.0
1,99753,0.0
1,99753,0.0
1,99753,0.0
1,99807,Other
1,99807,Other
1,99807,0.0
6,99955,0.0
1,99992,0.0
1,99992,0.0
1,99992,0.0
1,99992,0.0
1,99992,0.0
6,100074,0.0
3,100103,0.0
3,100103,0.0
3,100190,0.0
3,100190,0.0
3,100190,0.0
3,100190,0.0
3,100190,0.0
3,100190,0.0
Other,100191,Other
Other,100191,Other
6,100212,0.0
1,100223,0.0
1,100223,0.0
1,100223,0.0
1,100223,0.0
6,100237,0.0
1,100262,0.0
1,100262,0.0
1,100262,0.0
6,100317,0.0
6,100342,0.0
Other,100412,0.0
6,100454,0.0
Other,100471,0.0
Other,100471,0.0
1,100523,0.0
1,100523,0.0
Other,100531,0.0
Other,100531,0.0
Other,100531,0.0
6,100596,0.0
Other,100698,0.0
1,100746,Other
1,100746,0.0
1,100746,0.0
1,100746,0.0
6,100839,Other
Other,100848,0.0
Other,100848,0.0
1,100926,0.0
1,100926,0.0
1,100926,0.0
Other,100946,Other
6,100964,0.0
1,101012,0.0
1,101012,0.0
1,101012,0.0
1,101012,0.0
3,101030,0.0
3,101030,0.0
3,101030,0.0
3,101030,0.0
2,101246,Other
2,101246,0.0
2,101246,0.0
6,101277,0.0
Other,101325,Other
Other,101325,Other
3,101466,0.0
3,101466,0.0
3,101509,0.0
3,101509,0.0
3,101516,0.0
3,101516,0.0
1,101600,0.0
1,101600,0.0
3,101661,0.0
3,101661,0.0
3,101661,0.0
3,101661,0.0
1,101713,0.0
1,101713,0.0
1,101713,0.0
1,101713,0.0
1,101799,0.0
1,101799,0.0
1,101799,0.0
1,101799,0.0
1,101970,0.0
1,101970,0.0
1,101970,0.0
1,101970,0.0
2,102016,0.0
2,102016,0.0
1,102099,0.0
1,102099,0.0
6,102124,Other
1,102170,Other
1,102170,0.0
1,102310,0.0
1,102310,0.0
3,102340,0.0
3,102340,0.0
3,102340,0.0
3,102340,0.0
6,102448,0.0
1,102468,Other
1,102468,0.0
1,102468,0.0
1,102498,0.0
1,102498,0.0
1,102498,0.0
1,102498,0.0
1,102498,0.0
Other,102621,0.0
Other,102621,0.0
3,102625,0.0
3,102625,0.0
3,102625,0.0
2,102699,0.0
2,102699,0.0
2,102699,0.0
2,102699,0.0
1,102792,0.0
1,102792,0.0
1,102792,0.0
1,102792,0.0
1,102792,0.0
Other,102910,0.0
Other,102922,Other
1,102936,0.0
1,102936,0.0
1,102936,0.0
1,102936,0.0
1,102936,0.0
1,102936,0.0
Other,102953,0.0
3,102982,0.0
3,102982,0.0
3,102999,0.0
3,102999,0.0
3,102999,0.0
3,102999,0.0
3,102999,0.0
3,102999,0.0
3,102999,0.0
3,102999,0.0
3,102999,0.0
1,103037,0.0
1,103037,0.0
1,103076,0.0
1,103076,0.0
1,103076,0.0
1,103076,0.0
1,103076,0.0
Other,103135,0.0
Other,103135,0.0
Other,103135,0.0
1,103172,0.0
1,103172,0.0
6,103206,0.0
1,103268,0.0
1,103268,0.0
1,103268,0.0
1,103426,0.0
1,103426,0.0
1,103426,0.0
1,103443,0.0
1,103443,0.0
6,103490,0.0
Other,103594,0.0
Other,103594,0.0
Other,103840,0.0
6,103852,0.0
1,103924,0.0
1,103924,0.0
1,103924,0.0
1,103989,0.0
1,103989,0.0
1,103989,0.0
1,103989,0.0
1,103989,0.0
1,103989,0.0
3,103991,0.0
3,103991,0.0
3,103991,0.0
1,104040,0.0
1,104040,0.0
1,104040,0.0
3,104057,Other
3,104057,0.0
1,104097,0.0
1,104097,0.0
Other,104233,0.0
1,104252,Other
1,104252,0.0
3,104292,0.0
3,104292,0.0
1,104486,0.0
1,104486,0.0
1,104486,0.0
1,104486,0.0
1,104486,0.0
1,104486,0.0
3,104498,Other
3,104498,0.0
3,104498,0.0
1,104507,0.0
1,104507,Other
1,104507,0.0
1,104507,0.0
6,104553,0.0
Other,104595,0.0
6,104639,0.0
1,104646,0.0
1,104646,0.0
1,104646,0.0
1,104656,0.0
1,104656,0.0
1,104720,0.0
1,104720,0.0
1,104720,0.0
Other,104792,0.0
Other,104792,0.0
3,104845,0.0
3,104845,0.0
1,104897,Other
1,104897,0.0
Other,104947,Other
3,104992,0.0
3,104992,0.0
6,105029,0.0
3,105039,0.0
3,105039,0.0
3,105039,0.0
1,105135,0.0
1,105135,0.0
3,105320,0.0
3,105320,0.0
1,105323,0.0
1,105323,0.0
1,105323,0.0
2,105420,0.0
2,105420,0.0
2,105420,0.0
2,105420,0.0
Other,105421,Other
Other,105449,0.0
1,105454,0.0
1,105454,0.0
1,105454,0.0
Other,105615,Other
Other,105630,0.0
1,105703,0.0
1,105703,0.0
1,105703,0.0
2,105733,0.0
2,105733,0.0
2,105733,0.0
2,105733,0.0
Other,105837,0.0
2,105850,0.0
2,105850,0.0
Other,105875,0.0
6,105879,Other
1,105885,Other
1,105885,0.0
1,105885,Other
3,105913,0.0
3,105913,0.0
3,106001,0.0
3,106001,0.0
3,106001,0.0
3,106001,0.0
1,106122,0.0
1,106122,0.0
1,106122,0.0
6,106179,0.0
6,106352,Other
1,106457,0.0
1,106457,0.0
Other,106515,0.0
Other,106515,0.0
1,106542,0.0
1,106542,0.0
1,106542,0.0
1,106542,0.0
1,106552,Other
1,106552,0.0
1,106737,0.0
1,106737,0.0
3,106756,0.0
3,106756,0.0
3,106756,0.0
6,106794,0.0
Other,106842,0.0
Other,106842,0.0
1,106852,0.0
1,106852,0.0
1,106852,0.0
6,106886,0.0
1,106899,0.0
1,106899,0.0
1,106899,0.0
1,106899,0.0
1,106945,0.0
1,106945,0.0
1,106945,0.0
1,107087,0.0
1,107087,0.0
1,107264,0.0
1,107264,0.0
1,107264,0.0
1,107264,0.0
1,107264,0.0
1,107264,0.0
1,107264,0.0
1,107264,0.0
1,107270,0.0
1,107270,0.0
1,107270,0.0
6,107310,0.0
1,107387,0.0
1,107387,0.0
1,107575,0.0
1,107575,0.0
1,107675,0.0
1,107675,0.0
1,107675,0.0
1,107675,0.0
1,107675,0.0
1,107696,0.0
1,107696,0.0
1,108001,Other
1,108001,0.0
1,108001,0.0
Other,108025,Other
Other,108025,0.0
6,108028,0.0
1,108069,0.0
1,108069,0.0
1,108069,0.0
1,108069,0.0
1,108069,0.0
1,108069,0.0
6,108107,0.0
6,108113,0.0
1,108173,Other
1,108173,Other
1,108173,0.0
1,108173,0.0
6,108268,0.0
Other,108310,Other
Other,108316,Other
3,108445,Other
3,108445,0.0
Other,108482,0.0
1,108505,0.0
1,108505,0.0
Other,108576,0.0
Other,108576,0.0
2,108610,0.0
2,108610,0.0
6,108620,0.0
1,108643,0.0
1,108643,0.0
1,108643,0.0
6,108677,Other
1,108748,0.0
1,108748,0.0
1,108748,0.0
1,108748,0.0
Other,108772,0.0
1,108938,Other
1,108938,0.0
Other,108968,0.0
Other,108968,0.0
Other,108968,0.0
Other,109003,0.0
Other,109003,0.0
3,109140,0.0
3,109140,0.0
1,109204,0.0
1,109204,Other
1,109254,Other
1,109254,0.0
3,109279,0.0
3,109279,0.0
6,109290,0.0
Other,109337,0.0
6,109342,Other
3,109417,0.0
3,109417,0.0
3,109417,0.0
3,109417,0.0
3,109417,0.0
3,109417,Other
3,109417,0.0
Other,109484,Other
Other,109484,Other
1,109699,0.0
1,109699,0.0
1,109699,0.0
6,109727,0.0
Other,109820,0.0
Other,109820,0.0
6,109841,0.0
1,109856,0.0
1,109856,0.0
1,109856,0.0
1,109893,0.0
1,109893,0.0
1,109893,0.0
1,109893,0.0
6,109895,0.0
1,109898,0.0
1,109898,0.0
1,109898,0.0
1,109898,0.0
1,109898,0.0
1,109898,0.0
1,109898,0.0
1,109898,0.0
1,109898,0.0
1,109898,0.0
1,109898,0.0
1,109898,0.0
3,109913,0.0
3,109913,0.0
3,109913,0.0
3,109913,0.0
Other,109918,0.0
Other,109918,0.0
6,109921,0.0
3,109973,0.0
3,109973,0.0
3,109973,0.0
3,109973,0.0
3,109973,0.0
6,110028,0.0
1,110032,0.0
1,110032,0.0
Other,110088,0.0
Other,110088,0.0
1,110209,Other
1,110209,0.0
1,110209,0.0
6,110421,Other
6,110523,0.0
3,110582,0.0
3,110582,0.0
3,110582,0.0
1,110635,0.0
1,110635,0.0
1,110635,0.0
1,110635,0.0
1,110647,0.0
1,110647,0.0
1,110647,0.0
Other,110691,0.0
Other,110691,0.0
Other,110691,Other
Other,110696,0.0
1,110732,Other
1,110732,0.0
1,110732,0.0
1,110732,0.0
Other,110748,0.0
1,110755,0.0
1,110755,0.0
2,110759,0.0
2,110759,0.0
2,110759,0.0
2,110759,0.0
2,110759,0.0
1,110772,Other
1,110772,Other
1,110772,0.0
1,110772,0.0
1,110833,0.0
1,110833,0.0
1,110833,0.0
1,110833,0.0
1,110833,0.0
1,110833,0.0
1,110918,0.0
1,110918,0.0
Other,110928,Other
Other,110937,0.0
1,110970,0.0
1,110970,0.0
1,110970,0.0
3,110974,Other
1,772168,0.0
3,110974,0.0
3,110974,0.0
Other,110984,0.0
1,111008,Other
1,111008,Other
6,111023,0.0
1,111036,0.0
1,111036,0.0
1,111036,0.0
1,111122,0.0
1,111122,0.0
Other,111254,0.0
1,111353,0.0
1,111353,0.0
1,111353,0.0
1,111353,Other
1,111353,0.0
Other,111568,0.0
Other,111568,0.0
1,111794,0.0
1,111794,0.0
1,111798,0.0
1,111798,0.0
1,111802,0.0
1,111802,0.0
1,111838,0.0
1,111838,0.0
1,111887,0.0
1,111887,0.0
1,111887,0.0
3,111900,0.0
3,111900,0.0
3,111900,0.0
Other,111946,0.0
1,112091,0.0
1,112091,0.0
1,112091,0.0
1,112091,0.0
3,112118,0.0
3,112118,0.0
3,112118,0.0
3,112118,0.0
3,112118,0.0
3,112230,0.0
3,112230,0.0
3,112230,0.0
3,112230,0.0
3,112230,0.0
1,112242,0.0
1,112242,0.0
1,112242,0.0
1,112249,0.0
1,112249,0.0
6,112310,Other
6,112365,0.0
3,112411,0.0
3,112411,0.0
Other,112461,0.0
3,112503,Other
3,112503,0.0
3,112503,0.0
3,112503,Other
3,112503,0.0
1,112516,0.0
1,112516,0.0
1,112516,0.0
3,112538,0.0
3,112538,0.0
1,112539,0.0
1,112539,0.0
1,112539,0.0
1,112539,0.0
1,112539,0.0
1,112539,0.0
1,112539,0.0
3,112547,0.0
3,112547,0.0
Other,112631,0.0
Other,112631,0.0
6,112734,0.0
1,112789,0.0
1,112789,0.0
1,112789,0.0
2,112794,0.0
2,112794,0.0
2,112794,0.0
2,112794,0.0
2,112794,0.0
2,112794,0.0
Other,112806,0.0
Other,112806,0.0
3,112832,0.0
3,112832,0.0
1,112869,0.0
1,112869,0.0
1,112869,0.0
1,112869,0.0
1,112869,0.0
1,112948,0.0
1,112948,0.0
1,112948,0.0
1,112948,0.0
1,112948,0.0
6,113069,0.0
6,113175,0.0
1,113266,0.0
1,113266,0.0
1,113266,0.0
2,113305,0.0
2,113305,0.0
1,113354,Other
1,113354,Other
1,113354,Other
1,113354,Other
1,113354,Other
1,113365,0.0
1,113365,0.0
Other,113399,Other
1,113418,0.0
1,113418,0.0
1,113418,0.0
1,113418,0.0
1,113418,0.0
1,113418,0.0
1,113418,0.0
1,113418,0.0
1,113456,Other
1,113456,0.0
1,113456,0.0
Other,113600,0.0
1,113602,0.0
1,114007,0.0
1,113602,Other
1,113602,0.0
1,113602,0.0
1,113602,0.0
1,113605,0.0
1,113605,0.0
1,113649,0.0
1,113649,Other
1,113649,0.0
1,113649,0.0
1,113649,0.0
1,113877,0.0
1,113877,0.0
1,113877,0.0
1,113877,0.0
1,113906,0.0
1,113906,0.0
1,113906,0.0
1,113906,0.0
1,114007,0.0
1,114007,0.0
1,114007,0.0
1,114007,0.0
6,114012,Other
3,114015,0.0
3,114015,0.0
Other,114109,0.0
Other,114120,0.0
Other,114120,0.0
3,114212,0.0
3,114212,0.0
Other,114304,0.0
6,114353,0.0
6,114399,Other
1,114666,0.0
1,114666,0.0
1,114666,0.0
1,114666,0.0
1,114666,0.0
1,114666,0.0
3,114692,0.0
3,114692,0.0
3,114692,0.0
1,114693,0.0
1,114693,0.0
1,114737,0.0
1,114737,0.0
1,114737,0.0
1,114737,0.0
1,114795,0.0
1,114795,0.0
1,114795,0.0
1,114795,0.0
Other,114821,0.0
1,114830,0.0
1,114830,0.0
6,114883,0.0
1,114889,0.0
1,114889,0.0
1,114889,0.0
1,114889,0.0
Other,114899,0.0
1,114960,0.0
1,114960,0.0
1,114960,0.0
1,114960,0.0
Other,115050,0.0
Other,115050,0.0
1,115156,0.0
1,115156,0.0
1,115156,0.0
1,115156,0.0
3,115203,0.0
3,115203,0.0
1,115483,0.0
1,115483,0.0
1,115593,0.0
1,115593,0.0
2,115624,0.0
2,115624,0.0
2,115624,0.0
1,115630,0.0
1,115630,0.0
Other,115659,Other
3,115673,0.0
3,115673,0.0
3,115673,0.0
3,115673,0.0
3,115673,0.0
3,115673,0.0
3,115673,0.0
3,115673,0.0
Other,115699,0.0
1,115735,0.0
1,115735,0.0
1,115782,0.0
1,115782,0.0
1,115782,0.0
1,115782,0.0
1,115782,0.0
1,115782,0.0
1,115782,0.0
1,115800,0.0
1,115800,0.0
1,115800,0.0
1,115800,0.0
1,115800,0.0
1,115800,0.0
1,115920,0.0
1,115920,0.0
3,115997,Other
3,115997,0.0
3,115997,0.0
2,116053,0.0
2,116053,0.0
2,116053,0.0
2,116053,0.0
2,116053,0.0
1,116059,0.0
1,116059,0.0
1,116059,0.0
1,116059,0.0
1,116059,0.0
1,116086,0.0
1,116086,0.0
1,116086,0.0
1,116086,0.0
1,116086,0.0
1,116086,0.0
3,116102,0.0
3,116102,0.0
3,116102,0.0
3,116102,0.0
1,116141,0.0
1,116141,0.0
3,116159,0.0
3,116159,0.0
3,116159,0.0
3,116273,0.0
3,116273,0.0
3,116273,0.0
3,116273,0.0
1,116326,0.0
1,116326,0.0
1,116326,0.0
1,116326,0.0
1,116326,0.0
1,116351,0.0
1,116351,0.0
1,116351,0.0
Other,116371,0.0
Other,116371,0.0
Other,116371,0.0
Other,116372,0.0
3,116389,Other
3,116389,0.0
3,116389,0.0
3,116389,0.0
3,116389,0.0
1,116396,Other
1,116396,Other
6,116410,0.0
1,116439,0.0
1,116439,0.0
1,116439,0.0
1,116439,0.0
1,116454,0.0
1,116454,0.0
3,116550,0.0
3,116550,0.0
3,116550,0.0
Other,116566,0.0
Other,116566,0.0
Other,116566,0.0
6,116619,Other
1,116622,Other
1,116622,Other
1,116622,0.0
1,116622,Other
Other,116665,0.0
Other,116717,0.0
Other,116717,0.0
Other,116736,0.0
1,116773,Other
1,116773,0.0
1,116773,0.0
1,116773,0.0
1,116773,0.0
1,116789,0.0
1,116789,0.0
1,116789,0.0
1,116789,0.0
1,116789,0.0
1,116789,0.0
3,116846,0.0
3,116846,0.0
1,116870,Other
1,116870,0.0
1,116870,0.0
1,116870,0.0
1,116870,0.0
1,116969,0.0
1,116969,0.0
1,116969,0.0
1,116969,0.0
1,116969,0.0
2,117026,0.0
2,117026,0.0
2,117026,0.0
2,117026,0.0
2,117026,0.0
2,117026,0.0
1,117112,0.0
1,117112,0.0
1,117112,0.0
1,117112,0.0
6,117123,Other
2,117153,0.0
2,117153,0.0
6,117162,0.0
1,117187,Other
1,117187,0.0
1,117187,0.0
1,117192,0.0
1,117192,0.0
1,117192,0.0
1,117192,0.0
1,117318,Other
1,117318,Other
1,117318,0.0
3,117326,0.0
3,117326,0.0
6,117383,0.0
6,117449,0.0
3,117467,0.0
3,117467,0.0
3,117467,0.0
2,117596,0.0
2,117596,0.0
2,117596,0.0
6,117619,0.0
Other,117631,0.0
Other,117631,0.0
1,117637,Other
1,117637,0.0
1,117637,0.0
1,117637,0.0
1,117637,0.0
1,117945,0.0
1,117945,Other
1,117945,0.0
1,117945,0.0
6,117961,0.0
1,117967,0.0
1,117967,0.0
1,117967,0.0
1,117967,0.0
Other,117991,0.0
1,118036,0.0
1,118036,0.0
1,118036,0.0
1,118066,0.0
1,118066,0.0
1,118072,0.0
1,118072,0.0
1,118072,0.0
1,118072,0.0
6,118080,0.0
Other,118116,0.0
Other,118116,0.0
3,118240,0.0
3,118240,0.0
3,118240,0.0
3,118309,0.0
3,118309,Other
3,118309,0.0
3,118309,0.0
3,118309,0.0
3,118309,0.0
1,118316,Other
1,118316,0.0
Other,118370,Other
1,118454,Other
1,118454,Other
1,118454,Other
3,118475,0.0
3,118475,0.0
3,118475,0.0
3,118507,Other
3,118507,0.0
3,118507,0.0
1,118514,0.0
1,118514,Other
1,118514,0.0
1,118514,0.0
1,118529,Other
1,118529,Other
1,118529,0.0
1,118529,0.0
1,118568,0.0
1,118568,0.0
Other,118767,0.0
6,118800,0.0
6,118828,0.0
1,118835,0.0
1,118835,0.0
1,118835,0.0
6,118848,0.0
6,118905,0.0
1,118971,0.0
1,118971,0.0
1,118971,0.0
1,118971,0.0
1,118971,0.0
Other,118998,0.0
1,119106,0.0
1,119106,0.0
1,119112,0.0
1,119112,0.0
1,119112,0.0
1,119207,Other
1,119207,Other
1,119207,Other
Other,119332,Other
Other,119332,0.0
Other,119332,0.0
3,119353,0.0
3,119353,0.0
3,119353,0.0
3,119353,0.0
3,119353,0.0
1,119354,Other
1,119354,0.0
1,119354,0.0
1,119354,0.0
1,119354,0.0
1,119399,0.0
1,119399,0.0
1,119416,Other
1,119416,0.0
1,119416,0.0
1,119416,0.0
1,119416,0.0
1,119416,0.0
1,119507,0.0
1,119507,0.0
1,119507,0.0
1,119507,0.0
1,119507,0.0
1,119507,0.0
Other,119632,0.0
Other,119674,0.0
Other,119674,0.0
Other,119674,0.0
1,119728,0.0
1,119728,0.0
1,119729,0.0
1,119729,0.0
6,119826,0.0
6,119895,0.0
Other,119930,0.0
Other,119930,0.0
6,120098,Other
6,120141,Other
1,120142,0.0
1,120142,0.0
1,120142,0.0
1,120142,0.0
1,120161,0.0
1,120161,0.0
1,120161,0.0
1,120161,0.0
Other,120187,0.0
Other,120187,0.0
1,120235,0.0
1,120235,0.0
1,120235,0.0
1,120235,0.0
1,120235,0.0
1,120237,0.0
1,120237,0.0
1,120237,0.0
6,120242,0.0
1,120260,0.0
1,120260,0.0
1,120260,0.0
1,120260,0.0
1,120260,0.0
1,120260,0.0
1,120260,0.0
Other,120283,0.0
Other,120283,0.0
1,120394,0.0
1,120394,0.0
1,120394,0.0
3,120397,0.0
3,120397,0.0
1,120432,Other
1,120432,0.0
Other,120438,0.0
6,120469,0.0
1,120532,0.0
1,120532,0.0
6,120542,0.0
1,120609,0.0
1,120609,0.0
6,120610,0.0
2,120693,0.0
2,120693,0.0
1,120701,0.0
1,120701,0.0
1,120701,0.0
6,120789,0.0
1,120847,0.0
1,120847,0.0
1,120847,0.0
1,120847,0.0
Other,120912,0.0
Other,120912,0.0
1,120932,0.0
1,120932,0.0
1,120932,0.0
6,120936,0.0
Other,121045,0.0
1,121106,0.0
1,121106,0.0
1,121106,0.0
1,121106,0.0
1,121106,0.0
1,121114,0.0
1,121114,Other
1,121283,Other
1,121283,0.0
3,121285,0.0
3,121285,0.0
3,121285,0.0
3,121285,0.0
3,121285,0.0
1,121328,0.0
1,121328,0.0
3,121442,0.0
3,121442,0.0
3,121442,0.0
3,121442,0.0
1,121553,0.0
1,121553,0.0
1,121553,0.0
Other,121692,0.0
6,121723,Other
Other,121734,Other
1,121773,0.0
1,121773,0.0
1,121773,0.0
1,121773,0.0
1,121773,0.0
1,121773,0.0
1,121773,0.0
1,121773,0.0
6,121787,Other
1,121897,0.0
1,121897,0.0
1,121897,0.0
1,121897,0.0
1,121897,0.0
1,121897,0.0
1,121911,0.0
1,121911,0.0
1,121911,0.0
1,121911,0.0
1,121911,0.0
1,121911,0.0
3,121950,0.0
3,121950,0.0
3,121950,0.0
1,121998,0.0
1,121998,0.0
1,121998,0.0
1,121998,0.0
1,122069,0.0
1,122069,0.0
3,122203,0.0
3,122203,0.0
3,122203,0.0
3,122203,0.0
6,122289,0.0
1,122308,0.0
1,122308,0.0
1,122308,0.0
1,122308,0.0
1,122410,Other
1,122410,Other
1,122410,Other
1,122410,0.0
1,122429,0.0
1,122429,0.0
1,122429,0.0
1,122429,0.0
6,122514,0.0
1,122521,0.0
1,122521,0.0
1,122521,0.0
3,122653,0.0
3,122653,0.0
3,122653,0.0
3,122653,0.0
1,122655,Other
1,122655,0.0
1,122655,0.0
1,122655,0.0
1,122655,0.0
1,122708,0.0
1,122708,0.0
1,122708,0.0
1,122727,0.0
1,122727,0.0
3,122750,0.0
3,122750,0.0
3,122809,0.0
3,122809,0.0
1,122900,0.0
1,122900,0.0
1,122900,0.0
1,122900,0.0
2,122936,0.0
2,122936,0.0
6,122987,0.0
1,123005,Other
1,123005,0.0
1,123005,0.0
1,123005,Other
1,123005,0.0
1,123005,0.0
1,123005,0.0
1,123005,0.0
1,123005,0.0
1,123005,0.0
Other,123077,0.0
Other,123077,0.0
6,123078,0.0
3,123088,0.0
3,123088,0.0
6,123148,Other
1,123154,0.0
1,123154,0.0
1,123154,0.0
Other,123170,0.0
6,123198,0.0
6,123229,0.0
2,123332,0.0
2,123332,0.0
2,123332,0.0
1,123352,0.0
1,123352,0.0
1,123352,0.0
1,123352,0.0
1,123352,0.0
1,123352,0.0
1,123352,0.0
1,123352,0.0
1,123352,0.0
1,123352,0.0
1,123352,0.0
6,123361,0.0
1,123367,0.0
1,123367,0.0
1,123383,0.0
1,123383,0.0
1,123434,Other
1,123434,0.0
6,123534,0.0
2,123643,0.0
2,123643,0.0
6,123663,0.0
1,123683,Other
1,123683,Other
1,123775,0.0
1,123775,0.0
1,123775,0.0
1,123775,0.0
Other,123780,Other
Other,123780,0.0
1,123805,0.0
1,123805,0.0
1,123805,0.0
1,123805,0.0
1,123805,0.0
1,123805,0.0
1,123940,0.0
1,123940,0.0
1,123940,0.0
1,123940,0.0
6,124115,0.0
6,124162,0.0
3,124172,0.0
3,124172,0.0
3,124172,0.0
3,124172,0.0
3,124172,0.0
3,124172,0.0
3,124172,0.0
6,124354,0.0
3,124426,0.0
3,124426,0.0
3,124426,0.0
1,124427,0.0
1,124427,0.0
1,124427,0.0
1,124427,0.0
1,124427,0.0
1,124427,0.0
6,124506,0.0
3,124582,0.0
3,124582,0.0
6,124607,Other
1,124669,0.0
1,124669,0.0
1,124669,0.0
1,124669,0.0
3,124767,0.0
3,124767,0.0
Other,124805,0.0
6,124836,0.0
6,124895,0.0
Other,124899,0.0
Other,124899,0.0
6,124948,Other
1,124983,0.0
1,124983,0.0
1,124983,0.0
1,124983,0.0
3,125062,0.0
3,125062,0.0
3,125062,0.0
3,125062,0.0
6,125067,0.0
1,125097,0.0
1,125097,Other
Other,125161,0.0
Other,125161,0.0
2,125166,0.0
2,125166,0.0
2,125166,0.0
2,125166,0.0
6,125261,0.0
1,125324,0.0
1,125324,0.0
3,125357,0.0
3,125357,0.0
3,125357,0.0
3,125357,0.0
1,125375,0.0
1,125375,0.0
1,125375,0.0
1,125375,0.0
1,125375,0.0
1,125387,0.0
1,125387,0.0
1,125387,0.0
1,125387,0.0
2,125430,0.0
2,125430,0.0
2,125430,0.0
2,125430,0.0
Other,125571,Other
Other,125571,0.0
6,125591,Other
3,125648,0.0
3,125648,0.0
1,125686,0.0
1,125686,0.0
2,125694,0.0
2,125694,0.0
2,125694,0.0
2,125694,0.0
2,125694,0.0
3,125719,0.0
3,125719,0.0
3,125719,0.0
1,125729,0.0
1,125729,0.0
1,125785,Other
1,125785,Other
1,125785,0.0
2,125831,Other
2,125831,0.0
Other,126056,0.0
6,126080,0.0
1,126092,0.0
1,126092,0.0
1,126092,0.0
1,126092,0.0
3,126131,0.0
3,126131,0.0
3,126155,0.0
3,126155,0.0
Other,126179,0.0
2,126232,0.0
2,126232,0.0
2,126232,0.0
3,126245,0.0
3,126245,0.0
1,126354,Other
1,126354,0.0
1,126395,0.0
1,126395,Other
6,126422,0.0
3,126514,0.0
3,126514,Other
3,126514,0.0
3,126514,0.0
3,126574,Other
3,126574,0.0
1,126593,0.0
1,126593,0.0
1,126593,0.0
1,126593,0.0
6,126596,Other
Other,126638,0.0
Other,126641,0.0
Other,126641,0.0
3,126668,0.0
3,126668,0.0
Other,126737,Other
Other,126737,0.0
1,126740,0.0
1,126740,0.0
Other,126781,0.0
6,126841,0.0
Other,126889,0.0
Other,126889,0.0
Other,127060,0.0
Other,127243,0.0
Other,127243,0.0
Other,127243,0.0
Other,127243,0.0
1,127257,0.0
1,127257,Other
3,127269,0.0
3,127269,0.0
3,127392,0.0
3,127392,0.0
3,127392,0.0
6,127421,0.0
3,127423,0.0
3,127423,0.0
3,127423,0.0
3,127495,0.0
3,127495,0.0
6,127583,0.0
6,127633,0.0
1,127727,0.0
1,127727,0.0
1,127727,0.0
1,127927,0.0
1,127927,0.0
1,127927,0.0
1,127927,0.0
1,127927,0.0
1,128082,0.0
1,128082,0.0
1,128177,0.0
1,128177,0.0
1,128177,0.0
1,128177,0.0
1,128177,0.0
3,128202,0.0
3,128202,0.0
3,128202,0.0
3,128299,0.0
3,128299,0.0
6,128368,0.0
1,128369,0.0
1,128369,0.0
1,128369,0.0
1,128369,0.0
1,128369,0.0
Other,128421,0.0
Other,128464,Other
Other,128464,0.0
3,128611,0.0
3,128611,0.0
3,128611,0.0
3,128611,0.0
3,128611,0.0
6,128619,0.0
1,128636,0.0
1,128636,0.0
1,128636,0.0
1,128636,0.0
1,128636,0.0
1,128636,0.0
1,128811,0.0
1,128811,0.0
1,128811,0.0
1,128811,0.0
Other,129033,0.0
6,129090,Other
1,129097,Other
1,129097,Other
Other,129104,0.0
6,129197,0.0
6,129281,0.0
3,129315,0.0
3,129315,0.0
3,129315,0.0
1,129330,0.0
1,129330,0.0
6,129363,0.0
Other,129509,0.0
Other,129509,0.0
1,129528,0.0
1,129528,0.0
1,129528,0.0
1,129528,0.0
1,772602,0.0
1,129554,0.0
1,129554,0.0
3,129556,0.0
3,129556,0.0
3,129556,0.0
3,129556,0.0
1,129612,0.0
1,129612,0.0
1,129612,0.0
1,129612,0.0
2,129634,0.0
2,129634,Other
2,129634,0.0
Other,129657,0.0
1,129720,0.0
1,129720,0.0
1,129812,0.0
1,129812,0.0
1,129812,0.0
Other,129825,0.0
3,129837,0.0
3,129837,0.0
2,130015,0.0
2,130015,0.0
2,130015,0.0
2,130015,0.0
2,130015,0.0
2,130015,0.0
3,130152,Other
3,130152,0.0
3,130152,0.0
3,130181,0.0
3,130181,0.0
1,130261,Other
1,130261,0.0
1,130261,0.0
1,130261,0.0
1,130261,0.0
1,130261,0.0
3,130277,0.0
3,130277,0.0
3,130277,0.0
3,130277,0.0
3,130277,0.0
3,130277,0.0
Other,130280,0.0
Other,130374,0.0
Other,130374,0.0
6,130455,Other
Other,130521,0.0
Other,130521,0.0
6,130527,0.0
1,130610,0.0
1,130610,0.0
1,130610,0.0
1,130669,0.0
1,130669,0.0
1,130669,0.0
2,130682,0.0
2,130682,0.0
Other,130708,0.0
Other,130708,0.0
Other,130708,0.0
1,130711,0.0
1,130711,0.0
1,130733,0.0
1,130733,0.0
3,130734,0.0
3,130734,0.0
3,130786,0.0
3,130786,Other
3,130786,0.0
3,130786,0.0
3,130786,0.0
Other,130829,0.0
Other,130829,0.0
1,130914,0.0
1,130914,0.0
1,130914,0.0
1,130914,0.0
Other,130935,Other
Other,130935,0.0
1,131272,Other
1,131272,0.0
1,131272,0.0
1,131272,0.0
1,131434,0.0
1,131434,0.0
1,131434,0.0
1,131434,0.0
2,131442,0.0
2,131442,0.0
2,131442,0.0
2,131442,0.0
3,131519,0.0
3,131519,0.0
3,131585,0.0
3,131585,0.0
2,131640,0.0
2,131640,0.0
3,131699,0.0
3,131699,0.0
3,131699,0.0
3,131699,0.0
Other,131711,0.0
Other,131711,0.0
1,131873,Other
1,131873,Other
1,131873,0.0
6,131931,0.0
6,132014,0.0
3,132018,0.0
3,132018,0.0
3,132018,0.0
3,132018,0.0
1,132164,0.0
1,132164,0.0
1,132164,0.0
1,132164,0.0
1,132191,Other
1,132191,0.0
1,132191,0.0
1,132191,0.0
1,132191,0.0
3,132295,0.0
3,132295,0.0
3,132295,0.0
3,132295,0.0
3,132295,0.0
3,132302,0.0
3,132302,0.0
3,132302,0.0
3,132302,0.0
1,132312,0.0
1,132312,0.0
1,132312,0.0
1,132407,0.0
1,132407,0.0
1,132407,0.0
1,132407,0.0
6,132416,0.0
1,132435,0.0
1,132435,0.0
1,132435,0.0
1,132435,0.0
Other,132521,0.0
Other,132521,0.0
6,132551,0.0
6,132694,0.0
3,132737,0.0
3,132737,0.0
3,132737,0.0
3,132737,0.0
3,132737,0.0
3,132750,0.0
3,132750,0.0
3,132750,0.0
3,132750,0.0
1,132804,Other
1,132804,0.0
1,132804,0.0
1,132871,Other
1,132871,0.0
1,132871,0.0
1,132871,0.0
6,132906,0.0
Other,132986,0.0
Other,132986,0.0
1,132997,0.0
1,132997,0.0
1,132997,0.0
1,132997,0.0
1,133082,0.0
1,133082,0.0
1,133082,0.0
1,133082,0.0
1,133170,0.0
1,133170,0.0
1,133170,0.0
1,133170,0.0
Other,133188,0.0
Other,133218,0.0
Other,133218,0.0
1,133231,Other
1,133231,Other
1,133273,0.0
1,133273,0.0
1,133273,0.0
1,133556,0.0
1,133556,0.0
1,133556,0.0
1,133556,0.0
1,133556,0.0
Other,133620,0.0
3,133644,0.0
3,133644,0.0
3,133644,0.0
3,133644,0.0
3,133644,0.0
3,133644,0.0
3,133644,0.0
1,133662,0.0
1,133662,0.0
1,133672,0.0
1,133672,0.0
1,133672,0.0
1,133672,0.0
Other,133673,0.0
Other,133673,0.0
1,133738,0.0
1,133738,0.0
3,133774,Other
3,133774,0.0
2,133904,0.0
2,133904,0.0
1,133989,0.0
1,133989,0.0
1,133989,0.0
1,134096,0.0
1,134096,0.0
1,134096,0.0
1,134127,0.0
1,134127,0.0
1,134127,0.0
1,134127,0.0
1,134131,0.0
1,134131,0.0
1,134131,0.0
1,134131,0.0
1,134131,0.0
1,134209,Other
1,134209,0.0
1,134216,0.0
1,134216,0.0
1,134231,Other
1,134231,0.0
1,134231,0.0
Other,134247,0.0
3,134256,0.0
3,134256,0.0
1,134257,0.0
1,134257,0.0
6,134331,Other
6,134346,0.0
2,134380,0.0
2,134380,0.0
1,134401,Other
1,134401,Other
1,134401,0.0
1,134449,0.0
1,134449,0.0
1,134468,Other
1,134468,Other
1,134521,0.0
1,134521,0.0
1,134521,0.0
3,134564,0.0
3,134564,Other
3,134564,0.0
1,134751,0.0
1,134751,0.0
3,134806,0.0
3,134806,0.0
3,134806,0.0
6,134809,0.0
1,134827,0.0
1,134827,0.0
1,134846,0.0
1,134846,0.0
Other,134852,0.0
Other,134852,0.0
Other,134852,0.0
Other,134882,0.0
Other,134882,0.0
6,135000,0.0
Other,135123,0.0
6,135139,0.0
3,135195,0.0
3,135195,0.0
3,135296,0.0
3,135296,0.0
3,135296,0.0
3,135296,0.0
6,135328,0.0
3,135358,0.0
3,135358,0.0
3,135358,0.0
3,135358,0.0
3,135358,0.0
1,135512,0.0
1,135512,0.0
1,135512,0.0
1,135554,0.0
1,135554,0.0
2,135582,0.0
2,135582,0.0
2,135582,0.0
2,135582,0.0
1,135624,0.0
1,135624,0.0
1,135624,0.0
1,135624,0.0
1,135624,0.0
Other,135643,0.0
Other,135643,0.0
1,135688,0.0
1,135688,0.0
1,135688,0.0
1,135688,0.0
1,135803,Other
1,135803,Other
1,135803,0.0
1,135803,0.0
1,135856,0.0
1,135856,0.0
1,135856,0.0
1,135856,0.0
1,135856,0.0
Other,135886,0.0
1,135901,0.0
1,135901,0.0
6,135910,0.0
1,135989,0.0
1,135989,0.0
1,135989,0.0
1,135989,0.0
3,136058,0.0
3,136058,0.0
1,136063,Other
1,136063,0.0
1,136063,0.0
Other,137334,0.0
Other,136073,Other
Other,136073,Other
6,136116,0.0
3,136152,0.0
3,136152,0.0
3,136152,0.0
3,136152,0.0
3,136152,0.0
3,136152,0.0
2,136184,0.0
2,136184,0.0
2,136184,0.0
2,136184,0.0
1,136216,Other
1,136216,Other
Other,136266,Other
3,136327,0.0
3,136327,0.0
3,136327,0.0
3,136343,0.0
3,136343,0.0
3,136343,0.0
6,136439,0.0
3,136473,0.0
3,136473,0.0
3,136473,0.0
3,136473,0.0
3,136473,0.0
3,136479,0.0
3,136479,0.0
3,136492,0.0
3,136492,0.0
1,136505,0.0
1,136505,0.0
1,136505,0.0
Other,136543,Other
6,136587,0.0
1,136613,Other
1,136613,0.0
6,136632,0.0
3,136764,0.0
3,136764,0.0
3,136764,0.0
6,136768,0.0
1,136845,0.0
1,136845,0.0
Other,136941,Other
Other,136941,0.0
3,137002,0.0
3,137002,0.0
3,137002,0.0
3,137002,0.0
3,137002,0.0
3,137002,0.0
Other,137168,0.0
Other,137168,0.0
1,137185,0.0
1,137185,0.0
1,137185,0.0
6,137189,0.0
Other,137249,Other
1,137259,Other
1,137259,0.0
1,137259,0.0
1,137259,0.0
1,137259,0.0
1,137401,Other
1,137401,0.0
Other,137480,0.0
3,137644,0.0
3,137644,0.0
Other,137650,0.0
Other,137650,0.0
2,137683,0.0
2,137683,0.0
Other,137695,0.0
1,137734,0.0
1,137734,Other
2,137743,0.0
2,137743,0.0
3,137888,0.0
3,137888,0.0
3,137888,0.0
3,137888,0.0
3,137888,0.0
Other,137911,0.0
Other,137911,0.0
Other,137911,0.0
Other,137911,0.0
Other,137928,0.0
1,137982,0.0
1,137982,0.0
6,138010,0.0
3,138037,0.0
3,138037,0.0
1,138097,0.0
1,138097,0.0
1,138097,0.0
1,138097,0.0
1,138109,0.0
1,138109,0.0
1,138109,0.0
1,138114,0.0
1,138114,0.0
1,138114,0.0
6,138148,Other
Other,138154,0.0
Other,138154,0.0
1,138198,Other
1,138198,0.0
3,138213,0.0
3,138213,0.0
3,138213,0.0
3,138213,0.0
6,138296,0.0
3,138376,Other
3,138376,0.0
Other,138377,0.0
Other,138377,0.0
1,138446,Other
1,138446,0.0
Other,138492,0.0
Other,138492,0.0
Other,138492,0.0
1,138504,0.0
1,138504,0.0
6,138575,0.0
3,138581,0.0
3,138581,0.0
3,138581,0.0
3,138581,0.0
Other,138622,0.0
Other,138736,0.0
1,138741,0.0
1,138741,0.0
1,138741,0.0
1,138741,0.0
1,138741,0.0
Other,138767,0.0
Other,138767,0.0
1,138787,0.0
1,138787,Other
1,138787,0.0
1,138794,0.0
1,138794,0.0
1,138802,0.0
1,138802,0.0
6,138832,0.0
6,138862,0.0
1,138875,0.0
1,138875,0.0
1,138875,0.0
1,138875,0.0
3,138894,0.0
3,138894,0.0
Other,138901,0.0
Other,138917,0.0
1,138979,0.0
1,138979,0.0
1,138979,0.0
1,138979,0.0
1,138979,0.0
1,138979,0.0
1,139000,0.0
1,139000,0.0
1,139000,0.0
1,139000,0.0
Other,139023,0.0
3,139115,0.0
3,139115,0.0
3,139143,0.0
3,139143,0.0
3,139143,0.0
3,139143,0.0
3,139143,0.0
6,139183,0.0
2,139187,0.0
2,139187,0.0
2,139187,0.0
Other,139363,0.0
6,139418,0.0
Other,139421,0.0
3,139630,0.0
3,139630,0.0
3,139630,0.0
Other,139672,Other
Other,139672,0.0
1,139700,0.0
1,139700,0.0
1,139700,0.0
3,139716,0.0
3,139716,0.0
3,139716,0.0
3,139716,0.0
3,139716,0.0
1,139724,0.0
1,139724,0.0
1,139724,0.0
6,139742,0.0
3,139759,0.0
3,139759,0.0
3,139759,0.0
Other,139814,0.0
3,139895,0.0
3,139895,0.0
1,139929,0.0
1,139929,Other
1,139929,0.0
1,139929,0.0
1,139929,0.0
Other,139955,0.0
Other,139955,0.0
1,140136,0.0
1,140136,0.0
1,140136,0.0
1,140136,0.0
1,140136,0.0
1,140156,0.0
1,140156,0.0
1,140156,0.0
1,140156,0.0
1,140267,0.0
1,140267,0.0
1,140318,0.0
1,140318,0.0
1,140318,0.0
3,140390,Other
3,140390,0.0
6,140410,0.0
1,140412,0.0
1,140412,0.0
1,140412,0.0
1,140412,0.0
6,140428,0.0
Other,140429,0.0
1,140478,Other
1,140478,0.0
1,140478,0.0
1,140478,0.0
1,140526,0.0
1,140526,0.0
3,140535,0.0
3,140535,0.0
3,140535,0.0
3,140535,0.0
1,140551,0.0
1,140551,0.0
1,140562,0.0
1,140562,0.0
1,140562,0.0
1,140590,0.0
1,140590,0.0
1,140590,0.0
2,140596,0.0
2,140596,0.0
3,140648,0.0
3,140648,0.0
6,140670,0.0
Other,140712,0.0
1,140768,Other
1,140768,0.0
Other,140769,0.0
Other,140769,0.0
6,140810,0.0
1,140968,0.0
1,140968,0.0
1,140968,0.0
1,140968,0.0
3,140970,0.0
3,140970,0.0
3,140970,0.0
1,141056,0.0
1,141056,0.0
1,141056,0.0
Other,141079,0.0
3,141092,0.0
3,141092,0.0
6,141120,0.0
1,141139,Other
1,141139,Other
Other,141189,0.0
1,141215,0.0
1,141215,0.0
1,141215,0.0
6,141560,0.0
1,141593,Other
1,141593,0.0
1,141593,0.0
1,141593,0.0
1,141648,0.0
1,141648,0.0
1,141648,0.0
1,141651,Other
1,141651,0.0
6,141661,0.0
3,141664,0.0
3,141664,0.0
6,141694,0.0
1,141698,0.0
1,141698,0.0
1,141698,0.0
1,141796,0.0
1,141796,0.0
1,141796,0.0
1,141796,0.0
3,141942,0.0
3,141942,0.0
3,141942,0.0
3,141942,0.0
1,142058,0.0
1,142058,0.0
6,142078,0.0
3,142082,0.0
3,142082,0.0
3,142082,0.0
6,142102,0.0
6,142291,0.0
6,142335,Other
Other,142363,Other
Other,142363,0.0
6,142396,0.0
2,142406,0.0
2,142406,0.0
2,142406,0.0
2,142406,Other
2,142441,0.0
2,142441,0.0
1,142475,0.0
1,142475,0.0
1,142475,0.0
1,142475,0.0
1,142607,0.0
1,142607,0.0
1,142607,0.0
1,142615,0.0
1,142615,0.0
1,142662,0.0
1,142662,0.0
1,142662,0.0
6,142724,0.0
1,142872,0.0
1,142872,0.0
1,142872,0.0
1,142980,0.0
1,142980,0.0
6,143020,Other
2,143099,0.0
2,143099,0.0
2,143099,0.0
1,143122,0.0
1,143122,0.0
1,143122,0.0
1,143174,0.0
1,143174,0.0
2,143204,0.0
2,143204,0.0
Other,143305,0.0
Other,143305,0.0
2,143387,Other
2,143387,Other
1,143449,Other
1,143449,Other
1,143449,0.0
1,143449,0.0
1,143449,0.0
1,143449,0.0
1,143449,0.0
3,143493,0.0
3,143493,0.0
1,143519,0.0
1,143519,0.0
1,143519,0.0
1,143519,0.0
1,143519,0.0
1,143519,0.0
1,143519,0.0
1,143519,0.0
3,143521,0.0
3,143521,0.0
3,143521,0.0
Other,143559,0.0
2,143565,0.0
2,143565,0.0
2,143565,0.0
2,143565,0.0
2,143565,0.0
6,143594,Other
3,143624,0.0
3,143624,0.0
3,143624,0.0
3,143624,0.0
3,143624,0.0
3,143624,0.0
6,143627,0.0
1,143665,0.0
1,143665,0.0
1,143665,0.0
1,143665,0.0
1,143665,0.0
1,143665,0.0
Other,143693,Other
3,143766,0.0
3,143766,0.0
Other,143784,0.0
Other,143784,0.0
1,143809,Other
1,143809,0.0
Other,143852,0.0
1,143877,0.0
1,143877,0.0
1,143877,0.0
1,143877,0.0
1,143877,0.0
1,143877,0.0
1,143877,0.0
1,143877,0.0
2,144090,0.0
2,144090,0.0
3,144112,0.0
3,144112,0.0
3,144112,0.0
3,144112,0.0
3,144112,0.0
3,144112,Other
3,144112,0.0
Other,144240,0.0
Other,144306,0.0
1,144337,0.0
1,144337,0.0
1,144531,0.0
1,144531,0.0
1,144531,0.0
1,144531,0.0
1,144531,0.0
Other,144580,Other
Other,144580,0.0
Other,144580,0.0
Other,144580,0.0
Other,144580,0.0
2,144583,0.0
2,144583,0.0
2,144583,0.0
6,144641,0.0
6,144728,0.0
6,144822,0.0
1,144863,0.0
1,144863,0.0
1,144863,0.0
1,144911,0.0
1,144911,0.0
1,144911,0.0
1,144911,0.0
Other,144953,Other
6,144990,0.0
6,145007,Other
Other,145059,0.0
1,145062,0.0
1,145062,0.0
1,145062,0.0
1,145062,0.0
1,145062,0.0
1,145072,0.0
1,145072,Other
1,145072,0.0
3,145081,0.0
3,145081,0.0
3,145081,0.0
3,145081,0.0
1,145123,0.0
1,145123,0.0
1,145123,0.0
2,145135,0.0
2,145135,0.0
Other,145147,0.0
Other,145147,0.0
2,145191,0.0
2,145191,0.0
2,145191,0.0
2,145191,0.0
Other,145235,0.0
6,145339,0.0
3,145417,0.0
3,145417,0.0
3,145417,0.0
1,145450,0.0
1,145450,0.0
1,145450,0.0
1,145450,0.0
6,145473,0.0
1,145566,0.0
1,145566,0.0
1,145566,0.0
Other,145576,Other
6,145615,Other
6,145676,0.0
Other,145724,0.0
1,145771,0.0
1,145771,0.0
1,145771,0.0
1,145771,0.0
Other,145783,0.0
Other,145783,0.0
6,145786,0.0
1,145894,0.0
1,145894,0.0
1,145926,0.0
1,145926,0.0
1,145926,0.0
1,145926,0.0
1,145926,0.0
1,145961,0.0
1,145961,0.0
Other,146095,0.0
6,146136,0.0
1,146271,0.0
1,146271,0.0
1,146358,0.0
1,146358,0.0
1,146358,0.0
6,146413,0.0
Other,146432,0.0
Other,146432,0.0
3,146734,0.0
3,146734,0.0
3,146734,0.0
1,146804,0.0
1,146804,0.0
1,146804,0.0
1,146825,Other
1,146825,Other
1,146825,0.0
1,146825,0.0
1,146936,Other
1,146936,Other
Other,146958,0.0
Other,146958,0.0
Other,146969,0.0
Other,146969,0.0
Other,146969,0.0
Other,146969,0.0
1,147007,0.0
1,147007,0.0
1,147007,0.0
1,147007,0.0
1,147007,0.0
1,147066,0.0
1,147066,0.0
1,147066,0.0
1,147066,0.0
1,147066,0.0
1,147066,0.0
1,147070,0.0
1,147070,0.0
1,147070,0.0
1,147070,0.0
1,147070,0.0
1,147070,0.0
3,147153,0.0
3,147153,0.0
3,147153,0.0
6,147198,Other
3,147228,0.0
3,147228,0.0
3,147228,0.0
3,147228,0.0
3,147228,0.0
3,147228,0.0
3,147228,0.0
Other,147364,Other
1,147450,0.0
1,147450,0.0
6,147606,0.0
1,147730,0.0
1,147730,0.0
1,147730,0.0
1,147730,0.0
Other,147853,Other
6,148099,0.0
Other,148175,Other
Other,148175,0.0
3,148381,0.0
3,148381,0.0
3,148381,0.0
3,148381,0.0
3,148386,0.0
3,148386,0.0
3,148386,0.0
3,148386,0.0
3,148386,0.0
Other,148391,0.0
Other,148391,0.0
1,148443,0.0
1,148443,0.0
6,148486,0.0
1,148507,0.0
1,148507,0.0
1,148507,0.0
Other,148543,0.0
1,148579,Other
1,148579,Other
1,148579,0.0
1,148579,0.0
1,148682,0.0
1,148682,0.0
1,148682,0.0
1,148682,0.0
1,148682,0.0
6,148719,0.0
1,148772,Other
1,148772,0.0
1,148781,0.0
1,148781,0.0
3,148911,0.0
3,148911,0.0
3,148911,0.0
3,148943,0.0
3,148943,0.0
3,148943,0.0
3,148943,0.0
3,148943,0.0
3,148943,0.0
3,148943,0.0
3,148943,0.0
3,148943,0.0
3,148943,0.0
3,148943,0.0
3,148943,0.0
3,148943,0.0
1,148972,Other
1,148972,0.0
1,148972,0.0
1,148972,0.0
1,148972,0.0
1,148972,0.0
1,148972,0.0
1,149064,0.0
1,149064,0.0
1,149080,0.0
1,149080,0.0
1,149080,0.0
1,149080,0.0
1,149096,0.0
1,149096,0.0
1,149096,0.0
1,149096,0.0
6,149130,0.0
6,149154,0.0
Other,149178,0.0
Other,149178,0.0
1,149262,0.0
1,149262,0.0
1,149262,0.0
1,149431,0.0
1,149431,0.0
6,149448,0.0
Other,149472,Other
Other,149472,0.0
1,149506,0.0
1,149506,0.0
1,149592,0.0
1,149592,0.0
1,149592,0.0
Other,149672,0.0
Other,149672,0.0
Other,149672,Other
2,149735,0.0
2,149735,0.0
6,149744,0.0
3,149801,0.0
3,149801,0.0
3,149801,0.0
1,149870,0.0
1,149870,0.0
1,149870,0.0
1,149870,0.0
1,149870,0.0
1,149870,0.0
1,149870,0.0
1,149870,0.0
1,149870,0.0
1,149870,0.0
1,149870,0.0
1,149870,0.0
1,149870,0.0
Other,149878,Other
Other,149900,0.0
Other,149900,0.0
1,149957,0.0
1,149957,0.0
1,149957,0.0
1,149957,0.0
1,149957,0.0
3,150012,0.0
3,150012,0.0
3,150012,0.0
Other,150062,0.0
6,150118,Other
Other,150140,0.0
Other,150166,0.0
Other,150166,0.0
6,150186,0.0
6,150233,0.0
1,150236,Other
1,150236,0.0
3,150242,0.0
3,150242,0.0
Other,150273,0.0
Other,150312,0.0
1,150391,0.0
1,150391,0.0
1,150391,0.0
1,150518,Other
1,150518,0.0
1,150518,0.0
6,150519,0.0
3,150627,0.0
3,150627,0.0
1,150671,0.0
1,150671,0.0
1,150671,0.0
1,150671,0.0
1,150702,0.0
1,150702,0.0
1,150702,0.0
1,150702,0.0
6,150747,0.0
1,150760,Other
1,150760,Other
1,150760,0.0
1,150760,0.0
1,150825,Other
1,150825,Other
1,150825,0.0
1,150841,0.0
1,150841,0.0
1,150841,0.0
1,150841,0.0
6,151002,0.0
1,151048,0.0
1,151048,0.0
1,151048,0.0
Other,151058,0.0
2,151281,0.0
2,151281,0.0
2,151281,0.0
2,151281,0.0
2,151281,0.0
2,151281,0.0
3,151376,0.0
3,151376,0.0
1,151409,0.0
1,151409,0.0
Other,151421,0.0
Other,151421,0.0
Other,151440,0.0
6,151490,0.0
Other,151492,0.0
Other,151492,0.0
Other,151573,0.0
3,151603,0.0
3,151603,0.0
3,151603,0.0
3,151658,0.0
3,151658,0.0
3,151658,0.0
3,151658,0.0
3,151658,0.0
3,151658,0.0
3,151658,0.0
3,151658,0.0
Other,151673,0.0
Other,151673,0.0
1,151723,0.0
1,151723,0.0
1,151746,0.0
1,151746,0.0
1,151756,0.0
1,151756,0.0
1,151756,0.0
3,151842,0.0
3,151842,0.0
3,151842,0.0
3,151842,0.0
3,151842,0.0
3,151842,0.0
Other,151921,0.0
Other,151921,0.0
Other,151929,0.0
1,151937,0.0
1,151937,0.0
1,151937,Other
1,151937,0.0
1,151965,0.0
1,151965,0.0
1,151965,0.0
Other,151975,0.0
Other,151975,0.0
Other,151995,0.0
Other,152113,0.0
Other,152191,0.0
Other,152191,0.0
Other,152274,0.0
6,152296,Other
3,152311,0.0
3,152311,0.0
3,152311,0.0
2,152339,0.0
2,152339,0.0
1,152403,0.0
1,152403,0.0
1,152403,0.0
1,152403,0.0
1,152403,0.0
3,152410,0.0
3,152410,0.0
3,152410,0.0
1,152526,0.0
1,152526,Other
Other,152603,0.0
1,152604,0.0
1,152604,0.0
1,152604,0.0
1,152604,0.0
Other,152609,Other
Other,152617,0.0
Other,152617,0.0
1,152623,0.0
1,152623,0.0
1,152623,0.0
1,152623,0.0
1,152714,0.0
1,152714,0.0
1,152714,0.0
1,152714,0.0
1,153007,Other
1,153007,Other
1,153008,0.0
1,153008,0.0
1,153008,0.0
1,153008,0.0
6,153044,0.0
Other,153109,0.0
Other,153123,0.0
Other,153123,0.0
Other,153176,0.0
3,153254,0.0
3,153254,0.0
1,153268,Other
1,153268,0.0
1,153268,0.0
1,153268,0.0
1,153268,0.0
1,153268,0.0
1,153309,0.0
1,153309,0.0
1,153309,0.0
1,153309,0.0
1,153309,0.0
Other,153314,0.0
1,153436,Other
1,153436,Other
1,153518,0.0
1,153518,0.0
Other,153559,0.0
Other,153559,0.0
Other,153588,0.0
Other,153595,0.0
Other,153778,0.0
1,153818,0.0
1,153818,0.0
1,153818,0.0
1,153818,0.0
1,153818,0.0
1,153818,0.0
1,153818,0.0
1,153860,0.0
1,153860,0.0
1,153860,0.0
6,153875,0.0
3,153896,0.0
3,153896,0.0
6,153907,0.0
6,153962,0.0
1,154088,Other
1,154088,0.0
Other,154178,0.0
1,154263,0.0
1,154263,0.0
1,154263,0.0
1,154263,0.0
1,154263,0.0
1,154263,0.0
1,154263,0.0
Other,154287,0.0
Other,154287,Other
3,154290,0.0
3,154290,0.0
3,154290,0.0
3,154290,0.0
3,154290,0.0
1,154306,Other
1,154306,0.0
1,154347,0.0
1,154347,0.0
1,154347,0.0
2,154433,0.0
2,154433,0.0
2,154433,0.0
2,154433,0.0
2,154433,0.0
2,154433,0.0
2,154433,0.0
3,154438,0.0
3,154438,0.0
3,154438,0.0
Other,154484,0.0
2,154525,0.0
2,154525,0.0
2,154525,0.0
Other,154598,Other
Other,154598,0.0
Other,154652,0.0
Other,154652,0.0
Other,154652,0.0
1,154698,0.0
1,154698,0.0
1,154712,0.0
1,154712,0.0
1,154712,0.0
1,154740,0.0
1,154740,0.0
1,154740,0.0
1,154740,0.0
1,154740,0.0
1,154740,0.0
1,154740,0.0
1,154858,0.0
1,154858,0.0
1,154858,0.0
1,154858,0.0
1,154858,0.0
1,154862,0.0
1,154862,Other
1,154862,0.0
6,154873,0.0
1,154935,Other
1,154935,Other
6,154954,0.0
Other,155169,0.0
Other,155169,0.0
2,155247,0.0
2,155247,0.0
2,155247,0.0
1,155302,0.0
1,155302,0.0
1,155354,0.0
1,155354,0.0
1,155354,0.0
1,155361,Other
1,155361,Other
6,155402,Other
1,155459,0.0
1,155459,0.0
1,155459,0.0
1,155459,0.0
1,155459,Other
1,155459,0.0
1,155559,0.0
1,155559,0.0
1,155559,0.0
3,155752,0.0
3,155752,0.0
6,155781,0.0
1,155831,Other
1,155831,0.0
Other,155894,Other
Other,155894,0.0
1,155911,Other
1,155911,0.0
1,155916,0.0
1,155916,0.0
3,155936,0.0
3,155936,0.0
3,155936,0.0
3,155936,0.0
3,155977,0.0
3,155977,0.0
Other,155996,0.0
6,156167,0.0
1,156198,0.0
1,156198,0.0
1,156198,0.0
1,156198,0.0
1,156198,0.0
1,156198,0.0
1,156209,0.0
1,156209,0.0
1,156209,0.0
1,156209,0.0
6,156244,0.0
1,156258,0.0
1,156258,0.0
Other,156298,Other
Other,156304,0.0
Other,156304,0.0
2,156322,0.0
2,156322,0.0
1,156361,0.0
1,156361,0.0
1,156361,0.0
1,156361,0.0
1,156361,0.0
1,156361,0.0
1,156361,0.0
3,156443,0.0
3,156443,0.0
3,156443,0.0
3,156443,0.0
3,156443,0.0
3,156443,0.0
Other,156457,0.0
Other,156457,0.0
Other,156457,0.0
Other,156467,0.0
1,156468,0.0
1,156468,0.0
Other,156497,Other
Other,156497,0.0
Other,156533,0.0
3,156538,0.0
3,156538,0.0
3,156538,0.0
3,156702,0.0
3,156702,0.0
6,156733,0.0
Other,156809,0.0
2,156826,0.0
2,156826,0.0
2,156826,0.0
6,156848,Other
Other,156852,0.0
1,156882,0.0
1,156882,0.0
6,156917,Other
3,156926,0.0
3,156926,0.0
3,156926,0.0
3,156926,0.0
Other,156952,0.0
Other,156952,0.0
1,156973,0.0
1,156973,0.0
1,156973,0.0
1,156973,0.0
1,157018,0.0
1,157018,0.0
1,157018,0.0
1,157099,Other
1,157099,Other
1,157129,0.0
1,157129,0.0
1,157129,0.0
1,157129,0.0
1,157129,0.0
1,157129,0.0
1,157129,0.0
1,157129,0.0
1,157129,0.0
1,157129,Other
1,157129,0.0
1,157129,0.0
1,157129,0.0
3,157133,0.0
3,157133,0.0
1,157210,0.0
1,157210,0.0
1,157210,0.0
1,157210,0.0
Other,157333,0.0
1,157348,0.0
1,157348,0.0
1,157348,0.0
1,157348,0.0
1,157350,Other
1,157350,0.0
1,157402,0.0
1,157402,0.0
1,157402,0.0
1,157402,0.0
1,157402,0.0
Other,157440,0.0
Other,157484,0.0
1,157628,0.0
1,157628,0.0
3,157657,0.0
3,157657,0.0
1,157673,0.0
1,157673,0.0
1,157673,0.0
6,157817,0.0
1,157839,0.0
1,157839,0.0
1,157839,0.0
1,157909,0.0
1,157909,0.0
1,157909,0.0
1,157909,0.0
1,157947,Other
1,157947,0.0
1,157947,0.0
1,157947,0.0
1,157947,0.0
6,158011,0.0
1,158028,0.0
1,158028,0.0
1,158067,Other
1,158067,0.0
1,158067,0.0
1,158067,0.0
1,158067,0.0
6,158116,0.0
3,158136,0.0
3,158136,0.0
3,158136,0.0
1,158249,0.0
1,158249,0.0
1,158249,0.0
1,158271,0.0
1,158271,0.0
1,158271,0.0
1,158417,Other
1,158417,0.0
1,158417,Other
1,158417,0.0
1,158417,0.0
1,158455,0.0
1,158455,0.0
1,158455,0.0
1,158455,0.0
1,158455,0.0
3,158463,0.0
3,158463,0.0
6,158634,0.0
6,158641,0.0
3,158672,0.0
3,158672,0.0
6,158685,0.0
Other,158692,Other
1,158805,0.0
1,158805,0.0
1,158805,0.0
1,158805,0.0
1,158855,0.0
1,158855,0.0
1,158855,0.0
1,158855,0.0
3,158868,0.0
3,158868,0.0
3,158868,0.0
3,158894,0.0
3,158894,0.0
1,158931,0.0
1,158931,0.0
1,158931,0.0
1,158931,0.0
1,158931,0.0
1,158931,0.0
1,158931,0.0
3,158942,0.0
3,158942,0.0
1,158977,Other
1,158977,0.0
1,158977,0.0
1,159042,Other
1,159042,0.0
1,159042,0.0
1,159042,0.0
1,159042,0.0
1,159042,0.0
1,159059,0.0
1,159059,0.0
3,159133,Other
3,159133,0.0
Other,159291,0.0
Other,159291,0.0
1,159445,0.0
1,159445,0.0
1,159445,0.0
1,159519,0.0
1,159519,0.0
1,159519,0.0
1,159519,0.0
1,159519,0.0
1,159557,0.0
1,159557,0.0
6,159573,0.0
Other,159734,0.0
Other,159734,0.0
Other,159781,0.0
6,159786,0.0
1,159894,0.0
1,159894,0.0
1,159894,0.0
1,159894,0.0
1,159894,0.0
1,159894,0.0
1,159894,0.0
1,159921,0.0
1,159921,0.0
1,159921,0.0
Other,159973,0.0
Other,159973,0.0
6,160048,0.0
Other,160058,Other
3,160072,0.0
3,160072,0.0
3,160072,0.0
1,160140,0.0
1,160140,0.0
Other,160262,Other
Other,160262,0.0
Other,160270,Other
6,160299,0.0
1,160318,0.0
1,160318,0.0
1,160318,0.0
1,160318,0.0
Other,160456,Other
Other,160456,0.0
Other,160456,Other
6,160501,0.0
1,160519,0.0
1,160519,0.0
1,160519,0.0
1,160519,0.0
1,160519,0.0
1,160521,0.0
1,160521,0.0
1,160521,0.0
1,160521,0.0
1,160521,0.0
1,160521,0.0
6,160529,Other
1,160537,0.0
1,160537,0.0
1,160537,0.0
Other,160562,0.0
Other,160562,0.0
6,160593,0.0
1,160635,0.0
1,160635,0.0
1,160635,0.0
1,160635,0.0
1,160692,0.0
1,160692,Other
1,160692,0.0
1,160692,0.0
1,160692,Other
Other,160815,0.0
Other,160815,Other
Other,160835,Other
1,160836,0.0
1,160836,Other
1,160849,0.0
1,160849,0.0
1,160849,0.0
1,160849,0.0
1,160849,0.0
3,160851,0.0
3,160851,0.0
3,160851,0.0
3,160851,0.0
6,160875,0.0
Other,160878,Other
Other,160878,0.0
6,161122,0.0
1,161184,0.0
1,161184,0.0
1,161204,0.0
1,161204,0.0
1,161204,0.0
1,161204,0.0
2,161245,Other
2,161245,0.0
2,161245,0.0
1,161314,0.0
1,161314,0.0
Other,161319,0.0
Other,161319,0.0
1,161322,0.0
1,161322,0.0
1,161322,0.0
1,161346,0.0
1,161346,0.0
Other,161422,0.0
Other,161422,0.0
Other,161446,0.0
6,161497,0.0
3,161543,0.0
3,161543,0.0
1,161577,0.0
1,161577,0.0
3,161619,0.0
3,161619,0.0
3,161619,0.0
1,161651,0.0
1,161651,0.0
1,161651,0.0
Other,161701,0.0
Other,161725,0.0
1,161770,0.0
1,161770,0.0
1,161770,0.0
1,161770,0.0
1,161778,0.0
1,161778,0.0
1,161778,0.0
3,161875,0.0
3,161875,0.0
3,161875,0.0
Other,161883,Other
2,161921,0.0
2,161921,0.0
6,161978,Other
1,161980,0.0
1,161980,0.0
3,162035,0.0
3,162035,0.0
Other,162043,0.0
Other,162043,0.0
Other,162043,0.0
6,162046,0.0
1,162201,0.0
1,162201,0.0
1,162201,0.0
1,162201,0.0
1,162201,0.0
1,162201,0.0
Other,162222,0.0
Other,162222,Other
Other,162222,Other
Other,162293,0.0
Other,162293,0.0
Other,162318,0.0
Other,162318,0.0
Other,162391,0.0
Other,162391,0.0
Other,162530,0.0
1,162553,Other
1,162553,0.0
Other,162617,0.0
6,162639,0.0
6,162642,Other
Other,162659,0.0
Other,162661,0.0
Other,162661,0.0
6,162680,0.0
Other,162863,0.0
2,162987,0.0
2,162987,0.0
3,163025,0.0
3,163025,0.0
1,163109,Other
1,163109,0.0
1,163288,0.0
1,163288,0.0
1,163288,0.0
1,163328,0.0
1,163328,0.0
1,163328,0.0
1,163328,0.0
1,163328,0.0
1,163328,0.0
1,163351,0.0
1,163351,0.0
1,163351,Other
1,163351,0.0
1,163351,0.0
1,163351,0.0
1,163429,0.0
1,163429,0.0
1,163429,0.0
1,163429,0.0
1,163429,0.0
1,163429,0.0
1,163429,0.0
6,163438,0.0
3,163453,0.0
3,163453,0.0
1,163508,Other
1,163508,Other
1,163508,0.0
1,163542,0.0
1,163542,0.0
1,163542,0.0
1,163542,0.0
3,163550,0.0
3,163550,0.0
1,163616,0.0
1,163616,0.0
1,163616,0.0
1,163616,0.0
1,163636,0.0
1,163636,0.0
6,163708,0.0
2,163722,0.0
2,163722,0.0
2,163722,0.0
2,163722,0.0
2,163722,0.0
6,163743,Other
1,163772,0.0
1,163772,0.0
1,163772,0.0
3,163877,0.0
3,163877,0.0
3,163912,0.0
3,163912,0.0
3,163956,0.0
3,163956,0.0
3,163956,0.0
1,163995,0.0
1,163995,0.0
1,163995,0.0
1,163995,0.0
1,163995,0.0
1,164173,0.0
1,164173,0.0
1,164175,0.0
1,164175,0.0
1,164175,0.0
1,164175,0.0
1,164175,0.0
3,164188,0.0
3,164188,0.0
3,164406,0.0
3,164406,0.0
3,164450,0.0
3,164450,0.0
3,164450,0.0
1,164549,0.0
1,164549,0.0
1,164549,0.0
1,164549,0.0
2,164585,0.0
2,164585,0.0
1,164588,Other
1,164588,0.0
1,164654,0.0
1,164654,0.0
1,164654,0.0
1,164654,0.0
1,164654,0.0
2,164665,0.0
2,164665,0.0
2,164665,0.0
3,164688,0.0
3,164688,0.0
6,164703,Other
2,164761,0.0
2,164761,0.0
2,164761,0.0
2,164761,0.0
1,164785,0.0
1,164785,0.0
1,164785,0.0
3,164814,0.0
3,164814,0.0
3,164814,0.0
3,164814,0.0
Other,164829,0.0
Other,164919,0.0
1,165005,0.0
1,165005,0.0
1,165005,0.0
1,165005,0.0
6,165011,0.0
6,165047,0.0
Other,165089,Other
Other,165089,0.0
1,165100,0.0
1,165100,0.0
1,165100,0.0
Other,165221,Other
3,165302,0.0
3,165302,0.0
3,165302,0.0
3,165302,0.0
Other,165343,0.0
Other,165343,0.0
1,165417,Other
1,165417,Other
1,165417,Other
Other,165422,0.0
2,165563,0.0
2,165563,0.0
2,165653,Other
2,165653,0.0
2,165653,0.0
2,165653,0.0
2,165659,0.0
2,165659,0.0
Other,165707,0.0
Other,165707,0.0
Other,165707,0.0
1,165777,0.0
1,165777,0.0
1,165783,0.0
1,165783,0.0
1,165783,0.0
Other,165849,Other
1,165918,0.0
1,165918,0.0
1,165918,0.0
6,165946,0.0
1,166048,0.0
1,166048,0.0
1,166048,0.0
1,166048,0.0
1,166048,0.0
3,166123,0.0
3,166123,0.0
Other,166244,0.0
Other,166244,0.0
Other,166311,0.0
Other,166311,0.0
Other,166369,0.0
Other,166402,Other
Other,166402,0.0
Other,166402,0.0
6,166417,0.0
1,166561,0.0
1,166561,0.0
1,166778,0.0
1,166778,0.0
Other,166845,0.0
Other,166845,0.0
1,166850,0.0
1,166850,Other
1,166941,0.0
1,166941,0.0
Other,166982,0.0
Other,166982,0.0
1,166991,0.0
1,166991,0.0
1,167117,0.0
1,167117,0.0
1,167117,0.0
1,167117,0.0
1,167163,0.0
1,167163,0.0
1,167163,0.0
1,167163,0.0
1,167163,0.0
1,167163,0.0
1,167163,0.0
1,167163,0.0
1,167163,0.0
1,167170,0.0
1,167170,0.0
1,167170,0.0
1,167170,0.0
1,167170,0.0
1,167170,0.0
1,167266,Other
1,167266,0.0
1,167266,0.0
1,167332,Other
1,167332,Other
1,167332,Other
1,167332,0.0
Other,167339,0.0
Other,167339,0.0
3,167407,0.0
3,167407,0.0
3,167407,0.0
3,167407,0.0
Other,167472,Other
6,167475,0.0
6,167536,0.0
Other,167555,0.0
Other,167700,0.0
Other,167703,0.0
1,167768,0.0
1,167768,0.0
1,167768,0.0
1,167768,0.0
1,167768,0.0
1,167768,0.0
1,167768,0.0
1,167768,0.0
3,167774,0.0
3,167774,0.0
3,167774,0.0
1,167781,0.0
1,167781,0.0
1,167781,0.0
1,167781,0.0
1,167781,0.0
1,167781,0.0
1,167781,0.0
1,167803,Other
1,167803,0.0
1,167803,0.0
3,167810,0.0
3,167810,0.0
1,167911,0.0
1,167911,0.0
1,167911,0.0
1,167911,0.0
Other,167941,0.0
Other,167941,0.0
Other,167965,Other
6,167977,0.0
1,167995,0.0
1,167995,0.0
1,167995,0.0
Other,168053,0.0
Other,168053,0.0
Other,168053,0.0
6,168094,Other
6,168164,0.0
6,168202,0.0
1,168245,0.0
1,168245,0.0
1,168245,0.0
1,168245,0.0
1,168245,0.0
1,168245,0.0
3,168250,0.0
3,168250,0.0
6,168356,0.0
6,168425,0.0
2,168505,Other
2,168505,0.0
3,168616,0.0
3,168616,0.0
1,168619,0.0
1,168619,0.0
1,168641,0.0
1,168641,0.0
1,168641,0.0
1,168703,Other
1,168703,0.0
1,168703,0.0
1,168703,0.0
Other,168732,0.0
Other,168732,0.0
3,168737,Other
3,168737,0.0
6,168876,0.0
3,168892,0.0
3,168892,0.0
3,168909,0.0
3,168909,0.0
6,168921,0.0
1,168972,0.0
1,168972,0.0
1,168972,0.0
6,168975,0.0
Other,169129,0.0
Other,169129,0.0
Other,169140,Other
3,169158,0.0
3,169158,0.0
3,169158,0.0
1,169176,0.0
1,169176,0.0
1,169176,0.0
1,169176,0.0
1,169202,Other
1,169202,0.0
1,169251,Other
1,169251,0.0
1,169329,0.0
1,169329,0.0
1,169329,0.0
1,169329,0.0
Other,169331,0.0
Other,169331,0.0
1,169372,0.0
1,169372,0.0
1,169372,0.0
1,169525,0.0
1,169525,0.0
1,169525,0.0
1,169525,0.0
6,169567,Other
Other,169569,0.0
1,169675,0.0
1,169675,0.0
1,169675,0.0
1,169675,0.0
1,169675,0.0
1,169675,0.0
1,169723,0.0
1,169723,0.0
3,169771,0.0
3,169771,0.0
3,169771,0.0
3,169771,0.0
6,169810,0.0
1,169815,Other
1,169815,Other
3,169829,0.0
3,169829,0.0
3,169829,0.0
3,169829,0.0
3,169829,0.0
1,170046,0.0
1,170046,0.0
1,170046,0.0
6,170066,0.0
Other,170070,0.0
3,170107,0.0
3,170107,0.0
3,170107,0.0
1,170204,Other
1,170204,0.0
1,170277,0.0
1,170277,0.0
6,170281,0.0
1,170315,0.0
1,170315,0.0
Other,170431,0.0
Other,170431,0.0
Other,170431,0.0
1,170511,0.0
1,170511,0.0
1,170511,0.0
Other,170521,0.0
1,170535,0.0
1,170535,0.0
1,170540,0.0
1,170540,0.0
1,170540,0.0
1,170540,0.0
1,170604,0.0
1,170604,0.0
Other,170619,0.0
Other,170619,Other
1,170622,0.0
1,170622,0.0
1,170622,0.0
1,170622,0.0
1,170632,0.0
1,170632,Other
1,170633,0.0
1,170633,0.0
1,170633,0.0
1,170633,0.0
Other,170922,Other
2,170936,0.0
2,170936,0.0
2,170936,0.0
1,170982,0.0
1,170982,0.0
Other,170995,0.0
Other,170995,0.0
Other,171001,0.0
6,171050,0.0
3,171053,0.0
3,171053,0.0
1,171059,0.0
1,171059,0.0
1,171059,0.0
1,171059,0.0
Other,171196,0.0
6,171198,Other
2,171341,0.0
2,171341,0.0
2,171341,0.0
6,171375,Other
Other,171451,0.0
Other,171489,0.0
1,171614,0.0
1,171614,0.0
Other,171755,Other
1,171984,0.0
1,171984,0.0
1,171991,0.0
1,171991,0.0
1,171991,0.0
1,171991,0.0
1,171991,0.0
1,171991,0.0
1,171991,0.0
1,172023,0.0
1,172023,Other
1,172023,Other
1,172023,Other
1,172023,Other
3,172033,0.0
3,172033,0.0
Other,172061,0.0
1,172089,0.0
1,172089,0.0
1,172162,0.0
1,172162,0.0
1,172186,Other
1,172186,0.0
1,172186,0.0
1,172186,0.0
1,172186,0.0
1,172186,0.0
6,172196,Other
1,172204,0.0
1,172204,0.0
1,172204,0.0
1,172204,0.0
1,172204,0.0
1,172285,0.0
1,172285,0.0
2,172350,Other
2,172350,0.0
2,172350,0.0
3,172445,0.0
3,172445,0.0
Other,172495,0.0
Other,172495,0.0
3,172504,0.0
3,172504,0.0
3,172504,0.0
3,172504,0.0
6,172518,0.0
6,172536,0.0
1,172547,0.0
1,172547,0.0
1,172547,0.0
1,172547,0.0
1,172547,0.0
6,172681,0.0
1,172690,0.0
1,172690,0.0
1,172690,0.0
3,172771,0.0
3,172771,0.0
3,172771,0.0
3,172771,0.0
Other,172861,0.0
3,172928,0.0
3,172928,0.0
3,172928,0.0
1,172944,Other
1,172944,Other
1,172944,0.0
1,172944,0.0
6,172950,0.0
1,172976,Other
1,172976,Other
1,173137,0.0
1,173137,0.0
6,173191,Other
1,173228,0.0
1,173228,0.0
1,173228,0.0
1,173228,0.0
1,173228,0.0
1,173228,0.0
1,173228,0.0
3,173258,0.0
3,173258,0.0
3,173258,0.0
3,173258,0.0
3,173261,0.0
3,173261,0.0
3,173261,0.0
1,173332,Other
1,173332,0.0
1,173332,0.0
Other,173556,0.0
Other,173615,0.0
Other,173615,0.0
6,173663,0.0
Other,173707,0.0
6,173762,0.0
6,173763,Other
1,173769,Other
1,173769,Other
1,173800,0.0
1,173800,0.0
1,173800,0.0
6,173837,0.0
1,173868,0.0
1,173868,0.0
Other,173876,0.0
1,174028,0.0
1,174028,0.0
1,174028,0.0
1,174028,0.0
1,174028,0.0
Other,174076,0.0
Other,174076,Other
6,174228,0.0
1,174264,0.0
1,174264,0.0
1,174264,0.0
1,174264,0.0
1,174341,0.0
1,174341,0.0
1,174341,0.0
1,174341,0.0
Other,174376,Other
3,174380,0.0
3,174380,0.0
3,174380,0.0
3,174380,0.0
3,174380,0.0
3,174380,0.0
3,174380,0.0
3,174380,0.0
3,174380,0.0
3,174380,0.0
1,174407,0.0
1,174407,0.0
6,174416,0.0
Other,174420,0.0
3,174446,0.0
3,174446,0.0
1,174498,0.0
1,174498,0.0
6,174530,Other
6,174543,0.0
1,174575,0.0
1,174575,Other
1,174575,0.0
1,174575,0.0
1,174575,0.0
3,174582,0.0
3,174582,0.0
Other,174624,0.0
Other,174624,0.0
Other,174690,0.0
6,174771,Other
Other,174778,0.0
1,174791,0.0
1,174791,0.0
1,174791,0.0
6,174977,0.0
6,175292,0.0
2,175492,0.0
2,175492,0.0
2,175492,0.0
6,175512,0.0
1,175601,0.0
1,175601,0.0
1,175601,0.0
1,175601,0.0
1,175601,0.0
1,175601,0.0
1,175604,0.0
1,175604,0.0
1,175604,0.0
1,175626,0.0
1,175626,0.0
1,175626,0.0
3,175792,0.0
3,175792,0.0
3,175792,0.0
3,175792,0.0
3,175792,0.0
1,175984,Other
1,175984,0.0
1,175984,0.0
1,175984,0.0
3,175990,0.0
3,175990,0.0
6,176052,0.0
1,176063,0.0
1,176063,0.0
6,176102,0.0
2,176109,0.0
2,176109,0.0
3,176179,0.0
3,176179,0.0
3,176179,0.0
3,176179,0.0
3,176179,0.0
1,176197,0.0
1,176197,0.0
1,176197,0.0
1,176197,0.0
1,176197,0.0
Other,176373,0.0
Other,176373,0.0
3,176401,0.0
3,176401,0.0
1,176451,0.0
1,176451,0.0
6,176455,0.0
6,176466,0.0
6,176511,0.0
3,176546,0.0
3,176546,0.0
3,176546,0.0
3,176546,0.0
3,176638,0.0
3,176638,0.0
1,176699,0.0
1,176699,0.0
1,176699,0.0
6,176737,0.0
3,176739,0.0
3,176739,0.0
3,176739,0.0
3,176739,0.0
3,176863,0.0
3,176863,0.0
6,176913,0.0
1,176986,Other
1,176986,0.0
1,176998,0.0
1,176998,0.0
1,176998,0.0
1,176998,0.0
1,176998,0.0
Other,177063,0.0
1,177161,0.0
1,177161,0.0
1,177347,0.0
1,177347,0.0
1,177347,0.0
1,177347,0.0
1,177347,0.0
1,177381,Other
1,177381,0.0
6,177441,0.0
1,177466,0.0
1,177466,0.0
1,177466,0.0
1,177466,0.0
1,177466,0.0
1,177466,0.0
1,177466,0.0
3,177494,0.0
3,177494,0.0
6,177571,Other
6,177825,Other
3,177880,0.0
3,177880,0.0
3,177880,0.0
3,177880,0.0
1,177895,0.0
1,177895,0.0
1,177933,0.0
1,177933,0.0
3,177952,0.0
3,177952,0.0
3,177952,0.0
2,177959,0.0
2,177959,Other
2,177959,0.0
Other,177983,0.0
1,178048,0.0
1,178048,0.0
1,178048,0.0
1,178088,0.0
1,178088,0.0
1,178151,Other
1,178151,Other
1,178277,Other
1,178277,Other
1,178277,0.0
Other,178318,Other
6,178503,0.0
3,178568,0.0
3,178568,0.0
3,178581,0.0
3,178581,0.0
3,178581,0.0
3,178581,0.0
3,178581,0.0
2,178599,0.0
2,178599,0.0
2,178599,0.0
1,178635,0.0
1,178635,0.0
1,178635,0.0
1,178635,0.0
1,178635,0.0
1,178635,Other
1,178673,0.0
1,178673,0.0
1,178673,0.0
1,178673,0.0
1,178673,0.0
1,178673,0.0
1,178673,0.0
2,178695,0.0
2,178695,0.0
2,178695,0.0
3,178703,0.0
3,178703,0.0
3,178703,0.0
3,178703,0.0
1,178742,Other
1,178742,0.0
1,178742,0.0
1,178742,0.0
1,178742,0.0
1,178790,0.0
1,178790,0.0
1,178790,0.0
1,178790,0.0
1,178917,Other
1,178917,Other
1,179061,0.0
1,179061,0.0
1,179061,0.0
Other,179070,0.0
Other,179070,0.0
1,179082,Other
1,179082,0.0
1,179082,0.0
1,179082,0.0
3,179138,0.0
3,179138,0.0
3,179138,0.0
3,179138,0.0
3,179138,0.0
1,179209,Other
1,179209,0.0
1,179209,0.0
3,179261,0.0
3,179261,0.0
3,179261,0.0
1,179342,0.0
1,179342,0.0
1,179342,0.0
1,179342,0.0
Other,179506,Other
2,179560,0.0
2,179560,0.0
2,179560,0.0
6,179569,0.0
3,179627,0.0
3,179627,0.0
3,179676,0.0
3,179676,0.0
3,179676,0.0
3,179676,0.0
6,179680,0.0
Other,179694,Other
Other,179694,0.0
6,179740,Other
1,179753,0.0
1,179753,0.0
6,179773,0.0
Other,179806,0.0
3,179855,0.0
3,179855,0.0
3,179887,0.0
3,179887,0.0
3,179887,0.0
3,179887,0.0
Other,179944,0.0
Other,179944,0.0
Other,179944,0.0
1,179949,0.0
1,179949,0.0
1,180062,0.0
1,180062,0.0
1,180062,0.0
Other,180074,0.0
Other,180074,0.0
1,180075,Other
1,180075,0.0
3,180240,0.0
3,180240,0.0
Other,180245,0.0
Other,180245,0.0
1,180308,0.0
1,180308,0.0
1,180308,0.0
1,180396,Other
1,180396,0.0
1,180396,0.0
1,180423,0.0
1,180423,0.0
1,180423,0.0
1,180423,0.0
1,180423,0.0
1,180423,0.0
1,180423,0.0
1,180423,0.0
Other,180482,0.0
Other,180482,0.0
1,180490,Other
1,180490,0.0
1,180576,0.0
1,180576,0.0
1,180576,0.0
1,180576,0.0
1,180576,0.0
Other,180586,0.0
6,180595,Other
3,180649,0.0
3,180649,0.0
1,180714,0.0
1,180714,0.0
1,180714,0.0
1,180714,0.0
1,180714,0.0
1,180714,0.0
1,180915,Other
1,180915,0.0
1,180915,0.0
1,180915,0.0
3,180930,0.0
3,180930,0.0
3,180983,0.0
3,180983,0.0
Other,181003,0.0
6,181049,0.0
Other,181105,0.0
1,181384,0.0
1,181384,0.0
1,181430,0.0
1,181430,0.0
1,181430,Other
1,181439,Other
1,181439,0.0
1,181439,Other
1,181502,0.0
1,181502,0.0
1,181502,0.0
1,181502,0.0
1,181573,0.0
1,181573,0.0
6,181630,0.0
1,181658,0.0
1,181658,0.0
1,181658,0.0
1,181658,0.0
1,181658,0.0
1,181658,0.0
1,181658,0.0
Other,181684,0.0
1,181772,0.0
1,181772,0.0
1,181772,0.0
1,181772,0.0
1,181827,0.0
1,181827,0.0
3,181833,0.0
3,181833,0.0
3,181833,0.0
6,181844,0.0
6,181996,0.0
1,182001,Other
1,182001,Other
6,182028,0.0
3,182092,0.0
3,182092,Other
1,182117,0.0
1,182117,Other
1,182117,0.0
Other,182129,0.0
Other,182129,0.0
6,182141,0.0
1,182169,0.0
1,182169,0.0
1,182169,0.0
1,182169,0.0
1,182169,0.0
1,182169,0.0
1,182246,0.0
1,182246,0.0
1,182246,0.0
1,182246,0.0
1,182246,0.0
1,182503,0.0
1,182503,0.0
1,182503,0.0
1,182503,0.0
1,182503,0.0
1,182565,0.0
1,182565,0.0
1,182631,Other
1,182631,0.0
2,182710,0.0
2,182710,0.0
2,182710,0.0
3,182713,0.0
3,182713,0.0
6,182818,0.0
3,182836,0.0
3,182836,0.0
3,182836,0.0
3,182836,0.0
3,182836,0.0
6,182920,0.0
Other,182921,0.0
Other,182935,0.0
Other,182935,0.0
3,182954,0.0
3,182954,0.0
3,182954,0.0
3,182954,0.0
3,182954,0.0
3,182954,0.0
Other,182970,0.0
Other,182988,0.0
Other,183064,0.0
Other,183077,0.0
1,183079,Other
1,183079,Other
6,183235,0.0
1,183237,0.0
1,183237,0.0
1,183237,0.0
1,183237,Other
1,183351,0.0
1,183351,0.0
1,183351,0.0
1,183351,0.0
2,183385,0.0
2,183385,0.0
1,183422,Other
1,183422,Other
3,183486,0.0
3,183486,0.0
3,183486,0.0
Other,183653,0.0
Other,183653,0.0
3,183741,0.0
3,183741,0.0
3,183822,Other
3,183822,0.0
1,183844,0.0
1,183844,0.0
1,183844,0.0
1,183844,0.0
1,183844,0.0
3,183923,0.0
3,183923,0.0
3,183923,0.0
3,183923,0.0
3,183923,0.0
3,183923,0.0
1,183924,Other
1,183924,Other
6,183932,0.0
1,183946,0.0
1,183946,0.0
1,183946,0.0
3,183980,0.0
3,183980,0.0
3,183980,0.0
Other,184049,0.0
Other,184049,0.0
Other,184072,0.0
Other,184072,0.0
Other,184072,0.0
2,184115,0.0
2,184115,0.0
2,184115,0.0
2,184115,0.0
1,184116,0.0
1,184116,0.0
1,184116,0.0
1,184116,0.0
Other,184163,0.0
Other,184230,0.0
3,184256,0.0
3,184256,0.0
3,184256,0.0
3,184256,0.0
Other,184380,Other
Other,184439,0.0
1,184491,0.0
1,184491,0.0
1,184510,0.0
1,184510,0.0
Other,184544,0.0
1,184545,0.0
1,184545,0.0
1,184545,0.0
1,184545,0.0
1,184563,Other
1,184563,Other
1,184563,0.0
1,184563,0.0
6,184641,0.0
6,184644,0.0
6,184697,0.0
1,184739,Other
1,184739,Other
3,184746,0.0
3,184746,Other
3,184768,0.0
3,184768,0.0
3,184768,0.0
3,184768,0.0
1,184836,0.0
1,184836,0.0
1,184836,0.0
1,184836,0.0
1,184836,0.0
1,184836,0.0
1,184836,0.0
1,184836,0.0
1,184836,0.0
1,184968,0.0
1,184968,0.0
Other,184972,Other
Other,184972,0.0
Other,184972,0.0
Other,185005,0.0
Other,185005,0.0
1,185019,0.0
1,185019,0.0
1,185019,0.0
1,185019,0.0
1,185088,0.0
1,185088,0.0
1,185088,0.0
1,185088,0.0
Other,185098,0.0
1,185110,0.0
1,185110,0.0
1,185141,0.0
1,185141,0.0
6,185168,0.0
6,185190,0.0
3,185281,0.0
3,185281,0.0
3,185281,0.0
3,185313,0.0
3,185313,0.0
3,185313,0.0
3,185313,0.0
3,185313,0.0
3,185336,0.0
3,185336,0.0
6,185349,0.0
Other,185386,0.0
Other,185386,0.0
1,185407,0.0
1,185407,0.0
1,185407,0.0
1,185483,0.0
1,185483,0.0
1,185483,0.0
1,185483,0.0
1,185513,0.0
1,185513,0.0
1,185513,0.0
1,185513,0.0
1,185572,0.0
1,185572,0.0
1,185572,0.0
6,185738,0.0
Other,185899,0.0
Other,185899,0.0
3,185963,0.0
3,185963,0.0
3,185963,0.0
3,185963,0.0
6,185996,0.0
6,186201,0.0
Other,186278,0.0
3,186407,0.0
3,186407,0.0
3,186407,0.0
Other,186486,0.0
Other,186486,0.0
6,186499,0.0
6,186843,0.0
1,186884,0.0
1,186884,Other
1,186956,Other
1,186956,Other
1,186956,0.0
1,186956,0.0
6,186957,0.0
1,186964,0.0
1,186964,0.0
Other,187004,0.0
3,187065,0.0
3,187065,0.0
1,187104,0.0
1,187104,0.0
1,187104,0.0
1,187104,0.0
1,187104,0.0
Other,187111,0.0
1,187331,Other
1,187331,0.0
1,187331,0.0
1,187346,0.0
1,187346,0.0
1,187346,0.0
1,187346,0.0
1,187346,0.0
1,187346,0.0
1,187346,0.0
3,187520,0.0
3,187520,0.0
3,187520,0.0
Other,187522,0.0
Other,187522,0.0
1,187636,0.0
1,187636,0.0
1,187683,Other
1,187683,Other
1,187683,Other
1,187683,0.0
Other,187705,0.0
1,187734,0.0
1,187734,0.0
Other,187867,0.0
Other,187867,0.0
Other,187867,0.0
Other,187867,0.0
6,187871,0.0
Other,187964,Other
1,187976,0.0
1,187976,0.0
1,187976,0.0
1,187976,Other
1,188045,0.0
1,188045,0.0
1,188045,0.0
1,188045,0.0
6,188082,Other
6,188114,0.0
1,188252,0.0
1,188252,0.0
1,188252,0.0
1,188252,0.0
1,188252,0.0
1,188252,0.0
1,188305,0.0
1,188305,0.0
2,188320,0.0
2,188320,0.0
2,188320,0.0
2,188320,0.0
1,188599,0.0
1,188599,0.0
1,188599,0.0
1,188599,0.0
1,188603,0.0
1,188603,0.0
1,188603,0.0
3,188657,0.0
3,188657,0.0
1,188664,Other
1,188664,Other
1,188706,0.0
1,188706,0.0
Other,188725,0.0
6,188897,0.0
3,188968,0.0
3,188968,0.0
6,189111,0.0
6,189269,Other
2,189318,0.0
2,189318,0.0
2,189318,0.0
2,189318,0.0
2,189318,0.0
1,189395,Other
1,189395,0.0
1,189395,0.0
2,189425,0.0
2,189425,0.0
2,189425,Other
Other,189532,0.0
Other,189532,0.0
6,189624,Other
Other,189636,0.0
Other,189636,0.0
3,189691,0.0
3,189691,0.0
3,189691,0.0
3,189691,0.0
1,189708,0.0
1,189708,0.0
1,189789,0.0
1,189789,0.0
1,189789,0.0
1,189789,0.0
1,189789,0.0
3,189804,0.0
3,189804,0.0
1,189809,0.0
1,189809,0.0
1,189809,0.0
1,189809,0.0
1,189809,0.0
1,189809,0.0
1,189809,0.0
1,189809,0.0
6,189829,0.0
1,189831,Other
1,189831,0.0
1,189831,0.0
1,189898,0.0
1,189898,0.0
1,189898,0.0
1,189956,Other
1,189956,0.0
1,189956,0.0
1,189956,0.0
1,189956,0.0
1,189956,0.0
1,189956,0.0
1,189956,0.0
1,189973,0.0
1,189973,0.0
3,189992,0.0
3,189992,0.0
1,190031,0.0
1,190031,0.0
1,190085,0.0
1,190085,0.0
3,190238,0.0
3,190238,0.0
3,190238,0.0
3,190245,0.0
3,190245,0.0
3,190245,0.0
1,190266,0.0
1,190266,Other
3,190306,0.0
3,190306,0.0
3,190306,0.0
3,190306,0.0
Other,190383,0.0
1,190397,0.0
1,190397,0.0
1,190471,0.0
1,190471,0.0
1,190471,0.0
1,190471,0.0
Other,190501,0.0
3,190514,0.0
3,190514,0.0
3,190580,0.0
3,190580,0.0
3,190580,0.0
3,190580,0.0
3,190580,0.0
3,190791,0.0
3,190791,0.0
3,190791,0.0
1,190800,0.0
1,190800,0.0
3,190829,0.0
3,190829,0.0
1,190870,0.0
1,190870,0.0
1,190870,0.0
1,190870,0.0
1,190870,0.0
1,190870,0.0
1,190870,0.0
1,190870,0.0
1,190870,0.0
1,190870,0.0
3,190943,0.0
3,190943,0.0
Other,190956,0.0
Other,190956,0.0
Other,190956,0.0
1,191030,0.0
1,191030,0.0
6,191077,0.0
3,191114,0.0
3,191114,0.0
1,191151,0.0
1,191151,0.0
1,191151,Other
3,191158,0.0
3,191158,0.0
3,191158,0.0
Other,191220,Other
Other,191308,Other
6,191412,0.0
1,191429,Other
1,191429,Other
1,191429,0.0
1,191518,Other
1,191518,0.0
3,191606,0.0
3,191606,0.0
3,191606,0.0
3,191643,0.0
3,191643,0.0
1,191686,0.0
1,191686,0.0
1,191686,0.0
1,191686,0.0
1,191686,0.0
1,191686,0.0
1,191686,0.0
1,191686,0.0
1,191686,0.0
1,191686,0.0
6,191705,0.0
1,191758,0.0
1,191758,0.0
1,191758,0.0
1,191758,0.0
1,191758,0.0
1,191758,0.0
1,191763,0.0
1,191763,0.0
3,191867,0.0
3,191867,0.0
3,191867,0.0
3,191867,0.0
3,191867,0.0
1,191871,0.0
1,191871,0.0
1,191897,0.0
1,191897,0.0
1,191897,0.0
6,191900,0.0
1,191907,0.0
1,191907,0.0
1,191907,0.0
1,191907,0.0
6,191937,0.0
Other,192006,0.0
6,192025,Other
Other,192138,0.0
Other,192191,Other
Other,192422,0.0
Other,192422,0.0
3,192426,Other
3,192426,0.0
3,192426,0.0
3,192426,0.0
Other,192445,Other
3,192450,0.0
3,192450,0.0
3,192450,0.0
3,192450,0.0
Other,192495,0.0
Other,192495,0.0
1,192550,Other
1,192550,0.0
1,192550,0.0
1,192550,0.0
1,192550,0.0
1,192550,0.0
1,192550,0.0
1,192550,0.0
1,192550,0.0
6,192554,0.0
6,192848,0.0
1,192865,0.0
1,192865,0.0
1,192895,Other
1,192895,0.0
1,192895,0.0
2,192918,0.0
2,192918,0.0
2,192918,0.0
2,192918,0.0
6,192936,0.0
1,193126,0.0
1,193126,0.0
1,193126,0.0
1,193126,0.0
6,193158,0.0
1,193203,0.0
1,193203,0.0
1,193203,0.0
6,193231,Other
Other,193247,Other
Other,193273,0.0
1,193312,0.0
1,193312,0.0
1,193376,0.0
1,193376,0.0
1,193376,0.0
1,193376,0.0
1,193376,0.0
3,193379,0.0
3,193379,0.0
3,193379,0.0
6,193389,Other
1,193393,0.0
1,193393,0.0
6,193426,0.0
Other,193462,Other
Other,193462,0.0
6,193494,0.0
Other,193555,Other
1,193600,Other
1,193600,Other
1,193611,0.0
1,193611,0.0
6,193809,0.0
Other,193828,0.0
Other,193828,0.0
Other,193931,0.0
6,193979,0.0
1,193989,0.0
1,193989,0.0
Other,194023,0.0
3,194111,0.0
3,194111,0.0
3,194111,0.0
3,194111,0.0
1,194130,Other
1,194130,0.0
1,194237,0.0
1,194237,0.0
1,194251,0.0
1,194251,0.0
1,194251,0.0
1,194251,0.0
3,194374,0.0
3,194374,0.0
1,194405,0.0
1,194405,0.0
1,194405,0.0
1,194405,0.0
1,194406,0.0
1,194406,0.0
1,194406,0.0
1,194406,0.0
1,194406,0.0
1,194553,0.0
1,194553,0.0
1,194553,0.0
1,194553,0.0
3,194577,0.0
3,194577,0.0
3,194577,0.0
Other,194624,Other
2,194640,0.0
2,194640,0.0
1,194695,0.0
1,194695,0.0
Other,194757,0.0
1,194877,0.0
1,194877,0.0
1,194877,0.0
1,194992,Other
1,194992,0.0
1,194992,0.0
1,194992,Other
1,194992,Other
1,194992,0.0
1,194992,0.0
Other,195023,0.0
1,195047,0.0
1,195047,0.0
1,195047,0.0
1,195047,0.0
3,195222,0.0
3,195222,0.0
Other,195283,0.0
1,195374,0.0
1,195374,0.0
1,195374,0.0
1,195374,0.0
1,195374,0.0
1,195374,0.0
1,195427,Other
1,195427,0.0
1,195427,0.0
1,195427,0.0
1,195427,0.0
1,195427,0.0
1,195469,0.0
1,195469,0.0
1,195469,0.0
1,195469,0.0
Other,195491,0.0
Other,195491,0.0
1,195567,Other
1,195567,0.0
1,195650,0.0
1,195650,0.0
Other,195692,0.0
Other,195692,0.0
1,195862,0.0
1,195862,0.0
1,195862,0.0
6,195916,0.0
1,195937,0.0
1,195937,0.0
1,196041,0.0
1,196041,Other
1,196046,0.0
1,196046,0.0
1,196046,0.0
1,196046,0.0
Other,196051,0.0
Other,196137,0.0
1,196185,0.0
1,196185,0.0
6,196212,0.0
Other,196229,0.0
3,196246,0.0
3,196246,0.0
3,196246,0.0
3,196246,0.0
3,196246,0.0
Other,196266,0.0
1,196299,Other
1,196299,0.0
1,196299,0.0
1,196299,0.0
1,196299,0.0
1,196400,0.0
1,196400,0.0
1,196400,0.0
1,196400,0.0
Other,196419,0.0
3,196465,0.0
3,196465,0.0
3,196465,0.0
1,196484,0.0
1,196484,0.0
1,196484,0.0
1,196484,0.0
1,196484,0.0
6,196519,0.0
1,196641,0.0
1,196641,0.0
1,196711,0.0
1,196711,0.0
1,196711,0.0
1,196711,0.0
2,196769,Other
2,196769,0.0
Other,196787,0.0
6,196821,0.0
1,196858,0.0
1,196858,0.0
1,196858,0.0
1,196858,0.0
1,196858,0.0
3,196939,0.0
3,196939,0.0
3,196939,0.0
Other,196951,0.0
1,197030,Other
1,197030,0.0
1,197030,0.0
1,197128,0.0
1,197128,0.0
2,314100,0.0
Other,197252,Other
Other,197252,0.0
Other,197252,0.0
6,197255,0.0
1,197276,0.0
1,197276,0.0
3,197321,0.0
3,197321,0.0
Other,197432,0.0
Other,197464,0.0
Other,197536,0.0
Other,197536,0.0
Other,197760,0.0
6,197775,0.0
6,197800,0.0
3,197802,0.0
3,197802,0.0
Other,197837,0.0
Other,197837,0.0
Other,197871,Other
3,197918,0.0
3,197918,0.0
3,197918,0.0
3,197918,0.0
3,197918,0.0
3,197918,0.0
Other,197931,Other
Other,197931,Other
6,197990,0.0
2,198035,0.0
2,198035,0.0
6,198137,Other
1,198171,0.0
1,198171,0.0
2,198178,0.0
2,198178,0.0
2,198178,0.0
Other,198240,Other
3,198246,0.0
3,198246,0.0
3,198314,0.0
3,198314,0.0
3,198314,0.0
3,198314,0.0
3,198314,0.0
6,198375,0.0
1,198416,0.0
1,198416,0.0
3,198551,0.0
3,198551,Other
2,198553,0.0
2,198553,0.0
Other,198576,0.0
6,198698,0.0
6,198759,0.0
3,198827,0.0
3,198827,0.0
3,198827,0.0
3,198827,0.0
6,198858,Other
1,198955,0.0
1,198955,0.0
1,198955,0.0
1,198969,0.0
1,198969,0.0
1,198969,0.0
1,198969,0.0
1,199045,0.0
1,199045,0.0
1,199045,0.0
Other,199047,0.0
Other,199047,0.0
3,199108,0.0
3,199108,0.0
3,199108,0.0
1,199159,0.0
1,199159,0.0
1,199159,0.0
1,199188,0.0
1,199188,0.0
1,199188,0.0
1,199188,0.0
Other,199234,0.0
Other,199234,Other
Other,199234,0.0
1,199237,0.0
1,199237,0.0
1,199237,0.0
1,199246,0.0
1,199246,0.0
6,199305,0.0
3,199378,0.0
3,199378,0.0
3,199378,0.0
Other,199452,0.0
Other,199452,0.0
3,199480,Other
3,199480,0.0
Other,199529,Other
1,199589,0.0
1,199589,0.0
1,199589,0.0
1,199589,0.0
1,199674,0.0
1,199674,0.0
1,199674,0.0
1,199674,0.0
1,199674,0.0
1,199674,0.0
Other,199699,0.0
6,199706,0.0
1,199727,0.0
1,199727,0.0
1,199794,0.0
1,199794,0.0
1,199794,0.0
1,199794,Other
1,199794,0.0
1,199794,0.0
1,199794,0.0
1,199796,0.0
1,199796,0.0
1,199796,0.0
1,199796,0.0
1,199848,Other
1,199848,Other
1,199894,0.0
1,199894,0.0
1,199894,0.0
1,199894,0.0
1,199894,0.0
2,199917,0.0
2,199917,0.0
2,199917,0.0
2,199917,0.0
2,199917,0.0
2,199917,0.0
3,199935,0.0
3,199935,0.0
3,199935,0.0
Other,199958,Other
Other,199958,Other
1,200095,Other
1,200095,0.0
1,200095,0.0
1,200095,0.0
1,200134,0.0
1,200134,0.0
1,200134,0.0
1,200209,0.0
1,200209,0.0
1,200209,0.0
1,200209,0.0
1,200209,0.0
6,200258,0.0
1,200268,0.0
1,200268,0.0
1,200268,0.0
1,200268,0.0
3,200269,0.0
3,200269,0.0
1,200361,0.0
1,200361,0.0
1,200414,Other
1,200414,Other
1,200424,0.0
1,200424,0.0
1,200424,0.0
Other,200444,0.0
1,200492,0.0
1,200492,0.0
1,200492,0.0
6,200523,0.0
1,200526,0.0
1,200526,0.0
1,200526,0.0
1,200597,0.0
1,200597,0.0
1,200597,0.0
1,200597,0.0
1,200605,0.0
1,200605,0.0
1,200605,0.0
Other,200732,0.0
Other,200732,0.0
6,200784,Other
Other,200972,0.0
Other,200972,0.0
Other,200973,0.0
Other,201019,0.0
1,201038,0.0
1,201038,0.0
1,201038,0.0
1,201057,Other
1,201057,Other
6,201118,0.0
1,201152,0.0
1,201152,0.0
1,201152,0.0
1,201152,0.0
1,201206,0.0
1,201206,0.0
1,201206,0.0
1,201206,0.0
1,201206,0.0
3,201288,0.0
3,201288,0.0
3,201288,0.0
1,201290,Other
1,201290,0.0
1,201290,0.0
1,201290,0.0
Other,201349,0.0
1,201362,0.0
1,201362,0.0
1,201362,0.0
1,201362,0.0
1,201434,Other
1,201434,Other
1,201434,0.0
1,201434,0.0
3,201486,0.0
3,201486,0.0
6,201498,Other
3,201627,0.0
3,201627,0.0
3,201627,0.0
3,201706,0.0
3,201706,0.0
Other,201790,0.0
Other,201790,0.0
Other,201790,0.0
Other,201790,0.0
Other,201790,0.0
1,201941,Other
1,201941,0.0
1,201941,0.0
1,201941,0.0
1,201953,0.0
1,201953,0.0
1,201953,0.0
1,201953,0.0
3,331875,0.0
Other,201990,0.0
Other,201990,0.0
Other,202034,0.0
6,202140,0.0
Other,202183,0.0
Other,202183,0.0
6,202190,0.0
6,202309,0.0
3,202421,0.0
3,202421,0.0
3,202421,0.0
3,202421,0.0
6,202470,0.0
Other,202491,0.0
Other,202491,0.0
Other,202491,0.0
3,202567,0.0
3,202567,0.0
3,202567,0.0
1,202581,0.0
1,202581,0.0
1,202581,0.0
1,202601,Other
1,202601,0.0
1,202601,0.0
1,202601,0.0
1,202601,0.0
1,202601,0.0
1,202601,0.0
1,202601,0.0
1,202601,0.0
1,202601,0.0
1,202697,0.0
1,202697,0.0
1,202697,0.0
1,202697,0.0
1,202697,0.0
1,202712,0.0
1,202712,Other
1,202712,0.0
Other,202734,0.0
1,202751,0.0
1,202751,0.0
Other,202788,0.0
Other,202788,0.0
1,202858,0.0
1,202858,0.0
1,202858,0.0
Other,202892,0.0
1,202971,0.0
1,202971,0.0
1,202971,0.0
1,202971,0.0
1,202974,Other
1,202974,Other
1,203057,0.0
1,203057,0.0
1,203131,0.0
1,203131,0.0
1,203131,0.0
1,203131,0.0
1,203131,0.0
1,203149,0.0
1,203149,0.0
1,203149,0.0
1,203149,0.0
1,203149,0.0
1,203201,0.0
1,203201,0.0
1,203201,0.0
1,203201,0.0
1,203204,0.0
1,203204,0.0
3,203239,0.0
3,203239,0.0
3,203239,0.0
3,203239,0.0
3,203239,0.0
3,203271,0.0
3,203271,0.0
3,203271,0.0
Other,203317,0.0
Other,203317,0.0
Other,203317,Other
3,203391,0.0
3,203391,0.0
3,203391,0.0
3,203391,0.0
Other,203490,0.0
3,203523,Other
3,203523,0.0
3,203523,0.0
3,203669,0.0
3,203669,0.0
3,203669,0.0
1,203700,Other
1,203700,0.0
1,203700,0.0
Other,203703,0.0
Other,203820,Other
1,203854,0.0
1,203854,0.0
1,203854,0.0
1,203854,0.0
1,203895,Other
1,203895,0.0
1,203895,0.0
1,203895,0.0
1,203895,0.0
3,203927,0.0
3,203927,0.0
3,203927,0.0
3,203927,0.0
3,203927,0.0
1,203961,Other
1,203961,Other
1,203961,0.0
6,203967,0.0
1,203970,0.0
1,203970,0.0
1,203970,0.0
1,203970,0.0
1,203970,0.0
Other,204118,0.0
Other,204248,Other
Other,204248,0.0
1,204251,0.0
1,204251,0.0
1,204251,0.0
1,204251,0.0
1,204286,Other
1,204286,0.0
1,204286,0.0
1,204286,0.0
2,204293,0.0
2,204293,0.0
3,204339,0.0
3,204339,0.0
3,204339,0.0
1,204425,0.0
1,204425,0.0
1,204484,Other
1,204484,0.0
1,204484,0.0
1,204484,0.0
1,204541,0.0
1,204541,0.0
Other,204604,Other
1,204654,0.0
1,204654,0.0
1,204654,0.0
1,204654,0.0
6,204671,0.0
1,204716,0.0
1,204716,0.0
1,204716,0.0
1,204716,0.0
3,204741,0.0
3,204741,0.0
3,204816,0.0
3,204816,0.0
1,204830,0.0
1,204830,0.0
1,204830,0.0
1,204878,0.0
1,204878,0.0
1,204878,0.0
1,204990,0.0
1,204990,0.0
2,205093,0.0
2,205093,0.0
1,205115,0.0
1,205115,0.0
1,205123,0.0
1,205123,0.0
1,205123,0.0
1,205123,0.0
Other,205141,0.0
Other,205247,0.0
Other,205247,0.0
3,205250,0.0
3,205250,0.0
3,205250,0.0
3,205250,0.0
1,205284,0.0
1,205284,0.0
1,205284,0.0
1,205284,0.0
1,205359,0.0
1,205359,0.0
1,205427,0.0
1,205427,0.0
Other,205442,0.0
1,205461,0.0
1,205461,0.0
6,205470,0.0
3,205546,Other
3,205546,0.0
6,205676,0.0
1,205799,0.0
1,205799,Other
1,205799,Other
1,205799,0.0
1,205799,0.0
1,205799,0.0
Other,205837,0.0
Other,205837,0.0
Other,205837,0.0
Other,206121,0.0
Other,206121,0.0
1,206131,0.0
1,206131,0.0
1,206131,0.0
1,206131,0.0
1,206131,0.0
1,206131,0.0
1,206131,0.0
Other,206140,0.0
Other,206140,0.0
Other,206140,0.0
Other,206140,0.0
Other,206140,0.0
1,206213,0.0
1,206213,0.0
1,206213,0.0
1,206213,0.0
6,206295,0.0
1,206297,0.0
1,206297,0.0
1,206297,0.0
Other,206344,0.0
Other,206344,Other
1,206407,0.0
1,206407,0.0
1,206407,0.0
3,206409,0.0
3,206409,0.0
3,206409,0.0
Other,206641,Other
1,206664,Other
1,206664,Other
1,206786,0.0
1,206786,0.0
1,206786,0.0
6,206894,Other
Other,206986,Other
Other,206986,0.0
1,207055,Other
1,207055,Other
1,207073,0.0
1,207073,0.0
1,207073,0.0
6,207101,0.0
1,207111,0.0
1,207111,0.0
1,207111,0.0
1,207111,0.0
1,207111,0.0
3,207178,0.0
3,207178,0.0
3,207178,0.0
1,207241,0.0
1,207241,Other
1,207241,0.0
1,207241,0.0
1,207241,0.0
1,207241,0.0
1,207241,0.0
1,207241,0.0
1,207241,0.0
1,207277,0.0
1,207277,0.0
6,207307,0.0
3,207366,0.0
3,207366,0.0
Other,207389,0.0
1,207408,0.0
1,207408,0.0
1,207408,0.0
1,207439,0.0
1,207439,0.0
1,207439,0.0
1,207439,0.0
1,207439,0.0
1,207439,0.0
1,207439,0.0
1,207439,0.0
1,207657,0.0
1,207657,Other
1,207657,0.0
1,207657,0.0
1,207657,0.0
1,207680,Other
1,207680,0.0
1,207680,0.0
1,207732,0.0
1,207732,0.0
3,207763,0.0
3,207763,0.0
3,207763,0.0
Other,207794,0.0
Other,207794,0.0
3,207864,0.0
3,207864,0.0
3,207864,0.0
3,207864,0.0
1,207939,0.0
1,207939,0.0
1,207939,0.0
1,207939,0.0
1,207939,0.0
1,207939,0.0
1,207939,0.0
1,208006,0.0
1,208006,0.0
1,208006,0.0
3,208039,0.0
3,208039,0.0
2,208051,Other
2,208051,Other
2,208083,0.0
2,208083,0.0
2,208083,0.0
6,208128,0.0
2,208215,0.0
2,208215,0.0
2,208215,0.0
2,208215,0.0
3,208241,0.0
3,208241,0.0
1,208299,Other
1,208299,0.0
1,208299,0.0
1,208461,0.0
1,208461,0.0
3,208471,0.0
3,208471,0.0
3,208585,0.0
3,208585,0.0
3,208585,0.0
Other,208639,0.0
Other,208639,0.0
1,208652,0.0
1,208652,0.0
3,208745,0.0
3,208745,0.0
6,208768,0.0
Other,208781,0.0
Other,208781,0.0
1,208817,0.0
1,208817,0.0
3,208884,0.0
3,208884,0.0
1,208913,0.0
1,208913,0.0
Other,209008,0.0
Other,209008,0.0
Other,209011,0.0
6,209026,0.0
2,209032,0.0
2,209032,0.0
2,209032,0.0
Other,209080,0.0
3,209139,0.0
3,209139,0.0
1,209169,0.0
1,209169,0.0
1,209169,0.0
1,209169,0.0
1,209169,0.0
1,209169,0.0
6,209359,0.0
6,209460,0.0
1,209475,0.0
1,209475,0.0
1,209475,0.0
1,209544,0.0
1,209544,0.0
1,209544,0.0
1,209544,0.0
1,209557,0.0
1,209557,0.0
6,209739,0.0
1,209742,Other
1,209742,Other
1,209752,0.0
1,209752,0.0
1,209752,0.0
1,209752,0.0
1,209752,0.0
1,209752,0.0
1,209752,0.0
1,209788,0.0
1,209788,0.0
6,209789,0.0
1,209822,0.0
1,209822,0.0
1,209822,0.0
1,209822,0.0
1,209834,0.0
1,209834,0.0
1,209834,0.0
1,209834,0.0
1,209834,0.0
Other,209842,0.0
6,209846,0.0
1,209907,0.0
1,209907,0.0
1,210038,0.0
1,210038,0.0
1,210047,0.0
1,210047,0.0
1,210047,0.0
1,210047,0.0
1,210047,0.0
1,210047,0.0
6,210225,0.0
1,210236,0.0
1,210236,0.0
1,210236,0.0
1,210236,0.0
1,210236,0.0
3,210310,0.0
3,210310,0.0
3,210310,0.0
1,210312,0.0
1,210312,0.0
6,210321,0.0
1,210322,0.0
1,210322,0.0
1,210322,0.0
1,210322,0.0
1,210322,0.0
6,210371,0.0
3,210435,0.0
3,210435,0.0
1,210523,0.0
1,210523,0.0
1,210523,0.0
1,210557,0.0
1,210557,0.0
1,210557,0.0
1,210557,0.0
1,210557,0.0
1,210648,0.0
1,210648,0.0
1,210648,0.0
6,210775,0.0
Other,210816,0.0
Other,210816,0.0
6,210818,0.0
Other,210836,0.0
Other,210873,0.0
2,210932,0.0
2,210932,0.0
6,210940,0.0
6,211149,0.0
3,211266,0.0
3,211266,0.0
3,211266,0.0
Other,211337,0.0
Other,211337,Other
Other,211337,0.0
Other,211337,0.0
3,211813,0.0
3,211813,0.0
3,211813,0.0
3,211813,0.0
1,211839,Other
1,211839,0.0
1,211839,Other
1,211839,Other
1,211839,Other
6,211977,0.0
2,212048,0.0
2,212048,0.0
2,212048,0.0
2,212048,0.0
2,212048,0.0
2,212048,0.0
6,212134,0.0
Other,212151,0.0
Other,212151,0.0
Other,212190,0.0
Other,212190,0.0
Other,212391,0.0
Other,212391,0.0
Other,212391,0.0
3,212465,0.0
3,212465,0.0
3,212465,0.0
3,212512,0.0
3,212512,0.0
3,212512,0.0
1,212614,0.0
1,212614,0.0
1,212650,0.0
1,212650,0.0
1,212650,0.0
1,212650,0.0
3,212672,0.0
3,212672,0.0
3,212743,0.0
3,212743,0.0
6,212748,0.0
2,212838,0.0
2,212838,0.0
2,212838,0.0
3,212867,0.0
3,212867,0.0
3,212867,0.0
3,212867,0.0
3,212867,0.0
1,213048,Other
1,213048,Other
1,213048,Other
1,213048,Other
6,213068,0.0
Other,213093,0.0
Other,213137,0.0
3,213141,0.0
3,213141,0.0
Other,213204,0.0
Other,213412,0.0
3,213500,0.0
3,213500,0.0
3,213500,0.0
3,213500,0.0
1,213522,0.0
1,213522,0.0
1,213522,0.0
1,213522,0.0
1,213522,0.0
1,213522,0.0
1,213522,0.0
1,213559,0.0
1,213559,0.0
Other,213586,0.0
1,213823,0.0
1,213823,0.0
1,213823,0.0
1,213840,Other
1,213840,0.0
1,213840,0.0
1,213840,0.0
Other,213915,Other
Other,213915,0.0
2,214005,0.0
2,214005,0.0
1,214189,0.0
1,214189,0.0
1,214189,0.0
1,214189,0.0
1,214193,0.0
1,214193,0.0
1,214193,0.0
1,214193,0.0
Other,214199,0.0
2,214268,0.0
2,214268,0.0
2,214268,0.0
1,214334,0.0
1,214334,0.0
1,214334,0.0
Other,214340,Other
Other,214340,0.0
6,214433,0.0
2,214581,0.0
2,214581,0.0
2,214581,0.0
3,214649,0.0
3,214649,0.0
3,214649,0.0
1,214856,0.0
1,214856,0.0
1,215033,0.0
1,215033,0.0
1,215033,0.0
1,215033,0.0
6,215069,0.0
6,215131,0.0
1,215152,Other
1,215152,0.0
1,215152,0.0
1,215152,0.0
Other,215174,Other
6,215258,0.0
1,215268,0.0
1,215268,0.0
1,215268,0.0
1,215394,0.0
1,215394,0.0
1,215394,0.0
1,215394,0.0
1,215394,0.0
2,215472,0.0
2,215472,0.0
1,215485,0.0
1,215485,0.0
1,215487,0.0
1,215487,0.0
1,215487,0.0
1,215487,0.0
1,215487,0.0
1,215504,0.0
1,215504,0.0
6,215596,0.0
1,215675,0.0
1,215675,0.0
Other,215738,0.0
Other,215738,0.0
3,215751,0.0
3,215751,0.0
3,215751,0.0
3,215751,0.0
3,215785,0.0
3,215785,0.0
3,215785,0.0
Other,215904,0.0
Other,215904,0.0
Other,215904,0.0
3,215940,0.0
3,215940,0.0
6,215962,Other
2,215979,0.0
2,215979,0.0
2,215979,0.0
2,215979,0.0
2,215979,0.0
2,215979,0.0
3,216035,0.0
3,216035,0.0
3,216035,0.0
3,216035,0.0
1,216092,0.0
1,216092,0.0
1,216092,0.0
1,216117,0.0
1,216117,0.0
1,216117,0.0
1,216117,0.0
1,216163,0.0
1,216163,0.0
1,216163,0.0
1,216163,0.0
Other,216312,0.0
1,216330,Other
1,216330,0.0
1,216330,0.0
6,216352,0.0
1,216371,Other
1,216371,0.0
6,216377,0.0
2,216461,0.0
2,216461,0.0
2,216461,0.0
2,216461,0.0
2,216461,0.0
Other,216490,0.0
Other,216490,0.0
1,216513,Other
1,216513,Other
Other,216535,0.0
Other,216535,0.0
1,216618,0.0
1,216618,0.0
1,216618,0.0
1,216618,0.0
1,216618,0.0
1,216618,0.0
6,216696,0.0
Other,216756,0.0
Other,216756,0.0
Other,216756,0.0
Other,216756,0.0
Other,216756,0.0
Other,216756,0.0
3,216785,0.0
3,216785,0.0
3,216785,0.0
3,216824,0.0
3,216824,0.0
1,216904,Other
1,216904,0.0
1,216904,0.0
1,216904,0.0
1,216942,0.0
1,216942,0.0
6,217002,0.0
6,217106,0.0
6,217140,0.0
Other,217343,0.0
1,217345,0.0
1,217345,0.0
1,217345,0.0
1,217345,0.0
1,217346,0.0
1,217346,0.0
1,217405,0.0
1,217405,0.0
1,217405,0.0
1,217405,0.0
1,217405,0.0
1,217415,0.0
1,217415,0.0
2,217476,0.0
2,217476,0.0
1,217514,0.0
1,217514,0.0
1,217514,0.0
1,217514,0.0
1,217514,0.0
6,217633,0.0
1,217651,Other
1,217651,0.0
Other,217729,Other
6,217741,Other
1,217744,0.0
1,217744,0.0
1,217744,0.0
1,217763,Other
1,217763,0.0
1,217763,0.0
1,217763,0.0
6,217837,0.0
1,217885,0.0
1,217885,0.0
1,217885,0.0
6,217952,Other
Other,217995,0.0
6,218066,0.0
1,218139,0.0
1,218139,0.0
1,218139,0.0
1,218139,0.0
1,218141,0.0
1,218141,0.0
1,218141,0.0
1,218141,0.0
1,218141,0.0
1,218225,Other
1,218225,0.0
1,218225,0.0
2,218248,Other
2,218248,Other
1,218319,0.0
1,218319,0.0
1,218319,0.0
6,218329,0.0
6,218339,0.0
6,218377,0.0
6,218423,0.0
2,218430,0.0
2,218430,0.0
2,218430,0.0
2,218430,0.0
3,218476,0.0
3,218476,0.0
3,218476,0.0
3,218476,0.0
3,218476,0.0
3,218476,0.0
3,218476,0.0
3,218476,0.0
6,218556,0.0
Other,218565,0.0
1,218638,0.0
1,218638,0.0
2,218695,0.0
2,218695,0.0
Other,218697,Other
1,218710,0.0
1,218710,0.0
1,218710,0.0
1,218710,Other
1,218710,Other
1,218710,0.0
6,218718,0.0
Other,218749,Other
3,218809,0.0
3,218809,0.0
3,218809,0.0
3,218809,0.0
3,218809,0.0
3,218809,0.0
3,218948,0.0
3,218948,0.0
3,218948,0.0
3,218948,0.0
3,218948,0.0
1,219044,0.0
1,219044,0.0
1,219059,0.0
1,219059,0.0
1,219059,0.0
Other,219096,0.0
1,219324,0.0
1,219324,0.0
1,219324,0.0
1,219324,0.0
3,219332,0.0
3,219332,0.0
3,219332,0.0
Other,219381,Other
Other,219381,Other
1,219520,0.0
1,219520,0.0
1,219520,0.0
1,219520,0.0
1,219520,0.0
1,219520,0.0
1,219598,0.0
1,219598,0.0
Other,219675,Other
Other,219675,Other
Other,219893,0.0
1,219928,Other
1,219928,0.0
1,219984,0.0
1,219984,0.0
1,219984,0.0
1,219984,0.0
1,220066,0.0
1,220066,0.0
1,220170,0.0
1,220170,0.0
1,220219,0.0
1,220219,0.0
1,220221,0.0
1,220221,0.0
1,220221,0.0
1,220221,0.0
1,220251,Other
1,220251,0.0
1,220251,0.0
Other,220303,Other
1,220315,Other
1,220315,Other
1,220315,0.0
1,220315,0.0
1,220320,0.0
1,220320,0.0
Other,220332,0.0
1,220489,Other
1,220489,0.0
1,220489,0.0
1,220556,Other
1,220556,0.0
1,220556,0.0
2,220607,0.0
2,220607,0.0
2,220607,0.0
1,220629,0.0
1,220629,0.0
6,220654,0.0
3,220724,0.0
3,220724,0.0
6,220772,0.0
1,220916,0.0
1,220916,0.0
1,220916,0.0
3,221253,0.0
3,221253,0.0
3,221253,0.0
6,221266,0.0
3,221408,0.0
3,221408,0.0
3,221408,0.0
3,221408,0.0
3,221408,0.0
3,221408,0.0
3,221408,0.0
3,221576,0.0
3,221576,0.0
3,221576,0.0
3,221576,0.0
1,221601,0.0
1,221601,0.0
1,221601,0.0
Other,221634,0.0
Other,221634,0.0
1,221649,0.0
1,221649,0.0
3,221689,0.0
3,221689,0.0
3,221708,0.0
3,221708,0.0
6,221744,Other
3,221750,0.0
3,221750,0.0
3,221750,0.0
3,221750,0.0
Other,221773,0.0
Other,221773,0.0
Other,221814,0.0
6,221867,Other
1,221898,0.0
1,221898,0.0
1,221898,0.0
3,221917,0.0
3,221917,0.0
3,221917,0.0
3,221917,0.0
1,221951,Other
1,221951,0.0
1,221951,0.0
6,221980,0.0
1,222023,0.0
1,222023,0.0
1,222023,0.0
1,222023,0.0
1,222023,0.0
1,222105,0.0
1,222105,0.0
1,222105,0.0
1,222105,0.0
1,222125,0.0
1,222125,0.0
1,222125,0.0
1,222125,0.0
1,222397,0.0
1,222397,0.0
1,222397,0.0
1,222397,0.0
1,222408,0.0
1,222408,0.0
Other,222474,0.0
Other,222598,0.0
2,222694,0.0
2,222694,0.0
2,222694,0.0
1,222738,0.0
1,222738,0.0
1,222738,0.0
1,222738,0.0
6,222799,0.0
6,222812,0.0
3,222828,0.0
3,222828,0.0
3,222828,0.0
3,222828,0.0
3,222828,0.0
6,222856,0.0
Other,222904,0.0
Other,222904,0.0
Other,222904,0.0
1,222979,0.0
1,222979,0.0
2,223169,Other
2,223169,0.0
Other,223189,0.0
1,223325,0.0
1,223325,0.0
1,223443,0.0
1,223443,0.0
2,223453,0.0
2,223453,0.0
2,223453,0.0
1,223458,0.0
1,223458,Other
1,223458,0.0
1,223458,0.0
Other,223494,Other
Other,223591,0.0
Other,223627,0.0
Other,223627,0.0
Other,223627,0.0
3,223682,0.0
3,223682,0.0
3,223682,0.0
1,223684,Other
1,223684,0.0
1,223684,0.0
3,223695,0.0
3,223695,0.0
Other,223699,0.0
3,223819,0.0
3,223819,0.0
3,223819,0.0
3,223819,0.0
3,223819,0.0
1,223913,0.0
1,223913,0.0
1,223913,0.0
6,223929,0.0
Other,224011,0.0
1,224151,0.0
1,224151,Other
1,224151,0.0
1,224186,0.0
1,224186,0.0
Other,224220,0.0
3,224394,0.0
3,224394,0.0
1,224410,0.0
1,224410,0.0
6,224427,Other
1,224569,0.0
1,224569,0.0
1,224569,0.0
1,224569,0.0
2,224586,0.0
2,224586,0.0
2,224586,0.0
2,224586,0.0
2,224586,0.0
2,224586,0.0
2,224586,0.0
2,224586,0.0
2,224586,0.0
Other,224594,Other
Other,224679,0.0
2,224708,0.0
2,224708,0.0
3,224730,0.0
3,224730,0.0
3,224730,0.0
3,224730,0.0
3,224730,0.0
6,224759,0.0
6,224773,0.0
3,224781,0.0
3,224781,0.0
1,224817,0.0
1,224817,0.0
1,224817,0.0
1,224817,0.0
1,224817,0.0
1,224849,0.0
1,224849,0.0
1,224849,0.0
1,224849,0.0
1,224849,0.0
1,224849,0.0
1,224849,0.0
1,224849,0.0
1,224849,0.0
1,224849,0.0
Other,224880,0.0
Other,224880,0.0
Other,224880,0.0
Other,224890,0.0
2,224930,0.0
2,224930,0.0
2,224930,0.0
2,224930,0.0
2,224930,0.0
2,224930,0.0
6,224949,0.0
1,224963,0.0
1,224963,0.0
1,224963,0.0
1,224978,Other
1,224978,Other
6,225024,0.0
6,225063,Other
Other,225130,0.0
Other,225130,0.0
Other,225130,0.0
1,225138,0.0
1,225138,0.0
Other,225161,0.0
2,225165,0.0
2,225165,0.0
2,225165,0.0
2,225165,0.0
2,225165,0.0
3,225172,0.0
3,225172,0.0
3,225210,0.0
3,225210,0.0
1,225279,0.0
1,225279,0.0
1,225279,0.0
1,225288,0.0
1,225288,0.0
1,225288,0.0
1,225288,0.0
3,225323,0.0
3,225323,0.0
3,225323,0.0
3,225323,0.0
3,225323,0.0
3,225323,0.0
1,225491,Other
1,225491,Other
1,225605,Other
1,225605,0.0
6,225609,0.0
Other,225633,0.0
Other,225703,0.0
1,225739,0.0
1,225739,0.0
Other,225741,0.0
Other,225741,0.0
3,225745,0.0
3,225745,0.0
1,225796,0.0
1,225796,0.0
1,225796,0.0
1,225796,0.0
1,225818,0.0
1,225818,0.0
1,225818,0.0
6,225882,0.0
2,225948,Other
2,225948,0.0
2,225948,0.0
2,225948,0.0
2,225948,0.0
1,225953,0.0
1,225953,0.0
1,225953,0.0
1,225953,0.0
1,225953,0.0
1,225953,0.0
1,225953,0.0
1,225953,0.0
2,225981,Other
2,225981,Other
2,225981,0.0
2,225981,0.0
1,226015,0.0
1,226015,0.0
1,226015,0.0
1,226015,0.0
1,226015,0.0
1,226015,0.0
1,226015,0.0
1,226015,0.0
1,226040,0.0
1,226040,0.0
1,226040,0.0
1,226040,0.0
3,226104,0.0
3,226104,0.0
3,226104,0.0
3,226104,0.0
3,226104,0.0
3,226104,0.0
6,226106,0.0
2,226147,0.0
2,226147,0.0
2,226147,0.0
2,226147,0.0
Other,226176,Other
1,226228,Other
1,226228,0.0
Other,226246,0.0
Other,226246,0.0
1,226346,0.0
1,226346,0.0
1,226346,0.0
6,226371,Other
1,226380,0.0
1,226380,0.0
1,226380,0.0
1,226450,0.0
1,226450,0.0
Other,226499,0.0
Other,226499,0.0
Other,226499,0.0
1,226513,0.0
1,226513,0.0
1,226513,0.0
1,226513,0.0
3,226541,0.0
3,226541,0.0
3,226541,0.0
3,226541,0.0
3,226557,0.0
3,226557,0.0
3,226557,0.0
6,226570,0.0
6,226587,0.0
1,226688,Other
1,226688,0.0
1,226696,Other
1,226696,0.0
1,226696,0.0
1,226696,0.0
1,226696,0.0
1,226696,0.0
1,226696,0.0
1,226714,0.0
1,226714,0.0
1,226714,0.0
1,226714,0.0
1,226792,Other
1,226792,0.0
6,226795,0.0
2,226984,0.0
2,226984,0.0
2,226984,0.0
2,226984,0.0
2,226984,0.0
1,227003,0.0
1,227003,0.0
1,227003,0.0
1,227003,0.0
1,227003,0.0
Other,227057,0.0
6,227260,0.0
2,227376,0.0
2,227376,0.0
2,227376,0.0
2,227376,0.0
Other,227449,0.0
Other,227449,0.0
Other,227523,0.0
Other,227523,0.0
Other,227523,0.0
1,227553,Other
1,227553,Other
1,227553,0.0
Other,227582,0.0
Other,227582,0.0
3,227692,0.0
3,227692,0.0
3,227692,0.0
6,227773,Other
1,227868,0.0
1,227868,0.0
1,227868,0.0
1,227868,0.0
1,227868,0.0
1,227868,0.0
6,227900,0.0
1,227977,0.0
1,227977,0.0
1,227977,0.0
1,227977,0.0
1,228041,0.0
1,228041,0.0
1,228306,Other
1,228306,0.0
1,228306,0.0
3,228321,0.0
3,228321,0.0
3,228321,0.0
3,228321,0.0
3,228321,0.0
3,228329,0.0
3,228329,0.0
3,228329,0.0
3,228329,0.0
6,228370,0.0
1,228627,0.0
1,228627,0.0
3,228650,0.0
3,228650,0.0
3,228650,0.0
1,228669,0.0
1,228669,0.0
1,228669,0.0
3,228679,0.0
3,228679,0.0
Other,228725,0.0
6,228739,0.0
6,228751,0.0
6,228908,Other
3,228943,0.0
3,228943,0.0
Other,228991,Other
Other,228991,0.0
Other,228991,0.0
Other,228991,0.0
Other,228991,0.0
6,229028,0.0
1,229063,0.0
1,229063,0.0
1,229063,0.0
6,229106,Other
Other,229145,Other
1,229213,0.0
1,229213,0.0
1,229213,0.0
1,229213,0.0
3,229280,0.0
3,229280,0.0
3,229280,0.0
1,229386,0.0
1,229386,0.0
1,229386,0.0
Other,229561,0.0
Other,229671,0.0
Other,229671,Other
Other,229768,Other
1,229800,0.0
1,229800,0.0
1,229803,Other
1,229803,0.0
1,229803,0.0
1,229803,0.0
3,229859,0.0
3,229859,0.0
3,229859,0.0
6,229936,0.0
Other,229994,0.0
Other,229994,0.0
2,230008,0.0
2,230008,0.0
2,230008,0.0
2,230008,0.0
2,230086,0.0
2,230086,0.0
2,230086,0.0
6,230090,0.0
1,230105,Other
1,230105,0.0
Other,230119,0.0
Other,230119,0.0
3,230176,0.0
3,230176,0.0
3,230176,0.0
1,230202,0.0
1,230202,0.0
1,230202,0.0
1,230202,0.0
1,230202,0.0
1,230202,0.0
6,230205,0.0
1,230269,0.0
1,230269,0.0
1,230294,0.0
1,230294,0.0
1,230294,0.0
1,230294,0.0
1,230294,0.0
1,230342,0.0
1,230342,0.0
1,230385,Other
1,230385,Other
1,230492,Other
1,230492,0.0
1,230557,0.0
1,230557,0.0
1,230557,0.0
3,230579,0.0
3,230579,Other
3,230579,0.0
3,230763,0.0
3,230763,0.0
3,230763,0.0
1,230830,0.0
1,230830,0.0
1,230830,0.0
Other,230841,0.0
Other,230869,0.0
6,230913,0.0
1,230951,0.0
1,230951,0.0
1,230951,0.0
1,230951,0.0
Other,230956,Other
Other,230956,0.0
Other,231012,0.0
Other,231012,0.0
6,231054,0.0
3,231092,0.0
3,231092,0.0
3,231092,0.0
1,231258,0.0
1,231258,0.0
1,231258,0.0
1,231258,0.0
6,231332,0.0
6,231333,0.0
6,231375,0.0
6,231386,0.0
1,231390,Other
1,231390,0.0
1,231390,0.0
1,231390,0.0
1,231390,0.0
1,231393,0.0
1,231393,0.0
1,231393,0.0
1,231393,0.0
1,231393,0.0
6,231429,0.0
Other,231439,0.0
Other,231439,0.0
3,231452,0.0
3,231452,0.0
3,231452,0.0
Other,231461,0.0
3,231510,0.0
3,231510,0.0
3,231510,0.0
3,231510,0.0
1,231525,0.0
1,231525,Other
1,231525,0.0
3,231533,0.0
3,231533,0.0
1,231534,0.0
1,231534,0.0
1,231534,0.0
Other,231557,Other
1,231583,0.0
1,231583,0.0
1,231583,0.0
1,231600,Other
1,231600,Other
1,231678,0.0
1,231678,0.0
Other,231752,0.0
Other,231752,0.0
3,231754,0.0
3,231754,0.0
3,231754,0.0
3,231754,0.0
3,231754,0.0
2,231857,0.0
2,231857,0.0
2,231857,0.0
6,231874,0.0
6,231910,0.0
1,231925,0.0
1,231925,0.0
Other,232008,0.0
Other,232008,0.0
6,232009,Other
Other,232028,0.0
Other,232028,0.0
Other,232028,0.0
6,232037,0.0
1,232227,0.0
1,232227,0.0
2,232270,0.0
2,232270,0.0
2,232270,0.0
Other,232273,0.0
Other,232273,0.0
1,232330,0.0
1,232330,0.0
1,232330,0.0
1,232389,Other
1,232389,Other
1,232457,0.0
1,232457,0.0
1,232457,0.0
1,232457,0.0
1,232460,0.0
1,232460,0.0
1,232460,0.0
1,232460,0.0
6,232506,0.0
6,232590,0.0
3,232661,0.0
3,232661,0.0
3,232661,0.0
3,232661,0.0
Other,232674,0.0
Other,232674,0.0
1,232690,0.0
1,232690,0.0
1,232690,0.0
1,232690,0.0
1,232690,0.0
3,232711,0.0
3,232711,0.0
1,232799,0.0
1,232799,0.0
1,232799,0.0
1,232799,0.0
6,232851,0.0
Other,232860,Other
Other,232950,0.0
2,232976,0.0
2,232976,0.0
2,233008,Other
2,233008,0.0
Other,233015,0.0
Other,233015,0.0
1,233121,0.0
1,233121,0.0
1,233121,0.0
1,233121,0.0
1,233151,Other
1,233151,Other
1,233151,0.0
3,233189,0.0
3,233189,0.0
3,233189,0.0
1,233227,0.0
1,233227,0.0
1,233227,0.0
1,233227,0.0
1,233227,0.0
1,233272,0.0
1,233272,0.0
1,233272,0.0
1,233272,0.0
Other,233273,0.0
Other,233273,0.0
Other,233300,0.0
6,233311,0.0
Other,233349,0.0
Other,233356,0.0
3,233386,0.0
3,233386,0.0
Other,233399,0.0
Other,233399,0.0
1,233465,0.0
1,233465,0.0
6,233655,Other
3,233693,0.0
3,233693,0.0
1,233725,0.0
1,233725,0.0
1,233725,0.0
6,233747,0.0
Other,233843,0.0
1,233866,0.0
1,233866,0.0
1,233978,0.0
1,233978,0.0
1,233978,0.0
1,233978,0.0
1,233978,0.0
Other,234057,0.0
Other,234057,0.0
1,234099,0.0
1,234099,0.0
1,234099,0.0
1,234099,0.0
1,234099,0.0
1,234099,0.0
1,234099,0.0
1,234099,0.0
1,234099,0.0
Other,234120,0.0
Other,234120,0.0
1,234145,0.0
1,234145,0.0
1,234145,0.0
1,234145,0.0
1,234203,0.0
1,234203,0.0
6,234258,0.0
6,234269,0.0
1,234306,0.0
1,234306,0.0
1,234306,0.0
6,234319,Other
6,234371,0.0
3,234385,0.0
3,234385,0.0
3,234455,0.0
3,234455,0.0
Other,234495,0.0
Other,234495,Other
Other,234495,0.0
3,234504,0.0
3,234504,0.0
3,234504,0.0
1,234594,0.0
1,234594,0.0
1,234594,0.0
1,234594,0.0
1,234619,0.0
1,234619,0.0
1,234619,0.0
1,234619,0.0
Other,234658,Other
3,234770,0.0
3,234770,0.0
1,234861,0.0
1,234861,0.0
1,234861,0.0
1,234861,0.0
1,234861,0.0
6,234892,0.0
1,234938,0.0
1,234938,0.0
1,234938,0.0
Other,234952,0.0
Other,234952,0.0
1,235031,0.0
1,235031,0.0
1,235041,Other
1,235041,Other
3,235164,0.0
3,235164,0.0
3,235164,0.0
1,235204,Other
1,235204,0.0
1,235204,0.0
1,235204,0.0
1,235204,0.0
1,235204,0.0
1,235204,0.0
3,235242,Other
3,235242,0.0
3,235242,0.0
3,235242,0.0
Other,235256,Other
1,235258,0.0
1,235258,0.0
1,235277,0.0
1,235277,0.0
1,235277,0.0
1,235277,0.0
1,235277,0.0
6,235367,0.0
Other,235430,0.0
Other,235430,0.0
1,235449,Other
1,235449,0.0
1,235449,0.0
3,235452,0.0
3,235452,0.0
Other,235514,0.0
Other,235514,0.0
3,235598,0.0
3,235598,0.0
3,235598,0.0
3,235598,0.0
3,235598,0.0
1,235627,0.0
1,235627,0.0
1,235627,0.0
1,235627,0.0
2,235640,Other
2,235640,0.0
3,235685,0.0
3,235685,0.0
3,235685,0.0
1,235784,0.0
1,235784,0.0
6,235952,0.0
Other,235964,Other
3,236067,0.0
3,236067,0.0
Other,236122,0.0
6,236124,0.0
6,236164,0.0
1,236212,0.0
1,236212,Other
3,236231,0.0
3,236231,0.0
3,236231,0.0
3,236231,0.0
1,236293,0.0
1,236293,0.0
3,236330,0.0
3,236330,0.0
3,236331,0.0
3,236331,0.0
3,236331,0.0
1,236340,0.0
1,236340,Other
6,236401,0.0
1,236462,0.0
1,236462,0.0
1,236462,0.0
Other,236601,0.0
3,236605,0.0
3,236605,0.0
3,236605,0.0
3,236605,0.0
6,236648,Other
1,236698,0.0
1,236698,0.0
1,236698,0.0
1,236698,0.0
6,236923,0.0
1,236931,0.0
1,236931,0.0
3,236972,0.0
3,236972,0.0
3,236972,0.0
3,236972,0.0
1,237023,0.0
1,237023,0.0
1,237034,Other
1,237034,0.0
1,237063,0.0
1,237063,0.0
1,237063,0.0
1,237063,0.0
1,237084,Other
1,237084,Other
1,237308,0.0
1,237308,0.0
1,237308,0.0
1,237308,0.0
1,237308,0.0
1,237308,0.0
3,237317,0.0
3,237317,0.0
3,237317,0.0
3,237317,0.0
3,237317,0.0
6,237407,Other
6,237417,Other
1,237423,Other
1,237423,0.0
1,237455,0.0
1,237455,0.0
1,237455,0.0
1,237455,0.0
1,237455,0.0
1,237455,0.0
1,237509,0.0
1,237509,0.0
1,237509,0.0
1,237533,0.0
1,237533,0.0
1,237533,0.0
1,237533,0.0
6,237589,Other
3,237600,0.0
3,237600,0.0
Other,237616,Other
1,237646,Other
1,237646,0.0
2,237658,0.0
2,237658,0.0
2,237658,0.0
2,237658,0.0
6,237754,0.0
6,237786,0.0
3,237829,0.0
3,237829,0.0
6,237893,0.0
6,237897,0.0
Other,237937,0.0
6,237950,0.0
1,238051,0.0
1,238051,0.0
3,238111,0.0
3,238111,0.0
3,238111,0.0
3,238111,0.0
1,238255,0.0
1,238255,0.0
6,238262,0.0
2,238275,0.0
2,238275,0.0
2,238275,0.0
1,238285,0.0
1,238285,0.0
1,238285,0.0
1,238285,Other
1,238285,0.0
1,238353,Other
1,238353,0.0
1,238353,0.0
1,238353,0.0
2,238355,0.0
2,238355,Other
1,238393,Other
1,238393,0.0
Other,238517,0.0
6,238553,0.0
1,238560,0.0
1,238560,0.0
1,238560,0.0
Other,238564,0.0
3,238598,0.0
3,238598,0.0
6,238691,0.0
1,238854,Other
1,238854,0.0
Other,238890,0.0
Other,238890,0.0
Other,238937,0.0
1,238992,0.0
1,238992,0.0
1,238992,0.0
1,239050,0.0
1,239050,Other
1,239050,0.0
3,239103,0.0
3,239103,0.0
6,239222,0.0
Other,239247,0.0
Other,239247,0.0
6,239266,0.0
1,239368,0.0
1,239368,0.0
1,239368,0.0
1,239368,0.0
1,239422,0.0
1,239422,0.0
1,239422,0.0
1,239427,0.0
1,239427,0.0
1,239427,0.0
1,239427,0.0
1,239427,0.0
1,239427,0.0
6,239460,0.0
1,239501,0.0
1,239501,0.0
Other,239540,0.0
Other,239540,0.0
1,239547,0.0
1,239547,0.0
1,239547,0.0
1,239547,0.0
6,239550,0.0
3,239593,0.0
3,239593,0.0
Other,239635,Other
2,239686,0.0
2,239686,0.0
2,239686,0.0
2,239686,0.0
1,239721,0.0
1,239721,0.0
1,239721,0.0
1,239721,0.0
1,239721,0.0
1,239721,0.0
1,239721,0.0
1,239721,0.0
1,239721,0.0
1,239766,Other
1,239766,0.0
1,239766,0.0
1,239766,0.0
1,239766,0.0
1,239910,0.0
1,239910,0.0
6,239912,0.0
Other,239936,0.0
Other,239976,0.0
Other,239979,0.0
Other,240182,0.0
Other,240182,0.0
Other,240182,0.0
6,240240,Other
1,240285,0.0
1,240285,0.0
1,240285,0.0
1,240285,0.0
1,240285,0.0
1,240285,0.0
1,240285,0.0
Other,240327,0.0
3,240331,0.0
3,240331,0.0
6,240356,0.0
6,240377,0.0
Other,240394,Other
6,240494,0.0
3,240512,Other
3,240512,0.0
3,240512,0.0
Other,240545,0.0
Other,240545,0.0
1,240617,0.0
1,240617,0.0
3,240717,0.0
3,240717,0.0
3,240717,0.0
3,240717,0.0
3,240717,0.0
1,240824,0.0
1,240824,0.0
Other,240884,Other
Other,240884,0.0
2,240901,0.0
2,240901,0.0
2,240901,0.0
2,240901,0.0
2,240901,0.0
2,240901,0.0
6,241048,0.0
Other,241201,Other
1,241214,0.0
1,241214,0.0
1,241214,0.0
1,241214,0.0
1,241214,0.0
6,241297,0.0
3,241323,0.0
3,241323,0.0
1,241347,Other
1,241347,0.0
1,241417,0.0
1,241417,0.0
1,241417,0.0
1,241417,0.0
1,241417,0.0
1,241417,0.0
1,241417,0.0
1,241417,0.0
6,241437,0.0
Other,241509,0.0
Other,241509,0.0
Other,241509,0.0
6,241525,Other
1,241636,0.0
1,241636,0.0
1,241636,0.0
1,241636,0.0
1,241636,0.0
Other,241647,0.0
Other,241647,0.0
Other,241647,0.0
1,241746,Other
1,241746,0.0
6,241790,Other
6,241983,Other
3,242115,0.0
3,242115,0.0
3,242115,0.0
3,242115,0.0
3,242388,0.0
3,242388,0.0
3,242394,0.0
3,242394,0.0
3,242474,0.0
3,242474,0.0
1,242537,0.0
1,242537,0.0
Other,242548,0.0
6,242590,Other
1,242849,0.0
1,242849,0.0
1,242849,0.0
6,242863,0.0
1,242890,0.0
1,242890,0.0
1,243020,0.0
1,243020,0.0
1,243020,0.0
1,243020,0.0
1,243020,0.0
1,243093,0.0
1,243093,0.0
1,243093,0.0
1,243093,0.0
3,243117,0.0
3,243117,0.0
Other,243120,0.0
1,243151,0.0
1,243151,0.0
3,243154,0.0
3,243154,0.0
3,243154,0.0
Other,243165,Other
1,243209,Other
1,243209,Other
Other,243254,Other
1,243281,0.0
1,243281,0.0
3,243309,0.0
3,243309,0.0
3,243309,0.0
1,243337,0.0
1,243337,0.0
1,243337,0.0
1,243337,0.0
3,243515,0.0
3,243515,0.0
3,243515,0.0
Other,243567,0.0
Other,243567,0.0
6,243693,0.0
1,243696,Other
1,243696,0.0
Other,243702,0.0
Other,243702,0.0
Other,243900,0.0
6,243908,0.0
1,244050,Other
1,244050,0.0
1,244053,Other
1,244053,Other
1,244053,0.0
3,244066,0.0
3,244066,0.0
3,244116,0.0
3,244116,0.0
3,244116,0.0
3,244116,0.0
Other,244150,0.0
Other,244150,0.0
3,244176,Other
3,244176,0.0
3,244176,0.0
1,244178,0.0
1,244178,0.0
1,244178,0.0
6,244203,Other
3,244209,0.0
3,244209,0.0
3,244209,0.0
3,244209,0.0
1,244229,0.0
1,244229,0.0
1,244229,0.0
Other,244236,0.0
6,244240,Other
1,244302,0.0
1,244302,0.0
6,244375,0.0
2,244463,0.0
2,244463,0.0
2,244463,0.0
6,244523,0.0
1,244648,0.0
1,244648,0.0
3,244668,0.0
3,244668,0.0
1,244813,Other
1,244813,0.0
Other,244930,0.0
Other,244930,0.0
1,245063,0.0
1,245063,0.0
1,245063,0.0
1,245063,0.0
6,245209,0.0
Other,245386,0.0
Other,245386,0.0
Other,245630,Other
1,245645,0.0
1,245645,0.0
6,245650,0.0
1,245671,Other
1,245671,0.0
Other,245680,Other
Other,245680,Other
Other,245680,Other
2,245754,0.0
2,245754,0.0
3,245774,0.0
3,245774,0.0
3,245774,0.0
3,245774,0.0
1,245791,0.0
1,245791,0.0
1,245791,0.0
Other,245949,0.0
Other,245949,0.0
Other,245956,Other
Other,245956,0.0
Other,245956,0.0
Other,245979,0.0
Other,246028,Other
1,246122,0.0
1,246122,0.0
1,246122,0.0
1,246122,0.0
1,246134,Other
1,246134,Other
1,246134,0.0
1,246160,0.0
1,246160,0.0
1,246160,0.0
1,246160,0.0
6,246171,0.0
6,246181,Other
1,246218,Other
1,246218,0.0
1,246218,0.0
1,246218,0.0
1,246218,0.0
1,246218,0.0
1,246233,0.0
1,246233,0.0
1,246233,0.0
3,246260,0.0
3,246260,0.0
1,246283,0.0
1,246283,0.0
1,246283,0.0
1,246283,0.0
1,246283,0.0
1,246283,0.0
3,246352,0.0
3,246352,0.0
6,246364,Other
Other,246389,Other
Other,246389,0.0
Other,246389,0.0
Other,246464,Other
Other,246464,0.0
1,246511,0.0
1,246511,0.0
1,246625,0.0
1,246625,0.0
1,246625,0.0
2,246759,0.0
2,246759,0.0
2,246759,0.0
2,246759,0.0
2,246759,0.0
Other,246838,Other
Other,246838,0.0
6,246858,Other
3,246874,0.0
3,246874,0.0
Other,246900,Other
1,246906,0.0
1,246906,0.0
1,246906,0.0
1,246979,0.0
1,246979,Other
6,247032,0.0
6,247076,0.0
1,247124,Other
1,247124,0.0
1,247127,0.0
1,247127,0.0
3,247169,0.0
3,247169,0.0
3,247169,0.0
3,247169,0.0
3,247169,0.0
3,247169,0.0
Other,247248,0.0
1,247261,0.0
1,247261,0.0
1,247261,0.0
6,247275,0.0
6,247277,0.0
Other,247290,0.0
1,247301,0.0
1,247301,0.0
1,247301,0.0
6,247458,0.0
2,247478,0.0
2,247478,0.0
2,247478,0.0
1,247562,Other
1,247562,Other
1,247590,Other
1,247590,0.0
1,247590,0.0
1,247590,0.0
1,247590,0.0
1,247590,0.0
2,247783,0.0
2,247783,0.0
3,247812,0.0
3,247812,0.0
3,247812,0.0
Other,247846,0.0
Other,247846,0.0
3,247877,Other
3,247877,0.0
3,247877,0.0
1,247945,0.0
1,247945,0.0
1,247966,0.0
1,247966,0.0
3,247968,0.0
3,247968,0.0
1,248000,0.0
1,248000,0.0
1,248000,0.0
1,248000,0.0
1,248000,0.0
1,248000,0.0
1,248000,0.0
Other,248033,0.0
Other,248033,0.0
6,248063,0.0
1,248101,0.0
1,248101,0.0
1,248101,0.0
1,248101,0.0
1,248101,0.0
Other,248127,0.0
Other,248296,0.0
Other,248296,0.0
1,248300,Other
1,248300,Other
1,248300,0.0
1,248368,0.0
1,248368,0.0
1,248511,Other
1,248511,0.0
1,248587,0.0
1,248587,0.0
1,248587,0.0
1,248587,0.0
1,248587,0.0
1,248587,0.0
6,248624,0.0
2,248651,0.0
2,248651,0.0
2,248651,0.0
1,248677,0.0
1,248677,0.0
1,248803,Other
1,248803,0.0
1,248803,0.0
6,248827,0.0
3,248855,0.0
3,248855,Other
1,248864,0.0
1,248864,0.0
1,248864,0.0
1,248864,0.0
1,248864,0.0
3,249003,0.0
3,249003,0.0
3,249003,0.0
3,249003,0.0
1,249117,0.0
1,249117,0.0
3,249119,0.0
3,249119,0.0
3,249119,0.0
3,249119,0.0
1,249222,0.0
1,249222,0.0
1,249222,Other
1,249222,0.0
1,249222,0.0
1,249222,0.0
3,249274,0.0
3,249274,0.0
3,249274,0.0
3,249274,0.0
3,249274,0.0
1,249279,Other
1,249279,Other
1,249279,0.0
6,249336,0.0
1,249377,0.0
1,249377,0.0
1,249379,0.0
1,249379,0.0
1,249379,0.0
1,249379,0.0
1,249379,0.0
1,249379,0.0
1,249379,0.0
1,249457,0.0
1,249457,0.0
1,249457,0.0
1,249638,Other
1,249638,0.0
3,249690,0.0
3,249690,0.0
3,249690,0.0
3,249690,0.0
Other,249698,0.0
1,249719,0.0
1,249719,0.0
1,249719,0.0
1,249758,Other
1,249758,Other
3,249842,0.0
3,249842,0.0
3,249842,0.0
1,249871,Other
1,249871,0.0
6,249882,0.0
3,249896,0.0
3,249896,0.0
3,249896,0.0
1,249904,0.0
1,249904,0.0
1,249904,0.0
1,249966,0.0
1,249966,0.0
1,249966,0.0
1,249966,0.0
Other,250024,0.0
1,250233,0.0
1,250233,0.0
6,250329,0.0
3,250360,0.0
3,250360,0.0
3,250360,0.0
6,250528,0.0
1,250635,Other
1,250635,Other
1,250641,0.0
1,250641,0.0
1,250644,0.0
1,250644,0.0
1,250644,0.0
1,250644,0.0
1,250644,0.0
1,250644,0.0
Other,250728,0.0
Other,250748,0.0
Other,250748,0.0
2,250785,0.0
2,250785,0.0
2,250785,0.0
2,250785,0.0
2,250785,0.0
Other,250877,0.0
1,250906,Other
1,250906,0.0
1,250906,0.0
Other,250945,0.0
Other,250965,Other
Other,250965,0.0
6,251414,0.0
6,251431,0.0
3,251454,0.0
3,251454,0.0
6,251485,Other
Other,251586,Other
1,251658,Other
1,251658,Other
1,251658,0.0
1,251658,0.0
6,251675,Other
1,251695,0.0
1,251695,0.0
1,251695,0.0
6,251717,0.0
2,251730,0.0
2,251730,0.0
2,251730,0.0
Other,251748,Other
Other,251748,0.0
6,251958,0.0
Other,252034,0.0
Other,252237,0.0
Other,252237,0.0
Other,252281,0.0
Other,252281,0.0
Other,252316,0.0
6,252417,0.0
1,252454,0.0
1,252454,0.0
1,252454,0.0
1,252454,0.0
1,252454,0.0
6,252520,0.0
Other,252611,0.0
Other,252611,0.0
Other,252646,0.0
Other,252646,0.0
Other,252653,0.0
Other,252812,0.0
Other,252812,0.0
Other,252900,0.0
Other,252911,0.0
Other,252911,0.0
Other,252918,0.0
Other,252918,0.0
6,252979,0.0
1,253042,0.0
1,253042,0.0
1,253042,0.0
6,253054,0.0
3,253078,0.0
3,253078,0.0
6,253161,0.0
Other,253219,Other
1,253251,0.0
1,253251,0.0
1,253350,0.0
1,253350,0.0
1,253350,0.0
1,253350,0.0
Other,253386,0.0
Other,253386,0.0
1,253390,Other
1,253390,Other
1,253390,0.0
Other,253434,0.0
3,253436,0.0
3,253436,0.0
3,253436,0.0
3,253436,0.0
3,253436,0.0
3,253436,0.0
3,253436,0.0
3,253436,0.0
Other,253483,Other
1,253581,Other
1,253581,0.0
1,253581,0.0
1,253581,0.0
1,253581,0.0
3,253657,0.0
3,253657,0.0
3,253657,0.0
Other,253710,0.0
1,253711,0.0
1,253711,0.0
1,253711,0.0
1,253711,0.0
1,253711,0.0
1,253857,0.0
1,253857,0.0
1,253857,0.0
1,253857,0.0
1,253857,0.0
1,253899,0.0
1,253899,0.0
1,253899,0.0
1,253899,0.0
Other,253919,0.0
1,253922,Other
1,253922,0.0
Other,254019,0.0
Other,254019,0.0
1,254022,Other
1,254022,Other
3,254058,0.0
3,254058,0.0
3,254058,0.0
1,254131,Other
1,254131,0.0
1,254131,0.0
1,254131,0.0
1,254131,0.0
1,254131,0.0
1,254131,0.0
6,254329,0.0
1,254424,0.0
1,254424,0.0
1,254424,0.0
3,254472,Other
3,254472,0.0
3,254472,0.0
Other,254518,0.0
Other,254518,0.0
Other,254555,0.0
3,254585,0.0
3,254585,0.0
3,254595,0.0
3,254595,0.0
3,254595,0.0
3,254595,0.0
3,254595,0.0
3,254595,0.0
Other,254637,0.0
2,254653,0.0
2,254653,0.0
1,254727,0.0
1,254727,0.0
1,254727,0.0
3,254741,0.0
3,254741,0.0
3,254821,0.0
3,254821,0.0
3,254821,0.0
3,254821,0.0
3,254869,0.0
3,254869,0.0
3,254869,0.0
3,254869,0.0
6,254902,0.0
6,255045,0.0
Other,255180,0.0
6,255247,0.0
6,255325,Other
6,255344,0.0
1,255427,0.0
1,255427,0.0
1,255427,0.0
1,255454,0.0
1,255454,0.0
1,255454,0.0
1,255454,0.0
1,255454,0.0
1,255454,0.0
1,255454,0.0
1,255454,0.0
1,255454,0.0
1,255621,Other
1,255621,0.0
6,255709,0.0
1,255716,0.0
1,255716,0.0
1,255716,0.0
1,255716,0.0
1,255723,Other
1,255723,Other
1,255737,Other
1,255737,0.0
Other,255961,0.0
Other,255962,0.0
Other,255962,0.0
Other,255962,0.0
1,256051,0.0
1,256051,0.0
1,256090,0.0
1,256090,0.0
1,256090,0.0
1,256090,0.0
1,256090,0.0
1,256090,0.0
3,256161,0.0
3,256161,0.0
3,256170,0.0
3,256170,0.0
3,256170,0.0
3,256170,0.0
3,256170,Other
3,256170,0.0
3,256170,0.0
6,256206,Other
1,256221,0.0
1,256221,0.0
1,256221,0.0
6,256238,0.0
Other,256287,0.0
Other,256287,0.0
Other,256304,Other
Other,256304,0.0
Other,256304,0.0
1,256333,0.0
1,256333,0.0
1,256333,0.0
1,256333,0.0
Other,256476,0.0
Other,256476,0.0
Other,256476,0.0
2,256491,0.0
2,256491,0.0
2,256491,0.0
2,256491,0.0
1,256512,0.0
1,256512,0.0
1,256512,0.0
6,256584,0.0
1,256595,0.0
1,256595,0.0
Other,256644,0.0
Other,256644,0.0
1,256703,0.0
1,256703,0.0
1,256703,0.0
1,256703,0.0
3,256784,0.0
3,256784,0.0
1,256793,0.0
1,256793,0.0
6,256810,0.0
1,256918,0.0
1,256918,0.0
1,256918,Other
1,256918,0.0
1,256918,0.0
1,256918,0.0
6,256967,Other
3,256991,0.0
3,256991,0.0
3,256991,Other
6,257059,Other
Other,257071,0.0
6,257076,0.0
1,257103,0.0
1,257103,0.0
Other,257152,0.0
Other,257214,0.0
6,257337,0.0
Other,257408,0.0
Other,257408,0.0
3,257497,0.0
3,257497,0.0
6,257558,0.0
6,257577,0.0
6,257630,0.0
6,257663,0.0
1,257665,0.0
1,257665,0.0
1,257683,Other
1,257683,0.0
1,257683,0.0
1,257683,0.0
2,257717,0.0
2,257717,0.0
2,257717,0.0
1,257738,Other
1,257738,Other
1,257738,0.0
1,257752,0.0
1,257752,0.0
1,257770,0.0
1,257770,0.0
1,257770,0.0
1,257770,0.0
1,257770,0.0
1,257770,0.0
1,257770,0.0
1,257978,0.0
1,257978,0.0
1,257978,0.0
6,258176,Other
1,258198,0.0
1,258198,0.0
6,258199,Other
Other,258297,0.0
3,258321,0.0
3,258321,0.0
3,258501,Other
3,258501,Other
1,258564,0.0
1,258564,0.0
1,258564,0.0
1,258601,0.0
1,258601,0.0
1,258601,0.0
1,258601,0.0
1,258622,0.0
1,258622,0.0
Other,258733,0.0
6,258766,0.0
3,258779,0.0
3,258779,0.0
3,258779,0.0
3,258779,0.0
3,258779,0.0
1,258781,Other
1,258781,Other
Other,258837,Other
6,258858,Other
3,258861,0.0
3,258861,0.0
3,258861,0.0
3,258861,0.0
1,259063,0.0
1,259063,0.0
3,259085,0.0
3,259085,0.0
3,259085,0.0
1,259105,0.0
1,259105,0.0
1,259105,0.0
1,259105,0.0
Other,259427,0.0
Other,259427,0.0
Other,259427,0.0
6,259473,0.0
Other,259482,0.0
1,259521,0.0
1,259521,0.0
Other,259616,0.0
Other,259616,0.0
6,259731,0.0
6,259754,0.0
Other,259763,0.0
Other,259763,0.0
1,259767,Other
1,259767,0.0
3,259779,0.0
3,259779,0.0
3,259779,0.0
6,259969,0.0
1,259987,0.0
1,259987,0.0
1,259987,0.0
1,259987,0.0
1,259997,0.0
1,259997,0.0
1,260031,0.0
1,260031,Other
Other,260033,0.0
Other,260033,0.0
Other,260086,Other
1,260109,0.0
1,260109,0.0
1,260109,0.0
1,260109,0.0
6,260207,0.0
3,260219,0.0
3,260219,0.0
1,260250,0.0
1,260250,Other
1,260250,0.0
1,260270,0.0
1,260270,Other
1,260270,Other
1,260360,0.0
1,260360,0.0
1,260360,0.0
1,260360,0.0
1,260360,0.0
Other,260382,0.0
Other,260382,0.0
1,260560,0.0
1,260560,0.0
1,260560,0.0
1,260560,0.0
1,260560,0.0
1,260560,0.0
3,260692,0.0
3,260692,0.0
Other,260743,0.0
Other,260743,0.0
6,260762,0.0
2,260800,0.0
2,260800,0.0
2,260800,0.0
2,260800,0.0
2,260800,0.0
6,260849,0.0
3,260874,0.0
3,260874,0.0
3,260874,0.0
1,260911,0.0
1,260911,0.0
1,260911,0.0
1,260911,0.0
1,260956,0.0
1,260956,Other
1,260956,0.0
Other,260994,0.0
Other,260994,0.0
1,261022,0.0
1,261022,0.0
1,261022,0.0
1,261022,0.0
1,261083,Other
1,261083,0.0
6,261122,0.0
6,261188,0.0
1,261298,0.0
1,261298,0.0
1,261298,0.0
1,261298,0.0
1,261312,0.0
1,261312,0.0
1,261312,0.0
1,261412,0.0
1,261412,0.0
6,261452,0.0
6,261465,0.0
6,261475,0.0
3,261487,0.0
3,261487,0.0
3,261487,0.0
3,261491,0.0
3,261491,0.0
3,261491,0.0
6,261542,0.0
1,261547,0.0
1,261547,0.0
6,261617,0.0
1,261691,0.0
1,261691,0.0
1,261716,0.0
1,261716,0.0
Other,261749,0.0
Other,261749,0.0
Other,261749,0.0
Other,261749,0.0
1,261765,0.0
1,261765,0.0
1,261765,0.0
6,261842,0.0
3,261906,0.0
3,261906,0.0
3,262020,0.0
3,262020,0.0
3,262020,0.0
Other,262151,0.0
Other,262151,0.0
Other,262151,0.0
1,262275,0.0
1,262275,0.0
1,262275,0.0
1,262275,0.0
2,262280,0.0
2,262280,0.0
2,262280,0.0
2,262280,0.0
1,262295,Other
1,262295,0.0
1,262304,Other
1,262304,0.0
1,262304,0.0
1,262304,0.0
3,262346,0.0
3,262346,0.0
3,262346,0.0
3,262346,0.0
1,262451,0.0
1,262451,0.0
1,262451,0.0
6,262461,0.0
6,262484,Other
1,262509,0.0
1,262509,0.0
1,262509,0.0
1,262509,0.0
1,262519,Other
1,262519,0.0
1,262519,0.0
1,262519,0.0
2,262545,0.0
2,262545,0.0
2,262545,0.0
2,262545,0.0
Other,262617,0.0
Other,262640,0.0
1,262700,0.0
1,262700,0.0
1,262748,0.0
1,262748,0.0
6,262857,Other
3,263038,0.0
3,263038,0.0
1,263090,0.0
1,263090,0.0
1,263211,0.0
1,263211,0.0
1,263211,0.0
1,263211,0.0
3,263212,0.0
3,263212,0.0
Other,263217,0.0
1,263232,0.0
1,263232,0.0
1,263232,0.0
1,263232,0.0
1,263232,0.0
1,263267,0.0
1,263267,0.0
1,263269,0.0
1,263269,Other
Other,263359,0.0
Other,263359,0.0
Other,263359,0.0
Other,263377,0.0
Other,263437,Other
Other,263444,0.0
Other,263533,0.0
Other,263533,0.0
1,263590,Other
1,263590,0.0
Other,263596,0.0
6,263609,0.0
1,263616,0.0
1,263616,0.0
1,263616,0.0
Other,263730,0.0
Other,263730,0.0
1,263762,0.0
1,263762,0.0
3,263776,0.0
3,263776,0.0
6,263994,0.0
6,264215,0.0
1,264434,0.0
1,264434,0.0
1,264434,0.0
1,264434,0.0
1,264436,Other
1,264436,Other
1,264436,Other
1,264436,Other
6,264455,Other
6,264465,0.0
1,264493,0.0
1,264493,0.0
Other,264589,0.0
Other,264589,0.0
Other,264589,0.0
1,264688,0.0
1,264688,0.0
1,264688,0.0
1,264688,0.0
1,264688,0.0
1,264787,0.0
1,264787,0.0
1,264787,0.0
1,264787,0.0
6,264819,Other
Other,264836,0.0
Other,264836,0.0
Other,264850,0.0
Other,264850,0.0
2,264862,0.0
2,264862,0.0
1,264903,0.0
1,264903,Other
1,264903,0.0
3,264998,0.0
3,264998,0.0
3,264998,0.0
3,264998,0.0
3,264998,0.0
3,264998,0.0
3,264998,0.0
3,264998,0.0
3,264998,0.0
3,264998,0.0
3,264998,0.0
3,264998,0.0
3,264998,0.0
3,264998,0.0
3,264998,0.0
1,265029,0.0
1,265029,0.0
1,265029,0.0
1,265029,0.0
1,265029,0.0
1,265029,0.0
1,265029,0.0
1,265029,0.0
1,265056,0.0
1,265056,0.0
1,265302,0.0
1,265302,0.0
1,265302,0.0
1,265302,0.0
3,265402,0.0
3,265402,0.0
3,265494,Other
3,265494,0.0
3,265496,0.0
3,265496,0.0
3,265496,0.0
Other,265500,Other
1,265597,0.0
1,265597,0.0
1,265597,0.0
1,265597,0.0
6,265736,0.0
Other,265807,0.0
1,265868,0.0
1,265868,0.0
Other,265966,0.0
Other,265966,0.0
6,265976,0.0
1,266062,0.0
1,266062,Other
1,266103,Other
1,266103,0.0
1,266113,Other
1,266113,0.0
1,266113,0.0
1,266113,0.0
1,266113,0.0
3,266159,0.0
3,266159,0.0
3,266159,0.0
Other,266264,0.0
1,266265,Other
1,266265,0.0
1,266265,0.0
1,266265,0.0
1,266265,0.0
6,266276,0.0
1,266296,0.0
1,266296,0.0
1,266296,0.0
6,266377,0.0
1,266402,0.0
1,266402,0.0
1,266402,0.0
1,266402,0.0
1,266422,0.0
1,266422,0.0
1,266422,0.0
1,266449,0.0
1,266449,0.0
1,266449,0.0
1,266449,0.0
2,266485,Other
2,266485,Other
2,266485,Other
6,266574,Other
1,266578,0.0
1,266578,0.0
1,266578,0.0
1,266578,0.0
1,266630,0.0
1,266630,0.0
1,266630,Other
1,266630,0.0
1,266630,0.0
1,266630,0.0
1,266630,0.0
1,266763,0.0
1,266763,0.0
Other,266824,0.0
1,266829,0.0
1,266829,0.0
1,266829,0.0
1,266887,0.0
1,266887,0.0
1,266887,0.0
1,266887,0.0
1,266887,0.0
1,266887,0.0
1,266887,0.0
1,266887,0.0
1,266887,0.0
1,266887,0.0
1,266887,0.0
1,266966,0.0
1,266966,0.0
1,266966,0.0
1,266966,0.0
6,266998,0.0
2,267207,0.0
2,267207,0.0
2,267207,0.0
1,267223,0.0
1,267223,0.0
1,267223,0.0
1,267223,0.0
3,267234,0.0
3,267234,0.0
3,267234,0.0
1,267244,0.0
1,267244,0.0
1,267244,0.0
1,267244,0.0
1,267287,0.0
1,267287,0.0
2,267472,0.0
2,267472,0.0
2,267472,0.0
2,267472,0.0
2,267472,0.0
2,267472,0.0
2,267472,0.0
2,267472,0.0
3,267475,0.0
3,267475,0.0
3,267475,0.0
1,267610,0.0
1,267610,0.0
1,267613,0.0
1,267613,0.0
1,267613,0.0
Other,267650,Other
1,267661,Other
1,267661,0.0
1,267661,0.0
1,267661,Other
3,267670,0.0
3,267670,0.0
1,267681,0.0
1,267681,0.0
1,267681,0.0
1,267681,0.0
6,267772,0.0
Other,267802,0.0
1,267815,0.0
1,267815,0.0
1,267815,0.0
1,267815,0.0
1,267815,0.0
6,267949,Other
6,267964,0.0
2,268018,0.0
2,268018,0.0
6,268036,0.0
1,268075,0.0
1,268075,0.0
1,268075,0.0
1,268075,0.0
1,268075,0.0
1,268075,0.0
1,268122,Other
1,268122,0.0
3,268126,0.0
3,268126,0.0
3,268126,0.0
1,268136,Other
1,268136,Other
1,268220,0.0
1,268220,0.0
1,268220,0.0
1,268232,0.0
1,268232,0.0
1,268232,0.0
1,268232,0.0
Other,268279,0.0
6,268311,0.0
Other,268365,0.0
Other,268365,0.0
1,268369,0.0
1,268369,0.0
1,268369,0.0
1,268369,0.0
1,268369,0.0
6,268374,0.0
6,268445,0.0
1,268454,0.0
1,268454,0.0
1,268454,0.0
1,268462,0.0
1,268462,0.0
1,268462,0.0
3,268524,0.0
3,268524,0.0
6,268557,Other
Other,268565,0.0
1,268591,Other
1,268591,0.0
6,268801,0.0
1,268817,0.0
1,268817,0.0
1,268817,0.0
1,268817,0.0
3,268946,0.0
3,268946,0.0
3,268946,0.0
1,268958,0.0
1,268958,0.0
1,268958,0.0
6,269070,0.0
6,269094,0.0
1,269100,0.0
1,269100,0.0
1,269100,0.0
1,269100,0.0
1,269100,0.0
1,269232,Other
1,269232,Other
1,269232,0.0
6,269244,0.0
1,269297,0.0
1,269297,Other
Other,269301,0.0
3,269319,0.0
3,269319,0.0
Other,269346,0.0
1,269365,Other
1,269365,0.0
1,269365,0.0
3,269404,0.0
3,269404,0.0
3,269404,0.0
Other,269427,0.0
3,269442,0.0
3,269442,0.0
3,269618,0.0
3,269618,0.0
1,269696,0.0
1,269696,0.0
1,269696,0.0
1,269696,0.0
6,269791,Other
3,270098,0.0
3,270098,0.0
3,270098,0.0
3,270098,0.0
3,270098,0.0
3,270098,0.0
3,270098,0.0
3,270148,Other
3,270148,0.0
1,270176,Other
1,270176,0.0
Other,270203,0.0
1,270271,0.0
1,270271,0.0
1,270271,0.0
3,270291,0.0
3,270291,0.0
3,270291,0.0
6,270308,0.0
1,270335,0.0
1,270335,Other
1,270335,0.0
Other,270360,0.0
Other,270360,0.0
Other,270437,0.0
Other,270437,0.0
1,270465,0.0
1,270465,0.0
1,270465,0.0
1,270465,0.0
1,270466,0.0
1,270466,0.0
3,270486,0.0
3,270486,0.0
3,270486,0.0
3,270486,0.0
3,270486,0.0
3,270486,0.0
3,270486,0.0
3,270486,0.0
1,270496,0.0
1,270496,0.0
1,270496,0.0
1,270583,0.0
1,270583,0.0
1,270583,0.0
3,270659,0.0
3,270659,0.0
3,270659,0.0
3,270659,0.0
3,270710,0.0
3,270710,0.0
3,270710,0.0
1,270824,0.0
1,270824,Other
2,270879,0.0
2,270879,0.0
2,270879,0.0
2,270879,0.0
1,270903,0.0
1,270903,0.0
1,270903,0.0
1,270932,Other
1,270932,Other
1,270932,0.0
1,271015,0.0
1,271015,0.0
1,271015,0.0
1,271015,0.0
1,271015,0.0
2,271053,0.0
2,271053,0.0
2,271053,0.0
2,271053,0.0
2,271053,0.0
1,271073,Other
1,271073,Other
6,271117,0.0
1,271155,Other
1,271155,0.0
1,271181,Other
1,271181,Other
6,271187,0.0
1,271197,0.0
1,271197,Other
6,271265,0.0
1,271410,0.0
1,271410,0.0
1,271410,0.0
1,271435,0.0
1,271435,0.0
1,271435,0.0
1,271435,0.0
1,271435,0.0
Other,271546,0.0
Other,271546,0.0
1,271604,0.0
1,271604,0.0
3,271694,0.0
3,271694,0.0
3,271694,0.0
3,271694,0.0
3,271694,0.0
Other,271725,Other
Other,271725,0.0
Other,271828,0.0
6,271844,0.0
6,271855,0.0
1,271941,0.0
1,271941,0.0
1,271999,0.0
1,271999,0.0
1,271999,0.0
1,272015,0.0
1,272015,0.0
1,272015,0.0
1,272015,0.0
1,272092,0.0
1,272092,Other
Other,272391,0.0
Other,272470,0.0
6,272514,0.0
1,272674,0.0
1,272674,0.0
1,272674,0.0
1,272674,0.0
6,272716,0.0
6,272787,0.0
Other,272795,0.0
Other,272795,0.0
Other,272795,0.0
1,272801,0.0
1,272801,0.0
1,272848,0.0
1,272848,0.0
1,272848,0.0
1,272848,0.0
3,272890,Other
3,272890,0.0
3,272890,0.0
3,272890,0.0
1,272921,0.0
1,272921,0.0
1,272921,0.0
1,272921,0.0
1,272921,0.0
1,272921,0.0
1,272934,0.0
1,272934,0.0
1,272934,0.0
1,272953,0.0
1,272953,0.0
1,272953,0.0
Other,272957,0.0
Other,272983,0.0
6,272998,0.0
1,273129,0.0
1,273129,0.0
1,273129,0.0
1,273129,0.0
1,273177,Other
1,273177,0.0
1,273177,0.0
1,273177,0.0
1,273298,0.0
1,273298,Other
1,273298,0.0
1,273318,0.0
1,273318,0.0
1,273318,0.0
1,273318,0.0
1,273318,0.0
1,273318,0.0
Other,273448,0.0
6,273597,0.0
2,273637,0.0
2,273637,0.0
Other,273648,0.0
Other,273648,0.0
3,273651,Other
3,273651,Other
Other,273652,0.0
Other,273652,Other
Other,273652,0.0
2,273680,0.0
2,273680,0.0
Other,273717,0.0
6,273766,Other
1,273783,0.0
1,273783,0.0
6,273902,0.0
1,273906,0.0
1,273906,Other
1,273906,0.0
1,273906,0.0
1,273906,0.0
1,273946,Other
1,273946,Other
3,274093,0.0
3,274093,0.0
6,274182,Other
1,274210,0.0
1,274210,0.0
1,274268,0.0
1,274268,0.0
1,274268,0.0
3,274304,0.0
3,274304,0.0
3,274304,0.0
3,274304,0.0
3,274304,0.0
1,274315,0.0
1,274315,0.0
1,274315,0.0
1,274315,0.0
Other,274322,0.0
Other,274322,0.0
Other,274322,0.0
1,274367,Other
1,274367,0.0
1,274444,0.0
1,274444,0.0
1,274444,0.0
1,274444,0.0
Other,274475,0.0
Other,274475,0.0
6,274477,0.0
Other,274522,0.0
1,274592,Other
1,274592,Other
Other,274599,0.0
Other,274599,0.0
Other,274599,0.0
Other,274599,0.0
1,274623,0.0
1,274623,0.0
1,274623,Other
1,274623,0.0
1,274680,0.0
1,274680,0.0
1,274680,0.0
1,274680,0.0
1,274680,0.0
1,274680,0.0
1,274680,0.0
3,274707,0.0
3,274707,0.0
Other,274861,0.0
3,274921,0.0
3,274921,0.0
1,274931,0.0
1,274931,0.0
1,274931,0.0
1,274931,0.0
1,274931,0.0
3,274965,Other
3,274965,0.0
3,274965,0.0
1,275010,0.0
1,275010,0.0
1,275079,0.0
1,275079,0.0
1,275079,0.0
1,275079,0.0
6,275107,0.0
2,275227,0.0
2,275227,0.0
2,275227,0.0
Other,275271,0.0
Other,275291,0.0
Other,275291,0.0
Other,275340,0.0
6,275348,0.0
Other,275431,0.0
Other,275431,0.0
1,275516,Other
1,275516,0.0
2,275572,0.0
2,275572,Other
2,275572,0.0
1,275605,0.0
1,275605,0.0
1,275605,0.0
1,275633,0.0
1,275633,0.0
1,275633,0.0
1,275719,0.0
1,275719,0.0
1,275719,0.0
1,275719,0.0
3,275734,0.0
3,275734,0.0
Other,276029,0.0
Other,276029,0.0
Other,276268,0.0
Other,276268,0.0
Other,276272,0.0
Other,276272,0.0
1,276276,0.0
1,276276,0.0
1,276276,0.0
1,276276,0.0
Other,276302,0.0
Other,276302,0.0
3,276350,0.0
3,276350,0.0
3,276350,0.0
3,276356,0.0
3,276356,0.0
3,276356,0.0
2,276372,0.0
2,276372,0.0
2,276372,0.0
1,276488,0.0
1,276488,0.0
1,276488,0.0
1,276488,0.0
Other,276566,Other
6,276569,0.0
Other,276649,0.0
Other,276845,0.0
6,276848,0.0
6,276973,0.0
3,277011,0.0
3,277011,0.0
3,277012,0.0
3,277012,0.0
6,277036,0.0
Other,277062,0.0
1,277076,0.0
1,277076,0.0
1,277080,Other
1,277080,Other
Other,277142,0.0
6,277175,0.0
6,277230,Other
6,277292,0.0
1,277414,0.0
1,277414,0.0
1,277414,0.0
1,277414,0.0
1,277414,0.0
1,277414,0.0
Other,277451,Other
1,277495,0.0
1,277495,0.0
1,277735,Other
1,277735,0.0
1,277735,0.0
1,277735,0.0
3,277759,0.0
3,277759,0.0
1,277836,0.0
1,277836,0.0
1,277836,0.0
1,277836,0.0
6,277849,0.0
1,277947,0.0
1,277947,0.0
1,277947,0.0
1,277947,0.0
1,277947,0.0
1,277947,0.0
1,277947,0.0
1,277947,0.0
1,277947,0.0
1,277947,0.0
6,278032,Other
1,278053,0.0
1,278053,0.0
1,278053,0.0
1,278058,0.0
1,278058,0.0
1,278058,0.0
1,278058,0.0
2,278113,0.0
2,278113,0.0
2,278113,0.0
2,278113,0.0
2,278113,0.0
2,278113,0.0
6,278172,0.0
3,278212,0.0
3,278212,0.0
3,278212,0.0
3,278212,0.0
3,278212,0.0
3,278212,0.0
3,278212,0.0
3,278212,0.0
Other,278292,0.0
6,278371,0.0
Other,278394,0.0
Other,278394,0.0
Other,278394,0.0
1,278401,Other
1,278401,0.0
1,278401,0.0
1,278401,0.0
6,278411,0.0
1,278422,0.0
1,278422,0.0
1,278422,0.0
1,278422,0.0
6,278442,0.0
1,278447,0.0
1,278447,0.0
1,278447,0.0
3,278456,0.0
3,278456,0.0
3,278456,0.0
3,278507,0.0
3,278507,0.0
1,278533,0.0
1,278533,0.0
1,278533,0.0
1,278533,0.0
1,278533,0.0
2,278749,Other
2,278749,0.0
3,278786,0.0
3,278786,0.0
Other,278831,0.0
Other,278831,0.0
Other,278831,0.0
3,278865,0.0
3,278865,0.0
3,278865,0.0
Other,278962,0.0
6,279094,0.0
1,279213,0.0
1,279213,0.0
3,279249,Other
3,279249,0.0
3,279249,0.0
3,279249,0.0
3,279249,0.0
3,279249,0.0
1,279269,0.0
1,279269,0.0
1,279269,0.0
1,279269,0.0
Other,279293,0.0
3,279309,0.0
3,279309,0.0
3,279309,0.0
3,279325,0.0
3,279325,0.0
3,279325,0.0
3,279329,0.0
3,279329,0.0
1,279388,0.0
1,279388,0.0
1,279388,0.0
1,279388,0.0
3,279448,0.0
3,279448,0.0
3,279448,0.0
1,279464,0.0
1,279464,0.0
1,279464,0.0
1,279464,0.0
1,279464,0.0
1,279464,0.0
1,279471,0.0
1,279471,0.0
Other,279533,0.0
Other,279533,0.0
2,279552,0.0
2,279552,0.0
3,279612,0.0
3,279612,0.0
1,279737,0.0
1,279737,0.0
1,279737,0.0
1,279737,0.0
6,279928,0.0
1,279995,0.0
1,279995,0.0
1,279997,Other
1,279997,0.0
1,279997,0.0
1,279997,0.0
1,279997,0.0
3,280002,0.0
3,280002,0.0
1,280070,Other
1,280070,Other
6,280153,0.0
6,280235,0.0
1,280315,0.0
1,280315,0.0
1,280359,Other
1,280359,Other
1,280359,0.0
6,280378,0.0
3,280385,0.0
3,280385,0.0
3,280396,0.0
3,280396,0.0
6,280406,0.0
6,280430,0.0
3,280458,0.0
3,280458,0.0
6,280545,0.0
1,280670,Other
1,280670,Other
1,280670,0.0
1,280670,0.0
1,280670,0.0
1,280670,0.0
Other,280683,0.0
6,280809,0.0
6,280975,0.0
1,281015,0.0
1,281015,0.0
1,281015,0.0
1,281015,0.0
6,281043,0.0
3,281099,0.0
3,281099,0.0
3,281099,Other
3,281099,0.0
3,281099,0.0
Other,281100,0.0
3,281109,0.0
3,281109,0.0
3,281109,0.0
3,281109,0.0
3,281109,0.0
6,281185,0.0
3,281403,0.0
3,281403,0.0
1,281538,0.0
1,281538,Other
1,281547,0.0
1,281547,0.0
1,281598,0.0
1,281598,0.0
1,281598,0.0
1,281598,0.0
3,281629,0.0
3,281629,0.0
3,281629,0.0
3,281629,0.0
Other,281631,Other
Other,281631,0.0
3,281637,0.0
3,281637,0.0
3,281637,0.0
1,281689,0.0
1,281689,0.0
1,281689,0.0
2,281827,0.0
2,281827,0.0
2,281827,0.0
2,281827,0.0
2,281827,0.0
2,281827,0.0
1,281835,0.0
1,281835,0.0
1,281923,Other
1,281923,0.0
3,281960,Other
3,281960,0.0
3,281960,0.0
3,281960,0.0
3,281960,0.0
3,281960,0.0
1,281971,0.0
1,281971,0.0
1,281971,0.0
2,281981,0.0
2,281981,0.0
1,282015,0.0
1,282015,0.0
1,282015,0.0
6,282034,0.0
6,282174,0.0
1,282245,0.0
1,282245,0.0
Other,282273,0.0
6,282323,0.0
3,282339,0.0
3,282339,0.0
1,282389,0.0
1,282389,Other
1,282389,0.0
1,282389,0.0
1,282389,0.0
1,282425,0.0
1,282425,0.0
1,282425,0.0
1,282425,0.0
1,282425,0.0
1,282458,0.0
1,282458,0.0
1,282458,0.0
1,282458,0.0
Other,282460,Other
Other,282460,0.0
1,282542,0.0
1,282542,0.0
1,282542,0.0
1,282542,0.0
1,282542,0.0
1,282542,0.0
1,282542,0.0
1,282542,0.0
1,282542,0.0
1,282542,0.0
Other,282592,0.0
3,282594,0.0
3,282594,0.0
3,282594,0.0
1,282636,Other
1,282636,0.0
1,282636,0.0
Other,282661,0.0
Other,282661,0.0
Other,282752,0.0
Other,282752,0.0
Other,282752,0.0
Other,282752,0.0
1,282777,0.0
1,282777,0.0
1,282777,0.0
1,282777,0.0
1,282777,0.0
Other,282798,0.0
Other,282799,Other
Other,282799,0.0
3,282838,0.0
3,282838,0.0
3,282838,0.0
3,282838,0.0
3,282950,0.0
3,282950,0.0
3,282950,0.0
3,282950,0.0
3,282950,0.0
3,282974,0.0
3,282974,0.0
3,282974,0.0
3,283082,0.0
3,283082,0.0
3,283082,0.0
1,283160,0.0
1,283160,0.0
2,283235,Other
2,283235,0.0
2,283235,0.0
1,283313,Other
1,283313,0.0
1,283313,0.0
1,283313,0.0
Other,283315,0.0
6,283358,Other
3,283442,0.0
3,283442,0.0
3,283442,0.0
3,283442,0.0
3,283442,0.0
3,283442,0.0
3,283442,0.0
1,283485,0.0
1,283485,Other
1,283485,0.0
1,283485,0.0
1,283490,0.0
1,283490,0.0
1,283490,0.0
Other,283493,Other
1,283546,0.0
1,283546,0.0
1,283546,0.0
1,283630,0.0
1,283630,0.0
1,283706,Other
1,283706,0.0
1,283706,0.0
Other,283719,0.0
3,283732,0.0
3,283732,0.0
3,283732,0.0
3,283732,0.0
6,283854,0.0
3,283896,0.0
3,283896,0.0
3,283896,0.0
3,283896,0.0
3,283896,0.0
6,284026,0.0
1,284044,0.0
1,284044,0.0
Other,284120,0.0
Other,284120,0.0
1,284186,Other
1,284186,0.0
2,284313,0.0
2,284313,0.0
2,284313,0.0
2,284313,0.0
2,284417,0.0
2,284417,0.0
2,284417,0.0
2,284417,0.0
1,284531,0.0
1,284531,0.0
1,284531,0.0
1,284531,0.0
3,284608,0.0
3,284608,0.0
3,284608,0.0
1,284634,0.0
1,284634,0.0
1,284634,0.0
1,284710,0.0
1,284710,0.0
Other,284716,0.0
1,284746,0.0
1,284746,0.0
1,284746,0.0
6,284826,0.0
Other,284897,0.0
6,284925,0.0
1,284945,Other
1,284945,0.0
1,284945,0.0
1,284945,0.0
1,284945,0.0
1,284945,0.0
1,285057,0.0
1,285057,0.0
1,285081,0.0
1,285081,0.0
1,285081,0.0
1,285081,0.0
1,285081,0.0
1,285081,0.0
1,285274,0.0
1,285274,0.0
1,285274,0.0
1,285274,0.0
1,285274,0.0
1,285274,0.0
1,285274,0.0
1,285393,Other
1,285393,0.0
1,285393,0.0
1,285393,0.0
1,285393,0.0
Other,285421,0.0
6,285510,0.0
Other,285542,Other
Other,285542,0.0
6,285607,0.0
2,285654,0.0
2,285654,0.0
2,285654,0.0
1,285678,0.0
1,285678,0.0
Other,285777,0.0
Other,285777,0.0
Other,285778,0.0
Other,285794,0.0
Other,285901,0.0
1,285903,0.0
1,285903,0.0
1,285903,0.0
1,285903,0.0
1,285903,0.0
1,285903,0.0
1,285903,0.0
3,285987,0.0
3,285987,0.0
3,285987,0.0
3,285987,0.0
6,286221,0.0
6,286249,0.0
Other,286323,0.0
Other,286323,0.0
1,286399,0.0
1,286399,0.0
1,286399,0.0
Other,286459,0.0
6,286490,0.0
6,286501,0.0
1,286510,0.0
1,286510,0.0
1,286510,0.0
2,286544,0.0
2,286544,0.0
Other,286583,0.0
1,286595,0.0
1,286595,0.0
1,286595,0.0
1,286595,0.0
1,286595,0.0
6,286611,Other
Other,286704,0.0
Other,286704,0.0
1,286722,0.0
1,286722,0.0
1,286722,0.0
1,286722,0.0
1,286722,0.0
1,286817,0.0
1,286817,Other
1,286835,0.0
1,286835,0.0
6,286883,0.0
1,286944,Other
1,286944,Other
1,286944,0.0
1,286944,0.0
Other,286971,0.0
6,286972,Other
1,286985,0.0
1,286985,0.0
1,286985,0.0
1,286985,0.0
3,287012,0.0
3,287012,0.0
3,287012,0.0
3,287012,0.0
1,287194,0.0
1,287194,0.0
Other,287338,0.0
Other,287338,0.0
3,287341,0.0
3,287341,0.0
3,287341,0.0
3,287341,0.0
1,287344,0.0
1,287344,0.0
1,287344,0.0
1,287344,0.0
2,287422,0.0
2,287422,0.0
2,287422,0.0
2,287422,0.0
2,287422,0.0
2,287422,0.0
Other,287470,0.0
6,287551,0.0
2,287569,0.0
2,287569,0.0
3,287675,0.0
3,287675,0.0
3,287675,0.0
3,287675,0.0
3,287754,0.0
3,287754,0.0
3,287754,0.0
3,287754,0.0
3,287754,0.0
Other,287758,0.0
Other,287758,0.0
6,287866,0.0
1,287882,0.0
1,287882,0.0
1,287882,0.0
1,287882,0.0
3,287900,Other
3,287900,0.0
3,287900,0.0
1,287909,0.0
1,287909,0.0
1,287909,0.0
1,287974,0.0
1,287974,0.0
3,287994,0.0
3,287994,0.0
6,288001,0.0
3,288077,0.0
3,288077,0.0
3,288077,0.0
6,288119,Other
1,288120,0.0
1,288120,0.0
1,288120,0.0
1,288120,0.0
1,288120,0.0
6,288126,0.0
1,288150,Other
1,288150,0.0
1,288150,0.0
1,288224,0.0
1,288224,0.0
1,288254,0.0
1,288254,0.0
1,288279,0.0
1,288279,0.0
1,288279,0.0
3,288302,Other
3,288302,0.0
1,288483,0.0
1,288483,0.0
6,288487,0.0
3,288490,0.0
3,288490,0.0
3,288490,0.0
Other,288492,0.0
Other,288547,0.0
6,288579,0.0
Other,288647,0.0
Other,288652,0.0
Other,288652,0.0
Other,288652,0.0
1,288677,Other
1,288677,Other
Other,288753,0.0
1,288759,0.0
1,288759,0.0
1,288843,0.0
1,288843,0.0
1,288843,0.0
1,288843,0.0
1,288843,0.0
1,288845,0.0
1,288845,0.0
1,288994,0.0
1,288994,0.0
1,288994,0.0
1,288994,0.0
6,289057,0.0
3,289108,0.0
3,289108,0.0
1,289153,0.0
1,289153,0.0
1,289153,0.0
1,289153,0.0
1,289153,0.0
1,289153,0.0
3,289180,0.0
3,289180,0.0
3,289180,0.0
3,289180,0.0
3,289330,0.0
3,289330,0.0
3,289330,0.0
3,289330,0.0
1,289358,0.0
1,289358,0.0
1,289389,0.0
1,289389,0.0
1,289389,0.0
1,289389,0.0
1,289389,0.0
Other,289452,Other
Other,289464,0.0
1,289468,0.0
1,289468,0.0
1,289468,0.0
1,289471,0.0
1,289471,0.0
6,289476,Other
1,289479,0.0
1,289479,0.0
1,289492,Other
1,289492,Other
1,289497,0.0
1,289497,0.0
3,289529,0.0
3,289529,0.0
1,289612,0.0
1,289612,0.0
6,289662,0.0
3,289822,0.0
3,289822,0.0
Other,289887,0.0
6,289897,Other
6,289899,0.0
3,289914,0.0
3,289914,0.0
Other,289953,0.0
Other,289953,0.0
3,289969,0.0
3,289969,0.0
3,289969,0.0
3,289969,0.0
2,290031,0.0
2,290031,0.0
2,290031,0.0
2,290031,0.0
1,290054,0.0
1,290054,0.0
1,290054,0.0
1,290054,0.0
1,290087,Other
1,290087,Other
1,290123,0.0
1,290123,0.0
1,290123,0.0
Other,290196,0.0
3,290339,0.0
3,290339,0.0
1,290350,0.0
1,290350,0.0
1,290350,0.0
1,290448,0.0
1,290448,0.0
3,290498,0.0
3,290498,0.0
3,290498,0.0
3,290498,0.0
3,290498,0.0
6,290542,0.0
1,290657,0.0
1,290657,0.0
1,290657,0.0
6,290689,0.0
Other,290691,Other
1,290734,Other
1,290734,0.0
1,290734,0.0
1,290734,0.0
1,290735,0.0
1,290735,0.0
1,290735,0.0
1,290735,0.0
1,290735,0.0
6,290803,0.0
1,290999,0.0
1,290999,0.0
1,290999,0.0
1,290999,0.0
1,291039,0.0
1,291039,0.0
1,291039,0.0
1,291039,0.0
1,291039,0.0
6,291070,0.0
3,291101,Other
3,291101,0.0
3,291101,0.0
1,291130,0.0
1,291130,0.0
1,291130,0.0
1,291130,0.0
1,291131,0.0
1,291131,0.0
1,291131,0.0
1,291131,0.0
1,291131,0.0
1,291131,0.0
Other,291246,0.0
6,291258,Other
6,291305,Other
6,291340,0.0
1,291363,0.0
1,291363,0.0
1,291363,0.0
1,291363,0.0
Other,291415,0.0
Other,291415,0.0
1,291485,0.0
1,291485,0.0
1,291485,0.0
1,291485,0.0
6,291595,0.0
1,291604,0.0
1,291604,0.0
1,291604,0.0
Other,291668,Other
2,291713,0.0
2,291713,0.0
1,291801,0.0
1,291801,0.0
3,291869,0.0
3,291869,0.0
3,291869,0.0
3,291869,0.0
1,291995,0.0
1,291995,0.0
1,291995,0.0
1,291995,0.0
1,291995,0.0
1,291995,0.0
1,291995,0.0
1,292029,0.0
1,292029,0.0
1,292029,0.0
1,292029,0.0
2,292052,0.0
2,292052,0.0
2,292052,0.0
2,292052,0.0
3,292103,0.0
3,292103,0.0
3,292182,0.0
3,292182,0.0
3,292182,0.0
3,292182,0.0
1,292194,0.0
1,292194,0.0
6,292273,0.0
6,292280,0.0
3,292389,0.0
3,292389,0.0
3,292389,0.0
3,292389,0.0
3,292389,0.0
3,292405,0.0
3,292405,0.0
6,292456,0.0
Other,292471,0.0
Other,292471,0.0
Other,292477,Other
1,292519,Other
1,292519,0.0
1,292519,0.0
1,292519,0.0
1,292519,0.0
6,292521,Other
1,292555,0.0
1,292555,0.0
1,292555,0.0
1,292587,0.0
1,292587,0.0
1,292587,0.0
1,292589,0.0
1,292589,0.0
1,292589,0.0
1,292589,0.0
Other,292599,0.0
3,292611,0.0
3,292611,0.0
3,292611,0.0
3,292611,0.0
3,292622,0.0
3,292622,0.0
3,292622,0.0
3,292622,0.0
6,292746,0.0
1,292748,0.0
1,292748,0.0
6,292756,Other
6,292815,0.0
6,292821,0.0
Other,292822,Other
Other,292822,0.0
Other,292822,0.0
6,292951,0.0
1,292974,0.0
1,292974,0.0
1,292974,0.0
6,293017,0.0
1,293063,0.0
1,293063,0.0
1,293063,0.0
1,293063,0.0
1,293063,0.0
1,293063,0.0
1,293063,0.0
1,293063,0.0
1,293063,0.0
1,293063,0.0
Other,293133,0.0
Other,293133,Other
1,293148,Other
1,293148,0.0
Other,293164,Other
Other,293187,0.0
Other,293187,0.0
Other,293187,0.0
Other,293187,0.0
6,293230,0.0
3,293248,0.0
3,293248,0.0
3,293248,0.0
3,293248,0.0
Other,293494,0.0
1,293615,0.0
1,293615,0.0
1,293615,0.0
1,293615,0.0
3,293689,0.0
3,293689,0.0
3,293689,0.0
1,293749,Other
1,293749,0.0
1,293749,0.0
1,293749,0.0
1,293749,0.0
1,293749,0.0
6,293849,0.0
6,293876,0.0
2,293966,0.0
2,293966,0.0
2,294136,0.0
2,294136,0.0
1,294172,Other
1,294172,0.0
2,294195,0.0
2,294195,0.0
3,294208,0.0
3,294208,0.0
2,294247,0.0
2,294247,0.0
2,294247,0.0
2,294247,0.0
6,294282,0.0
1,294303,0.0
1,294303,0.0
1,294303,0.0
6,294334,0.0
1,294356,0.0
1,294356,0.0
1,294356,0.0
1,294356,0.0
1,294356,0.0
1,294356,0.0
1,294396,0.0
1,294396,0.0
1,294455,0.0
1,294455,0.0
1,294455,0.0
1,294455,0.0
1,294455,0.0
1,294455,0.0
1,294521,0.0
1,294521,0.0
1,294521,0.0
1,294521,0.0
1,294521,0.0
1,294582,0.0
1,294582,0.0
1,294582,0.0
Other,294604,0.0
Other,294604,0.0
6,294653,Other
6,294678,0.0
Other,294838,0.0
Other,294838,0.0
6,294858,0.0
3,294930,Other
3,294930,0.0
3,294930,0.0
3,294930,0.0
1,294933,0.0
1,294933,0.0
1,294933,0.0
3,295130,0.0
3,295130,0.0
3,295192,0.0
3,295192,0.0
3,295192,0.0
1,295209,0.0
1,295209,0.0
1,295209,0.0
1,295209,0.0
1,295209,0.0
1,295209,0.0
Other,295215,0.0
6,295262,0.0
1,295294,0.0
1,295294,0.0
1,295319,0.0
1,295319,0.0
2,295429,0.0
2,295429,0.0
2,295429,0.0
6,295499,0.0
Other,295547,0.0
1,295631,0.0
1,295631,0.0
1,295631,0.0
1,295665,0.0
1,295665,0.0
1,295665,0.0
1,295700,Other
1,295700,Other
1,295760,0.0
1,295760,0.0
1,295760,0.0
1,295760,0.0
1,295795,0.0
1,295795,0.0
Other,295828,0.0
3,295849,0.0
3,295849,0.0
3,295849,0.0
3,295849,0.0
1,295853,0.0
1,295853,0.0
Other,295896,0.0
Other,295896,0.0
1,295939,0.0
1,295939,0.0
1,295939,0.0
1,295939,0.0
Other,295986,Other
Other,295991,0.0
Other,295991,0.0
1,296048,0.0
1,296048,0.0
1,296048,0.0
1,296048,0.0
Other,296053,0.0
3,296101,0.0
3,296101,0.0
3,296101,0.0
6,296109,0.0
6,296189,Other
6,296208,0.0
6,296227,0.0
1,296264,Other
1,296264,0.0
1,296264,0.0
1,296373,0.0
1,296373,0.0
1,296373,0.0
3,296459,0.0
3,296459,0.0
3,296459,0.0
3,296459,0.0
1,296466,0.0
1,296466,0.0
3,296468,0.0
3,296468,0.0
3,296468,0.0
3,296468,0.0
3,296498,0.0
3,296498,0.0
3,296545,0.0
3,296545,0.0
3,296545,0.0
6,296574,0.0
Other,296703,0.0
1,296708,0.0
1,296708,0.0
Other,296710,0.0
Other,296710,0.0
3,296811,0.0
3,296811,0.0
3,296811,0.0
1,296935,0.0
1,296935,0.0
1,296935,0.0
1,296935,0.0
1,296935,0.0
1,296935,0.0
6,296952,0.0
1,296960,0.0
1,296960,0.0
1,297127,0.0
1,297127,0.0
6,297166,0.0
6,297228,0.0
3,297235,0.0
3,297235,0.0
1,297328,0.0
1,297328,0.0
1,297328,0.0
1,297328,0.0
Other,297479,0.0
Other,297479,0.0
1,297488,0.0
1,297488,0.0
1,297488,0.0
1,297488,0.0
3,297499,0.0
3,297499,0.0
3,297499,0.0
3,297601,0.0
3,297601,0.0
1,297610,0.0
1,297610,0.0
3,297626,Other
3,297626,0.0
6,297710,0.0
1,297763,0.0
1,297763,0.0
1,297763,0.0
1,297763,0.0
1,297763,0.0
1,297763,0.0
1,297774,0.0
1,297774,0.0
1,297774,0.0
1,297774,0.0
1,297774,0.0
3,297818,0.0
3,297818,0.0
3,297818,0.0
6,297945,0.0
1,298043,0.0
1,298043,0.0
1,298043,0.0
1,298043,0.0
1,298043,0.0
1,298121,0.0
1,298121,0.0
1,298121,0.0
1,298194,0.0
1,298194,Other
1,298194,0.0
1,298194,0.0
1,298194,0.0
1,298194,0.0
1,298194,0.0
Other,298271,0.0
3,298272,0.0
3,298272,0.0
3,298272,0.0
3,298272,0.0
3,298294,0.0
3,298294,0.0
6,298362,0.0
6,298459,0.0
2,298480,0.0
2,298480,0.0
Other,298485,0.0
Other,298485,0.0
1,298509,Other
1,298509,0.0
1,298509,0.0
Other,298553,Other
Other,298553,Other
1,298597,Other
1,298597,Other
1,298619,0.0
1,298619,0.0
6,298822,0.0
1,298823,0.0
1,298823,0.0
1,298823,0.0
1,298823,0.0
1,298823,0.0
1,298823,0.0
1,298823,0.0
1,298823,0.0
Other,298834,0.0
Other,298834,0.0
1,298863,0.0
1,298863,0.0
1,298863,0.0
1,298863,0.0
1,298863,0.0
1,298863,0.0
1,298863,0.0
1,298911,0.0
1,298911,0.0
1,298911,0.0
1,298936,Other
1,298936,Other
Other,299133,Other
Other,299133,0.0
Other,299133,0.0
1,299191,0.0
1,299191,0.0
1,299191,0.0
6,299201,0.0
6,299204,0.0
3,299216,0.0
3,299216,0.0
3,299216,0.0
3,299216,0.0
3,299216,0.0
1,299219,0.0
1,299219,0.0
Other,299261,Other
Other,299269,0.0
Other,299269,0.0
1,299376,Other
1,299376,0.0
1,299376,0.0
1,299376,0.0
1,299376,Other
1,299414,0.0
1,299414,0.0
1,299414,0.0
1,299414,0.0
6,299477,0.0
1,299504,0.0
1,299504,0.0
1,299504,0.0
1,299504,0.0
1,299504,0.0
Other,299547,0.0
Other,299570,0.0
1,299648,0.0
1,299648,0.0
1,299648,0.0
1,299648,0.0
3,299659,0.0
3,299659,0.0
Other,299675,0.0
Other,299675,Other
1,299688,0.0
1,299688,Other
3,299760,0.0
3,299760,0.0
3,299760,0.0
3,299760,0.0
6,299792,0.0
3,299810,Other
3,299810,0.0
3,299810,0.0
6,299828,0.0
1,299834,0.0
1,299834,0.0
6,299973,0.0
1,299988,0.0
1,299988,0.0
1,299988,0.0
1,300034,0.0
1,300034,0.0
1,300034,0.0
1,300034,0.0
Other,300042,0.0
Other,300042,0.0
Other,300042,0.0
Other,300042,0.0
1,300062,0.0
1,300062,0.0
1,300062,0.0
1,300062,0.0
1,300062,0.0
1,300062,0.0
1,300062,0.0
1,300093,0.0
1,300093,0.0
1,300093,0.0
1,300093,0.0
1,300182,0.0
1,300182,0.0
1,300307,0.0
1,300307,0.0
1,300307,0.0
1,300307,0.0
3,300341,0.0
3,300341,0.0
2,300417,0.0
2,300417,0.0
1,300452,0.0
1,300452,0.0
3,300513,Other
3,300513,0.0
3,300513,0.0
1,300534,0.0
1,300534,0.0
1,300534,0.0
1,300534,0.0
1,300534,0.0
3,300542,0.0
3,300542,0.0
3,300542,0.0
3,300542,0.0
3,300542,0.0
Other,300609,0.0
1,300783,0.0
1,300783,Other
Other,300935,0.0
Other,300935,0.0
6,300981,Other
1,301064,0.0
1,301064,0.0
1,301064,0.0
1,301064,0.0
3,301089,0.0
3,301089,0.0
3,301089,0.0
1,301091,0.0
1,301091,0.0
1,301091,0.0
1,301091,0.0
1,301091,0.0
1,301091,0.0
1,301091,0.0
6,301227,0.0
Other,301247,0.0
1,301341,0.0
1,301341,0.0
1,301341,0.0
1,301341,0.0
1,301356,0.0
1,301356,0.0
6,301373,0.0
6,301378,0.0
3,301482,0.0
3,301482,0.0
3,301482,0.0
3,301482,0.0
3,301482,0.0
1,301484,0.0
1,301484,0.0
1,301535,0.0
1,301535,0.0
1,301535,0.0
Other,301584,0.0
Other,301584,0.0
Other,301584,0.0
6,301604,0.0
3,301660,0.0
3,301660,0.0
3,301660,0.0
3,301660,0.0
1,301662,Other
1,301662,Other
1,301662,0.0
1,301662,0.0
1,301662,0.0
1,301662,0.0
1,301662,0.0
1,301662,0.0
1,301662,Other
3,301664,0.0
3,301664,0.0
1,301670,0.0
1,301670,0.0
Other,301682,0.0
1,301702,0.0
1,301702,0.0
1,301702,0.0
1,301702,0.0
1,301704,Other
1,301704,0.0
1,301704,0.0
1,301717,0.0
1,301717,Other
Other,301776,0.0
Other,301781,0.0
Other,301781,Other
6,301824,0.0
Other,301873,Other
Other,301873,Other
Other,301945,0.0
Other,301945,0.0
6,301975,0.0
1,301984,0.0
1,301984,0.0
1,301984,0.0
1,301984,0.0
1,302036,0.0
1,302036,0.0
6,302114,0.0
6,302178,0.0
1,302216,0.0
1,302216,0.0
1,302216,0.0
3,302218,Other
3,302218,0.0
6,302225,0.0
1,302260,0.0
1,302260,0.0
1,302260,0.0
1,302260,0.0
1,302260,0.0
1,302260,0.0
1,302260,0.0
1,302339,0.0
1,302339,0.0
1,302468,0.0
1,302468,0.0
1,302468,0.0
1,302468,0.0
1,302519,0.0
1,302519,0.0
Other,302640,0.0
Other,302721,0.0
6,302729,0.0
6,302886,0.0
Other,302958,0.0
1,303011,0.0
1,303011,0.0
1,303011,0.0
1,303029,0.0
1,303029,0.0
1,303029,0.0
1,303029,0.0
1,303029,0.0
3,303052,0.0
3,303052,0.0
3,303052,0.0
6,303082,Other
1,303137,0.0
1,303137,0.0
1,303137,0.0
1,303137,0.0
1,303263,0.0
1,303263,0.0
1,303263,0.0
1,303263,0.0
1,303318,Other
1,303318,0.0
1,303318,0.0
1,303318,0.0
6,303333,0.0
Other,303378,0.0
1,303425,0.0
1,303425,0.0
6,303512,0.0
Other,303535,0.0
1,303633,0.0
1,303633,0.0
1,303633,0.0
1,303633,0.0
3,303715,0.0
2,333971,0.0
3,303715,0.0
3,303715,0.0
3,303715,0.0
6,303722,0.0
1,303735,0.0
1,303735,0.0
1,303736,0.0
1,303736,0.0
1,303736,0.0
1,303736,0.0
Other,303740,0.0
Other,303740,Other
1,303899,0.0
1,303899,Other
3,303983,0.0
3,303983,0.0
3,303983,0.0
3,303983,0.0
3,303983,0.0
1,303985,Other
1,303985,0.0
Other,303989,0.0
2,303992,0.0
2,303992,0.0
2,303992,0.0
2,303992,0.0
1,304006,0.0
1,304006,0.0
1,304006,0.0
1,304006,0.0
Other,304088,Other
Other,304088,0.0
1,304117,Other
1,304117,0.0
1,304117,0.0
3,304418,Other
3,304418,Other
1,304440,0.0
1,304440,0.0
1,304440,0.0
3,304509,0.0
3,304509,0.0
1,304532,Other
1,304532,Other
1,304664,0.0
1,304664,0.0
1,304681,0.0
1,304681,0.0
1,304681,0.0
3,304740,0.0
3,304740,0.0
1,304764,Other
1,304764,0.0
1,304764,0.0
Other,304779,0.0
1,304847,0.0
1,304847,0.0
1,304854,0.0
1,304854,0.0
2,304855,0.0
2,304855,0.0
2,304855,0.0
2,304855,0.0
1,304862,0.0
1,304862,0.0
1,304862,0.0
1,304862,0.0
1,304862,0.0
1,304862,0.0
1,304862,0.0
1,304862,0.0
1,304862,0.0
1,304862,0.0
1,304862,0.0
Other,304981,Other
1,305004,0.0
1,305004,0.0
1,305004,0.0
1,305004,0.0
1,305004,0.0
1,305004,0.0
Other,305071,0.0
Other,305071,0.0
6,305157,Other
1,305391,0.0
1,305391,0.0
1,305391,0.0
6,305398,0.0
Other,305414,0.0
Other,305426,0.0
Other,305426,0.0
6,305585,Other
2,305634,Other
2,305634,0.0
3,305765,0.0
3,305765,0.0
1,305819,Other
1,305819,0.0
6,305828,Other
Other,305844,0.0
1,306032,Other
1,306032,0.0
1,306032,0.0
1,306032,0.0
1,306062,0.0
1,306062,0.0
1,306062,0.0
1,306062,0.0
1,306122,0.0
1,306122,Other
1,306122,0.0
1,306122,0.0
1,306122,0.0
6,306130,0.0
1,306170,0.0
1,306170,0.0
1,306170,0.0
1,306170,0.0
1,306425,0.0
1,306425,0.0
1,306425,0.0
1,306425,0.0
1,306463,0.0
1,306463,0.0
3,306475,0.0
3,306475,0.0
Other,306502,0.0
Other,306502,0.0
1,306530,0.0
1,306530,0.0
1,306530,0.0
3,306555,0.0
3,306555,0.0
3,306555,0.0
3,306555,0.0
1,306565,0.0
1,306565,0.0
1,306565,0.0
1,306565,0.0
Other,306577,0.0
Other,306577,0.0
Other,306577,0.0
1,306664,0.0
1,306664,0.0
1,306664,0.0
1,306664,0.0
1,306664,0.0
1,306664,0.0
6,306696,0.0
3,306698,0.0
3,306698,0.0
1,306799,0.0
1,306799,0.0
1,306799,0.0
1,306799,0.0
6,306815,0.0
Other,306834,Other
Other,306871,0.0
1,306914,0.0
1,306914,0.0
3,307071,0.0
3,307071,0.0
6,307097,0.0
1,307099,0.0
1,307099,0.0
1,307258,0.0
1,307258,0.0
1,307258,0.0
1,307258,0.0
1,307258,0.0
6,307307,0.0
1,307311,0.0
1,307311,0.0
1,307311,0.0
1,307311,0.0
Other,307520,0.0
Other,307520,0.0
2,307529,0.0
2,307529,0.0
2,307529,0.0
1,307530,0.0
1,307530,0.0
1,307530,0.0
1,307556,0.0
1,307556,0.0
1,307556,0.0
1,307556,0.0
1,307561,0.0
1,307561,0.0
1,307561,0.0
Other,307621,0.0
1,307639,0.0
1,307639,0.0
1,307639,0.0
1,307639,0.0
3,307661,0.0
3,307661,0.0
3,307685,0.0
3,307685,0.0
3,307685,0.0
Other,307693,Other
Other,307693,0.0
Other,307693,0.0
6,307707,Other
Other,307853,0.0
Other,307853,0.0
Other,307853,0.0
1,307903,0.0
1,307903,0.0
1,307903,0.0
6,307909,0.0
3,307935,0.0
3,307935,0.0
3,307935,0.0
3,307935,0.0
3,307935,0.0
3,308068,0.0
3,308068,0.0
3,308084,0.0
3,308084,0.0
3,308084,0.0
Other,308160,0.0
Other,308160,0.0
Other,308160,0.0
6,308346,0.0
1,308360,0.0
1,308360,0.0
1,308379,Other
1,308379,0.0
1,308379,0.0
1,308397,0.0
1,308397,0.0
1,308397,0.0
1,308397,0.0
1,308397,0.0
1,308397,0.0
Other,308408,0.0
1,308547,0.0
1,308547,0.0
1,308547,0.0
1,308547,0.0
Other,308700,Other
6,308709,0.0
3,308790,0.0
3,308790,0.0
3,308790,0.0
2,308801,0.0
2,308801,0.0
2,308801,0.0
1,308810,0.0
1,308810,Other
1,308830,Other
1,308830,0.0
1,308830,0.0
1,308830,0.0
1,308830,0.0
1,308830,0.0
1,308834,0.0
1,308834,0.0
1,308834,0.0
1,308834,0.0
1,308834,0.0
6,308854,0.0
1,308890,0.0
1,308890,0.0
1,308890,0.0
1,308921,0.0
1,308921,0.0
1,308921,0.0
1,308921,0.0
1,308921,0.0
1,308921,0.0
1,308926,Other
1,308926,Other
1,308926,0.0
1,308937,0.0
1,308937,0.0
1,308937,0.0
1,308937,0.0
1,308937,0.0
2,308940,0.0
2,308940,0.0
2,308940,0.0
6,309209,0.0
Other,309212,0.0
Other,309240,0.0
Other,309240,0.0
1,309292,0.0
1,309292,0.0
1,309292,0.0
1,309292,0.0
6,309332,0.0
1,309368,0.0
1,309368,Other
1,309368,0.0
6,309486,0.0
3,309518,0.0
3,309518,0.0
Other,309533,0.0
1,309586,0.0
1,309586,0.0
1,309586,0.0
1,309586,0.0
1,309586,0.0
1,309586,0.0
6,309762,0.0
1,309905,0.0
1,309905,0.0
1,309905,0.0
1,309954,0.0
1,309954,0.0
1,309954,0.0
Other,309999,Other
Other,309999,0.0
Other,309999,0.0
Other,309999,0.0
Other,309999,0.0
1,310035,Other
1,310035,0.0
Other,310037,0.0
Other,310037,0.0
Other,310228,Other
Other,310228,0.0
6,310248,0.0
6,310255,0.0
1,310315,0.0
1,310315,0.0
1,310315,0.0
1,310315,0.0
1,310318,0.0
1,310318,0.0
1,310350,0.0
1,310350,0.0
1,310459,0.0
1,310459,0.0
1,310497,0.0
1,310497,0.0
1,310497,0.0
1,310497,0.0
1,310505,Other
1,310505,0.0
1,310505,Other
3,310550,0.0
3,310550,0.0
3,310550,0.0
3,310550,0.0
3,310550,0.0
Other,310607,Other
6,310636,Other
Other,310703,0.0
Other,310703,0.0
1,310844,0.0
1,310844,0.0
1,310844,0.0
6,310888,Other
1,311057,Other
1,311057,0.0
Other,311100,Other
Other,311100,0.0
Other,311100,0.0
1,311140,Other
1,311140,Other
1,311140,0.0
1,311140,0.0
6,311170,0.0
2,311213,0.0
2,311213,0.0
6,311250,0.0
1,311281,0.0
1,311281,Other
1,311289,0.0
1,311289,0.0
6,311301,0.0
Other,311309,0.0
Other,311309,0.0
1,311576,0.0
1,311576,0.0
1,311576,0.0
Other,311605,0.0
1,311613,0.0
1,311613,0.0
Other,311704,0.0
1,311731,0.0
1,311731,0.0
1,311731,0.0
1,311731,0.0
Other,311851,0.0
Other,311851,0.0
6,311879,0.0
Other,311921,0.0
3,311947,0.0
3,311947,0.0
3,311947,0.0
3,311947,0.0
3,311947,0.0
6,311953,Other
1,311958,Other
1,311958,0.0
1,311958,0.0
1,311958,0.0
1,311960,0.0
1,311960,0.0
1,311960,0.0
1,311960,0.0
1,311960,0.0
1,312000,0.0
1,312000,0.0
1,312000,0.0
1,312000,0.0
6,312008,0.0
Other,312038,0.0
Other,312083,Other
Other,312083,Other
1,312106,0.0
1,312106,0.0
1,312106,0.0
1,312106,0.0
1,312106,0.0
2,312158,0.0
2,312158,0.0
2,312158,0.0
2,312158,0.0
2,312221,0.0
2,312221,0.0
2,312221,0.0
2,312221,0.0
1,312225,0.0
1,312225,0.0
Other,312232,0.0
Other,312280,0.0
Other,312282,0.0
6,312296,Other
6,312384,0.0
1,312403,Other
1,312403,Other
1,312403,0.0
1,312403,0.0
1,312519,0.0
1,312519,0.0
1,312519,0.0
1,312519,0.0
1,312519,0.0
1,312577,0.0
1,312577,0.0
1,312577,0.0
1,312587,Other
1,312587,0.0
1,312587,0.0
1,312587,0.0
1,312587,0.0
3,312600,0.0
3,312600,0.0
2,312618,0.0
2,312618,0.0
2,312618,0.0
1,312646,0.0
1,312646,0.0
1,312650,0.0
1,312650,0.0
1,312650,0.0
1,312660,0.0
1,312660,0.0
1,312660,0.0
1,312660,0.0
3,312667,0.0
3,312667,0.0
3,312667,0.0
3,312667,0.0
3,312667,0.0
3,312667,0.0
Other,312686,0.0
Other,312686,0.0
1,312821,0.0
1,312821,Other
1,312822,0.0
1,312822,0.0
1,312822,0.0
1,312822,0.0
1,312923,0.0
1,312923,0.0
1,312923,0.0
Other,312926,0.0
Other,312926,0.0
3,312979,0.0
3,312979,0.0
3,312979,0.0
3,312979,0.0
3,312979,0.0
Other,313018,0.0
Other,313018,0.0
6,313076,0.0
Other,313105,0.0
1,313112,Other
1,313112,Other
1,313116,0.0
1,313116,0.0
1,313116,0.0
Other,313136,0.0
Other,313187,0.0
Other,313187,0.0
1,313361,0.0
1,313361,0.0
3,313407,0.0
3,313407,0.0
1,313439,0.0
1,313439,0.0
3,313592,0.0
3,313592,0.0
3,313592,0.0
3,313592,0.0
Other,313665,0.0
6,313775,Other
3,313814,0.0
3,313814,0.0
3,313814,0.0
3,313814,0.0
6,313816,0.0
6,313826,Other
1,313906,0.0
1,313906,0.0
1,313906,0.0
1,313906,0.0
1,313906,0.0
1,313906,0.0
1,313906,0.0
Other,314032,0.0
Other,314032,0.0
2,314100,0.0
2,314100,0.0
2,314100,0.0
1,314121,0.0
1,314121,Other
3,314147,Other
3,314147,0.0
3,314147,0.0
6,314164,Other
1,314174,0.0
1,314174,0.0
1,314174,0.0
1,314174,0.0
1,314174,0.0
1,314186,0.0
1,314186,0.0
Other,314214,0.0
1,314363,0.0
1,314363,0.0
1,314363,0.0
1,314394,0.0
1,314394,Other
3,314468,0.0
3,314468,0.0
3,314468,0.0
1,314498,0.0
1,314498,0.0
1,314498,0.0
1,314498,0.0
1,314509,Other
1,314509,Other
1,314525,0.0
1,314525,0.0
1,314525,0.0
1,314525,0.0
1,314525,0.0
1,314525,0.0
1,314525,0.0
1,314525,0.0
1,314548,0.0
1,314548,Other
1,314548,0.0
1,314548,0.0
1,314548,0.0
1,314548,0.0
1,314548,0.0
6,314713,0.0
6,314768,0.0
1,314811,0.0
1,314811,0.0
1,314811,0.0
6,314832,0.0
Other,314835,0.0
6,314932,0.0
1,314946,0.0
1,314946,0.0
1,314946,0.0
1,314946,0.0
1,314946,0.0
1,315041,0.0
1,315041,0.0
1,315094,0.0
1,315094,0.0
1,315094,0.0
1,315152,Other
1,315152,Other
Other,315240,0.0
Other,315240,0.0
Other,315240,0.0
Other,315240,0.0
Other,315269,0.0
1,315347,Other
1,315347,Other
1,315429,Other
1,315429,0.0
1,315439,0.0
1,315439,0.0
Other,315452,0.0
Other,315452,0.0
Other,315452,0.0
1,315527,0.0
1,315527,0.0
1,315652,0.0
1,315652,0.0
1,315652,0.0
1,315652,0.0
1,315652,0.0
1,315652,0.0
1,315652,0.0
1,315662,0.0
1,315662,0.0
1,315662,0.0
1,315709,Other
1,315709,Other
2,315726,0.0
2,315726,0.0
1,315732,0.0
1,315732,0.0
1,315732,0.0
1,315732,0.0
1,315732,0.0
1,315757,Other
1,315757,Other
1,315757,0.0
3,315938,0.0
3,315938,0.0
3,315938,0.0
3,315938,0.0
3,315938,0.0
6,315993,0.0
Other,316071,0.0
1,316113,0.0
1,316113,0.0
1,316195,0.0
1,316195,0.0
1,316195,0.0
Other,316258,0.0
1,316287,Other
1,316287,0.0
1,316321,0.0
1,316321,0.0
1,316321,0.0
1,316321,0.0
Other,316324,0.0
6,316331,0.0
3,316348,0.0
3,316348,0.0
3,316348,0.0
1,316358,0.0
1,316358,0.0
1,316358,0.0
1,316364,0.0
1,316364,0.0
1,316364,0.0
1,316405,0.0
1,316405,0.0
3,316431,0.0
3,316431,0.0
3,316431,0.0
3,316431,0.0
Other,316510,0.0
3,316536,0.0
3,316536,0.0
3,316536,0.0
3,316536,0.0
3,316536,0.0
1,316597,0.0
1,316597,0.0
1,316597,0.0
Other,316599,0.0
Other,316599,Other
6,316718,0.0
1,316740,0.0
1,316740,0.0
1,316740,0.0
1,316774,0.0
1,316774,0.0
2,316887,0.0
2,316887,0.0
2,316887,0.0
Other,316891,0.0
3,316897,0.0
3,316897,0.0
1,317061,Other
1,317061,0.0
1,317078,Other
1,317078,0.0
1,317078,0.0
1,317078,0.0
1,317078,0.0
1,317078,0.0
1,317078,0.0
1,317078,0.0
1,317078,0.0
1,317078,0.0
1,317078,0.0
1,317078,0.0
Other,317336,0.0
Other,317336,0.0
Other,317336,0.0
Other,317350,0.0
Other,317350,0.0
3,317362,0.0
3,317362,0.0
3,317362,0.0
3,317362,0.0
3,317362,0.0
3,317362,0.0
3,317362,0.0
Other,317463,0.0
1,317507,0.0
1,317507,0.0
1,317507,0.0
1,317516,0.0
1,317516,Other
3,317556,0.0
3,317556,0.0
Other,317564,Other
Other,317584,0.0
1,317606,Other
1,317606,0.0
Other,317662,0.0
2,317750,0.0
2,317750,0.0
2,317762,0.0
2,317762,0.0
2,317762,0.0
2,317762,Other
2,317772,0.0
2,317772,0.0
2,317772,0.0
1,317851,0.0
1,317851,0.0
1,317851,0.0
1,317851,0.0
1,317851,0.0
1,317865,Other
1,317865,0.0
1,317865,0.0
Other,317883,0.0
Other,317883,0.0
2,317943,0.0
2,317943,0.0
2,317943,0.0
1,317971,Other
1,317971,Other
1,317971,Other
1,317971,Other
3,317972,0.0
3,317972,0.0
1,317980,0.0
1,317980,0.0
1,317980,0.0
1,318038,Other
1,318038,Other
1,318057,Other
1,318057,0.0
2,318085,0.0
2,318085,0.0
2,318085,0.0
2,318085,0.0
2,318085,0.0
2,318085,Other
3,318117,0.0
3,318117,0.0
1,318149,0.0
1,318149,0.0
1,318149,0.0
1,318149,0.0
1,318149,0.0
6,318233,0.0
1,318234,0.0
1,318234,0.0
3,318272,0.0
3,318272,0.0
1,318354,0.0
1,318354,Other
1,318445,0.0
1,318445,0.0
1,318445,0.0
1,318445,0.0
3,318472,0.0
3,318472,0.0
3,318472,0.0
1,318485,0.0
1,318485,0.0
1,318485,0.0
1,318485,0.0
1,318485,0.0
6,318491,Other
Other,318540,0.0
1,318719,0.0
1,318719,0.0
1,318719,0.0
1,318719,0.0
1,318745,0.0
1,318745,0.0
1,318796,0.0
1,318796,0.0
6,318886,0.0
3,319126,0.0
3,319126,0.0
1,319132,0.0
1,319132,0.0
1,319132,0.0
3,319156,0.0
3,319156,0.0
3,319156,0.0
6,319215,0.0
2,319225,0.0
2,319225,0.0
2,319225,0.0
6,319259,Other
1,319276,0.0
1,319276,0.0
Other,319281,0.0
2,319352,0.0
2,319352,0.0
3,319384,0.0
3,319384,0.0
3,319384,0.0
3,319384,0.0
Other,319445,0.0
Other,319445,0.0
1,319470,Other
1,319470,0.0
Other,319528,0.0
1,319677,0.0
1,319677,0.0
1,319862,Other
1,319862,0.0
1,319862,0.0
Other,319895,0.0
Other,319895,0.0
Other,319895,0.0
1,320011,0.0
1,320011,0.0
1,320020,0.0
1,320020,0.0
1,320020,0.0
1,320020,0.0
1,320020,0.0
1,320020,0.0
1,320020,0.0
1,320020,0.0
Other,320030,0.0
Other,320055,0.0
1,320064,Other
1,320064,0.0
6,320080,Other
Other,320090,Other
1,320106,Other
1,320106,0.0
Other,320161,0.0
Other,320252,0.0
Other,320252,0.0
1,320269,0.0
1,320269,0.0
1,320269,0.0
1,320295,Other
1,320295,0.0
1,320295,0.0
1,320295,0.0
1,320295,0.0
1,320295,0.0
Other,320416,0.0
1,320427,0.0
1,320427,0.0
2,320438,0.0
2,320438,0.0
2,320438,0.0
2,320438,0.0
2,320438,0.0
2,320438,0.0
Other,320449,0.0
1,320481,Other
1,320481,0.0
1,320496,Other
1,320496,0.0
1,320496,0.0
1,320496,0.0
1,320496,0.0
1,320496,0.0
1,320496,0.0
1,320496,0.0
1,320496,0.0
1,320496,0.0
1,320496,0.0
1,320496,0.0
1,320580,0.0
1,320580,0.0
1,320580,0.0
1,320580,0.0
1,320580,0.0
1,320580,0.0
1,320580,0.0
1,320580,0.0
1,320592,Other
1,320592,Other
1,320592,0.0
1,320592,0.0
3,320640,0.0
3,320640,0.0
3,320640,0.0
Other,320700,Other
Other,320700,0.0
6,320723,Other
3,320726,0.0
3,320726,0.0
3,320726,0.0
3,320726,0.0
Other,320787,0.0
Other,320787,0.0
1,320839,0.0
1,320839,0.0
1,320839,0.0
3,320942,Other
3,320942,0.0
1,320974,0.0
1,320974,0.0
1,320974,0.0
Other,320997,Other
3,321021,0.0
3,321021,0.0
Other,321065,0.0
1,321092,Other
1,321092,0.0
1,321092,0.0
1,321121,Other
1,321121,0.0
1,321121,0.0
1,321121,0.0
6,321137,0.0
3,321162,0.0
3,321162,0.0
3,321162,0.0
3,321162,0.0
1,321167,0.0
1,321167,0.0
2,333971,0.0
1,321192,0.0
1,321192,0.0
1,321192,0.0
6,321194,0.0
1,321233,0.0
1,321233,0.0
1,321233,0.0
1,321233,0.0
1,321233,0.0
1,321233,0.0
6,321292,0.0
6,321432,0.0
6,321554,Other
1,321578,0.0
1,321578,0.0
1,321611,0.0
1,321611,0.0
6,321615,0.0
3,321622,0.0
3,321622,0.0
3,321622,0.0
3,321622,0.0
1,321623,Other
1,321623,0.0
1,321623,0.0
1,321623,0.0
1,321674,0.0
1,321674,0.0
2,321711,0.0
2,321711,0.0
3,321869,0.0
3,321869,0.0
3,321869,0.0
3,321869,0.0
1,321892,0.0
1,321892,0.0
1,321892,0.0
1,321892,0.0
1,321892,0.0
1,321892,0.0
1,321892,0.0
1,321892,0.0
1,321892,0.0
1,321892,0.0
1,321982,Other
1,321982,Other
1,322020,0.0
1,322020,0.0
1,322160,0.0
1,322160,0.0
Other,322172,Other
Other,322172,0.0
3,322243,0.0
3,322243,0.0
3,322243,0.0
6,322309,0.0
1,322360,0.0
1,322360,0.0
1,322360,0.0
1,322360,0.0
1,322360,0.0
1,322387,0.0
1,322387,0.0
1,322387,0.0
1,322387,0.0
1,322387,0.0
1,322387,0.0
1,322387,0.0
Other,322422,0.0
Other,322422,0.0
3,322441,0.0
3,322441,0.0
3,322441,0.0
Other,322447,0.0
Other,322579,0.0
Other,322579,0.0
1,322656,Other
1,322656,0.0
1,322656,0.0
1,322656,0.0
Other,322861,0.0
Other,322861,0.0
6,322882,0.0
Other,322901,0.0
Other,322901,0.0
Other,322901,0.0
6,322916,Other
3,323047,0.0
3,323047,0.0
3,323047,0.0
3,323047,0.0
3,323208,0.0
3,323208,0.0
3,323208,0.0
3,323208,0.0
6,323246,0.0
3,323258,0.0
3,323258,0.0
3,323258,0.0
6,323358,0.0
1,323402,0.0
1,323402,0.0
1,323402,Other
1,323423,0.0
1,323423,0.0
1,323423,0.0
1,323423,0.0
3,323531,0.0
3,323531,0.0
2,323563,0.0
2,323563,0.0
2,323687,0.0
2,323687,0.0
3,323689,0.0
3,323689,0.0
1,323727,0.0
1,323727,0.0
1,323727,0.0
1,323736,Other
1,323736,0.0
1,323736,0.0
1,323736,0.0
1,323736,0.0
3,323793,Other
3,323793,0.0
3,323793,0.0
3,323793,0.0
3,323793,0.0
3,323794,0.0
3,323794,0.0
Other,323943,0.0
Other,323943,0.0
6,323948,0.0
6,323962,0.0
Other,323966,Other
Other,323973,0.0
1,323995,Other
1,323995,0.0
Other,324006,0.0
Other,324006,0.0
2,324042,Other
2,324042,0.0
2,324042,0.0
1,324133,0.0
1,324133,0.0
1,324133,0.0
1,324133,0.0
6,324156,Other
2,324220,0.0
2,324220,0.0
3,324259,0.0
3,324259,0.0
3,324465,0.0
3,324465,0.0
3,324465,0.0
1,324469,0.0
1,324469,0.0
Other,324487,Other
Other,324487,Other
1,324635,0.0
1,324635,0.0
1,324635,0.0
1,324635,0.0
1,324635,0.0
1,324635,0.0
1,324635,0.0
1,324635,0.0
1,324635,0.0
1,324732,0.0
1,324732,0.0
1,324732,0.0
1,324732,0.0
1,324745,0.0
1,324745,0.0
1,324776,0.0
1,324776,0.0
1,324792,0.0
1,324792,0.0
1,324792,0.0
1,324817,Other
1,324817,Other
3,324859,0.0
3,324859,0.0
6,324886,0.0
6,324980,0.0
Other,325048,0.0
6,325180,0.0
1,325246,0.0
1,325246,0.0
1,325246,0.0
1,325275,0.0
1,325275,0.0
1,325275,0.0
1,325323,0.0
1,325323,0.0
1,325323,0.0
1,325330,0.0
1,325330,0.0
1,325330,0.0
1,325330,0.0
1,325330,0.0
1,325405,0.0
1,325405,0.0
1,325405,0.0
2,325472,Other
2,325472,0.0
1,325542,0.0
1,325542,0.0
Other,325888,0.0
1,325908,0.0
1,325908,0.0
1,325908,0.0
1,325941,0.0
1,325941,0.0
1,325941,0.0
1,325941,0.0
1,325941,0.0
3,326051,0.0
3,326051,0.0
1,326085,0.0
1,326085,0.0
1,326085,0.0
Other,326242,0.0
Other,326242,0.0
1,326300,0.0
1,326300,0.0
1,326300,0.0
1,326300,0.0
Other,326388,0.0
Other,326393,Other
Other,326516,0.0
Other,326516,0.0
2,326540,0.0
2,326540,0.0
2,326540,0.0
2,326540,0.0
1,326606,Other
1,326606,0.0
1,326606,0.0
1,326606,0.0
Other,326636,Other
1,326702,0.0
1,326702,0.0
1,326751,0.0
1,326751,0.0
1,326751,0.0
1,326751,0.0
1,326751,0.0
Other,326777,0.0
Other,326777,0.0
Other,326811,0.0
1,326871,0.0
1,326871,0.0
1,326871,0.0
1,326871,0.0
Other,326885,0.0
1,326910,0.0
1,326910,0.0
1,326910,0.0
1,326910,0.0
6,326933,0.0
3,327020,0.0
3,327020,0.0
3,327020,0.0
3,327020,0.0
3,327020,0.0
3,327020,0.0
3,327020,0.0
3,327020,0.0
6,327021,0.0
1,327028,0.0
1,327028,0.0
1,327084,0.0
1,327084,0.0
1,327084,0.0
1,327084,0.0
1,327097,0.0
1,327097,0.0
3,327141,0.0
3,327141,0.0
Other,327255,0.0
6,327274,0.0
6,327309,Other
6,327381,0.0
1,327465,0.0
1,327465,0.0
1,327465,Other
1,327465,0.0
1,327513,0.0
1,327513,0.0
1,327513,0.0
1,327513,0.0
Other,327532,0.0
Other,327532,0.0
3,327682,0.0
3,327682,0.0
3,327682,0.0
3,327682,0.0
6,327822,0.0
1,327848,0.0
1,327848,0.0
1,327848,0.0
6,327872,0.0
1,327894,0.0
1,327894,0.0
6,327907,0.0
6,327923,0.0
Other,327931,0.0
1,327990,0.0
1,327990,0.0
1,327990,0.0
1,327990,0.0
1,327990,0.0
1,328017,Other
1,328017,0.0
1,328017,0.0
1,328017,0.0
Other,328063,0.0
Other,328063,0.0
2,328114,0.0
2,328114,0.0
2,328114,0.0
2,328114,0.0
2,328114,0.0
2,328114,0.0
1,328127,0.0
1,328127,0.0
1,328187,0.0
1,328187,0.0
1,328187,0.0
1,328187,0.0
1,328187,0.0
6,328206,0.0
6,328220,0.0
6,328239,0.0
1,328249,0.0
1,328249,0.0
1,328249,0.0
1,328249,0.0
1,328417,0.0
1,328417,Other
1,328417,0.0
3,328470,0.0
3,328470,0.0
3,328470,0.0
Other,328500,0.0
6,328520,0.0
1,328626,0.0
1,328626,0.0
1,328626,0.0
1,328626,0.0
1,328626,0.0
1,328626,0.0
1,328626,0.0
1,328626,0.0
1,328626,0.0
1,328661,0.0
1,328661,Other
1,328694,0.0
1,328694,0.0
1,328694,0.0
1,328717,0.0
1,328717,0.0
1,328717,0.0
1,328774,0.0
1,328774,0.0
1,328774,0.0
1,328774,0.0
1,328788,0.0
1,328788,0.0
1,328788,0.0
1,328788,0.0
1,328808,0.0
1,328808,0.0
1,328808,0.0
1,328808,0.0
Other,328919,0.0
Other,328919,0.0
Other,328919,0.0
Other,328965,0.0
3,328986,0.0
3,328986,0.0
1,329006,Other
1,329006,0.0
1,329006,0.0
1,329006,0.0
6,329093,0.0
1,329138,0.0
1,329138,0.0
1,329138,0.0
1,329138,0.0
3,329194,0.0
3,329194,0.0
3,329194,0.0
3,329194,0.0
6,329201,Other
3,329254,Other
3,329254,0.0
6,329340,0.0
1,329366,0.0
1,329366,0.0
1,329366,0.0
1,329366,0.0
3,329385,0.0
3,329385,0.0
3,329385,0.0
3,329385,0.0
3,329385,0.0
3,329415,0.0
3,329415,0.0
3,329415,0.0
3,329415,0.0
3,329454,0.0
3,329454,0.0
1,329570,0.0
1,329570,0.0
1,329570,0.0
1,329694,Other
1,329694,0.0
1,329694,0.0
Other,329712,0.0
1,329798,0.0
1,329798,0.0
Other,329962,0.0
3,330121,Other
3,330121,0.0
3,330121,0.0
6,330275,0.0
Other,330472,0.0
Other,330474,0.0
Other,330494,0.0
1,330512,Other
1,330512,Other
3,330521,0.0
3,330521,0.0
3,330521,0.0
3,330531,0.0
3,330531,0.0
3,330531,0.0
3,330531,0.0
Other,330600,0.0
Other,330600,0.0
1,330700,Other
1,330700,0.0
1,330700,0.0
1,330700,0.0
1,330700,0.0
3,330798,0.0
3,330798,0.0
3,330798,0.0
1,330811,0.0
1,330811,0.0
1,330811,0.0
1,330902,0.0
1,330902,0.0
Other,330903,Other
Other,331004,Other
1,331218,0.0
1,331218,0.0
1,331218,0.0
6,331275,0.0
1,331290,0.0
1,331290,0.0
3,331333,0.0
3,331333,0.0
3,331333,0.0
1,331379,Other
1,331379,0.0
1,331379,0.0
1,331379,0.0
1,331379,0.0
1,331379,0.0
1,331379,0.0
1,331379,0.0
6,331426,0.0
Other,331435,0.0
1,331452,0.0
1,331452,0.0
1,331452,0.0
1,331452,0.0
1,331477,0.0
1,331477,0.0
1,331477,0.0
1,331545,0.0
1,331545,0.0
Other,331561,0.0
Other,331561,0.0
1,331577,0.0
1,331577,0.0
1,331577,0.0
1,331577,0.0
6,331584,0.0
Other,331672,Other
1,331680,0.0
1,331680,0.0
1,331680,0.0
1,331680,0.0
1,331680,0.0
6,331735,0.0
1,331798,Other
1,331798,0.0
1,331798,0.0
1,331798,0.0
3,331875,0.0
3,331875,0.0
3,331875,0.0
1,331889,0.0
1,331889,0.0
1,331889,0.0
1,331964,0.0
1,331964,0.0
1,331964,0.0
1,331964,0.0
1,331964,0.0
1,331964,0.0
Other,332070,Other
Other,332070,0.0
1,332326,Other
1,332326,0.0
1,332326,0.0
1,332326,0.0
1,332326,0.0
1,332326,0.0
1,332326,0.0
1,332326,0.0
1,332326,0.0
1,332326,0.0
1,332326,0.0
1,332326,0.0
1,332343,0.0
1,332343,0.0
1,332343,0.0
1,332343,0.0
Other,332427,0.0
Other,332427,0.0
6,332451,0.0
1,332476,Other
1,332476,Other
1,332476,0.0
1,332479,Other
1,332479,0.0
1,332479,0.0
1,332479,0.0
3,332499,Other
3,332499,0.0
1,332597,0.0
1,332597,0.0
1,332597,0.0
1,332597,0.0
6,332672,Other
6,332729,0.0
Other,332764,0.0
Other,332764,0.0
Other,332809,0.0
6,332839,0.0
Other,332883,0.0
Other,332883,0.0
1,332891,0.0
1,332891,0.0
2,332992,0.0
2,332992,0.0
2,332992,0.0
2,332992,0.0
6,332998,Other
1,333023,0.0
1,333023,0.0
1,333030,0.0
1,333030,0.0
1,333030,0.0
1,333030,0.0
1,333030,0.0
1,333042,0.0
1,333042,0.0
3,333127,0.0
3,333127,0.0
2,333244,0.0
2,333244,Other
1,333320,Other
1,333320,0.0
1,333344,Other
1,333344,0.0
1,333344,0.0
1,333344,0.0
1,333344,0.0
Other,333345,0.0
Other,333345,0.0
Other,333345,0.0
1,333401,0.0
1,333401,0.0
2,333469,0.0
2,333469,0.0
2,333469,0.0
3,333517,0.0
3,333517,0.0
3,333517,0.0
3,333517,0.0
Other,333600,0.0
Other,333600,0.0
3,333698,0.0
3,333698,0.0
3,333698,0.0
3,333698,0.0
6,333703,0.0
1,333746,0.0
1,333746,0.0
1,333746,0.0
1,333746,0.0
1,333746,0.0
3,333764,Other
3,333764,0.0
3,333764,0.0
3,333764,0.0
Other,333969,0.0
Other,333969,0.0
Other,333969,0.0
2,333971,0.0
2,333971,0.0
2,333971,0.0
2,333971,0.0
2,333971,0.0
1,333980,0.0
1,333980,0.0
1,333980,0.0
1,333980,0.0
1,333980,0.0
1,333980,0.0
Other,333997,0.0
Other,333997,0.0
Other,333997,0.0
6,334040,Other
1,334107,0.0
1,334107,0.0
1,334107,0.0
1,334107,0.0
1,334160,Other
1,334160,0.0
1,334186,Other
1,334186,0.0
1,334270,0.0
1,334270,0.0
1,334270,0.0
1,334270,0.0
Other,334280,0.0
6,334282,0.0
Other,334454,0.0
Other,334454,0.0
Other,334454,0.0
Other,334454,0.0
1,334538,0.0
1,334538,0.0
1,334538,0.0
1,334538,0.0
1,334538,0.0
1,334538,0.0
1,334538,0.0
1,334538,0.0
3,334539,0.0
3,334539,0.0
3,334539,0.0
1,334615,0.0
1,334615,0.0
1,334615,0.0
1,334615,0.0
3,334630,0.0
3,334630,0.0
3,334671,0.0
3,334671,0.0
3,334671,0.0
Other,334707,0.0
Other,334747,Other
Other,334747,0.0
6,334823,0.0
3,334921,0.0
3,334921,0.0
3,334921,0.0
1,334938,0.0
1,334938,0.0
2,335013,0.0
2,335013,0.0
2,335013,0.0
2,335013,0.0
6,335068,0.0
1,335093,Other
1,335093,0.0
1,335093,0.0
1,335093,0.0
1,335093,0.0
1,335093,0.0
1,335097,0.0
1,335097,0.0
Other,335102,0.0
Other,335191,Other
3,335220,0.0
3,335220,0.0
3,335220,0.0
3,335220,0.0
3,335220,0.0
3,335220,0.0
3,335220,0.0
2,335265,0.0
2,335265,0.0
1,335364,0.0
1,335364,0.0
1,335364,0.0
1,335364,0.0
6,335552,0.0
3,335568,0.0
3,335568,0.0
3,335568,0.0
1,335593,Other
1,335593,Other
1,335593,0.0
1,335593,0.0
1,335593,0.0
1,335601,Other
1,335601,0.0
1,335608,Other
1,335608,0.0
Other,335653,0.0
1,335673,0.0
1,335673,0.0
1,335683,0.0
1,335683,0.0
1,335683,0.0
1,335683,0.0
3,335759,0.0
3,335759,0.0
3,335797,0.0
3,335797,0.0
3,335797,0.0
3,335797,0.0
1,335800,0.0
1,335800,0.0
1,335800,0.0
1,335800,0.0
1,335833,0.0
1,335833,0.0
1,335833,0.0
1,335924,0.0
1,335924,0.0
1,335924,0.0
1,335924,0.0
1,335924,0.0
6,335931,0.0
2,335951,Other
2,335951,0.0
1,336148,0.0
1,336148,0.0
1,336148,0.0
1,336148,0.0
Other,336253,0.0
Other,336253,0.0
Other,336285,0.0
Other,336285,Other
Other,336534,Other
1,336540,0.0
1,336540,0.0
1,336587,Other
1,336587,Other
1,336587,0.0
1,336587,0.0
1,336587,0.0
6,336605,0.0
1,336756,Other
1,336756,Other
6,336796,0.0
1,336803,0.0
1,336803,0.0
3,336820,0.0
3,336820,0.0
3,336820,0.0
3,336820,0.0
1,336847,0.0
1,336847,0.0
Other,336904,0.0
Other,336904,0.0
1,336953,0.0
1,336953,0.0
1,336953,0.0
1,336953,0.0
2,337007,0.0
2,337007,0.0
2,337007,0.0
Other,337019,Other
Other,337067,0.0
1,337183,0.0
1,337183,0.0
1,337183,0.0
1,337183,0.0
1,337183,0.0
1,337183,0.0
1,337224,0.0
1,337224,0.0
1,337224,0.0
3,337286,0.0
3,337286,0.0
Other,337296,0.0
6,337458,Other
Other,337500,0.0
3,337512,0.0
3,337512,0.0
3,337512,0.0
3,337512,0.0
3,337512,0.0
3,337512,0.0
3,337512,0.0
3,337685,Other
3,337685,0.0
2,337694,0.0
2,337694,0.0
2,337694,0.0
2,337694,0.0
2,337694,0.0
3,337813,0.0
3,337813,0.0
6,337848,0.0
3,337853,0.0
3,337853,0.0
3,337853,0.0
3,337853,0.0
3,337853,0.0
3,337853,0.0
1,337917,0.0
1,337917,0.0
1,337917,0.0
1,337917,0.0
1,337921,0.0
1,337921,0.0
1,337921,0.0
1,337921,0.0
1,337921,0.0
1,338022,Other
1,338022,Other
1,338022,0.0
1,338022,0.0
1,338022,0.0
1,338022,0.0
6,338195,0.0
Other,338354,0.0
Other,338354,0.0
1,338482,0.0
1,338482,0.0
1,338482,0.0
1,338482,0.0
6,338507,0.0
Other,338585,0.0
Other,338585,0.0
Other,338622,0.0
1,338723,0.0
1,338723,0.0
1,338723,0.0
1,338723,0.0
1,338746,Other
1,338746,0.0
1,338746,0.0
1,338746,0.0
1,338748,Other
1,338748,Other
1,338748,0.0
1,338748,0.0
6,338794,0.0
1,338812,0.0
1,338812,0.0
1,338825,0.0
1,338825,0.0
1,338825,0.0
1,338825,0.0
1,338825,0.0
1,338825,0.0
2,338963,0.0
2,338963,0.0
2,338963,0.0
2,338963,0.0
2,338963,0.0
2,338963,0.0
2,338963,0.0
2,338963,Other
2,338963,0.0
1,339038,Other
1,339038,0.0
1,339038,0.0
1,339038,0.0
6,339054,Other
Other,339185,0.0
1,339220,0.0
1,339220,Other
1,339220,0.0
1,339262,0.0
1,339262,0.0
1,339313,0.0
1,339313,0.0
1,339313,0.0
1,339313,0.0
Other,339378,0.0
Other,339378,0.0
1,339413,Other
1,339413,0.0
1,339413,0.0
1,339413,0.0
3,339464,0.0
3,339464,0.0
3,339464,0.0
3,339551,0.0
3,339551,0.0
3,339551,0.0
1,339565,0.0
1,339565,0.0
1,339565,0.0
1,339565,0.0
1,339581,0.0
1,339581,0.0
1,339581,0.0
1,339581,Other
1,339640,Other
1,339640,0.0
1,339640,0.0
1,339640,0.0
1,339805,0.0
1,339805,0.0
1,339805,0.0
1,339805,0.0
1,339805,0.0
1,339805,0.0
Other,339871,0.0
Other,339871,0.0
Other,339965,0.0
Other,339965,0.0
Other,339965,0.0
3,339970,0.0
3,339970,0.0
3,339970,0.0
3,339970,0.0
3,339970,0.0
1,339971,0.0
1,339971,0.0
1,339971,0.0
3,340005,0.0
3,340005,0.0
3,340005,0.0
3,340005,0.0
Other,340165,0.0
1,340195,0.0
1,340195,0.0
1,340195,0.0
1,340195,0.0
1,340195,0.0
1,340195,0.0
6,340304,0.0
1,340351,0.0
1,340351,0.0
1,340351,0.0
1,340351,0.0
1,340351,0.0
1,340351,0.0
Other,340528,0.0
Other,340528,0.0
Other,340528,0.0
1,340668,0.0
1,340668,0.0
3,340717,0.0
3,340717,0.0
Other,340802,0.0
Other,340802,0.0
Other,340868,Other
Other,340868,0.0
Other,340868,0.0
1,340879,0.0
1,340879,0.0
1,340879,0.0
1,340879,0.0
1,340879,0.0
2,341150,0.0
2,341150,0.0
Other,341200,Other
1,341225,0.0
1,341225,0.0
1,341225,0.0
Other,341242,0.0
Other,341242,0.0
3,341335,0.0
3,341335,0.0
1,341402,0.0
1,341402,0.0
1,341402,0.0
1,341402,0.0
1,341402,0.0
1,341402,0.0
1,341402,0.0
1,341402,0.0
1,341402,0.0
3,341418,0.0
3,341418,0.0
Other,341444,0.0
Other,341444,0.0
Other,341444,0.0
Other,341444,0.0
Other,341545,0.0
6,341546,0.0
6,341553,0.0
3,341572,0.0
3,341572,0.0
3,341572,0.0
1,341575,0.0
1,341575,Other
1,341575,0.0
1,341660,0.0
1,341660,0.0
6,341703,0.0
Other,341709,Other
1,341744,Other
1,341744,Other
1,341744,0.0
1,341823,0.0
1,341823,0.0
1,341823,0.0
Other,341825,0.0
Other,341825,0.0
Other,341825,0.0
Other,341825,0.0
1,341905,0.0
1,341905,0.0
Other,341920,0.0
Other,341920,0.0
Other,341920,0.0
3,341972,0.0
3,341972,0.0
3,341972,0.0
6,341992,0.0
1,342072,0.0
1,342072,0.0
1,342072,0.0
1,342116,0.0
1,342116,0.0
3,342118,0.0
3,342118,0.0
3,342118,0.0
3,342118,0.0
3,342245,0.0
3,342245,0.0
3,342245,0.0
3,342245,0.0
3,342245,0.0
2,342262,0.0
2,342262,0.0
2,342262,0.0
1,342296,Other
1,342296,0.0
1,342296,Other
6,342310,0.0
3,342431,0.0
3,342431,0.0
1,342502,Other
1,342502,Other
1,342511,0.0
1,342511,0.0
1,342511,0.0
3,342590,0.0
3,342590,0.0
3,342590,0.0
3,342590,0.0
6,342615,0.0
3,342634,0.0
3,342634,0.0
3,342634,0.0
3,342634,0.0
3,342634,0.0
3,342634,0.0
3,342810,0.0
3,342810,0.0
3,342810,0.0
3,342810,0.0
3,342810,0.0
3,342810,0.0
1,342876,0.0
1,342876,0.0
1,342876,0.0
2,342919,0.0
2,342919,0.0
2,342919,0.0
2,342919,0.0
2,342919,0.0
2,342919,0.0
2,342919,0.0
2,342919,0.0
2,342919,0.0
Other,342928,0.0
1,342978,0.0
1,342978,0.0
6,342992,0.0
3,343063,0.0
3,343063,0.0
Other,343199,0.0
3,343269,0.0
3,343269,0.0
1,343311,0.0
1,343311,0.0
1,343311,0.0
1,343311,0.0
1,343311,0.0
1,343324,0.0
1,343324,0.0
3,343331,0.0
3,343331,0.0
3,343331,0.0
3,343331,0.0
3,343331,0.0
1,343435,0.0
1,343435,0.0
1,343435,0.0
Other,343516,0.0
6,343530,0.0
1,343661,0.0
1,343661,0.0
1,343661,0.0
1,343661,0.0
1,343763,Other
1,343763,Other
2,343773,0.0
2,343773,0.0
2,343773,0.0
6,343857,0.0
1,343903,0.0
1,343903,0.0
1,343903,0.0
1,343903,0.0
1,343903,0.0
1,343903,0.0
1,343903,0.0
1,343903,0.0
1,343903,0.0
1,343903,0.0
1,343903,Other
3,343940,0.0
3,343940,0.0
Other,343959,Other
1,344042,0.0
1,344042,0.0
1,344042,0.0
3,344047,0.0
3,344047,0.0
1,344065,Other
1,344065,0.0
1,344065,0.0
1,344346,0.0
1,344065,0.0
1,344065,0.0
1,344065,0.0
3,344113,0.0
3,344113,0.0
1,344186,0.0
1,344186,0.0
1,344186,0.0
6,344277,0.0
1,344303,0.0
1,344303,0.0
1,344303,0.0
1,344303,0.0
1,344303,0.0
1,344303,0.0
1,344303,0.0
1,344341,0.0
1,344341,0.0
1,344341,0.0
1,344341,0.0
1,344346,0.0
1,344346,0.0
1,344346,0.0
1,344346,0.0
1,344346,0.0
1,344346,0.0
1,344346,0.0
1,344346,0.0
1,344346,0.0
Other,344470,0.0
2,344517,0.0
2,344517,0.0
1,344755,0.0
1,344755,Other
3,344807,0.0
3,344807,0.0
Other,344809,0.0
Other,344845,0.0
1,344861,0.0
1,344861,0.0
1,344864,0.0
1,344864,0.0
1,344864,0.0
1,344864,0.0
1,344864,0.0
1,344864,0.0
1,344864,0.0
1,344918,0.0
1,344918,0.0
3,344919,0.0
3,344919,0.0
3,344919,0.0
3,344919,0.0
3,344919,0.0
3,344919,0.0
3,344919,0.0
3,344919,0.0
3,344919,0.0
3,344919,0.0
3,344919,0.0
Other,344922,0.0
Other,344926,0.0
6,344980,0.0
2,345113,0.0
2,345113,0.0
2,345113,0.0
2,345113,0.0
1,345140,0.0
1,345140,0.0
1,345140,0.0
1,345140,0.0
3,345171,0.0
3,345171,0.0
3,345171,0.0
3,345171,0.0
6,345285,0.0
6,345308,0.0
1,345515,Other
1,345515,0.0
1,345515,0.0
Other,345537,0.0
Other,345537,0.0
Other,345537,Other
Other,345553,0.0
1,345620,0.0
1,345620,Other
1,345620,0.0
1,345620,0.0
1,345622,Other
1,345622,0.0
1,345622,0.0
1,345622,0.0
1,345792,0.0
1,345792,0.0
1,345792,0.0
1,345792,0.0
1,345792,0.0
1,345792,0.0
1,345792,0.0
3,345825,0.0
3,345825,0.0
3,345825,0.0
1,345883,0.0
1,345883,Other
1,345883,0.0
1,345883,0.0
1,345883,0.0
6,345895,0.0
1,345907,0.0
1,345907,0.0
1,345907,0.0
1,345907,0.0
1,346068,0.0
1,346068,0.0
1,346068,0.0
1,346068,0.0
3,346103,0.0
3,346103,0.0
1,346138,0.0
1,346138,0.0
1,346138,0.0
6,346182,Other
1,346322,0.0
1,346322,0.0
1,346322,0.0
1,346322,0.0
3,346391,0.0
3,346391,0.0
3,346391,0.0
6,346484,0.0
3,346495,0.0
3,346495,0.0
1,412282,0.0
3,346495,0.0
3,346511,0.0
3,346511,0.0
3,346511,0.0
3,346511,0.0
Other,346541,0.0
1,346611,Other
1,346611,0.0
1,346611,0.0
1,346611,0.0
1,346611,0.0
1,346611,0.0
1,346611,0.0
1,346611,0.0
1,346611,0.0
Other,346654,Other
3,346655,0.0
3,346655,0.0
3,346655,0.0
1,346670,0.0
1,346670,0.0
1,346692,0.0
1,346692,0.0
Other,346837,0.0
Other,346837,Other
6,346961,0.0
1,346991,0.0
1,346991,Other
Other,347094,0.0
1,347102,0.0
1,347102,0.0
1,347102,0.0
1,347102,0.0
Other,347186,Other
Other,347186,0.0
Other,347258,0.0
Other,347258,0.0
1,347262,0.0
1,347262,0.0
1,347262,0.0
1,347262,0.0
1,347262,0.0
1,347262,0.0
1,347263,0.0
1,347263,0.0
3,347267,0.0
3,347267,0.0
1,347378,Other
1,347378,Other
1,347422,0.0
1,347422,0.0
1,347422,0.0
1,347434,Other
1,347434,Other
1,347434,0.0
1,347434,0.0
1,347471,0.0
1,347471,0.0
1,347471,0.0
1,347471,0.0
1,347471,0.0
1,347471,0.0
1,347471,0.0
1,347471,0.0
Other,347505,0.0
6,347518,0.0
Other,347593,Other
3,347619,0.0
3,347619,0.0
3,347619,0.0
3,347619,0.0
3,347619,0.0
3,347619,0.0
3,347619,0.0
6,347645,0.0
Other,347722,Other
Other,347738,0.0
Other,347738,0.0
Other,347738,0.0
Other,347738,0.0
Other,347738,0.0
1,347743,0.0
1,347743,0.0
Other,347805,Other
Other,347805,0.0
1,347837,Other
1,347837,0.0
1,347888,Other
1,347888,0.0
1,347888,Other
1,347888,0.0
1,347888,0.0
Other,348002,0.0
1,348063,0.0
1,348063,0.0
1,348063,0.0
3,348177,0.0
3,348177,0.0
3,348244,0.0
3,348244,0.0
3,348249,0.0
3,348249,0.0
3,348249,0.0
3,348249,0.0
3,348249,0.0
6,348372,Other
Other,348379,0.0
Other,348487,Other
Other,348487,Other
6,348591,0.0
Other,348597,Other
6,348639,0.0
Other,348644,0.0
1,348772,Other
1,348772,0.0
1,348772,0.0
6,348841,Other
Other,348858,Other
3,348883,0.0
3,348883,0.0
3,348883,0.0
6,348900,0.0
Other,348952,Other
Other,349064,0.0
1,349195,Other
1,349195,Other
1,349195,0.0
1,349195,0.0
3,349202,0.0
3,349202,0.0
1,349310,Other
1,349310,0.0
1,349310,0.0
1,349310,0.0
2,349347,0.0
2,349347,0.0
2,349347,0.0
1,349432,0.0
1,349432,0.0
1,349432,0.0
3,349474,Other
3,349474,0.0
1,349476,0.0
1,349476,0.0
1,349476,0.0
1,349492,0.0
1,349492,0.0
1,349492,0.0
1,349492,0.0
1,349523,0.0
1,349523,Other
1,349523,0.0
1,349579,0.0
1,349579,0.0
1,349637,0.0
1,349637,0.0
6,349670,0.0
1,350137,0.0
1,350137,0.0
1,350137,0.0
1,350137,0.0
6,350255,0.0
Other,350297,0.0
1,350470,0.0
1,350470,0.0
1,350470,0.0
6,350680,0.0
Other,350818,0.0
Other,350818,0.0
Other,350883,Other
Other,350883,0.0
1,350889,0.0
1,350889,0.0
3,350963,0.0
3,350963,0.0
3,350963,0.0
Other,350971,0.0
2,350973,0.0
2,350973,0.0
2,350973,0.0
2,350973,0.0
2,350973,0.0
2,350973,0.0
2,350973,0.0
2,350973,0.0
Other,350984,0.0
3,351074,0.0
3,351074,0.0
3,351074,0.0
Other,351106,0.0
Other,351330,0.0
2,351343,Other
2,351343,0.0
1,351346,Other
1,351346,0.0
3,351357,0.0
3,351357,0.0
3,351357,0.0
1,351392,0.0
1,351392,0.0
1,351392,0.0
1,351491,0.0
1,351491,0.0
1,351537,0.0
1,351537,0.0
1,351537,0.0
1,351544,Other
1,351544,Other
1,351544,0.0
6,351686,Other
Other,351729,0.0
1,351757,0.0
1,351757,Other
1,351767,0.0
1,351767,0.0
Other,351823,0.0
1,352066,Other
1,352066,0.0
2,352086,0.0
2,352086,0.0
2,352086,0.0
Other,352173,0.0
1,352296,0.0
1,352296,0.0
1,352415,0.0
1,352415,0.0
Other,352462,0.0
6,352472,Other
1,352549,0.0
1,352549,0.0
1,352549,0.0
1,352549,0.0
1,352636,0.0
1,352636,0.0
1,352636,0.0
1,352636,0.0
Other,352684,0.0
Other,352684,0.0
Other,352706,0.0
6,352716,0.0
1,352747,0.0
1,352747,0.0
1,352747,0.0
3,352804,0.0
3,352804,0.0
1,352815,0.0
1,352815,0.0
1,352815,0.0
1,352815,0.0
6,352865,0.0
Other,352913,Other
Other,352913,Other
Other,352913,0.0
Other,352913,Other
Other,352913,0.0
3,352971,0.0
3,352971,0.0
1,353004,0.0
1,353004,0.0
1,353004,0.0
1,353004,0.0
Other,353005,0.0
Other,353005,0.0
Other,353008,0.0
Other,353008,0.0
Other,353179,Other
Other,353179,0.0
6,353229,Other
6,353264,Other
1,353271,Other
1,353271,0.0
1,353271,0.0
1,353271,0.0
6,353329,0.0
Other,353379,Other
6,353387,Other
3,353428,0.0
3,353428,0.0
3,353428,0.0
1,353453,Other
1,353453,0.0
1,353453,0.0
1,353453,0.0
1,353495,0.0
1,353495,0.0
1,353495,0.0
1,353495,0.0
1,353495,0.0
1,353497,0.0
1,353497,0.0
1,353497,0.0
1,353547,Other
1,353547,Other
Other,353616,Other
6,353650,0.0
6,353740,0.0
Other,353748,0.0
1,353767,0.0
1,353767,0.0
1,353767,0.0
1,353776,0.0
1,353776,0.0
6,353944,0.0
Other,354125,0.0
Other,354125,0.0
Other,354125,0.0
Other,354125,Other
Other,354125,0.0
1,354192,0.0
1,354192,0.0
1,354221,0.0
1,354221,0.0
1,354221,0.0
1,354221,0.0
1,354221,0.0
3,354237,0.0
3,354237,0.0
3,354237,0.0
3,354237,0.0
1,354278,Other
1,354278,0.0
1,354278,0.0
1,354278,0.0
1,354278,0.0
1,354278,0.0
1,354357,0.0
1,354357,0.0
2,354443,0.0
2,354443,0.0
6,354486,Other
1,354506,0.0
1,354506,0.0
1,354506,0.0
1,354506,0.0
1,354535,Other
1,354535,0.0
1,354535,0.0
1,354535,0.0
3,354615,0.0
3,354615,0.0
6,354645,0.0
Other,354683,0.0
Other,354683,0.0
1,354697,Other
1,354697,0.0
Other,354700,0.0
Other,354700,0.0
Other,354787,0.0
Other,354787,0.0
Other,354787,0.0
1,354810,Other
1,354810,0.0
1,354810,0.0
1,354810,0.0
1,354810,0.0
6,354835,0.0
6,354923,0.0
6,354986,Other
Other,355010,0.0
6,355065,Other
3,355196,0.0
3,355196,0.0
3,355196,0.0
1,355243,0.0
1,355243,0.0
1,355243,0.0
1,355243,0.0
1,355243,0.0
1,355315,Other
1,355315,0.0
Other,355489,0.0
1,355545,Other
1,355545,0.0
1,355545,Other
1,355545,0.0
1,355597,0.0
1,355597,0.0
1,355597,0.0
6,355630,0.0
Other,355653,0.0
6,355729,Other
3,355765,0.0
3,355765,0.0
3,355765,0.0
3,355765,0.0
3,355765,0.0
3,355765,0.0
3,355765,0.0
3,355799,0.0
3,355799,0.0
3,355799,0.0
1,355808,0.0
1,355808,0.0
1,355808,0.0
1,355808,0.0
1,355809,Other
1,355809,0.0
1,355809,Other
3,355821,Other
3,355821,0.0
Other,355978,0.0
6,356004,0.0
1,356120,0.0
1,356120,0.0
1,356120,0.0
1,356127,0.0
1,356127,Other
Other,356186,Other
1,356342,0.0
1,356342,0.0
1,356375,0.0
1,356375,0.0
1,356375,0.0
Other,356425,0.0
1,356473,0.0
1,356473,Other
6,356550,0.0
Other,356585,0.0
Other,356585,0.0
Other,356585,0.0
Other,356585,0.0
6,356651,Other
Other,356687,0.0
Other,356687,0.0
1,356700,Other
1,356700,0.0
1,356700,0.0
2,356739,0.0
2,356739,0.0
2,356739,0.0
2,356739,0.0
Other,356810,0.0
1,356848,0.0
1,356848,0.0
6,357043,0.0
Other,357068,Other
6,357132,0.0
3,357139,0.0
3,357139,0.0
6,357199,0.0
1,357226,Other
1,357226,Other
6,357227,0.0
Other,357341,Other
1,357446,0.0
1,357446,0.0
1,357447,Other
1,357447,0.0
1,357447,0.0
1,357447,0.0
1,357496,0.0
1,357496,0.0
6,357532,0.0
2,357602,Other
2,357602,0.0
2,357602,0.0
Other,357614,0.0
1,357788,0.0
1,357788,0.0
1,357788,0.0
1,357788,0.0
6,357812,0.0
3,357865,0.0
3,357865,0.0
3,357905,0.0
3,357905,0.0
1,358006,0.0
1,358006,0.0
1,358089,Other
1,358089,0.0
1,358089,0.0
1,358089,0.0
2,358176,0.0
2,358176,0.0
2,358176,0.0
2,358176,0.0
2,358176,0.0
1,358228,0.0
1,358228,0.0
1,358228,0.0
1,358263,0.0
1,358263,0.0
1,358263,0.0
1,358263,0.0
1,358283,0.0
1,358283,Other
1,358283,0.0
Other,358323,0.0
Other,358323,0.0
1,358381,0.0
1,358381,0.0
Other,358382,0.0
1,358388,0.0
1,358388,0.0
1,358393,0.0
1,358393,0.0
1,358393,0.0
Other,358396,0.0
1,358524,Other
1,358524,0.0
Other,358601,0.0
Other,358604,0.0
Other,358604,0.0
3,358669,0.0
3,358669,0.0
3,358669,0.0
3,358669,0.0
Other,358753,0.0
Other,358753,0.0
1,358790,0.0
1,358790,0.0
Other,358807,0.0
Other,358807,0.0
Other,358807,0.0
1,358808,0.0
1,358808,0.0
6,358813,0.0
2,358870,0.0
2,358870,0.0
2,358870,0.0
2,358870,0.0
2,358870,0.0
1,358871,0.0
1,358871,0.0
1,358886,0.0
1,358886,0.0
1,358886,0.0
1,358886,0.0
1,358886,0.0
3,358907,Other
3,358907,0.0
Other,358955,Other
Other,359059,0.0
Other,359228,0.0
3,359236,0.0
3,359236,0.0
3,359236,0.0
1,359273,0.0
1,359273,0.0
6,359274,Other
3,359329,0.0
3,359329,Other
3,359329,0.0
1,359348,0.0
1,359348,0.0
1,359348,0.0
3,359409,0.0
3,359409,0.0
1,359418,0.0
1,359418,0.0
6,359437,0.0
1,359658,0.0
1,359658,0.0
1,359658,0.0
1,359658,0.0
1,359658,0.0
6,359790,0.0
6,359829,0.0
1,359896,0.0
1,359896,0.0
1,359896,0.0
1,359896,0.0
1,359896,0.0
Other,359905,0.0
1,359944,0.0
1,359944,0.0
1,359944,0.0
3,359999,0.0
3,359999,0.0
3,359999,0.0
3,359999,0.0
6,360035,0.0
3,360045,0.0
3,360045,Other
3,360045,Other
1,360279,Other
1,360279,0.0
Other,360315,0.0
1,360322,0.0
1,360322,0.0
6,360347,Other
1,360373,0.0
1,360373,0.0
1,360373,0.0
1,360405,Other
1,360405,Other
1,360487,Other
1,360487,0.0
6,360498,Other
1,360517,0.0
1,360517,0.0
1,360517,0.0
1,360517,0.0
3,360552,0.0
3,360552,0.0
3,360552,0.0
3,360552,0.0
3,360552,0.0
6,360618,Other
1,360670,0.0
1,360670,0.0
1,360670,0.0
1,360670,0.0
2,360802,Other
2,360802,Other
2,360802,0.0
2,360802,0.0
1,360816,0.0
1,360816,0.0
1,360816,0.0
1,360816,0.0
1,360816,0.0
1,360816,0.0
6,360817,0.0
3,360858,0.0
3,360858,0.0
3,360858,0.0
1,360966,Other
1,360966,0.0
1,360983,0.0
1,360983,0.0
1,360983,0.0
1,360983,0.0
3,361011,0.0
3,361011,0.0
6,361016,0.0
1,361368,0.0
1,361368,0.0
1,361368,0.0
1,361368,0.0
1,361368,0.0
1,361368,0.0
3,361375,0.0
3,361375,0.0
3,361375,0.0
3,361375,0.0
Other,361397,0.0
Other,361397,0.0
Other,361481,0.0
1,361544,0.0
1,361544,0.0
Other,361639,0.0
1,361672,0.0
1,361672,0.0
2,361676,0.0
2,361676,Other
2,361676,Other
1,361710,0.0
1,361710,0.0
1,361710,0.0
1,361710,0.0
1,361710,0.0
Other,361715,0.0
Other,361715,Other
Other,361754,0.0
Other,361754,0.0
3,361762,0.0
3,361762,0.0
Other,361763,0.0
Other,361763,0.0
Other,361771,0.0
Other,361771,0.0
Other,361797,0.0
1,361902,0.0
1,361902,0.0
1,361923,0.0
1,361923,Other
1,361961,Other
1,361961,Other
6,362007,0.0
2,362080,0.0
2,362080,0.0
1,362090,0.0
1,362090,0.0
3,362111,Other
3,362111,0.0
3,362111,0.0
3,362111,0.0
1,362124,Other
1,362124,Other
1,362136,0.0
1,362136,0.0
1,362136,0.0
1,362136,0.0
1,362136,0.0
6,362143,0.0
1,362156,0.0
1,362156,0.0
1,362171,0.0
1,362171,0.0
1,362227,0.0
1,362227,0.0
6,362240,0.0
3,362282,0.0
3,362282,0.0
3,362282,0.0
6,362401,0.0
Other,362535,0.0
1,362565,0.0
1,362565,0.0
1,362585,Other
1,362585,0.0
Other,362683,Other
3,362694,0.0
3,362694,0.0
Other,362696,0.0
1,362733,0.0
1,362733,0.0
1,362733,0.0
2,362871,Other
2,362871,0.0
2,362871,0.0
1,362896,0.0
1,362896,0.0
1,362896,0.0
6,362928,Other
1,362934,Other
1,362934,0.0
1,363057,0.0
1,363057,0.0
1,363057,0.0
1,363057,0.0
1,363057,0.0
1,363057,0.0
1,363119,0.0
1,363119,0.0
1,363119,0.0
1,363119,0.0
Other,363168,0.0
Other,363204,0.0
1,363327,0.0
1,363327,Other
1,363327,0.0
2,363343,0.0
2,363343,0.0
1,363465,0.0
1,363465,0.0
1,363465,0.0
1,363465,0.0
1,363465,0.0
1,363481,0.0
1,363481,0.0
1,363481,0.0
1,363481,0.0
6,363537,0.0
6,363546,0.0
Other,363587,0.0
Other,363705,0.0
Other,363705,0.0
Other,363705,0.0
1,363729,0.0
1,363729,0.0
1,363729,0.0
6,363745,Other
6,363774,0.0
Other,363792,0.0
Other,363792,0.0
1,363825,0.0
1,363825,0.0
1,363825,0.0
1,363877,0.0
1,363877,0.0
1,363877,0.0
1,364042,0.0
1,364042,0.0
1,364042,0.0
1,364042,0.0
Other,364138,0.0
1,364159,0.0
1,364159,0.0
1,364159,0.0
1,364159,0.0
Other,364204,0.0
Other,364224,0.0
Other,364253,0.0
Other,364369,0.0
6,364518,Other
3,364547,0.0
3,364547,0.0
3,364547,0.0
1,364583,0.0
1,364583,0.0
1,364583,0.0
1,364583,0.0
Other,364657,Other
3,364699,0.0
3,364699,0.0
3,364699,0.0
1,364753,0.0
1,364753,0.0
1,364753,0.0
1,364753,0.0
1,364776,Other
1,364776,0.0
Other,364807,Other
1,364899,0.0
1,364899,0.0
1,364899,0.0
1,364899,0.0
1,364899,0.0
1,364899,0.0
Other,364916,0.0
Other,364953,0.0
1,364957,Other
1,364957,0.0
1,364972,0.0
1,364972,0.0
1,364972,0.0
1,364972,0.0
6,365017,0.0
6,365179,0.0
Other,365216,0.0
2,365252,0.0
2,365252,0.0
1,365401,0.0
1,365401,0.0
Other,365468,0.0
Other,365468,0.0
Other,365495,0.0
6,365508,0.0
6,365633,0.0
Other,365665,Other
3,365755,0.0
3,365755,0.0
3,365755,0.0
1,365859,0.0
1,365859,0.0
1,365859,0.0
1,365893,0.0
1,365893,Other
1,365893,0.0
1,365900,Other
1,365900,Other
1,365900,0.0
1,365900,0.0
1,365942,0.0
1,365942,0.0
1,365942,0.0
1,365942,0.0
3,365963,0.0
3,365963,0.0
6,366067,0.0
Other,366073,Other
2,366164,0.0
2,366164,0.0
2,366164,0.0
2,366164,0.0
2,366164,0.0
1,366213,0.0
1,366213,0.0
1,366213,0.0
1,366213,0.0
1,366213,0.0
1,366231,0.0
1,366231,0.0
1,366231,0.0
Other,366268,0.0
1,366301,0.0
1,366301,0.0
1,366301,0.0
Other,366302,0.0
3,366361,0.0
3,366361,0.0
3,366361,0.0
3,366361,0.0
3,366361,0.0
3,366361,0.0
1,366436,0.0
1,366436,0.0
1,366436,0.0
1,366436,0.0
1,366436,0.0
1,366436,0.0
1,366436,0.0
1,366436,0.0
1,366436,0.0
1,366436,0.0
1,366436,0.0
6,366542,Other
1,366667,0.0
1,366667,0.0
1,366667,0.0
1,366667,0.0
1,366667,0.0
1,366864,Other
1,366864,0.0
1,366873,0.0
1,366873,0.0
1,366878,0.0
1,366878,0.0
1,366878,0.0
1,366878,0.0
6,366911,0.0
1,366982,0.0
1,366982,0.0
1,366982,0.0
1,366982,0.0
1,366982,0.0
1,366982,0.0
1,367092,0.0
1,367092,0.0
1,367092,0.0
3,367117,0.0
3,367117,0.0
1,367139,0.0
1,367139,0.0
1,367139,Other
Other,367148,0.0
1,367168,0.0
1,367168,0.0
1,367168,0.0
1,367168,0.0
1,367259,0.0
1,367259,0.0
6,367274,0.0
6,367301,0.0
1,367306,0.0
1,367306,0.0
3,367342,0.0
3,367342,0.0
1,367415,0.0
1,367415,0.0
1,367415,0.0
1,367415,0.0
Other,367462,0.0
1,367465,0.0
1,367465,0.0
3,367472,0.0
3,367472,0.0
6,367503,0.0
Other,367516,0.0
1,367527,0.0
1,367527,0.0
1,367527,0.0
6,367544,0.0
Other,367546,0.0
1,367569,0.0
1,367569,0.0
1,367569,0.0
6,367580,0.0
1,367586,0.0
1,367586,0.0
1,367586,0.0
1,367663,0.0
1,367663,0.0
3,367677,0.0
3,367677,0.0
3,367677,0.0
3,367677,0.0
3,367838,0.0
3,367838,0.0
3,367838,0.0
1,367890,0.0
1,367890,0.0
Other,367994,0.0
Other,367994,0.0
1,368033,0.0
1,368033,0.0
1,368033,0.0
6,368072,Other
1,368105,0.0
1,368105,0.0
1,368105,0.0
1,368105,0.0
3,368211,0.0
3,368211,0.0
3,368211,0.0
3,368211,0.0
3,368211,0.0
3,368211,0.0
3,368211,Other
3,368211,0.0
6,368341,Other
1,368438,0.0
1,368438,0.0
1,368450,0.0
1,368450,Other
1,368450,0.0
1,368450,0.0
1,368450,0.0
6,368469,0.0
1,368529,0.0
1,368529,0.0
6,368644,0.0
3,368705,Other
3,368705,0.0
3,368705,0.0
3,368705,0.0
3,368705,0.0
3,368705,0.0
3,368736,0.0
3,368736,0.0
3,368736,0.0
Other,368744,0.0
1,368762,Other
1,368762,Other
1,368848,0.0
1,368848,0.0
Other,368960,0.0
Other,368960,0.0
6,369037,0.0
1,369045,0.0
1,369045,0.0
1,369045,0.0
1,369045,0.0
1,369066,0.0
1,369066,0.0
1,369066,0.0
1,369089,0.0
1,369089,0.0
1,369089,0.0
1,369089,0.0
1,369206,0.0
1,369206,0.0
1,369206,0.0
1,369251,0.0
1,369251,0.0
1,369251,0.0
1,369251,0.0
3,369290,0.0
3,369290,0.0
6,369349,0.0
6,369516,0.0
6,369531,0.0
Other,369673,0.0
Other,369673,0.0
Other,369705,0.0
Other,369705,Other
6,369729,0.0
3,369736,0.0
3,369736,0.0
3,369736,0.0
3,369736,0.0
3,369736,0.0
1,369758,0.0
1,369758,0.0
1,369758,0.0
1,369758,0.0
Other,369809,0.0
Other,369809,0.0
Other,369809,0.0
1,369825,0.0
1,369825,0.0
1,369825,0.0
1,369881,0.0
1,369881,0.0
1,369881,0.0
1,369881,0.0
1,369924,0.0
1,369924,0.0
1,369924,0.0
1,369924,0.0
1,369924,0.0
6,369939,0.0
Other,369949,0.0
1,369990,Other
1,369990,0.0
1,369990,0.0
1,369990,0.0
1,369990,0.0
1,370026,0.0
1,370026,0.0
1,370026,0.0
Other,370090,0.0
Other,370090,0.0
3,370103,0.0
3,370103,0.0
3,370103,0.0
3,370103,0.0
3,370103,0.0
3,370103,0.0
3,370275,0.0
3,370275,0.0
3,370275,0.0
1,370308,0.0
1,370308,0.0
1,370308,0.0
1,370308,0.0
Other,370340,0.0
3,370357,0.0
3,370357,0.0
3,370357,Other
3,370357,0.0
1,370368,0.0
1,370368,0.0
1,370373,0.0
1,370373,0.0
1,370373,0.0
1,370373,0.0
1,370373,0.0
Other,370441,0.0
Other,370441,0.0
Other,370441,0.0
Other,370441,0.0
Other,370441,0.0
3,370583,0.0
3,370583,0.0
1,370599,0.0
1,370599,0.0
1,370599,0.0
1,370678,0.0
1,370678,0.0
1,370678,0.0
1,370678,0.0
1,370678,0.0
1,370678,0.0
3,370703,0.0
3,370703,0.0
3,370703,0.0
Other,370769,0.0
Other,370778,0.0
1,370824,0.0
1,370824,0.0
1,370824,0.0
1,370824,0.0
3,370943,0.0
3,370943,0.0
3,370943,0.0
3,370943,0.0
3,370943,0.0
1,370950,0.0
1,370950,0.0
3,371087,0.0
3,371087,0.0
3,371087,0.0
3,371087,0.0
3,371087,0.0
1,371090,0.0
1,371090,0.0
1,371090,0.0
1,371124,0.0
1,371124,Other
1,371208,0.0
1,371208,0.0
1,371208,0.0
1,371208,0.0
1,371297,0.0
1,371297,0.0
1,371343,Other
1,371343,0.0
6,371361,0.0
1,371445,0.0
1,371445,0.0
1,371445,0.0
6,371493,0.0
Other,371508,0.0
6,371531,0.0
3,371533,0.0
3,371533,0.0
3,371533,0.0
3,371533,0.0
1,371548,0.0
1,371548,0.0
1,371610,Other
1,371610,Other
3,371655,0.0
3,371655,0.0
3,371655,0.0
1,371664,0.0
1,371664,0.0
1,371726,0.0
1,371726,0.0
1,371726,0.0
1,371726,0.0
1,371726,0.0
1,371726,0.0
3,371746,0.0
3,371746,0.0
3,371746,0.0
1,371848,0.0
1,371848,0.0
1,371848,0.0
1,371848,0.0
3,371874,Other
3,371874,0.0
3,371874,0.0
Other,371894,Other
2,371918,0.0
2,371918,0.0
Other,371952,0.0
Other,371952,0.0
1,371957,0.0
1,371957,0.0
1,371957,0.0
1,371957,0.0
1,371957,0.0
1,371957,0.0
1,371957,0.0
1,371957,0.0
2,371959,0.0
2,371959,0.0
1,371961,0.0
1,371961,0.0
1,371961,0.0
1,372038,Other
1,372038,0.0
3,372115,0.0
3,372115,0.0
6,372126,0.0
3,372177,0.0
3,372177,0.0
1,372211,0.0
1,372211,0.0
1,372211,0.0
6,372249,Other
1,372252,Other
1,372252,0.0
1,372252,0.0
6,372334,Other
Other,372377,0.0
Other,372377,0.0
Other,372377,0.0
Other,372377,0.0
Other,372377,0.0
2,372384,Other
2,372384,Other
2,372384,0.0
2,372384,0.0
2,372384,0.0
1,372455,0.0
1,372455,0.0
1,372455,0.0
1,372455,0.0
1,372455,0.0
1,372455,0.0
1,372455,0.0
1,372455,0.0
1,372455,0.0
6,372464,0.0
1,372515,0.0
1,372515,0.0
3,372522,0.0
3,372522,0.0
1,372523,0.0
1,372523,0.0
3,372556,0.0
3,372556,0.0
3,372556,0.0
1,372581,0.0
1,372581,0.0
3,372591,0.0
3,372591,0.0
Other,372644,0.0
1,372720,0.0
1,372720,0.0
1,372720,0.0
1,372746,0.0
1,372746,0.0
1,372746,0.0
1,372746,0.0
1,372876,0.0
1,372876,0.0
1,372885,0.0
1,372885,0.0
3,372913,0.0
3,372913,0.0
3,372913,0.0
3,372913,0.0
3,372913,0.0
3,372923,0.0
3,372923,0.0
3,372923,0.0
Other,373019,0.0
Other,373019,0.0
1,373026,0.0
1,373026,0.0
1,373026,0.0
1,373026,0.0
1,373026,0.0
1,373026,0.0
1,373026,0.0
1,373026,0.0
1,373026,0.0
1,373026,0.0
3,373113,0.0
3,373113,0.0
3,373113,0.0
3,373113,0.0
3,373113,0.0
3,373113,0.0
Other,373172,0.0
1,373182,0.0
1,373182,0.0
1,373182,0.0
Other,373193,0.0
6,373197,0.0
3,373337,0.0
3,373337,0.0
Other,373409,0.0
6,373513,0.0
Other,373582,0.0
Other,373582,0.0
Other,373609,Other
1,373611,0.0
1,373611,0.0
1,373693,0.0
1,373693,0.0
Other,373738,0.0
Other,373738,0.0
Other,373738,0.0
2,373778,0.0
2,373778,0.0
2,373778,0.0
6,373850,0.0
Other,373861,0.0
6,373875,0.0
Other,373983,0.0
Other,373983,0.0
Other,373983,0.0
Other,373983,0.0
6,374006,0.0
6,374046,0.0
1,374099,0.0
1,374099,Other
2,374128,0.0
2,374128,0.0
2,374128,0.0
2,374128,0.0
6,374145,0.0
1,374149,Other
1,374149,Other
1,374149,0.0
6,374156,Other
1,374268,0.0
1,374268,0.0
1,374268,0.0
1,374268,0.0
6,374458,0.0
6,374499,0.0
6,374534,0.0
1,374662,0.0
1,374662,0.0
6,374690,0.0
1,375015,Other
1,375015,0.0
1,375015,0.0
3,375083,0.0
3,375083,0.0
1,375139,0.0
1,375139,0.0
1,375190,0.0
1,375190,0.0
1,375190,0.0
1,375254,Other
1,375254,Other
1,375254,0.0
1,375254,0.0
1,375254,0.0
1,375254,0.0
2,375320,0.0
2,375320,0.0
Other,375386,Other
3,375432,0.0
3,375432,0.0
Other,375538,0.0
Other,375538,0.0
Other,375538,0.0
Other,375538,0.0
6,375549,0.0
Other,375741,Other
1,375759,Other
1,375759,0.0
1,375759,0.0
1,375759,0.0
1,375759,0.0
3,375808,0.0
3,375808,0.0
3,375808,0.0
2,375842,0.0
2,375842,0.0
2,375842,0.0
Other,375869,0.0
Other,376076,0.0
Other,376080,0.0
Other,376080,0.0
3,376116,0.0
3,376116,0.0
6,376134,0.0
1,376156,0.0
1,376156,0.0
1,376156,0.0
1,376175,Other
1,376175,0.0
1,376200,0.0
1,376200,0.0
6,376244,0.0
3,376264,0.0
3,376264,0.0
3,376264,0.0
3,376490,0.0
3,376490,0.0
6,376526,0.0
1,376652,0.0
1,376652,0.0
1,376652,0.0
Other,376668,0.0
Other,376668,0.0
1,376731,0.0
1,376731,0.0
Other,376736,0.0
1,376763,0.0
1,376763,0.0
1,376763,0.0
1,376763,0.0
1,376763,0.0
1,376763,0.0
1,376763,0.0
1,376763,0.0
1,376763,0.0
6,376782,0.0
Other,376822,0.0
1,376914,Other
1,376914,0.0
1,376914,0.0
1,376914,0.0
1,376914,0.0
1,376914,0.0
1,376914,0.0
1,376929,0.0
1,376929,0.0
1,376929,0.0
1,376979,0.0
1,376979,0.0
1,376979,0.0
1,376979,0.0
1,376979,0.0
1,376979,0.0
3,376983,0.0
3,376983,0.0
3,376983,0.0
Other,376988,0.0
Other,377007,0.0
Other,377007,0.0
Other,377007,0.0
1,377155,0.0
1,377155,0.0
1,377155,0.0
1,377164,Other
1,377164,Other
1,377164,0.0
1,377164,Other
6,377254,0.0
3,377315,0.0
3,377315,0.0
1,377361,0.0
1,377361,0.0
1,377444,Other
1,377444,0.0
6,377602,0.0
6,377810,0.0
2,377913,0.0
2,377913,0.0
2,377913,0.0
2,377913,0.0
Other,377944,0.0
Other,377944,0.0
1,377958,0.0
1,377958,0.0
3,377974,0.0
3,377974,0.0
1,378053,Other
1,378053,0.0
1,378053,0.0
1,378053,0.0
1,378077,0.0
1,378077,0.0
1,378077,0.0
1,378077,0.0
Other,378171,0.0
1,378263,0.0
1,378263,0.0
1,378263,0.0
6,378313,0.0
6,378351,0.0
Other,378453,0.0
1,378473,0.0
1,378473,0.0
1,378473,0.0
1,378473,0.0
1,378473,0.0
1,378473,0.0
1,378473,0.0
2,378530,Other
2,378530,0.0
1,378658,Other
1,378658,0.0
3,378671,0.0
3,378671,0.0
1,378674,0.0
1,378674,0.0
1,378674,0.0
1,378674,0.0
1,378674,0.0
1,378696,0.0
1,378696,0.0
1,378713,0.0
1,378713,0.0
1,378713,0.0
1,378713,0.0
1,378713,0.0
1,378713,0.0
1,378713,0.0
1,378726,Other
1,378726,Other
1,378787,Other
1,378787,0.0
6,378839,0.0
Other,378897,0.0
Other,378897,0.0
Other,378897,0.0
6,378906,0.0
Other,378968,0.0
Other,378968,0.0
Other,379146,Other
Other,379146,Other
1,379179,0.0
1,379179,Other
1,379179,0.0
1,379179,0.0
1,379179,0.0
1,379201,0.0
1,379201,0.0
1,379201,0.0
1,379201,0.0
1,379201,0.0
1,379201,0.0
1,379201,0.0
1,379201,0.0
1,379201,0.0
2,379202,0.0
2,379202,0.0
2,379247,0.0
2,379247,0.0
2,379247,0.0
2,379247,0.0
1,379287,Other
1,379287,Other
1,379389,Other
1,379389,0.0
6,379432,0.0
1,379436,0.0
1,379436,0.0
1,379436,0.0
1,379436,0.0
3,379500,0.0
3,379500,0.0
6,379530,Other
3,379899,0.0
3,379899,0.0
1,379937,0.0
1,379937,0.0
1,379937,0.0
1,379950,0.0
1,379950,0.0
1,379950,0.0
1,379950,0.0
1,380105,0.0
1,380105,0.0
1,380257,0.0
1,380257,0.0
3,380276,0.0
3,380276,0.0
3,380276,0.0
1,380296,Other
1,380296,0.0
1,380296,0.0
1,380296,0.0
6,380338,0.0
3,380343,0.0
3,380343,0.0
Other,380345,0.0
Other,380345,0.0
Other,380470,0.0
Other,380470,0.0
Other,380470,0.0
1,380505,0.0
1,380505,0.0
1,380505,0.0
1,380505,0.0
3,380521,0.0
3,380521,0.0
3,380521,0.0
6,380623,0.0
1,380641,Other
1,380641,0.0
Other,380649,0.0
Other,380649,0.0
Other,380649,Other
Other,380649,0.0
3,380714,0.0
3,380714,0.0
3,380714,0.0
3,380714,0.0
3,380714,0.0
3,380714,0.0
3,380714,0.0
6,380815,0.0
6,380837,0.0
1,380948,Other
1,380948,0.0
1,380948,0.0
1,380948,0.0
1,380976,0.0
1,380976,0.0
6,381047,0.0
6,381061,Other
1,381097,0.0
1,381097,0.0
1,381097,0.0
1,381097,0.0
1,381097,0.0
3,381136,0.0
3,381136,0.0
Other,381269,0.0
1,381278,0.0
1,381278,0.0
Other,381279,0.0
1,381387,0.0
1,381387,0.0
3,381412,Other
3,381412,0.0
3,381412,0.0
3,381412,Other
2,381455,0.0
2,381455,0.0
2,381455,0.0
2,381455,0.0
Other,381531,0.0
Other,381531,0.0
Other,381531,0.0
6,381541,0.0
3,381606,0.0
3,381606,Other
3,381606,0.0
3,381606,0.0
3,381606,0.0
3,381606,0.0
3,381606,0.0
3,381606,0.0
1,381652,0.0
1,381652,0.0
1,381652,0.0
1,381652,0.0
Other,381704,Other
Other,381723,0.0
Other,381723,0.0
Other,381765,Other
Other,381765,0.0
Other,381765,0.0
Other,381765,0.0
Other,381765,0.0
1,381781,0.0
1,381781,0.0
1,381781,0.0
1,381781,0.0
3,381798,0.0
3,381798,0.0
1,382183,0.0
1,382183,0.0
1,382183,0.0
1,382183,0.0
6,382252,0.0
Other,382298,Other
Other,382298,0.0
1,382332,0.0
1,382332,0.0
1,382332,0.0
6,382352,0.0
Other,382361,0.0
Other,382361,0.0
Other,382425,0.0
6,382483,0.0
2,382489,0.0
2,382489,0.0
1,382495,0.0
1,382495,0.0
Other,382519,Other
Other,382519,0.0
Other,382519,0.0
Other,382519,0.0
2,382529,0.0
2,382529,0.0
2,382529,0.0
6,382565,Other
3,382576,0.0
3,382576,0.0
3,382597,0.0
3,382597,0.0
3,382597,0.0
3,382597,0.0
3,382597,0.0
Other,382604,0.0
Other,382689,0.0
Other,382689,0.0
1,382714,0.0
1,382714,0.0
1,382714,0.0
1,382715,0.0
1,382715,0.0
3,382818,0.0
3,382818,0.0
Other,382956,0.0
1,382958,0.0
1,382958,0.0
1,382958,0.0
1,382958,0.0
1,382958,0.0
1,382958,0.0
Other,382984,0.0
Other,382984,0.0
1,383059,0.0
1,383059,0.0
1,383059,0.0
1,383059,0.0
1,383062,0.0
1,383062,0.0
1,383062,0.0
1,383062,0.0
Other,383180,0.0
1,383215,0.0
1,383215,0.0
1,383215,0.0
1,383341,0.0
1,383341,0.0
1,383341,0.0
1,383346,0.0
1,383346,0.0
6,383412,0.0
2,383413,0.0
2,383413,0.0
1,383463,0.0
1,383463,0.0
1,383463,0.0
3,383478,0.0
3,383478,0.0
3,383478,0.0
1,383502,Other
1,383502,Other
1,383502,0.0
1,383502,0.0
1,383502,0.0
6,383569,Other
3,383629,0.0
3,383629,0.0
1,383730,0.0
1,383730,0.0
1,383730,0.0
1,383730,0.0
6,383741,0.0
Other,383745,0.0
Other,383745,0.0
6,383750,0.0
6,383779,0.0
1,383817,0.0
1,383817,0.0
1,383817,0.0
1,383817,0.0
1,383873,0.0
1,383873,0.0
1,383873,0.0
1,383873,0.0
1,383925,Other
1,383925,0.0
1,383925,0.0
3,383984,0.0
3,383984,0.0
1,383991,0.0
1,383991,0.0
1,383991,0.0
1,383991,0.0
1,383991,0.0
1,383991,0.0
Other,384062,0.0
Other,384062,0.0
2,384125,0.0
2,384125,0.0
2,384125,Other
2,384125,0.0
2,384125,0.0
Other,384129,Other
1,384135,Other
1,384135,0.0
3,384233,0.0
3,384233,0.0
3,384233,0.0
3,384233,0.0
3,384233,0.0
1,384284,0.0
1,384284,0.0
1,384284,0.0
1,384284,0.0
6,384476,Other
3,384633,0.0
3,384633,0.0
3,384633,0.0
3,384633,0.0
1,384656,0.0
1,384656,0.0
1,384698,0.0
1,384698,0.0
1,384698,0.0
1,384698,0.0
1,384756,0.0
1,384756,0.0
1,384756,0.0
1,384756,0.0
1,384756,0.0
1,384756,0.0
Other,384770,0.0
1,384976,0.0
1,384976,0.0
1,384976,0.0
1,384976,0.0
6,385067,0.0
1,385122,0.0
1,385122,0.0
1,385122,0.0
1,385122,0.0
1,385122,0.0
1,385122,0.0
1,385122,0.0
1,385122,0.0
1,385122,0.0
6,385579,0.0
6,385727,0.0
3,385768,0.0
3,385768,0.0
3,385768,0.0
1,385777,0.0
1,385777,0.0
1,385777,0.0
1,385777,0.0
3,385933,0.0
3,385933,0.0
Other,385937,Other
1,386071,0.0
1,386071,0.0
1,386071,0.0
6,386084,0.0
1,386103,Other
1,386103,Other
1,386103,0.0
1,386103,0.0
6,386162,0.0
Other,386178,0.0
Other,386251,0.0
3,386294,0.0
3,386294,Other
3,386294,0.0
3,386294,Other
1,386297,0.0
1,386297,0.0
1,386407,0.0
1,386407,0.0
1,386407,0.0
1,386407,0.0
1,386407,0.0
3,386462,0.0
3,386462,0.0
3,386462,0.0
Other,386488,0.0
Other,386488,Other
Other,386607,0.0
1,386613,0.0
1,386613,Other
1,386620,0.0
1,386620,0.0
1,386620,0.0
1,386620,0.0
1,386620,0.0
1,386620,0.0
1,386620,0.0
1,386620,0.0
3,386640,Other
3,386640,0.0
3,386640,0.0
6,386681,Other
Other,386714,0.0
1,386784,0.0
1,386784,0.0
Other,386829,0.0
3,386848,0.0
3,386848,0.0
1,386887,0.0
1,386887,0.0
1,386911,0.0
1,386911,0.0
1,386996,0.0
1,386996,0.0
1,386996,0.0
1,386996,0.0
1,387089,0.0
1,387089,0.0
3,387102,0.0
3,387102,0.0
3,387102,0.0
6,387116,Other
1,387173,0.0
1,387173,0.0
6,387222,0.0
3,387301,0.0
3,387301,0.0
3,387301,0.0
3,387301,0.0
1,387328,Other
1,387328,0.0
6,387432,Other
Other,387457,0.0
Other,387457,0.0
Other,387515,Other
6,387663,Other
1,387743,0.0
1,387743,0.0
6,387790,0.0
1,387865,0.0
1,387865,0.0
1,387865,0.0
6,388027,0.0
6,388095,Other
3,388098,0.0
3,388098,0.0
1,388137,0.0
1,388137,0.0
1,388137,0.0
6,388154,0.0
1,388203,0.0
1,388203,0.0
1,388203,0.0
1,388203,0.0
1,388203,0.0
3,388288,0.0
3,388288,0.0
3,388288,0.0
3,388288,0.0
3,388288,0.0
3,388303,0.0
3,388303,0.0
3,388303,0.0
3,388367,0.0
3,388367,0.0
1,388458,0.0
1,388458,0.0
1,388506,0.0
1,388506,0.0
Other,388519,0.0
1,388528,0.0
1,388528,0.0
1,388528,0.0
1,388528,0.0
1,388528,0.0
1,388528,0.0
3,388565,0.0
3,388565,0.0
3,388565,0.0
1,388578,Other
1,388578,0.0
1,388598,0.0
1,388598,0.0
3,388626,0.0
3,388626,0.0
3,388626,0.0
1,388670,Other
1,388670,0.0
1,388767,0.0
1,388767,0.0
1,388767,0.0
1,388767,0.0
1,388782,0.0
1,388782,0.0
1,388782,0.0
Other,388924,0.0
6,389020,0.0
1,389049,0.0
1,389049,0.0
1,389049,0.0
1,389095,0.0
1,389095,0.0
1,389095,0.0
1,389095,0.0
6,389103,0.0
1,389118,0.0
1,389118,0.0
1,389118,0.0
1,389118,0.0
1,389123,0.0
1,389123,0.0
1,389171,0.0
1,389171,0.0
1,389171,0.0
1,389171,0.0
1,389171,0.0
1,389171,0.0
1,389171,0.0
6,389189,0.0
1,389200,0.0
1,389200,0.0
1,389405,0.0
1,389405,0.0
1,389405,0.0
1,389405,0.0
3,389567,0.0
3,389567,0.0
3,389567,0.0
3,389567,0.0
1,389602,Other
1,389602,0.0
Other,389627,0.0
Other,389743,0.0
Other,389778,0.0
Other,389778,0.0
1,389822,Other
1,389822,0.0
1,389822,0.0
Other,389926,0.0
3,389960,0.0
3,389960,0.0
3,389960,0.0
1,390018,0.0
1,390018,0.0
6,390121,0.0
Other,390197,0.0
Other,390197,0.0
1,390243,Other
1,390243,Other
1,390243,0.0
6,390291,Other
1,390326,0.0
1,390326,0.0
1,390326,0.0
1,390326,0.0
1,390326,0.0
1,390326,0.0
1,390332,0.0
1,390332,0.0
1,390332,0.0
1,390332,0.0
1,390332,0.0
1,390346,0.0
1,390346,0.0
6,390374,Other
1,390451,Other
1,390451,0.0
1,390451,0.0
1,390455,0.0
1,390455,0.0
1,390464,0.0
1,390464,0.0
1,390464,0.0
1,390464,0.0
1,390464,0.0
1,390464,0.0
1,390464,0.0
Other,390534,0.0
6,390570,0.0
Other,390651,0.0
Other,390743,0.0
Other,390743,0.0
Other,390743,0.0
6,390766,Other
3,390768,0.0
3,390768,0.0
3,390768,0.0
3,390768,0.0
3,390768,0.0
3,390768,0.0
1,390773,0.0
1,390773,0.0
1,390773,0.0
1,390773,0.0
1,390781,0.0
1,390781,0.0
1,390781,0.0
1,390781,0.0
1,390781,0.0
1,390927,0.0
1,390927,0.0
1,390927,0.0
1,390927,0.0
1,390927,0.0
1,390927,0.0
1,390927,0.0
1,390927,0.0
1,390927,0.0
1,390927,0.0
1,390927,0.0
1,390927,0.0
3,390935,0.0
3,390935,0.0
3,390935,0.0
3,390935,0.0
3,390935,0.0
3,390935,0.0
3,390935,0.0
1,390956,0.0
1,390956,0.0
1,390956,0.0
3,390972,0.0
3,390972,0.0
6,391059,0.0
3,391065,Other
3,391065,0.0
3,391065,0.0
Other,391250,0.0
1,391256,0.0
1,391256,0.0
1,391256,0.0
1,391267,0.0
1,391267,0.0
1,391324,0.0
1,391324,0.0
1,391324,0.0
1,391324,0.0
1,391324,0.0
1,391425,Other
1,391425,Other
6,391428,0.0
1,391430,0.0
1,391430,0.0
3,391667,Other
3,391667,Other
3,391692,0.0
3,391692,0.0
3,391692,0.0
1,391744,0.0
1,391744,0.0
Other,391777,Other
Other,391777,Other
Other,391777,Other
1,391879,0.0
1,391879,0.0
1,391951,Other
1,391951,0.0
6,392073,0.0
1,392333,Other
1,392333,Other
1,392333,0.0
1,392356,0.0
1,392356,0.0
1,392356,0.0
3,392399,0.0
3,392399,0.0
3,392399,0.0
3,392399,0.0
3,392399,0.0
3,392422,0.0
3,392422,0.0
Other,392491,Other
6,392528,0.0
3,392560,0.0
3,392560,0.0
6,392568,0.0
6,392681,Other
6,392706,0.0
Other,392734,0.0
3,392761,0.0
3,392761,0.0
1,392850,0.0
1,392850,0.0
1,392850,0.0
1,392850,0.0
1,392850,0.0
1,392923,0.0
1,392923,0.0
1,392923,0.0
1,392923,0.0
6,392980,0.0
Other,392985,0.0
Other,392985,0.0
1,393033,0.0
1,393033,0.0
1,393033,0.0
1,393033,0.0
1,393033,0.0
1,393033,Other
1,393082,0.0
1,393082,0.0
1,393082,0.0
6,393118,0.0
1,393185,0.0
1,393185,0.0
1,393216,0.0
1,393216,0.0
1,393216,0.0
1,393216,0.0
1,393216,0.0
1,393216,0.0
1,393216,0.0
1,393216,0.0
6,393310,0.0
6,393348,0.0
2,393435,Other
2,393435,Other
2,393435,0.0
6,393441,0.0
1,393474,0.0
1,393474,0.0
1,393474,0.0
1,393474,0.0
1,393474,0.0
1,393474,0.0
6,393481,0.0
3,393493,0.0
3,393493,0.0
3,393493,0.0
Other,393497,Other
Other,393497,0.0
Other,393497,0.0
1,393527,0.0
1,393527,0.0
1,393547,Other
1,393547,0.0
1,393551,Other
1,393551,Other
1,393551,Other
Other,393622,0.0
6,393632,0.0
3,393664,0.0
3,393664,0.0
3,393664,0.0
3,393664,0.0
6,393742,0.0
3,393775,0.0
3,393775,0.0
3,393775,0.0
Other,393833,0.0
1,393834,0.0
1,393834,0.0
3,393934,Other
3,393934,0.0
3,393934,0.0
6,393951,0.0
3,393990,0.0
3,393990,0.0
3,394025,0.0
3,394025,0.0
3,394025,0.0
3,394025,0.0
3,394025,0.0
Other,394071,0.0
Other,394071,0.0
1,394104,0.0
1,394104,0.0
Other,394109,0.0
Other,394109,0.0
6,394216,0.0
6,394227,0.0
Other,394245,Other
1,394437,0.0
1,394437,0.0
3,394468,0.0
3,394468,0.0
3,394468,0.0
6,394548,0.0
6,394579,0.0
1,394667,Other
1,394667,Other
1,394737,Other
1,394737,Other
1,394737,0.0
1,394737,0.0
1,394737,0.0
6,394743,0.0
3,394766,0.0
3,394766,0.0
1,394781,0.0
1,394781,0.0
1,394781,0.0
2,394814,0.0
2,394814,0.0
2,394814,0.0
2,394814,0.0
2,394814,0.0
2,394814,Other
1,394868,0.0
1,394868,0.0
1,394917,0.0
1,394917,0.0
6,394948,0.0
2,394953,0.0
2,394953,0.0
2,394953,0.0
1,394958,0.0
1,394958,0.0
1,394958,0.0
3,395034,0.0
3,395034,0.0
3,395034,0.0
1,395064,0.0
1,395064,0.0
1,395064,0.0
1,395064,0.0
6,395091,0.0
Other,395095,0.0
Other,395095,0.0
1,395100,0.0
1,395100,0.0
1,395100,0.0
1,395100,0.0
6,395216,0.0
1,395218,0.0
1,395218,0.0
1,395218,0.0
1,395218,0.0
1,395218,0.0
1,395218,0.0
6,395231,Other
1,395246,0.0
1,395246,0.0
1,395246,0.0
1,395246,0.0
1,395246,0.0
1,395263,0.0
1,395263,0.0
6,395303,0.0
1,395418,0.0
1,395418,0.0
1,395418,0.0
1,395418,0.0
Other,395468,Other
Other,395468,0.0
Other,395517,0.0
6,395519,0.0
1,395529,0.0
1,395529,0.0
1,395529,0.0
3,395654,Other
3,395654,0.0
3,395654,0.0
3,395706,0.0
3,395706,0.0
2,395710,0.0
2,395710,0.0
2,395710,0.0
2,395983,0.0
2,395983,0.0
2,395983,0.0
2,395983,0.0
2,395983,0.0
1,396011,0.0
1,396011,0.0
1,396011,0.0
6,396039,0.0
Other,396068,0.0
Other,396068,0.0
Other,396068,0.0
Other,396109,0.0
3,396110,0.0
3,396110,0.0
3,396110,0.0
Other,396134,0.0
Other,396134,0.0
2,396139,0.0
2,396139,0.0
3,396200,0.0
3,396200,0.0
3,396200,0.0
Other,396237,0.0
Other,396237,0.0
Other,396370,0.0
Other,396370,0.0
3,396388,0.0
3,396388,0.0
3,396388,0.0
3,396388,0.0
6,396418,0.0
6,396490,0.0
1,396501,0.0
1,396501,0.0
1,396501,0.0
1,396632,Other
1,396632,0.0
1,396632,0.0
1,396632,0.0
Other,396696,0.0
6,396724,0.0
6,396751,0.0
1,396794,0.0
1,396794,0.0
1,396794,0.0
1,396794,0.0
1,396794,0.0
1,396842,0.0
1,396842,0.0
Other,396884,0.0
1,396889,0.0
1,396889,0.0
1,396889,0.0
1,396889,0.0
1,396889,0.0
Other,396941,0.0
1,397008,0.0
1,397008,0.0
1,397008,0.0
1,397008,0.0
1,397008,0.0
1,397008,0.0
6,397014,0.0
6,397053,0.0
3,397117,0.0
3,397117,0.0
1,397121,0.0
1,397121,0.0
1,397121,0.0
1,397121,0.0
1,397121,0.0
3,397187,0.0
3,397187,0.0
3,397187,0.0
3,397187,0.0
3,397202,0.0
3,397202,0.0
3,397202,0.0
1,397207,0.0
1,397207,0.0
1,397207,0.0
1,397207,0.0
1,397219,0.0
1,397219,0.0
1,397219,0.0
1,397219,0.0
1,397268,0.0
1,397268,0.0
1,397268,0.0
1,397268,Other
1,397386,0.0
1,397386,0.0
2,397450,0.0
2,397450,0.0
1,397462,Other
1,397462,Other
1,397472,0.0
1,397472,0.0
Other,397486,0.0
Other,397665,Other
1,397680,0.0
1,397680,0.0
1,397680,0.0
1,397680,0.0
1,397828,Other
1,397828,Other
Other,397889,0.0
2,397896,0.0
2,397896,0.0
2,397896,0.0
2,397896,0.0
2,397896,0.0
6,398043,Other
1,398066,0.0
1,398066,0.0
2,398096,0.0
2,398096,0.0
2,398096,0.0
2,398096,0.0
2,398173,0.0
2,398173,0.0
1,398200,Other
1,398200,0.0
1,398200,0.0
1,398221,0.0
1,398221,0.0
1,398221,0.0
1,398221,0.0
Other,398313,0.0
3,398466,0.0
3,398466,0.0
6,398482,Other
Other,398518,0.0
Other,398518,0.0
1,398524,0.0
1,398524,0.0
1,398524,0.0
1,398524,0.0
3,398536,Other
3,398536,0.0
1,398543,Other
1,398543,Other
1,398547,0.0
1,398547,0.0
1,398547,0.0
1,398547,0.0
1,398547,0.0
1,398547,0.0
1,398547,0.0
1,398547,0.0
3,398578,0.0
3,398578,0.0
1,398651,0.0
1,398651,0.0
3,398727,0.0
3,398727,0.0
3,398727,0.0
1,398740,Other
1,398740,Other
1,398740,0.0
Other,398876,0.0
Other,398876,0.0
3,398880,0.0
3,398880,0.0
3,398883,0.0
3,398883,0.0
1,398927,Other
1,398927,Other
Other,399012,0.0
Other,399012,0.0
Other,399012,0.0
Other,399012,0.0
6,399014,0.0
1,399125,0.0
1,399125,0.0
1,399125,0.0
Other,399127,0.0
Other,399224,0.0
1,399265,0.0
1,399265,0.0
1,399265,0.0
1,399265,0.0
Other,399274,0.0
Other,399274,0.0
6,399325,0.0
Other,399362,0.0
1,399380,0.0
1,399380,Other
1,399380,0.0
1,399380,0.0
1,399412,Other
1,399412,0.0
2,399482,0.0
2,399482,0.0
Other,399588,0.0
Other,399588,0.0
1,399692,0.0
1,399692,0.0
1,399705,0.0
1,399705,0.0
1,399705,0.0
1,399705,0.0
1,399705,0.0
1,399705,0.0
1,399705,0.0
6,399731,0.0
6,399733,0.0
3,399740,0.0
3,399740,0.0
3,399740,0.0
6,399865,0.0
1,399870,0.0
1,399870,0.0
1,399870,0.0
1,399971,0.0
1,399971,0.0
1,400081,0.0
1,400081,0.0
1,421051,0.0
6,400135,Other
Other,400139,0.0
Other,400139,0.0
Other,400139,0.0
1,400355,0.0
1,400355,0.0
3,400433,0.0
3,400433,0.0
3,400433,0.0
3,400433,0.0
6,400480,0.0
Other,400553,0.0
Other,400553,0.0
1,400705,Other
1,400705,Other
3,400713,0.0
3,400713,0.0
1,400717,0.0
1,400717,0.0
1,400801,0.0
1,400801,0.0
1,400801,0.0
1,400983,0.0
1,400983,0.0
3,401030,0.0
3,401030,0.0
6,401040,0.0
1,401073,0.0
1,401073,0.0
1,401073,0.0
1,401073,0.0
1,401080,Other
1,401080,0.0
1,401080,0.0
Other,401083,0.0
Other,401088,0.0
6,401142,0.0
Other,401221,0.0
Other,401221,0.0
1,401358,0.0
1,401358,0.0
1,401358,0.0
1,401358,0.0
3,401364,0.0
3,401364,0.0
3,401364,0.0
3,401364,0.0
1,401406,0.0
1,401406,0.0
6,401528,0.0
6,401573,Other
1,401930,0.0
1,401930,0.0
1,401930,0.0
1,402077,0.0
1,402077,0.0
1,402077,0.0
Other,402160,0.0
1,402260,0.0
1,402260,0.0
1,402276,Other
1,402276,0.0
1,402276,0.0
1,402276,0.0
1,402276,0.0
2,402320,0.0
2,402320,0.0
2,402320,0.0
1,402329,0.0
1,402329,0.0
1,402329,0.0
1,402329,0.0
1,402329,0.0
Other,402340,0.0
6,402349,0.0
1,402405,0.0
1,402405,0.0
3,402422,0.0
3,402422,0.0
Other,402517,0.0
Other,402517,0.0
1,402561,0.0
1,402561,0.0
1,402561,0.0
Other,402696,0.0
3,402903,0.0
3,402903,0.0
1,402969,0.0
1,402969,Other
6,403078,0.0
1,403344,Other
1,403344,0.0
Other,403429,0.0
1,403456,0.0
1,403456,0.0
1,403476,0.0
1,403476,0.0
1,403476,0.0
1,403476,0.0
1,403480,Other
1,403480,Other
1,403490,Other
1,403490,0.0
Other,403536,0.0
Other,403536,0.0
1,403601,Other
1,403601,0.0
1,403708,0.0
1,403708,0.0
1,403708,0.0
Other,403771,0.0
1,403819,0.0
1,403819,0.0
1,403819,0.0
1,403819,0.0
6,403823,0.0
3,403938,0.0
3,403938,0.0
3,403938,0.0
6,403952,0.0
6,404084,Other
1,404177,0.0
1,404177,Other
1,404177,0.0
1,404231,0.0
1,404231,0.0
6,404328,Other
3,404442,0.0
3,404442,0.0
3,404442,0.0
3,404442,0.0
3,404442,0.0
6,404599,0.0
6,404719,Other
Other,404746,0.0
1,404778,Other
1,404778,Other
1,404778,0.0
Other,404791,0.0
3,404872,0.0
3,404872,0.0
3,404872,Other
1,404907,Other
1,404907,0.0
1,404907,0.0
1,404907,Other
1,404938,Other
1,404938,0.0
1,404938,0.0
1,404938,0.0
1,404938,0.0
1,404938,0.0
1,404938,0.0
1,404938,0.0
1,404949,0.0
1,404949,0.0
1,404949,0.0
1,404949,0.0
3,404955,0.0
3,404955,0.0
1,404972,0.0
1,404972,0.0
1,404972,0.0
1,404972,0.0
1,404980,0.0
1,404980,0.0
1,404980,0.0
Other,405009,0.0
Other,405009,0.0
Other,405080,0.0
1,405163,0.0
1,405163,0.0
1,405163,0.0
1,405163,0.0
1,405163,0.0
Other,405209,Other
Other,405209,0.0
1,405241,0.0
1,405241,0.0
1,405241,0.0
1,405241,0.0
1,405241,0.0
1,405241,0.0
Other,405259,Other
Other,405314,0.0
Other,405314,0.0
Other,405314,0.0
1,405335,0.0
1,405335,0.0
1,405335,0.0
1,405335,0.0
Other,405401,0.0
2,405409,Other
2,405409,0.0
2,405409,0.0
1,405431,0.0
1,405431,0.0
1,405448,0.0
1,405448,0.0
1,405448,0.0
1,405448,0.0
1,405448,0.0
3,405522,0.0
3,405522,0.0
3,405522,0.0
3,405522,0.0
6,405532,0.0
6,405632,0.0
Other,405638,0.0
Other,405686,0.0
Other,405686,0.0
Other,405686,0.0
3,405699,0.0
3,405699,0.0
1,405720,0.0
1,405720,0.0
1,405720,0.0
1,405720,0.0
1,405722,0.0
1,405722,0.0
1,405722,0.0
1,405722,0.0
1,405733,0.0
1,405733,0.0
1,405733,0.0
1,405733,0.0
3,405784,0.0
3,405784,0.0
3,405784,0.0
3,405784,0.0
3,405802,0.0
3,405802,0.0
3,405802,0.0
6,405885,0.0
1,405938,0.0
1,405938,0.0
1,405938,0.0
1,405938,0.0
1,405938,0.0
1,405938,0.0
1,405938,0.0
1,405938,0.0
1,406180,0.0
1,406180,0.0
1,406180,0.0
1,406180,0.0
1,406180,0.0
1,406180,0.0
3,406306,Other
3,406306,0.0
Other,406314,0.0
1,406367,0.0
1,406367,0.0
3,406372,0.0
3,406372,0.0
Other,406383,0.0
1,406407,0.0
1,406407,0.0
3,406424,0.0
3,406424,0.0
3,406424,0.0
Other,406541,Other
1,406595,0.0
1,406595,0.0
1,406595,0.0
1,406595,0.0
1,406595,0.0
1,406595,0.0
1,406595,0.0
3,406630,0.0
3,406630,0.0
3,406630,0.0
3,406630,0.0
3,406630,0.0
3,406630,0.0
1,406651,0.0
1,406651,0.0
1,406651,0.0
1,406651,0.0
1,406651,0.0
1,406651,0.0
1,406651,0.0
1,406651,0.0
1,406692,0.0
1,406692,0.0
1,406692,0.0
1,406692,0.0
1,406692,0.0
1,406692,0.0
1,406693,0.0
1,406693,0.0
1,406773,0.0
1,406773,0.0
1,406773,0.0
6,406809,0.0
1,406828,0.0
1,406828,0.0
1,406828,0.0
1,406828,0.0
1,406838,0.0
1,406838,0.0
1,406838,0.0
1,406838,0.0
1,406936,Other
1,406936,Other
Other,406949,0.0
1,407029,0.0
1,407029,0.0
1,407029,0.0
1,407029,0.0
1,407301,0.0
1,407301,0.0
1,407301,0.0
1,407301,0.0
Other,407315,0.0
Other,407315,0.0
Other,407348,0.0
1,407373,0.0
1,407373,Other
1,407394,0.0
1,407394,Other
1,407394,0.0
1,407394,0.0
1,407479,0.0
1,407479,0.0
6,407518,0.0
1,407563,0.0
1,407563,0.0
1,407563,0.0
1,407599,0.0
1,407599,0.0
1,407599,0.0
1,407599,0.0
1,407600,0.0
1,407600,0.0
1,407600,0.0
Other,407686,0.0
Other,407812,0.0
6,407873,0.0
6,407875,Other
3,407917,0.0
3,407917,0.0
3,407917,0.0
1,407997,0.0
1,407997,0.0
1,407997,0.0
Other,408046,0.0
1,408095,0.0
1,408095,0.0
1,408116,0.0
1,408116,0.0
6,408156,0.0
3,408242,0.0
3,408242,0.0
3,408242,0.0
6,408265,0.0
6,408290,Other
6,408311,0.0
6,408353,0.0
1,408409,0.0
1,408409,0.0
1,408561,0.0
1,408561,0.0
2,408715,0.0
2,408715,0.0
2,408715,0.0
3,408754,0.0
3,408754,0.0
1,408840,0.0
1,408840,0.0
3,408852,0.0
3,408852,0.0
3,408852,0.0
3,408894,Other
3,408894,0.0
1,408961,0.0
1,408961,0.0
1,408961,0.0
3,408964,0.0
3,408964,0.0
6,408968,0.0
Other,408973,0.0
1,409039,0.0
1,409039,0.0
Other,409063,0.0
Other,409063,0.0
Other,409063,0.0
1,409089,0.0
1,409089,Other
6,409262,0.0
6,409263,0.0
Other,409316,0.0
Other,409316,0.0
2,409351,0.0
2,409351,0.0
2,409351,0.0
Other,409454,0.0
1,409459,Other
1,409459,0.0
1,409459,0.0
Other,409472,Other
1,409494,0.0
1,409494,0.0
2,409561,0.0
2,409561,0.0
Other,409723,0.0
Other,409723,0.0
3,409800,0.0
3,409800,0.0
1,409821,0.0
1,409821,0.0
1,409821,0.0
1,409821,0.0
1,409821,0.0
1,409863,0.0
1,409863,0.0
Other,409895,Other
Other,409895,0.0
1,409933,0.0
1,409933,0.0
1,409933,0.0
1,409933,0.0
3,409984,0.0
3,409984,0.0
3,409984,0.0
Other,409986,0.0
2,410012,0.0
2,410012,0.0
1,410030,0.0
1,410030,0.0
3,410225,0.0
3,410225,0.0
3,410225,0.0
3,410225,0.0
Other,410235,0.0
Other,410299,0.0
3,410302,Other
3,410302,0.0
3,410302,0.0
3,410302,0.0
3,410302,0.0
3,410302,0.0
3,410302,0.0
2,410420,0.0
2,410420,0.0
2,410420,0.0
6,410441,0.0
Other,410448,0.0
Other,410448,0.0
Other,410448,0.0
6,410565,Other
Other,410576,Other
1,410596,0.0
1,410596,0.0
1,410596,0.0
1,410596,0.0
1,410617,0.0
1,410617,0.0
3,410701,0.0
3,410701,0.0
3,410701,0.0
3,410701,0.0
Other,410814,0.0
1,410885,0.0
1,410885,0.0
1,410885,0.0
6,410970,0.0
1,410972,0.0
1,410972,Other
1,411048,0.0
1,411048,0.0
3,411105,0.0
3,411105,Other
Other,411132,0.0
Other,411132,0.0
1,411135,0.0
1,411135,0.0
1,411142,Other
1,411142,0.0
1,411142,0.0
1,411241,0.0
1,411241,Other
1,411241,0.0
1,411241,0.0
1,411283,0.0
1,411283,0.0
1,411283,0.0
1,411283,0.0
1,411283,0.0
1,411283,0.0
6,411285,0.0
1,411290,0.0
1,411290,0.0
6,411299,0.0
3,411348,0.0
3,411348,0.0
3,411360,0.0
3,411360,0.0
1,411367,0.0
1,411367,0.0
6,411490,0.0
1,411567,0.0
1,411567,0.0
1,411567,0.0
2,411615,0.0
2,411615,0.0
2,411615,0.0
1,411620,0.0
1,411620,0.0
6,411654,0.0
1,411673,0.0
1,411673,0.0
1,411673,0.0
1,411673,0.0
1,411673,0.0
3,411689,0.0
3,411689,0.0
3,411689,0.0
1,411746,0.0
1,411746,0.0
1,411746,Other
1,411746,0.0
1,411793,0.0
1,411793,0.0
1,411793,0.0
1,411793,0.0
1,411793,0.0
1,411793,0.0
1,411793,0.0
1,411793,0.0
6,411839,0.0
1,411897,0.0
1,411897,0.0
1,411897,0.0
1,411897,0.0
1,411897,0.0
1,411897,0.0
1,411897,0.0
1,411897,0.0
1,411897,0.0
1,411897,0.0
Other,411911,0.0
3,411928,0.0
3,411928,0.0
3,411928,0.0
1,411942,0.0
1,411942,0.0
1,411942,0.0
1,411942,0.0
6,411958,0.0
1,411983,0.0
1,411983,0.0
1,411983,0.0
1,411983,0.0
1,411983,0.0
6,412051,Other
3,412063,0.0
3,412063,0.0
Other,412108,Other
Other,412108,0.0
Other,412122,0.0
Other,412122,0.0
Other,412123,0.0
Other,412123,Other
Other,412165,0.0
1,412213,Other
1,412213,0.0
Other,412248,0.0
Other,412248,0.0
1,412282,0.0
1,412282,0.0
1,412282,0.0
1,412444,0.0
1,412444,0.0
1,412444,0.0
Other,412473,0.0
1,412516,0.0
1,412516,0.0
1,412516,0.0
1,412533,0.0
1,412533,0.0
1,412533,0.0
1,412749,Other
1,412749,0.0
6,412786,0.0
1,412799,Other
1,412799,0.0
3,412865,0.0
3,412865,0.0
3,412865,0.0
Other,412882,0.0
Other,412882,0.0
Other,412882,0.0
1,412931,0.0
1,412931,0.0
1,412931,0.0
1,412931,0.0
Other,412968,Other
Other,412968,Other
1,412976,0.0
1,412976,0.0
Other,412998,0.0
3,413008,0.0
3,413008,0.0
3,413008,0.0
3,413008,0.0
3,413008,0.0
3,413008,0.0
1,413061,Other
1,413061,0.0
1,413061,0.0
1,413061,0.0
3,413065,0.0
3,413065,0.0
3,413065,0.0
3,413065,0.0
1,413074,0.0
1,413074,0.0
3,413082,Other
3,413082,0.0
3,413082,0.0
3,413082,0.0
3,413082,0.0
3,413082,0.0
3,413082,0.0
3,413082,0.0
1,413137,0.0
1,413137,0.0
1,413137,0.0
2,413158,0.0
2,413158,0.0
2,413158,0.0
Other,413329,0.0
Other,413329,0.0
Other,413329,0.0
1,413336,0.0
1,413336,Other
1,413382,0.0
1,413382,0.0
1,413382,0.0
1,413382,0.0
1,413382,0.0
Other,413505,0.0
Other,413505,0.0
Other,413580,0.0
Other,413580,0.0
3,413794,Other
3,413794,0.0
3,413794,0.0
3,413794,Other
Other,413823,0.0
2,413840,0.0
2,413840,0.0
3,413876,0.0
3,413876,0.0
3,413876,0.0
3,413876,0.0
1,413886,0.0
1,413886,0.0
3,413943,0.0
1,448879,0.0
3,413943,0.0
1,413990,0.0
1,413990,0.0
1,414015,0.0
1,414015,0.0
1,414015,0.0
1,414015,0.0
1,414015,0.0
1,414015,0.0
1,414069,0.0
1,414069,0.0
1,414069,0.0
6,414085,0.0
1,414149,0.0
1,414149,Other
6,414201,0.0
1,414256,0.0
1,414256,0.0
1,414256,0.0
3,414258,0.0
3,414258,0.0
6,414266,0.0
1,414290,Other
1,414290,0.0
1,414290,0.0
6,414327,0.0
3,414346,0.0
3,414346,0.0
3,414346,0.0
3,414346,0.0
3,414346,0.0
1,414350,0.0
1,414350,0.0
1,414350,0.0
1,414350,0.0
1,414444,0.0
1,414444,0.0
1,414444,0.0
1,414444,0.0
Other,414555,Other
1,414581,Other
1,414581,Other
3,414660,Other
3,414660,0.0
6,414772,0.0
1,414793,0.0
1,414793,0.0
1,414793,0.0
1,414793,0.0
Other,414922,0.0
Other,414935,0.0
2,414961,0.0
2,414961,0.0
6,415004,0.0
1,415139,0.0
1,415139,0.0
1,415139,0.0
Other,415155,Other
1,415169,Other
1,415169,Other
Other,415205,0.0
1,415278,0.0
1,415278,0.0
3,415557,0.0
3,415557,0.0
Other,415587,0.0
Other,415587,0.0
6,415625,0.0
3,415651,0.0
3,415651,0.0
1,415794,0.0
1,415794,0.0
6,415887,0.0
1,415937,0.0
1,415937,0.0
1,415937,0.0
1,415937,0.0
1,415937,0.0
6,416029,Other
Other,416116,0.0
Other,416116,0.0
3,416169,0.0
3,416169,0.0
3,416169,0.0
1,416195,Other
1,416195,Other
1,416235,0.0
1,416235,0.0
1,416235,0.0
1,416235,0.0
1,416244,Other
1,416244,0.0
1,416309,0.0
1,416309,0.0
1,416309,0.0
6,416314,0.0
3,416337,0.0
3,416337,0.0
3,416337,0.0
1,416512,0.0
1,416512,0.0
3,416513,Other
3,416513,0.0
3,416513,0.0
3,416513,0.0
3,416513,0.0
3,416513,0.0
3,416513,0.0
3,416513,0.0
3,416513,0.0
3,416513,0.0
3,416513,0.0
3,416513,0.0
Other,416553,0.0
Other,416553,0.0
6,416641,Other
1,416661,0.0
1,416661,0.0
1,416661,0.0
1,416661,0.0
6,416706,0.0
6,416707,0.0
1,416713,0.0
1,416713,0.0
6,416755,Other
Other,416786,0.0
1,416832,0.0
1,416832,0.0
1,416832,0.0
1,416832,0.0
1,416832,0.0
1,416832,0.0
1,417060,0.0
1,417060,0.0
1,417060,0.0
1,417084,0.0
1,417084,0.0
1,417084,0.0
1,417084,0.0
1,417084,0.0
1,417084,0.0
1,417171,Other
1,417171,0.0
1,417171,0.0
1,417171,0.0
1,417171,0.0
Other,417178,Other
1,417236,0.0
1,417236,0.0
1,417236,0.0
3,417253,0.0
3,417253,0.0
3,417253,0.0
3,417253,0.0
1,417311,0.0
1,417311,0.0
3,417368,0.0
3,417368,0.0
3,417368,0.0
3,417418,0.0
3,417418,0.0
3,417482,0.0
3,417482,0.0
3,417482,0.0
3,417533,0.0
3,417533,0.0
3,417533,0.0
1,417577,0.0
1,417577,0.0
1,417577,0.0
1,417577,0.0
1,417577,0.0
1,417577,0.0
1,417577,0.0
6,417666,0.0
1,417700,Other
1,417700,0.0
Other,417881,0.0
1,417895,0.0
1,417895,0.0
1,417895,0.0
6,417915,0.0
Other,417975,0.0
Other,417975,Other
6,418000,0.0
1,418025,0.0
1,418025,0.0
1,418025,0.0
1,418041,0.0
1,418041,0.0
1,418041,0.0
1,418041,0.0
3,418247,0.0
3,418247,0.0
3,418247,0.0
3,418247,0.0
1,418280,Other
1,418280,Other
1,418280,0.0
1,418280,0.0
1,418280,Other
1,418322,0.0
1,418322,0.0
1,418322,0.0
1,418322,0.0
3,418356,0.0
3,418356,0.0
3,418356,0.0
1,418361,0.0
1,418361,0.0
1,418361,0.0
1,418361,0.0
1,418361,0.0
Other,418369,0.0
1,418426,0.0
1,418426,0.0
1,418426,0.0
1,418426,0.0
1,418426,0.0
1,418536,0.0
1,418536,0.0
6,418562,0.0
Other,418576,Other
1,418612,Other
1,418612,0.0
1,418655,Other
1,418655,0.0
1,418655,0.0
1,418655,0.0
6,418677,0.0
1,418788,0.0
1,418788,0.0
1,418788,0.0
1,418788,0.0
1,418855,0.0
1,418855,0.0
1,418859,Other
1,418859,0.0
Other,418895,0.0
Other,418895,0.0
1,419014,0.0
1,419014,0.0
1,419014,0.0
Other,419020,0.0
1,419027,0.0
1,419027,0.0
1,419041,0.0
1,419041,0.0
3,419139,0.0
3,419139,0.0
1,419144,0.0
1,419144,0.0
1,419144,0.0
1,419144,0.0
3,419373,Other
3,419373,0.0
3,419373,0.0
Other,419447,0.0
Other,419447,0.0
1,419485,0.0
1,419485,0.0
1,419561,0.0
1,419561,0.0
1,419608,0.0
1,419608,0.0
1,419608,0.0
1,419608,0.0
1,419608,0.0
1,419608,0.0
1,419608,0.0
1,419863,Other
1,419863,0.0
1,419863,0.0
1,419863,0.0
3,419886,0.0
3,419886,0.0
3,419886,0.0
6,419965,0.0
1,419966,0.0
1,419966,0.0
1,419971,0.0
1,419971,0.0
1,419971,0.0
1,419975,0.0
1,419975,0.0
1,419975,0.0
1,419975,0.0
1,419975,0.0
1,419975,0.0
3,420002,0.0
3,420002,0.0
6,420145,0.0
6,420202,Other
Other,420283,0.0
Other,420283,0.0
2,420288,Other
2,420288,0.0
2,420288,0.0
Other,420303,0.0
1,420404,0.0
1,420404,0.0
1,420404,0.0
2,420506,0.0
2,420506,0.0
2,420506,0.0
2,420506,0.0
3,420520,0.0
3,420520,0.0
Other,420548,0.0
Other,420548,0.0
1,420636,Other
1,420636,0.0
1,420636,0.0
1,420636,0.0
1,420687,0.0
1,420687,0.0
Other,420722,0.0
1,420734,0.0
1,420734,0.0
1,420758,0.0
1,420758,0.0
1,420758,0.0
1,420758,0.0
1,420758,0.0
1,420860,Other
1,420860,0.0
1,420860,0.0
1,420860,0.0
1,420910,0.0
1,420910,0.0
1,420910,0.0
3,420920,Other
3,420920,0.0
1,420921,0.0
1,420921,0.0
3,421006,0.0
3,421006,0.0
3,421006,0.0
1,421046,Other
1,421046,0.0
1,421046,0.0
1,421046,0.0
1,421046,0.0
1,421051,0.0
1,421051,0.0
1,421051,0.0
1,421051,0.0
1,421051,0.0
1,421051,0.0
1,421051,0.0
1,421051,0.0
1,421051,0.0
1,421051,0.0
1,421055,0.0
1,421055,0.0
1,421055,0.0
1,421055,0.0
Other,421102,0.0
1,421111,0.0
1,421111,Other
Other,421175,0.0
Other,421175,0.0
1,421248,0.0
1,421248,0.0
1,421248,0.0
1,421248,0.0
3,421257,0.0
3,421257,0.0
3,421257,0.0
1,421281,0.0
1,421281,0.0
1,421281,0.0
6,421359,0.0
1,421375,0.0
1,421375,0.0
6,421379,0.0
3,421400,0.0
3,421400,0.0
1,421525,0.0
1,421525,0.0
1,421553,0.0
1,421553,0.0
1,421553,0.0
1,421553,0.0
1,421553,0.0
1,421553,0.0
1,421553,0.0
1,421671,0.0
1,421671,0.0
Other,421680,0.0
Other,421680,0.0
1,421707,0.0
1,421707,0.0
3,421711,0.0
3,421711,0.0
3,421711,0.0
3,421711,0.0
6,421742,0.0
6,421827,0.0
1,421832,Other
1,421832,Other
1,421832,0.0
1,421832,0.0
1,421832,0.0
1,421838,0.0
1,421838,0.0
1,421838,0.0
1,421838,0.0
2,421874,Other
2,421874,0.0
1,421900,0.0
1,421900,0.0
1,421900,0.0
Other,421987,0.0
Other,421987,0.0
3,422026,0.0
3,422026,0.0
1,422050,0.0
1,422050,0.0
3,422166,0.0
3,422166,0.0
6,422179,0.0
1,422208,0.0
1,422208,0.0
1,422214,0.0
1,422214,Other
Other,422326,0.0
1,422404,0.0
1,422404,0.0
1,422404,0.0
1,422404,0.0
1,422404,0.0
1,422407,0.0
1,422407,0.0
1,422407,0.0
1,422407,0.0
1,422407,0.0
Other,422548,Other
1,422690,0.0
1,422690,0.0
1,422690,0.0
3,422738,0.0
3,422738,0.0
3,422738,0.0
Other,422838,0.0
Other,422838,0.0
1,422861,0.0
1,422861,Other
1,422901,0.0
1,422901,0.0
1,422901,0.0
1,422964,Other
1,422964,0.0
1,422964,Other
2,423001,Other
2,423001,0.0
2,423001,0.0
2,423001,0.0
2,423001,0.0
3,423003,Other
3,423003,0.0
1,423008,Other
1,423008,0.0
6,423013,0.0
1,423052,Other
1,423052,0.0
Other,423076,0.0
Other,423076,0.0
2,423079,0.0
2,423079,0.0
2,423079,0.0
Other,423096,Other
2,423101,Other
2,423101,0.0
2,423101,0.0
2,423101,0.0
2,423101,0.0
1,423218,0.0
1,423218,0.0
1,423218,0.0
1,423218,0.0
3,423223,0.0
3,423223,0.0
1,423481,0.0
1,423481,0.0
1,423481,0.0
1,423481,0.0
1,423481,0.0
1,423481,0.0
2,423516,0.0
2,423516,0.0
2,423516,0.0
2,423516,0.0
2,423516,0.0
Other,423595,0.0
6,423602,0.0
1,423676,Other
1,423676,0.0
1,423722,0.0
1,423722,Other
1,423722,0.0
Other,423785,0.0
Other,423785,0.0
1,423954,0.0
1,423954,0.0
1,423954,0.0
1,423954,0.0
Other,424028,0.0
Other,424028,0.0
Other,424028,0.0
1,424038,0.0
1,424038,0.0
1,424038,0.0
1,424038,0.0
1,424058,0.0
1,424058,0.0
1,424058,0.0
6,424112,0.0
Other,424149,Other
Other,424149,0.0
2,424153,0.0
2,424153,0.0
2,424153,0.0
2,424153,0.0
1,424348,0.0
1,424348,0.0
1,424348,0.0
1,424348,0.0
1,424348,0.0
1,424348,0.0
1,424348,0.0
3,424378,Other
3,424378,0.0
3,424378,0.0
3,424378,0.0
3,424378,0.0
3,424378,0.0
3,424401,0.0
3,424401,0.0
3,424401,0.0
3,424425,0.0
3,424425,0.0
3,424425,0.0
3,424440,0.0
3,424440,0.0
3,424484,0.0
3,424484,0.0
6,424544,0.0
Other,424611,Other
1,424762,0.0
1,424762,0.0
Other,424800,Other
Other,424839,Other
3,424915,Other
3,424915,0.0
3,424915,0.0
3,424915,0.0
3,424915,0.0
3,424915,0.0
6,424929,0.0
3,424933,0.0
3,424933,0.0
1,424939,0.0
1,424939,0.0
1,424970,0.0
1,424970,0.0
1,424970,0.0
6,425098,0.0
6,425121,Other
3,425124,Other
3,425124,0.0
1,425142,0.0
1,425142,0.0
1,425143,0.0
1,425143,0.0
1,425143,0.0
1,425143,0.0
1,425146,0.0
1,425146,0.0
1,425161,0.0
1,425161,0.0
1,425175,Other
1,425175,0.0
1,425260,0.0
1,425260,0.0
6,425275,0.0
Other,425348,Other
Other,425388,0.0
Other,425388,0.0
1,425429,0.0
1,425429,0.0
1,425429,0.0
3,425430,0.0
3,425430,0.0
3,425430,0.0
3,425430,0.0
3,425566,0.0
3,425566,0.0
1,425577,0.0
1,425577,0.0
1,425577,0.0
1,425577,0.0
1,425577,0.0
1,425641,0.0
1,425641,Other
1,425641,Other
1,425641,Other
3,425713,0.0
3,425713,0.0
3,425713,0.0
3,425713,0.0
Other,425725,0.0
1,425903,0.0
1,425903,Other
1,425992,0.0
1,425992,0.0
1,425998,0.0
1,425998,0.0
1,426145,0.0
1,426145,0.0
1,426145,0.0
1,426145,0.0
1,426145,Other
1,426169,0.0
1,426169,0.0
1,426169,0.0
1,426169,0.0
1,426169,0.0
1,426169,0.0
1,426169,0.0
1,426169,0.0
Other,426197,Other
Other,426197,Other
1,426274,0.0
1,426274,0.0
1,426274,0.0
1,426274,0.0
1,426274,0.0
1,426274,0.0
1,426274,0.0
1,426274,0.0
6,426329,0.0
1,426345,0.0
1,426345,0.0
1,426345,0.0
6,426353,0.0
1,426374,0.0
1,426374,0.0
3,426531,0.0
3,426531,0.0
1,426587,0.0
1,426587,0.0
1,426587,0.0
1,426594,0.0
1,426594,0.0
3,426680,0.0
3,426680,0.0
2,426773,0.0
2,426773,0.0
2,426773,0.0
2,426773,0.0
2,426773,0.0
1,426780,0.0
1,426780,0.0
1,426780,0.0
1,426798,0.0
1,426798,0.0
6,426823,0.0
6,426922,0.0
3,427054,0.0
3,427054,0.0
3,427054,0.0
6,427116,0.0
3,427125,0.0
3,427125,0.0
3,427125,0.0
3,427125,0.0
Other,427225,0.0
Other,427225,0.0
1,427229,0.0
1,427229,0.0
1,427229,0.0
1,427229,0.0
1,427229,0.0
1,427297,0.0
1,427297,0.0
1,427297,0.0
1,427322,0.0
1,427322,0.0
1,427322,0.0
6,427379,0.0
Other,427388,0.0
Other,427427,0.0
1,427609,0.0
1,427609,0.0
1,427609,0.0
1,427609,0.0
1,427609,0.0
Other,427635,0.0
Other,427635,0.0
3,427796,0.0
3,427796,0.0
Other,427923,Other
Other,427923,0.0
Other,427923,0.0
Other,428052,Other
1,428143,Other
1,428143,Other
1,428143,0.0
1,428143,0.0
1,428143,0.0
2,428150,0.0
2,428150,0.0
2,428150,0.0
2,428150,0.0
6,428183,0.0
6,428185,0.0
1,428206,0.0
1,428206,Other
1,428206,0.0
1,428206,0.0
1,428228,Other
1,428228,0.0
1,428267,0.0
1,428267,Other
1,428267,0.0
1,428267,0.0
1,428267,0.0
1,428267,0.0
1,428267,0.0
2,428272,0.0
2,428272,0.0
2,428272,0.0
1,428397,0.0
1,428397,0.0
1,428397,0.0
1,428446,0.0
1,428446,0.0
1,428446,0.0
Other,428511,0.0
Other,428511,0.0
Other,428526,0.0
Other,428555,0.0
Other,428555,0.0
Other,428676,Other
1,428768,0.0
1,428768,0.0
1,428768,0.0
Other,428826,Other
6,428843,0.0
1,428956,0.0
1,428956,0.0
1,428956,0.0
1,428956,0.0
1,428956,0.0
Other,428999,0.0
1,429148,0.0
1,429148,0.0
1,429148,0.0
1,429148,0.0
1,429148,0.0
1,429148,0.0
1,429158,Other
1,429158,Other
2,429240,0.0
2,429240,Other
2,429240,0.0
2,429240,0.0
2,429240,0.0
2,429240,0.0
1,429401,Other
1,429401,0.0
1,429401,0.0
1,429401,0.0
1,429401,0.0
1,429401,0.0
1,429401,0.0
1,429465,0.0
1,429465,0.0
1,429465,0.0
3,429477,0.0
3,429477,0.0
3,429477,0.0
3,429477,0.0
Other,429493,0.0
3,429506,0.0
3,429506,0.0
3,429506,0.0
3,429506,0.0
3,429506,0.0
1,429552,0.0
1,429552,0.0
1,429552,0.0
2,429563,0.0
2,429563,0.0
1,429638,Other
1,429638,Other
1,429638,0.0
1,429638,0.0
1,429747,0.0
1,429747,0.0
1,429747,0.0
1,429768,Other
1,429768,0.0
1,429768,0.0
1,429768,0.0
1,429768,0.0
1,429768,0.0
1,429768,0.0
1,429768,0.0
2,429773,0.0
2,429773,0.0
2,429773,0.0
2,429773,0.0
2,429773,0.0
1,429780,0.0
1,429780,0.0
1,429882,0.0
1,429882,0.0
1,429882,0.0
1,429882,0.0
1,429887,0.0
1,429887,0.0
2,429934,0.0
2,429934,0.0
1,429951,0.0
1,429951,0.0
1,429951,0.0
1,429951,0.0
2,429976,0.0
2,429976,0.0
2,429976,0.0
2,429976,0.0
2,429976,0.0
2,429976,0.0
2,429976,0.0
1,429984,0.0
1,429984,0.0
1,429984,0.0
1,430015,0.0
1,430015,0.0
1,430015,0.0
1,430015,0.0
1,430015,0.0
1,430015,0.0
1,430015,0.0
1,430165,Other
1,430165,0.0
1,430165,Other
1,430165,0.0
1,430179,0.0
1,430179,Other
1,430179,0.0
1,430179,0.0
1,430195,0.0
1,430195,0.0
1,430195,0.0
1,430196,0.0
1,430196,0.0
1,430196,0.0
1,430196,0.0
6,430215,0.0
2,430219,0.0
2,430219,0.0
2,430219,0.0
6,430229,0.0
3,430248,0.0
3,430248,0.0
3,430248,0.0
6,430275,0.0
1,430318,0.0
1,430318,0.0
1,430318,0.0
1,430318,0.0
1,430318,0.0
3,430373,0.0
3,430373,0.0
3,430373,0.0
3,430373,0.0
1,430387,0.0
1,430387,0.0
1,430387,0.0
1,430387,0.0
1,430387,0.0
1,430387,0.0
1,430387,0.0
Other,430408,0.0
6,430644,0.0
1,430695,0.0
1,430695,0.0
1,430695,0.0
1,430695,0.0
1,430767,0.0
1,430767,0.0
1,430767,0.0
1,430843,0.0
1,430843,0.0
1,430843,0.0
1,430843,0.0
1,430843,0.0
1,430883,0.0
1,430883,0.0
1,430940,0.0
1,430940,0.0
1,430940,0.0
1,430940,0.0
1,430940,0.0
1,431043,0.0
1,431043,0.0
1,431043,0.0
1,431043,0.0
1,431043,0.0
3,431090,0.0
3,431090,0.0
3,431090,0.0
3,431090,0.0
3,431090,0.0
3,431135,0.0
3,431135,0.0
3,431135,0.0
3,431135,0.0
1,431188,0.0
1,431188,0.0
6,431218,0.0
1,431269,0.0
2,467502,0.0
1,431269,0.0
1,431269,0.0
3,431382,0.0
3,431382,0.0
3,431382,0.0
1,431398,0.0
1,431398,0.0
1,431398,0.0
1,431398,0.0
1,431398,0.0
1,431398,0.0
1,431398,0.0
2,431486,0.0
2,431486,0.0
1,431516,0.0
1,431516,0.0
1,431516,0.0
1,431516,0.0
6,431526,Other
1,431531,0.0
1,431531,0.0
6,431554,0.0
1,431591,0.0
1,431591,0.0
Other,431603,Other
1,431632,0.0
1,431632,0.0
1,431651,Other
1,431651,0.0
1,431651,0.0
1,431651,0.0
3,431655,0.0
3,431655,0.0
3,431655,0.0
1,431703,0.0
1,431703,0.0
1,431703,0.0
1,431703,0.0
1,431703,0.0
6,431725,0.0
6,431726,0.0
1,431767,0.0
1,431767,0.0
1,431767,0.0
1,431767,0.0
6,431779,0.0
6,431887,0.0
3,431930,0.0
3,431930,0.0
1,431944,0.0
1,431944,0.0
1,431944,0.0
1,431944,0.0
1,431944,0.0
1,431944,0.0
3,432102,0.0
3,432102,0.0
3,432102,0.0
3,432102,0.0
1,432115,0.0
1,432115,0.0
1,432115,0.0
1,432115,0.0
1,432115,0.0
3,432162,0.0
3,432162,0.0
1,432187,Other
1,432187,Other
6,432199,0.0
1,432209,0.0
1,432209,0.0
1,432209,0.0
1,432209,0.0
1,432209,0.0
1,432217,0.0
1,432217,0.0
1,432264,Other
1,432264,Other
6,432301,0.0
1,432521,0.0
1,432521,0.0
3,432522,0.0
3,432522,0.0
3,432522,0.0
6,432534,0.0
6,432611,0.0
1,432756,0.0
1,432756,0.0
Other,432797,Other
Other,432872,0.0
Other,432872,0.0
Other,432872,0.0
Other,432872,Other
Other,432872,0.0
6,432963,0.0
6,433042,0.0
1,433078,Other
1,433078,Other
Other,433101,0.0
Other,433101,Other
1,433133,0.0
1,433133,0.0
1,433133,0.0
1,433133,0.0
1,433191,0.0
1,433191,0.0
1,433191,0.0
1,433191,0.0
1,433201,0.0
1,433201,0.0
1,433201,0.0
1,433201,0.0
3,433217,0.0
3,433217,0.0
3,433217,0.0
3,433217,0.0
3,433219,0.0
3,433219,0.0
3,433219,0.0
1,433253,0.0
1,433253,0.0
1,433253,0.0
1,433253,0.0
6,433255,0.0
Other,433301,0.0
1,433321,0.0
1,433321,Other
3,433329,0.0
3,433329,0.0
3,433329,0.0
2,433330,0.0
2,433330,0.0
2,433330,0.0
2,433330,0.0
2,433330,0.0
1,433382,Other
1,433382,0.0
1,433382,0.0
1,433405,0.0
1,433405,0.0
1,433405,0.0
1,433405,0.0
Other,433481,0.0
1,433521,0.0
1,433521,0.0
Other,433578,0.0
1,433649,0.0
1,433649,0.0
1,433649,0.0
1,433649,0.0
1,433692,0.0
1,433692,0.0
1,433692,0.0
1,433692,0.0
1,433692,0.0
6,433698,0.0
6,433757,Other
3,433772,0.0
3,433772,0.0
3,433818,0.0
3,433818,0.0
3,433818,0.0
3,433818,0.0
Other,433866,0.0
Other,433866,0.0
Other,433866,0.0
Other,433866,0.0
Other,433866,0.0
Other,433866,0.0
3,433899,0.0
3,433899,0.0
6,433943,Other
6,433944,0.0
6,433992,0.0
6,434002,0.0
1,434031,0.0
1,434031,0.0
1,434031,0.0
1,434031,0.0
1,434040,0.0
1,434040,Other
1,434040,0.0
1,434063,Other
1,434063,0.0
1,434063,0.0
Other,434072,Other
3,434139,0.0
3,434139,0.0
3,434139,0.0
3,434139,0.0
3,434139,0.0
1,434217,Other
1,434217,0.0
1,434217,0.0
1,434217,0.0
Other,434236,Other
6,434254,0.0
1,434280,0.0
1,434280,0.0
6,434295,0.0
1,434360,Other
1,434360,0.0
1,434360,0.0
1,434360,0.0
1,434360,0.0
1,434380,Other
1,434380,0.0
1,434380,0.0
3,434496,0.0
3,434496,0.0
3,434496,0.0
6,434513,0.0
Other,434560,0.0
3,434658,0.0
3,434658,0.0
1,434740,0.0
1,434740,0.0
6,434746,0.0
Other,434780,0.0
Other,434780,0.0
1,434821,Other
1,434821,0.0
6,434927,0.0
Other,435010,Other
3,435101,0.0
3,435101,0.0
3,435253,0.0
3,435253,0.0
3,435253,0.0
3,435253,0.0
1,435269,0.0
1,435269,0.0
1,435269,0.0
1,435269,0.0
3,435360,0.0
3,435360,0.0
Other,435381,0.0
1,435415,0.0
1,435415,0.0
1,435415,0.0
1,435415,0.0
1,435415,0.0
1,435480,0.0
1,435480,0.0
1,435480,0.0
1,435480,0.0
1,435480,0.0
1,435486,0.0
1,435486,0.0
3,435499,0.0
3,435499,0.0
3,435499,0.0
3,435499,0.0
1,435577,0.0
1,435577,0.0
1,435577,0.0
3,435608,0.0
3,435608,0.0
3,435608,0.0
6,435613,0.0
3,435696,0.0
3,435696,0.0
3,435696,0.0
1,435751,Other
1,435751,Other
1,435751,0.0
Other,435886,0.0
Other,435901,0.0
1,436214,Other
1,436214,Other
1,436214,0.0
1,436214,0.0
1,436214,0.0
1,436214,0.0
3,436232,Other
3,436232,0.0
3,436232,0.0
3,436232,0.0
Other,436286,0.0
1,436492,0.0
1,436492,0.0
1,436492,0.0
1,436492,0.0
Other,436509,0.0
Other,436509,0.0
Other,436791,0.0
Other,436791,0.0
1,436866,0.0
1,436866,0.0
1,436866,0.0
1,436866,0.0
1,436866,0.0
1,436866,0.0
6,436887,0.0
3,436891,0.0
3,436891,0.0
3,436891,0.0
Other,436919,0.0
Other,436919,0.0
3,436926,0.0
3,436926,0.0
3,436926,0.0
3,436926,0.0
Other,436936,Other
6,436963,0.0
3,436966,0.0
3,436966,0.0
3,436966,0.0
3,436966,0.0
3,436966,0.0
1,437009,0.0
1,437009,Other
1,437009,0.0
1,437017,0.0
1,437017,0.0
1,437017,0.0
Other,437044,Other
Other,437044,Other
Other,437044,0.0
1,437048,0.0
1,437048,0.0
Other,437054,0.0
1,437058,0.0
1,437058,0.0
1,437058,0.0
1,437058,0.0
3,437097,0.0
3,437097,0.0
3,437097,0.0
6,437133,0.0
3,437166,0.0
3,437166,0.0
Other,437186,0.0
Other,437301,0.0
1,437307,0.0
1,437307,0.0
1,437307,0.0
1,437307,0.0
1,437322,0.0
1,437322,0.0
1,437322,0.0
1,437322,0.0
6,437339,0.0
6,437382,0.0
Other,437414,0.0
Other,437414,0.0
1,437428,Other
1,437428,0.0
Other,437469,0.0
Other,437469,0.0
Other,437534,0.0
6,437609,0.0
3,437793,0.0
3,437793,0.0
6,437862,0.0
Other,437997,0.0
Other,437997,0.0
3,438021,Other
3,438021,0.0
1,438044,0.0
1,438044,0.0
1,438044,0.0
1,438095,0.0
1,438095,0.0
1,438095,0.0
1,438095,0.0
1,438095,0.0
1,438130,0.0
1,438130,0.0
1,438261,0.0
1,438261,0.0
3,438348,0.0
3,438348,0.0
3,438348,0.0
1,438374,0.0
1,438374,0.0
6,438381,0.0
6,438484,0.0
Other,438501,0.0
1,438553,0.0
1,438553,0.0
1,438553,0.0
1,438580,Other
1,438580,Other
Other,438600,0.0
Other,438600,0.0
1,438637,0.0
1,438637,0.0
2,438674,0.0
2,438674,0.0
1,438684,0.0
1,438684,0.0
1,438773,Other
1,438773,Other
1,438788,0.0
1,438788,0.0
6,438883,0.0
3,438902,Other
3,438902,0.0
3,438902,0.0
6,438978,0.0
1,439062,0.0
1,439062,0.0
Other,439094,0.0
Other,439094,0.0
1,439226,0.0
1,439226,0.0
1,439226,0.0
1,439236,Other
1,439236,Other
1,439236,0.0
1,439236,0.0
1,439247,Other
1,439247,0.0
Other,439379,0.0
Other,439379,0.0
1,439383,0.0
1,439383,0.0
1,439564,0.0
1,439564,0.0
1,439564,0.0
1,439564,0.0
1,439564,0.0
3,439726,0.0
3,439726,0.0
3,439726,0.0
2,439782,0.0
2,439782,Other
2,439782,0.0
2,439782,0.0
2,439782,0.0
1,439787,0.0
1,439787,0.0
1,439787,0.0
6,439832,0.0
1,439896,0.0
1,439896,0.0
1,439931,0.0
1,439931,0.0
1,439931,0.0
1,439931,0.0
1,439931,0.0
6,439954,0.0
3,439963,Other
3,439963,0.0
3,439963,0.0
3,439963,0.0
3,439963,0.0
3,439963,0.0
1,439971,Other
1,439971,Other
1,439971,0.0
6,439986,0.0
6,440013,0.0
3,440015,0.0
3,440015,0.0
2,440017,0.0
2,440017,0.0
2,440017,0.0
2,440017,0.0
2,440017,0.0
2,440017,0.0
2,440017,0.0
2,440017,0.0
2,440017,0.0
2,440017,0.0
Other,440104,0.0
Other,440104,0.0
1,440106,0.0
1,440106,0.0
1,440106,0.0
Other,440199,Other
1,440205,0.0
1,440205,0.0
Other,440231,0.0
Other,440231,0.0
1,440297,0.0
1,440297,0.0
1,440297,0.0
1,440297,0.0
1,440297,0.0
Other,440345,Other
3,440420,0.0
3,440420,0.0
3,440420,0.0
3,440420,0.0
3,440420,0.0
Other,440447,0.0
Other,440447,0.0
Other,440447,0.0
2,440493,0.0
2,440493,0.0
3,440587,0.0
3,440587,0.0
3,440587,0.0
3,440599,0.0
3,440599,0.0
6,440619,0.0
1,440664,0.0
1,440664,0.0
Other,440910,Other
1,440959,Other
1,440959,Other
1,440959,Other
6,441009,Other
1,441096,0.0
1,441096,0.0
Other,441120,0.0
Other,441120,0.0
6,441338,0.0
Other,441398,0.0
Other,441398,0.0
1,441426,Other
1,441426,Other
1,441485,0.0
1,441485,0.0
1,441485,0.0
3,441627,0.0
3,441627,0.0
3,441627,0.0
3,441627,0.0
3,441646,0.0
3,441646,0.0
3,441646,0.0
2,441649,0.0
2,441649,0.0
6,441694,0.0
1,441702,0.0
1,441702,0.0
1,441702,0.0
Other,441706,0.0
Other,441706,0.0
Other,441706,0.0
1,441718,0.0
1,441718,0.0
1,441718,0.0
1,441800,0.0
1,441800,0.0
1,441905,0.0
1,441905,0.0
1,441905,0.0
6,441997,0.0
1,442009,0.0
1,442009,0.0
1,442009,0.0
1,442009,0.0
2,442052,0.0
2,442052,0.0
1,442069,0.0
1,442069,0.0
1,442069,0.0
1,442069,0.0
1,442069,0.0
1,442069,0.0
Other,442141,0.0
6,442189,0.0
1,442244,0.0
1,442244,0.0
1,442269,Other
1,442269,0.0
1,442269,0.0
1,442269,0.0
1,442269,0.0
1,442269,0.0
1,442282,0.0
1,442282,Other
1,442282,0.0
1,442282,0.0
3,442507,0.0
3,442507,0.0
Other,442608,0.0
Other,442608,0.0
Other,442687,0.0
Other,442687,0.0
3,442719,Other
3,442719,0.0
3,442719,0.0
1,443045,0.0
1,443045,0.0
1,443045,0.0
Other,443140,0.0
3,443160,0.0
3,443160,0.0
3,443160,0.0
3,443160,0.0
3,443160,0.0
1,443193,Other
1,443193,0.0
1,443197,0.0
1,443197,0.0
1,443197,0.0
1,443197,0.0
1,443208,0.0
1,443208,0.0
2,443242,0.0
2,443242,0.0
2,443242,0.0
1,443340,0.0
1,443340,0.0
1,443340,0.0
1,443340,0.0
1,443340,0.0
3,443459,0.0
3,443459,0.0
3,443459,0.0
3,443459,0.0
Other,443482,0.0
6,443503,0.0
6,443536,0.0
1,443577,0.0
1,443577,0.0
1,443577,0.0
3,443581,0.0
3,443581,0.0
3,443581,0.0
3,443581,0.0
Other,443587,0.0
Other,443715,Other
Other,443715,0.0
Other,443715,0.0
3,443784,0.0
3,443784,0.0
3,443784,0.0
Other,443786,0.0
6,443837,Other
1,443871,0.0
1,443871,0.0
1,443871,0.0
6,443889,Other
1,443924,0.0
1,443924,0.0
1,444016,0.0
1,444016,0.0
1,444016,0.0
1,444088,0.0
1,444088,0.0
1,444088,0.0
1,444088,0.0
1,444096,Other
1,444096,0.0
1,444106,0.0
1,444106,0.0
1,444106,0.0
6,444140,0.0
6,444352,Other
Other,444359,Other
1,444460,0.0
1,444460,0.0
6,444675,0.0
6,444701,0.0
6,444934,Other
1,444949,0.0
1,444949,0.0
1,444958,0.0
1,444958,0.0
1,444958,0.0
1,444958,0.0
1,444958,0.0
1,444958,0.0
1,444958,0.0
3,444984,0.0
3,444984,0.0
3,444984,0.0
3,444984,0.0
3,444984,0.0
3,444984,0.0
3,444984,0.0
3,444984,0.0
3,445000,0.0
3,445000,0.0
3,445000,0.0
Other,445031,0.0
1,445103,0.0
1,445103,0.0
1,445103,0.0
1,445103,0.0
3,445141,0.0
3,445141,0.0
3,445141,0.0
1,445154,0.0
1,445154,0.0
1,445287,Other
1,445287,Other
3,445329,0.0
3,445329,0.0
1,445353,0.0
1,445353,0.0
1,445353,Other
1,445353,0.0
1,445431,0.0
1,445431,0.0
1,445431,0.0
3,445440,0.0
3,445440,0.0
3,445482,0.0
3,445482,0.0
3,445482,0.0
1,445503,Other
1,445503,0.0
1,445503,0.0
1,445508,0.0
1,445508,0.0
1,445508,0.0
1,445508,0.0
1,445508,0.0
1,445508,0.0
1,445508,0.0
6,445526,0.0
1,445550,0.0
1,445550,0.0
1,445550,0.0
1,445550,0.0
1,445683,0.0
1,445683,0.0
1,445683,0.0
1,445683,0.0
1,445683,0.0
1,445766,0.0
1,445766,Other
1,445766,0.0
1,445766,0.0
1,445766,0.0
Other,445799,0.0
6,445833,0.0
1,445840,0.0
1,445840,0.0
1,445840,0.0
1,445840,0.0
1,445871,0.0
1,445871,0.0
1,445871,0.0
1,445871,0.0
1,445871,0.0
1,445871,0.0
1,446016,0.0
1,446016,0.0
1,446016,0.0
1,446060,0.0
1,446060,0.0
1,446060,0.0
1,446060,0.0
1,446060,0.0
1,446060,0.0
1,446085,0.0
1,446085,0.0
1,446085,0.0
1,446085,0.0
1,446085,0.0
3,446164,0.0
3,446164,0.0
3,446164,0.0
3,446164,0.0
3,446164,0.0
3,446164,0.0
3,446164,0.0
6,446201,Other
1,446219,0.0
1,446219,0.0
1,446219,0.0
1,446267,Other
1,446267,Other
Other,446290,0.0
1,446418,0.0
1,446418,0.0
3,446420,0.0
3,446420,0.0
1,446445,Other
1,446445,0.0
3,446514,0.0
3,446514,0.0
3,446514,0.0
3,446514,0.0
3,446514,0.0
2,446803,0.0
2,446803,0.0
2,446803,0.0
2,446803,0.0
6,446920,0.0
Other,446921,0.0
6,446971,0.0
1,447003,0.0
1,447003,0.0
1,447003,0.0
1,447003,0.0
Other,447065,0.0
Other,447119,0.0
6,447164,0.0
1,447215,0.0
1,447215,0.0
1,447215,0.0
1,447215,0.0
3,447295,0.0
3,447295,0.0
Other,447322,0.0
6,447352,0.0
6,447383,0.0
Other,447448,0.0
3,447450,0.0
3,447450,0.0
Other,447510,0.0
Other,447510,0.0
1,447693,0.0
1,447693,0.0
1,447776,0.0
1,447776,0.0
1,447778,0.0
1,447778,0.0
1,447778,0.0
1,447778,0.0
1,447778,0.0
1,447778,0.0
1,447778,0.0
Other,447785,0.0
Other,447785,0.0
Other,447814,0.0
Other,447814,0.0
1,447878,0.0
1,447878,0.0
1,447878,0.0
1,447878,0.0
1,447878,0.0
2,447988,0.0
2,447988,0.0
1,447998,0.0
1,447998,0.0
1,447998,0.0
1,447998,0.0
1,447998,0.0
1,447998,0.0
1,447998,0.0
1,447998,0.0
1,448049,0.0
1,448049,0.0
1,448128,0.0
1,448128,0.0
1,448128,0.0
1,448138,0.0
1,448138,0.0
1,448138,0.0
1,448138,0.0
Other,448194,0.0
Other,448296,0.0
1,448301,0.0
1,448301,0.0
1,448301,0.0
1,448301,0.0
1,448399,0.0
1,448399,0.0
6,448410,Other
1,448420,0.0
1,448420,0.0
1,448420,0.0
1,448441,0.0
1,448441,0.0
1,448495,0.0
1,448495,0.0
1,448495,0.0
1,448495,0.0
1,448495,0.0
1,448495,0.0
1,448495,0.0
3,448544,0.0
3,448544,0.0
3,448544,0.0
3,448544,0.0
Other,448572,0.0
Other,448572,0.0
Other,448572,0.0
1,448698,0.0
1,448698,0.0
1,448698,0.0
1,448698,0.0
1,448698,0.0
6,448778,0.0
Other,448835,0.0
6,448846,0.0
1,448879,0.0
1,448879,0.0
1,448879,0.0
1,448879,0.0
1,448879,0.0
1,448879,0.0
1,448932,0.0
1,448932,0.0
Other,449002,0.0
Other,449002,0.0
6,449020,0.0
Other,449024,0.0
Other,449024,0.0
Other,449108,0.0
Other,449108,0.0
Other,449108,0.0
Other,449108,0.0
3,449154,0.0
3,449154,0.0
3,449154,0.0
3,449154,0.0
1,449342,Other
1,449342,0.0
1,449342,0.0
1,449342,0.0
6,449352,0.0
2,449578,Other
2,449578,0.0
1,449581,0.0
1,449581,0.0
6,449630,0.0
1,449682,Other
1,449682,0.0
1,449682,0.0
1,449682,0.0
Other,449813,0.0
Other,449826,Other
1,449837,0.0
1,449837,0.0
1,449837,0.0
1,449837,0.0
Other,449913,0.0
Other,449913,0.0
3,450005,0.0
3,450005,0.0
3,450005,0.0
6,450019,0.0
Other,450036,Other
3,450063,0.0
3,450063,0.0
1,450094,0.0
1,450094,0.0
1,450094,0.0
1,450094,0.0
1,450094,Other
1,450115,0.0
1,450115,0.0
1,450115,0.0
6,450121,Other
1,450154,0.0
1,450154,0.0
6,450189,0.0
1,450192,0.0
1,450192,0.0
6,450196,0.0
Other,450207,Other
3,450275,0.0
3,450275,0.0
3,450275,0.0
1,450287,0.0
1,450287,Other
1,450315,0.0
1,450315,0.0
1,450315,0.0
3,450352,0.0
3,450352,0.0
1,450361,Other
1,450361,Other
1,450361,Other
6,450415,0.0
3,450449,0.0
3,450449,0.0
3,450449,0.0
3,450449,0.0
6,450521,0.0
1,450529,0.0
1,450529,0.0
1,450529,0.0
1,450529,0.0
6,450601,0.0
6,450680,0.0
1,450799,0.0
1,450799,0.0
1,450799,0.0
1,450799,0.0
Other,450838,0.0
Other,450899,0.0
Other,450899,0.0
6,451079,0.0
6,451083,0.0
3,451084,0.0
3,451084,0.0
3,451185,0.0
3,451185,0.0
3,451185,0.0
3,451185,0.0
1,451268,0.0
1,451268,0.0
1,451268,0.0
1,451268,0.0
1,451268,0.0
Other,451327,0.0
1,451328,0.0
1,451328,0.0
1,451328,0.0
1,451328,0.0
Other,451370,Other
1,451377,0.0
1,451377,0.0
1,451377,0.0
1,451377,0.0
2,451382,Other
2,451382,0.0
2,451382,0.0
2,451382,0.0
2,451382,0.0
1,451394,0.0
1,451394,0.0
1,451394,0.0
1,451394,0.0
2,451442,0.0
2,451442,0.0
2,451442,0.0
2,451442,0.0
Other,451450,Other
1,451626,0.0
1,451626,0.0
1,451626,Other
1,451626,Other
1,451626,0.0
1,451671,0.0
1,451671,0.0
1,451671,0.0
1,451671,0.0
Other,451718,0.0
6,451733,0.0
6,451741,0.0
1,451806,0.0
1,451806,0.0
1,451806,0.0
1,451806,0.0
1,451869,0.0
1,451869,0.0
Other,451873,0.0
Other,451873,0.0
Other,451910,0.0
1,451911,0.0
1,451911,0.0
1,451911,0.0
1,451933,0.0
1,451933,0.0
1,451933,0.0
1,451933,0.0
3,451960,0.0
3,451960,0.0
3,451960,0.0
1,451971,0.0
1,451971,0.0
3,451972,0.0
3,451972,0.0
3,451972,0.0
3,451972,0.0
Other,451987,0.0
Other,451987,0.0
Other,452103,0.0
Other,452103,0.0
Other,452103,0.0
Other,452103,0.0
3,452104,0.0
3,452104,0.0
1,452139,Other
1,452139,0.0
1,452187,0.0
1,452187,Other
Other,452279,Other
Other,452279,0.0
Other,452279,Other
Other,452387,0.0
Other,452387,0.0
Other,452387,0.0
Other,452387,0.0
3,452390,0.0
3,452390,0.0
3,452390,0.0
2,452518,0.0
2,452518,0.0
6,452589,0.0
Other,452608,0.0
6,452614,0.0
3,452617,0.0
3,452617,0.0
3,452682,0.0
3,452682,0.0
1,452705,0.0
1,452705,0.0
1,452705,0.0
1,452705,0.0
Other,452771,0.0
Other,452771,0.0
3,452772,0.0
3,452772,0.0
3,452772,0.0
1,452833,0.0
1,452833,0.0
1,452969,0.0
1,452969,0.0
1,452969,0.0
1,452969,0.0
1,452969,0.0
1,453056,0.0
1,453056,0.0
1,453056,0.0
1,453056,0.0
1,453072,Other
1,453072,0.0
3,453076,0.0
3,453076,0.0
Other,453144,0.0
Other,453144,0.0
1,453147,Other
1,453147,Other
Other,453158,0.0
1,453213,0.0
1,453213,0.0
1,453213,0.0
1,453213,0.0
2,453220,0.0
2,453220,0.0
2,453220,0.0
6,453239,0.0
6,453296,0.0
3,453322,0.0
3,453322,0.0
1,453483,0.0
1,453483,0.0
1,453483,0.0
1,453488,0.0
1,453488,0.0
1,453488,0.0
1,453593,0.0
1,453593,0.0
1,453593,0.0
1,453593,0.0
1,453593,0.0
1,453593,0.0
1,453593,0.0
1,453593,0.0
1,453593,0.0
1,453593,0.0
1,453593,0.0
Other,453681,Other
3,453692,0.0
3,453692,0.0
3,453692,0.0
Other,453813,0.0
1,453839,0.0
1,453839,0.0
1,453839,0.0
1,453976,0.0
1,453976,0.0
1,453976,0.0
1,453976,0.0
Other,453986,0.0
Other,453986,0.0
6,453990,0.0
1,454209,0.0
1,454209,0.0
1,454209,0.0
1,454209,0.0
1,454209,0.0
1,454209,0.0
1,454209,0.0
1,454209,0.0
1,454209,0.0
3,454343,0.0
3,454343,0.0
3,454343,0.0
6,454345,0.0
1,454458,0.0
1,454458,0.0
1,454628,0.0
1,454628,0.0
1,454628,0.0
1,454628,0.0
1,454628,0.0
1,454628,0.0
1,454645,0.0
1,454645,0.0
3,454662,0.0
3,454662,0.0
3,454662,0.0
3,454662,0.0
3,454747,Other
3,454747,0.0
Other,454844,0.0
Other,454844,0.0
Other,454844,0.0
Other,454844,0.0
1,454886,Other
1,454886,0.0
6,454961,0.0
6,454980,0.0
6,455019,Other
Other,455065,0.0
6,455168,Other
1,455172,0.0
1,455172,0.0
1,455172,0.0
1,455172,0.0
6,455190,Other
2,455260,Other
2,455260,0.0
1,455266,0.0
1,455266,0.0
1,455266,0.0
1,455266,0.0
3,455303,0.0
3,455303,0.0
3,455303,0.0
3,455413,0.0
3,455413,0.0
1,455418,Other
1,455418,0.0
1,455485,0.0
1,455485,Other
6,455538,0.0
6,455607,0.0
6,455663,0.0
2,455701,Other
2,455701,0.0
6,455707,0.0
1,455753,Other
1,455753,0.0
1,455850,0.0
1,455850,0.0
1,455850,0.0
1,455850,0.0
1,455892,0.0
1,455892,0.0
1,455892,0.0
1,455892,0.0
1,455892,0.0
1,455892,0.0
6,455948,0.0
3,455990,0.0
3,455990,0.0
3,455990,0.0
1,455999,0.0
1,455999,0.0
1,455999,0.0
1,455999,0.0
1,455999,0.0
1,455999,0.0
1,455999,0.0
2,456079,0.0
2,456079,0.0
1,456132,Other
1,456132,0.0
1,456132,0.0
1,456132,0.0
1,456132,0.0
1,456132,0.0
1,456132,0.0
1,456132,0.0
1,456132,0.0
1,456132,0.0
1,456132,0.0
1,456132,0.0
6,456163,0.0
1,456169,0.0
1,456169,0.0
1,456169,0.0
2,456227,0.0
2,456227,0.0
2,456227,0.0
2,456227,0.0
2,456227,0.0
2,456227,0.0
1,456311,0.0
1,456311,0.0
3,456451,0.0
3,456451,0.0
1,456462,0.0
1,456462,0.0
1,456462,0.0
1,456462,0.0
Other,456473,Other
Other,456473,0.0
3,456523,0.0
3,456523,Other
3,456523,0.0
3,456572,Other
3,456572,0.0
3,456572,Other
1,456618,0.0
1,456618,0.0
Other,456662,0.0
1,456666,0.0
1,456666,0.0
3,456714,0.0
3,456714,0.0
3,456714,0.0
Other,456803,0.0
1,456842,0.0
1,456842,0.0
1,456842,0.0
1,456842,0.0
3,456893,0.0
3,456893,0.0
1,456917,0.0
1,456917,Other
Other,456932,0.0
1,456951,0.0
1,456951,0.0
1,456951,0.0
1,456951,0.0
1,456975,0.0
1,456975,0.0
1,456988,Other
1,456988,0.0
1,456988,0.0
1,457060,0.0
1,457060,0.0
1,457060,0.0
1,457158,0.0
1,457158,0.0
Other,457231,0.0
1,457362,0.0
1,457362,0.0
1,457362,0.0
3,457385,0.0
3,457385,0.0
3,457385,0.0
6,457735,0.0
1,457819,0.0
1,806033,0.0
1,457819,0.0
3,457951,0.0
3,457951,0.0
6,458009,0.0
Other,458025,0.0
Other,458025,0.0
1,458027,0.0
1,458027,0.0
1,458027,0.0
1,458027,0.0
1,458236,0.0
1,458236,0.0
1,458236,0.0
Other,458394,0.0
Other,458445,Other
1,458475,Other
1,458475,0.0
1,458475,0.0
6,458518,0.0
1,458603,Other
1,458603,Other
6,458612,Other
Other,458642,0.0
Other,458642,0.0
3,458650,0.0
3,458650,0.0
3,458650,0.0
3,458650,0.0
1,458652,0.0
1,458652,0.0
1,458652,0.0
Other,458676,Other
Other,458701,0.0
Other,458701,0.0
3,458769,0.0
3,458769,0.0
Other,458786,0.0
6,458812,0.0
Other,458868,0.0
6,458891,0.0
2,458896,0.0
2,458896,0.0
1,458897,0.0
1,458897,0.0
1,458897,0.0
1,458999,0.0
1,458999,0.0
1,458999,0.0
1,458999,0.0
1,459015,Other
1,459015,0.0
Other,459114,0.0
Other,459114,0.0
Other,459114,0.0
Other,459161,0.0
Other,459161,0.0
Other,459161,0.0
6,459186,0.0
Other,459201,Other
6,459216,0.0
Other,459226,0.0
Other,459226,0.0
3,459268,0.0
3,459268,0.0
3,459268,0.0
3,459268,0.0
3,459268,0.0
1,459326,Other
1,459326,Other
1,459393,0.0
1,459393,0.0
1,459393,0.0
1,459393,0.0
1,459393,0.0
1,459393,0.0
1,459393,0.0
1,459636,0.0
1,459636,0.0
1,459636,0.0
1,459636,0.0
1,459659,Other
1,459659,0.0
1,459688,0.0
1,459688,0.0
Other,459722,0.0
1,459740,Other
1,459740,Other
Other,459754,0.0
Other,459847,0.0
Other,459847,0.0
Other,459847,0.0
Other,459865,0.0
Other,459880,0.0
Other,459880,0.0
6,459891,0.0
1,459911,0.0
1,459911,0.0
6,459927,0.0
3,459968,0.0
3,459968,0.0
3,459968,0.0
1,459990,0.0
1,459990,0.0
Other,459994,0.0
1,460039,0.0
1,460039,0.0
6,460126,0.0
6,460153,0.0
6,460198,0.0
1,460286,0.0
1,460286,0.0
1,460286,0.0
3,460659,0.0
3,460659,0.0
3,460659,0.0
1,460679,0.0
1,460679,0.0
1,460679,0.0
1,460679,0.0
1,460679,0.0
1,460679,0.0
1,460679,0.0
1,460679,0.0
1,460679,0.0
6,460685,0.0
Other,460700,0.0
Other,460700,Other
6,460727,0.0
Other,460748,0.0
6,460770,Other
3,460799,0.0
3,460799,0.0
3,460799,0.0
6,460815,0.0
6,460977,0.0
3,461154,0.0
3,461154,0.0
1,461198,0.0
1,461198,0.0
1,461198,0.0
Other,461242,0.0
1,461298,0.0
1,461298,0.0
1,461298,0.0
1,461298,0.0
1,461344,0.0
1,461344,0.0
1,461344,0.0
1,461344,0.0
1,461367,0.0
1,461367,0.0
1,461416,0.0
1,461416,0.0
1,461416,0.0
1,461416,0.0
Other,461419,Other
Other,461419,0.0
6,461501,0.0
6,461556,0.0
2,461601,0.0
2,461601,0.0
3,461666,0.0
3,461666,0.0
3,461666,0.0
1,461727,Other
1,461727,Other
6,461758,Other
Other,461789,0.0
Other,461789,0.0
Other,461789,0.0
6,461820,Other
1,461859,0.0
1,461859,0.0
1,461878,0.0
1,461878,0.0
1,461878,0.0
Other,461882,0.0
Other,461882,0.0
1,461899,0.0
1,461899,0.0
1,461899,0.0
Other,461920,0.0
Other,461920,0.0
Other,461920,0.0
1,461927,0.0
1,461927,0.0
Other,461940,0.0
1,461942,0.0
1,461942,0.0
1,461942,0.0
2,461992,0.0
2,461992,0.0
2,461992,0.0
2,461992,0.0
2,461992,0.0
Other,462015,0.0
1,462067,0.0
1,462067,0.0
1,462067,0.0
1,462067,0.0
1,462067,0.0
1,462067,0.0
6,462140,0.0
1,462202,0.0
1,462202,0.0
1,462202,0.0
2,462219,0.0
2,462219,0.0
2,462219,0.0
2,462219,0.0
6,462246,0.0
Other,462398,0.0
1,462411,Other
1,462411,0.0
6,462430,0.0
1,462470,Other
1,462470,0.0
Other,462570,Other
Other,462578,0.0
6,462606,0.0
2,462693,0.0
2,462693,0.0
2,462693,0.0
1,462713,0.0
1,462713,0.0
1,462713,0.0
Other,462762,0.0
2,462801,0.0
2,462801,0.0
1,462875,0.0
1,462875,0.0
1,462875,0.0
1,462875,0.0
Other,462938,Other
Other,462938,0.0
3,462959,0.0
3,462959,0.0
1,462986,0.0
1,462986,Other
1,462986,0.0
Other,463003,Other
2,463071,0.0
2,463071,0.0
Other,463102,0.0
1,463107,0.0
1,463107,0.0
1,463107,0.0
1,463107,0.0
1,463107,0.0
3,463117,0.0
3,463117,0.0
1,463146,0.0
1,463146,0.0
6,463253,0.0
3,463304,0.0
3,463304,0.0
3,463315,0.0
3,463315,0.0
3,463315,0.0
3,463315,0.0
1,463333,0.0
1,463333,0.0
1,463333,0.0
Other,463464,0.0
Other,463579,0.0
Other,463579,Other
1,463709,0.0
1,463709,0.0
1,463709,0.0
1,463736,0.0
1,463736,0.0
1,463736,0.0
1,463736,0.0
Other,463770,0.0
1,463878,0.0
1,463878,0.0
3,463905,0.0
3,463905,0.0
1,463992,0.0
1,463992,Other
3,464112,0.0
3,464112,0.0
3,464112,0.0
1,464181,Other
1,464181,Other
1,464181,0.0
1,464259,0.0
1,464259,0.0
1,464259,0.0
1,464281,0.0
1,464281,0.0
Other,464287,0.0
6,464324,0.0
1,464328,0.0
1,464328,0.0
1,464328,0.0
1,464328,0.0
1,464494,0.0
1,464494,0.0
Other,464511,0.0
Other,464529,0.0
Other,464529,0.0
Other,464570,Other
3,464619,0.0
3,464619,0.0
1,464728,Other
1,464728,Other
2,464740,0.0
2,464740,0.0
2,464740,0.0
1,464856,0.0
1,464856,0.0
1,464856,0.0
1,464856,0.0
1,464856,0.0
1,464856,0.0
1,464856,0.0
1,464856,0.0
1,464856,0.0
1,464856,0.0
1,464856,0.0
1,464856,0.0
1,464917,0.0
1,464917,0.0
Other,464945,Other
2,464995,0.0
2,464995,0.0
2,464995,0.0
2,464995,0.0
1,465012,0.0
1,465012,0.0
Other,465198,0.0
Other,465198,0.0
3,465241,0.0
3,465241,0.0
3,465241,0.0
3,465241,0.0
3,465241,0.0
3,465241,0.0
1,465262,0.0
1,465262,0.0
1,465262,0.0
1,465262,0.0
1,465288,Other
1,465288,0.0
3,465402,0.0
3,465402,0.0
3,465402,0.0
Other,465451,0.0
Other,465451,0.0
Other,465451,0.0
Other,465451,0.0
Other,465451,0.0
3,465497,Other
3,465497,0.0
3,465497,0.0
2,465519,0.0
2,465519,0.0
1,465560,0.0
1,465560,0.0
1,465560,0.0
Other,465562,0.0
Other,465577,0.0
1,465657,Other
1,465657,Other
1,465657,0.0
1,465657,0.0
1,465659,0.0
1,465659,0.0
1,465659,0.0
1,465659,0.0
1,465659,0.0
6,465709,0.0
2,465771,0.0
2,465771,0.0
2,465771,0.0
2,465771,0.0
1,465830,0.0
1,465830,0.0
3,465842,0.0
3,465842,0.0
2,465903,Other
2,465903,0.0
1,465957,0.0
1,465957,0.0
Other,465972,0.0
Other,465972,0.0
6,465995,0.0
6,466062,0.0
1,466074,0.0
1,466074,0.0
3,466095,0.0
3,466095,0.0
3,466095,0.0
1,466172,0.0
1,466172,0.0
1,466172,0.0
6,466257,Other
1,466266,0.0
1,466266,0.0
1,466266,0.0
1,466266,0.0
1,466339,Other
1,466339,0.0
Other,466381,0.0
Other,466381,0.0
Other,466483,0.0
1,466557,0.0
1,466557,Other
3,466571,0.0
3,466571,0.0
3,466571,0.0
Other,466705,0.0
Other,466705,0.0
2,466755,0.0
2,466755,0.0
Other,466768,0.0
Other,466768,0.0
Other,466768,0.0
Other,466775,0.0
1,466995,0.0
1,466995,0.0
1,466995,0.0
1,467067,0.0
1,467067,0.0
1,467067,0.0
1,467067,0.0
1,467067,Other
1,467067,0.0
1,467093,0.0
1,467093,0.0
1,467093,0.0
1,467093,0.0
1,467093,0.0
1,467093,0.0
1,467093,0.0
6,467177,0.0
3,467181,0.0
3,467181,0.0
3,467181,0.0
1,467184,Other
1,467184,0.0
6,467189,0.0
1,467236,Other
1,467236,Other
Other,467280,0.0
1,467378,0.0
1,467378,0.0
1,467378,0.0
1,467378,0.0
2,467434,0.0
2,467434,0.0
2,467434,0.0
1,467495,Other
1,467495,Other
1,467495,0.0
1,467495,0.0
1,467495,0.0
1,467495,0.0
2,467502,0.0
2,467502,0.0
2,467502,0.0
2,467502,0.0
1,467553,0.0
1,467553,0.0
1,467553,0.0
Other,467570,0.0
2,467627,Other
2,467627,0.0
1,467650,0.0
1,467650,0.0
1,467650,0.0
1,467650,0.0
1,467777,0.0
1,467777,0.0
1,467777,0.0
1,467777,0.0
1,467777,0.0
1,467777,0.0
1,467777,0.0
Other,467787,0.0
Other,467795,0.0
Other,467947,0.0
Other,468053,0.0
1,468138,0.0
1,468138,Other
6,468174,0.0
Other,468191,0.0
1,468248,0.0
1,468248,0.0
1,468248,0.0
1,468248,0.0
1,468248,0.0
Other,468310,0.0
3,468437,0.0
3,468437,0.0
3,468437,0.0
3,468437,0.0
1,468453,0.0
1,468453,0.0
1,468523,0.0
1,468523,0.0
1,468523,Other
1,468523,Other
Other,468537,0.0
3,468688,0.0
3,468688,0.0
3,468688,0.0
1,468874,0.0
1,468874,0.0
1,468874,0.0
1,468874,0.0
1,468939,0.0
1,468939,0.0
6,468960,0.0
Other,469019,0.0
Other,469019,0.0
Other,469019,Other
Other,469019,0.0
2,469041,0.0
2,469041,0.0
Other,469123,Other
3,469286,0.0
3,469286,0.0
Other,469296,0.0
6,469374,0.0
1,469376,0.0
1,469376,0.0
1,469416,0.0
1,469416,0.0
1,469416,0.0
1,469416,0.0
Other,469483,0.0
Other,469483,0.0
2,469526,0.0
2,469526,0.0
2,469526,0.0
2,469526,0.0
2,469526,0.0
2,469526,0.0
2,469526,0.0
2,469526,0.0
Other,469574,Other
Other,469610,Other
1,469611,0.0
1,469611,0.0
1,469611,0.0
3,469641,0.0
3,469641,0.0
3,469641,0.0
Other,469712,0.0
Other,469712,0.0
Other,469712,0.0
6,469757,0.0
1,469778,0.0
1,469778,0.0
1,469835,0.0
1,469835,0.0
1,469835,0.0
1,469835,0.0
1,469858,0.0
1,469858,0.0
1,469869,0.0
1,469869,0.0
Other,469880,0.0
Other,469880,0.0
Other,469880,0.0
3,469952,0.0
3,469952,0.0
3,469952,0.0
1,470110,0.0
1,470110,0.0
1,470160,0.0
1,470160,0.0
1,470160,0.0
1,470160,0.0
6,470201,0.0
3,470207,0.0
3,470207,0.0
3,470301,0.0
3,470301,0.0
6,470366,0.0
3,470367,0.0
3,470367,0.0
3,470414,0.0
3,470414,0.0
3,470414,0.0
3,470419,0.0
3,470419,0.0
3,470419,0.0
Other,470547,0.0
Other,470547,0.0
6,470646,0.0
Other,470773,Other
Other,470783,0.0
Other,470783,0.0
6,470861,0.0
6,470862,0.0
1,470988,0.0
1,470988,0.0
1,470988,0.0
1,470988,0.0
1,470988,0.0
1,470988,0.0
1,470988,0.0
1,470988,0.0
1,471045,0.0
1,471045,0.0
6,471183,0.0
1,471211,0.0
1,471211,0.0
1,471211,0.0
1,471211,0.0
Other,471253,0.0
1,471366,Other
1,471366,0.0
1,471366,0.0
1,471366,0.0
Other,471390,Other
1,471504,0.0
1,471504,0.0
1,471504,0.0
3,471550,0.0
3,471550,0.0
3,471550,0.0
3,471550,0.0
1,471562,0.0
1,471562,0.0
1,471562,0.0
1,471574,0.0
1,471574,0.0
Other,471669,0.0
Other,471672,0.0
1,471725,0.0
1,471725,0.0
1,471725,0.0
3,471727,0.0
3,471727,0.0
3,471727,0.0
Other,471818,Other
1,471826,0.0
1,471826,0.0
1,471826,0.0
1,471826,0.0
1,471826,0.0
1,471834,Other
1,471834,Other
3,471839,0.0
3,471839,0.0
3,471839,0.0
1,471870,Other
1,471870,Other
1,471870,0.0
1,471870,0.0
6,471918,0.0
Other,471923,0.0
Other,471924,0.0
Other,472096,0.0
1,472148,0.0
1,472148,0.0
1,472148,0.0
1,472148,0.0
1,472148,0.0
1,472184,0.0
1,472184,0.0
Other,472282,0.0
Other,472282,0.0
1,472367,Other
1,472367,0.0
1,472367,0.0
1,472367,0.0
1,472367,0.0
1,472367,0.0
3,472382,0.0
3,472382,0.0
1,472479,0.0
1,472479,0.0
6,472618,0.0
Other,472652,0.0
Other,472652,0.0
3,472706,Other
3,472706,0.0
3,472706,0.0
3,472706,0.0
3,472735,0.0
3,472735,0.0
3,472735,Other
3,472735,0.0
3,472736,0.0
3,472736,0.0
3,472804,0.0
3,472804,0.0
3,472953,0.0
3,472953,0.0
3,473065,0.0
3,473065,0.0
3,473065,0.0
3,473065,0.0
3,473065,0.0
6,473090,0.0
Other,473126,0.0
Other,473126,0.0
2,473153,0.0
2,473153,0.0
1,473191,0.0
1,473191,0.0
1,473191,0.0
1,473191,0.0
1,473191,0.0
3,473204,0.0
3,473204,0.0
Other,473257,Other
1,473263,0.0
1,473263,0.0
1,473263,0.0
1,473263,0.0
1,473263,0.0
1,473300,0.0
1,473300,0.0
1,473300,0.0
1,473300,0.0
1,473300,0.0
6,473348,Other
Other,473350,0.0
1,473392,0.0
1,473392,0.0
1,473392,0.0
1,473392,0.0
1,473392,0.0
1,473409,0.0
1,473409,0.0
1,473409,0.0
Other,473529,0.0
3,473580,0.0
3,473580,0.0
3,473580,0.0
3,473580,0.0
3,473580,0.0
3,473580,0.0
3,473580,0.0
3,473580,0.0
Other,473586,Other
1,473650,0.0
1,473650,0.0
1,473650,0.0
Other,473672,0.0
Other,473672,0.0
Other,473680,0.0
Other,473680,0.0
3,473723,0.0
3,473723,0.0
6,473934,0.0
1,473945,0.0
1,473945,0.0
1,473945,0.0
1,473945,0.0
2,474022,0.0
2,474022,0.0
2,474022,0.0
6,474051,Other
6,474130,0.0
6,474140,0.0
1,474156,Other
1,474156,0.0
1,474196,0.0
1,474196,0.0
1,474196,0.0
2,474231,0.0
2,474231,0.0
2,474231,0.0
2,474231,0.0
Other,474239,0.0
1,474391,0.0
1,474391,0.0
1,474391,0.0
1,474391,0.0
1,474391,0.0
1,474391,0.0
1,474391,0.0
1,474410,0.0
1,474410,0.0
1,474410,0.0
1,474410,0.0
6,474502,0.0
1,474522,0.0
1,474522,0.0
1,474522,0.0
1,474522,0.0
1,474522,0.0
1,474522,0.0
1,474522,Other
1,474522,0.0
6,474525,0.0
3,474625,0.0
3,474625,0.0
3,474625,0.0
3,474625,0.0
Other,474645,0.0
1,474688,0.0
1,474688,0.0
3,474755,0.0
3,474755,0.0
3,474755,0.0
3,474755,0.0
3,474755,0.0
3,474755,0.0
3,474755,0.0
1,474836,0.0
1,474836,0.0
1,474836,0.0
1,474836,0.0
1,474884,0.0
1,474884,0.0
1,474884,0.0
1,475103,0.0
1,475103,0.0
1,475103,0.0
1,475314,0.0
1,475314,0.0
1,475314,0.0
Other,475325,0.0
1,475331,0.0
1,475331,0.0
1,475331,0.0
1,475331,0.0
6,475337,0.0
1,475541,Other
1,475541,0.0
3,475708,0.0
3,475708,0.0
2,475748,0.0
2,475748,0.0
6,475763,0.0
Other,475776,0.0
2,475896,0.0
2,475896,0.0
3,475908,0.0
3,475908,0.0
3,475908,0.0
Other,475955,0.0
1,476008,Other
1,476008,0.0
1,476008,0.0
6,476049,0.0
1,476112,0.0
1,476112,0.0
1,476128,0.0
1,476128,0.0
1,476128,0.0
6,476260,0.0
1,476301,0.0
1,476301,0.0
1,476301,0.0
1,476301,0.0
6,476310,0.0
Other,476337,0.0
Other,476337,0.0
6,476386,0.0
2,476462,0.0
2,476462,0.0
2,476462,0.0
1,476581,0.0
1,476581,0.0
1,476581,0.0
1,476581,0.0
1,476581,0.0
1,476581,0.0
1,476581,0.0
3,476611,0.0
3,476611,0.0
3,476611,0.0
3,476611,0.0
3,476611,0.0
6,476614,0.0
3,476636,0.0
3,476636,0.0
1,476646,0.0
1,476646,0.0
1,476666,0.0
1,476666,0.0
1,476666,0.0
1,476666,0.0
Other,476707,0.0
6,476749,Other
1,476863,Other
1,476863,0.0
1,476863,0.0
1,476863,0.0
1,476863,0.0
1,476863,0.0
1,476863,0.0
Other,476890,0.0
Other,477022,Other
6,477271,0.0
Other,477275,0.0
Other,477275,Other
Other,477275,0.0
Other,477275,0.0
6,477317,Other
Other,477475,Other
1,477487,0.0
1,477487,0.0
1,477487,0.0
1,477487,0.0
3,477833,0.0
3,477833,0.0
1,477854,0.0
1,477854,0.0
Other,477864,0.0
6,477902,0.0
6,477903,0.0
1,477991,0.0
1,477991,0.0
1,477991,0.0
1,477991,0.0
1,477991,0.0
Other,478032,0.0
Other,478032,0.0
1,478062,0.0
1,478062,0.0
6,478068,0.0
1,478237,0.0
1,478237,0.0
Other,478283,0.0
Other,478283,0.0
Other,478283,0.0
1,478313,0.0
1,478313,0.0
1,478313,0.0
1,478313,0.0
1,478313,0.0
1,478313,0.0
1,478313,0.0
1,478332,Other
1,478332,0.0
1,478332,Other
1,478332,0.0
1,478332,0.0
1,478332,0.0
1,478332,0.0
1,478332,0.0
1,478396,0.0
1,478396,0.0
1,478457,0.0
1,478457,0.0
1,478457,0.0
1,478548,Other
1,478548,Other
1,478548,0.0
1,478548,0.0
Other,478613,0.0
Other,478613,0.0
Other,478613,0.0
3,478620,0.0
3,478620,0.0
3,478620,0.0
3,478620,0.0
3,478620,0.0
2,478640,0.0
2,478640,0.0
2,478640,0.0
2,478640,0.0
2,478640,0.0
1,478828,0.0
1,478828,0.0
1,478828,0.0
1,478828,0.0
3,478911,0.0
3,478911,0.0
3,478911,0.0
1,478938,Other
1,478938,0.0
1,479018,0.0
1,479018,0.0
1,479018,0.0
6,479090,0.0
1,479315,Other
1,479315,0.0
1,479315,0.0
1,479315,0.0
1,479315,0.0
Other,479416,0.0
6,479430,0.0
1,479489,0.0
1,479489,0.0
3,479511,0.0
3,479511,0.0
1,479523,0.0
1,479523,0.0
1,479557,0.0
1,479557,0.0
1,479672,0.0
1,479672,0.0
1,479672,0.0
1,479672,0.0
1,479672,0.0
1,479672,0.0
Other,479723,0.0
6,479808,0.0
1,479909,Other
1,479909,0.0
1,479909,0.0
1,479909,0.0
1,479909,0.0
1,479925,0.0
1,479925,0.0
1,479977,Other
1,479977,0.0
1,479977,0.0
1,479977,0.0
1,480067,Other
1,480067,Other
3,480093,0.0
3,480093,0.0
3,480093,0.0
1,480132,0.0
1,480132,0.0
1,480132,0.0
1,480132,0.0
1,480132,0.0
6,480158,0.0
Other,480243,0.0
1,480255,0.0
1,480255,Other
1,480392,0.0
1,480392,Other
1,480392,0.0
1,480392,0.0
1,480395,Other
1,480395,0.0
6,480417,0.0
Other,480452,0.0
Other,480480,0.0
Other,480480,0.0
6,480481,0.0
1,480516,0.0
1,480516,0.0
1,480516,0.0
1,480516,0.0
3,480530,0.0
3,480530,0.0
3,480530,0.0
3,480530,0.0
Other,480637,0.0
1,480698,0.0
1,480698,0.0
2,480700,0.0
2,480700,0.0
2,480700,0.0
1,480720,Other
1,480720,0.0
1,480741,0.0
1,480741,0.0
2,480779,Other
2,480779,0.0
2,480779,0.0
2,480779,0.0
2,480785,0.0
2,480785,0.0
1,480795,0.0
1,480795,0.0
1,480994,0.0
1,480994,0.0
Other,481011,0.0
Other,481011,0.0
Other,481011,0.0
Other,481011,0.0
1,481031,0.0
1,481031,0.0
1,481031,0.0
Other,481083,0.0
Other,481083,0.0
Other,481083,0.0
Other,481086,0.0
Other,481086,0.0
Other,481102,Other
Other,481102,0.0
2,481118,0.0
2,481118,0.0
2,481118,0.0
1,481121,0.0
1,481121,0.0
1,481121,0.0
3,481122,0.0
3,481122,0.0
1,481160,0.0
1,481160,0.0
6,481204,Other
1,481236,0.0
1,481236,0.0
1,481236,0.0
1,481236,0.0
Other,481246,0.0
Other,481246,0.0
1,481270,0.0
1,481270,0.0
1,481270,0.0
2,481284,0.0
2,481284,0.0
2,481284,0.0
2,481284,0.0
6,481316,Other
1,481439,0.0
1,481439,0.0
1,481439,0.0
1,481439,0.0
1,481463,0.0
1,481463,0.0
6,481592,0.0
6,481603,0.0
Other,481639,0.0
Other,481665,0.0
6,481714,0.0
3,481715,0.0
3,481715,0.0
3,481715,0.0
3,481715,0.0
3,481715,0.0
3,481715,0.0
3,481715,0.0
3,481715,0.0
1,481752,Other
1,481752,0.0
Other,481764,0.0
Other,481764,0.0
Other,481764,0.0
Other,481766,0.0
Other,481766,0.0
3,481813,0.0
3,481813,0.0
3,481813,0.0
3,481813,Other
1,481858,0.0
1,481858,0.0
1,481858,0.0
Other,481881,0.0
1,481896,0.0
1,481896,0.0
1,481896,0.0
1,481933,0.0
1,481933,0.0
1,481933,0.0
1,481933,0.0
1,481933,Other
1,481960,Other
1,481960,Other
1,481960,0.0
1,482017,Other
1,482017,Other
1,482047,Other
1,482047,0.0
1,482143,Other
1,482143,Other
3,482199,0.0
3,482199,0.0
1,482212,Other
1,482212,0.0
2,482246,0.0
2,482246,0.0
2,482246,0.0
2,482246,0.0
2,482246,0.0
3,482260,0.0
3,482260,0.0
1,482265,0.0
1,482265,0.0
1,482265,0.0
1,482265,0.0
1,482427,0.0
1,482427,0.0
1,482427,0.0
3,482429,0.0
3,482429,0.0
3,482429,0.0
1,482433,Other
1,482433,Other
1,482440,0.0
1,482440,0.0
1,482440,0.0
1,482440,0.0
1,482483,Other
1,482483,Other
1,482529,0.0
1,482529,0.0
1,482552,0.0
1,482552,0.0
1,482552,0.0
1,482552,0.0
1,482552,0.0
Other,482592,0.0
1,482594,0.0
1,482594,0.0
1,482594,0.0
1,482673,Other
1,482673,0.0
1,482673,0.0
6,482789,Other
1,482808,0.0
1,482808,0.0
1,482808,Other
1,482808,0.0
Other,482856,0.0
Other,482856,0.0
Other,482856,0.0
Other,482856,0.0
Other,482856,0.0
Other,482856,0.0
1,482908,0.0
1,482908,0.0
3,482987,0.0
3,482987,0.0
3,482987,0.0
3,482987,0.0
Other,483023,0.0
6,483249,0.0
1,483251,0.0
1,483251,0.0
1,483251,0.0
1,483251,0.0
Other,483306,0.0
Other,483306,0.0
1,483319,0.0
1,483319,0.0
1,483385,0.0
1,483385,0.0
1,483435,Other
1,483435,0.0
1,483462,0.0
1,483462,0.0
Other,483479,0.0
3,483503,0.0
3,483503,0.0
Other,483585,0.0
6,483630,0.0
6,483673,Other
3,483686,0.0
3,483686,0.0
3,483686,0.0
3,483686,0.0
3,483686,0.0
6,483885,0.0
3,483897,Other
3,483897,0.0
3,483897,0.0
1,483922,0.0
1,483922,0.0
1,483922,0.0
2,483930,0.0
2,483930,0.0
2,483930,0.0
1,483992,0.0
1,483992,0.0
1,483992,0.0
1,483992,0.0
1,484079,0.0
1,484079,0.0
1,484079,0.0
1,484079,0.0
1,484079,0.0
3,484207,0.0
3,484207,0.0
6,484384,0.0
1,484413,0.0
1,484413,0.0
1,484469,Other
1,484469,0.0
1,484469,0.0
1,484469,0.0
2,484509,0.0
2,484509,0.0
Other,484542,0.0
Other,484542,0.0
Other,484542,0.0
Other,484542,0.0
Other,484776,Other
Other,484776,0.0
3,484813,0.0
3,484813,0.0
3,484813,0.0
1,484828,0.0
1,484828,0.0
1,484830,Other
1,484830,0.0
1,484830,0.0
1,484830,0.0
1,484854,0.0
1,484854,Other
1,484854,0.0
1,484854,0.0
1,484854,Other
Other,484899,0.0
1,484930,0.0
1,484930,0.0
3,484971,0.0
3,484971,0.0
2,485006,Other
2,485006,0.0
2,485006,0.0
2,485006,0.0
2,485006,0.0
2,485006,0.0
2,485006,0.0
Other,485079,Other
6,485140,0.0
6,485227,Other
1,485330,0.0
1,485330,0.0
Other,485352,0.0
1,485373,0.0
1,485373,0.0
1,485373,0.0
1,485373,0.0
1,485373,0.0
Other,485394,0.0
1,485410,0.0
1,485410,0.0
1,485410,0.0
1,485410,0.0
1,485410,0.0
3,485426,Other
3,485426,0.0
3,485426,0.0
3,485426,0.0
3,485426,Other
3,485426,0.0
3,485426,0.0
1,485501,Other
1,485501,0.0
3,485508,0.0
3,485508,0.0
6,485674,0.0
Other,485739,0.0
Other,485739,0.0
1,485752,Other
1,485752,Other
3,485849,0.0
3,485849,0.0
3,485905,0.0
3,485905,0.0
3,485938,0.0
3,485938,0.0
3,485938,0.0
3,485938,0.0
3,485938,0.0
3,485938,0.0
3,485938,0.0
Other,485939,0.0
Other,485939,0.0
6,485990,0.0
2,485994,0.0
2,485994,0.0
2,485994,0.0
2,485994,0.0
2,485994,0.0
2,485994,0.0
2,485994,0.0
Other,486056,0.0
3,486099,0.0
3,486099,0.0
3,486117,0.0
3,486117,0.0
2,486142,0.0
2,486142,0.0
2,486142,0.0
2,486142,0.0
2,486142,0.0
2,486142,0.0
2,486142,0.0
2,486142,0.0
6,486171,0.0
2,486179,0.0
2,486179,0.0
3,486214,0.0
3,486214,0.0
3,486214,0.0
6,486221,0.0
2,486227,0.0
2,486227,0.0
2,486227,0.0
6,486240,0.0
Other,486417,0.0
Other,486417,0.0
6,486457,0.0
1,486604,0.0
1,486604,0.0
1,486616,0.0
1,486616,0.0
1,486616,0.0
6,486644,0.0
6,486716,0.0
Other,486749,0.0
Other,486749,0.0
6,486774,0.0
1,486961,0.0
1,486961,0.0
Other,486984,Other
3,487219,0.0
3,487219,0.0
3,487219,0.0
3,487219,0.0
3,487219,0.0
3,487219,0.0
3,487219,0.0
3,487219,0.0
Other,487301,0.0
Other,487361,0.0
3,487451,0.0
3,487451,0.0
1,487476,0.0
1,487476,0.0
1,487476,0.0
1,487476,0.0
1,487476,0.0
3,487514,0.0
3,487514,0.0
3,487567,0.0
3,487567,0.0
Other,487600,0.0
Other,487600,0.0
1,487680,0.0
1,487680,0.0
Other,487685,0.0
1,487756,0.0
1,487756,0.0
1,487756,0.0
1,487835,0.0
1,487835,0.0
1,487835,0.0
1,487835,0.0
6,488067,Other
3,488105,0.0
3,488105,0.0
3,488105,0.0
3,488105,0.0
3,488105,0.0
Other,488122,0.0
1,488177,0.0
1,488177,0.0
3,488184,0.0
3,488184,0.0
3,488184,0.0
2,488239,0.0
2,488239,0.0
2,488239,0.0
2,488239,0.0
2,488239,0.0
3,488294,0.0
3,488294,0.0
1,488327,0.0
1,488327,0.0
3,488436,0.0
3,488436,0.0
3,488436,0.0
3,488436,0.0
6,488447,Other
6,488459,0.0
3,488465,0.0
3,488465,0.0
1,488491,0.0
1,488491,0.0
1,488491,0.0
1,488491,0.0
1,488491,0.0
3,488511,0.0
3,488511,0.0
3,488511,0.0
1,488585,0.0
1,488585,0.0
1,488585,0.0
1,488585,0.0
1,488658,Other
1,488658,0.0
1,488660,0.0
1,488660,0.0
1,488660,0.0
1,488660,0.0
1,488660,0.0
3,488900,0.0
3,488900,0.0
3,488900,0.0
3,488900,0.0
1,488998,0.0
1,488998,Other
1,488998,Other
3,489033,0.0
3,489033,0.0
3,489033,0.0
3,489033,0.0
3,489033,0.0
1,489049,0.0
1,489049,0.0
1,489091,0.0
1,489091,0.0
1,489091,0.0
1,489091,0.0
1,489091,0.0
1,489091,0.0
6,489141,0.0
1,489145,Other
1,489145,0.0
1,489145,0.0
1,489166,0.0
1,489166,0.0
Other,489245,0.0
Other,489245,0.0
6,489295,0.0
6,489335,Other
1,489366,0.0
1,489366,0.0
1,489366,0.0
1,489395,0.0
1,489395,0.0
1,489395,0.0
2,489399,0.0
2,489399,0.0
2,489399,0.0
Other,489458,0.0
1,489502,0.0
1,489502,0.0
1,489502,0.0
1,489502,0.0
3,489525,0.0
3,489525,0.0
3,489525,0.0
3,489525,0.0
3,489525,0.0
6,489595,0.0
1,489710,0.0
1,489710,0.0
1,489710,0.0
1,489710,0.0
1,489710,0.0
Other,489752,0.0
1,489840,Other
1,489840,Other
6,489842,0.0
3,489850,0.0
3,489850,0.0
3,489942,0.0
3,489942,0.0
Other,489970,0.0
Other,489970,0.0
Other,489987,0.0
1,490003,0.0
1,490003,0.0
1,490003,0.0
1,490003,0.0
1,490003,0.0
2,490009,Other
2,490009,0.0
Other,490022,Other
1,490176,0.0
1,490176,0.0
6,490188,0.0
1,490304,Other
1,490304,0.0
3,490308,0.0
3,490308,0.0
3,490308,0.0
3,490438,0.0
3,490438,0.0
3,490438,0.0
3,490438,0.0
3,490438,0.0
Other,490474,0.0
Other,490474,0.0
1,490475,Other
1,490475,Other
1,490510,0.0
1,490510,0.0
1,490510,0.0
Other,490540,0.0
1,490545,0.0
1,490545,0.0
1,490545,0.0
1,490545,0.0
1,490605,Other
1,490605,0.0
1,490820,0.0
1,490820,0.0
6,490898,0.0
1,490931,0.0
1,490931,0.0
1,490931,0.0
3,490940,0.0
3,490940,0.0
1,490951,Other
1,490951,0.0
1,490951,0.0
1,490951,0.0
1,490951,0.0
1,490951,0.0
6,490989,0.0
1,491039,Other
1,491039,Other
1,491086,0.0
1,491086,0.0
1,491086,0.0
1,491086,0.0
1,491086,0.0
1,491086,0.0
1,491086,0.0
1,491086,0.0
1,491141,0.0
1,491141,0.0
1,491141,0.0
1,491141,0.0
Other,491156,0.0
3,491178,Other
3,491178,0.0
3,491178,0.0
3,491178,0.0
3,491178,0.0
Other,491213,0.0
Other,491213,0.0
6,491241,Other
Other,491275,0.0
Other,491370,0.0
3,491588,0.0
3,491588,0.0
1,491643,0.0
1,491643,0.0
1,491704,0.0
1,491704,0.0
3,491706,0.0
3,491706,0.0
1,491747,0.0
1,491747,0.0
1,491747,0.0
3,491881,0.0
3,491881,0.0
Other,491886,0.0
1,491895,Other
1,491895,0.0
Other,491944,0.0
Other,491944,0.0
1,492027,0.0
1,492027,0.0
1,492027,0.0
1,492027,0.0
1,492027,0.0
1,492027,0.0
1,492027,0.0
1,492075,0.0
1,492075,0.0
1,492075,0.0
1,492075,0.0
1,492075,0.0
1,492075,0.0
1,492075,0.0
1,492075,0.0
2,492087,0.0
2,492087,0.0
2,492112,0.0
2,492112,0.0
2,492112,0.0
2,492112,0.0
6,492137,0.0
6,492146,0.0
Other,492163,0.0
Other,492199,Other
Other,492199,0.0
3,492218,0.0
3,492218,0.0
3,492218,0.0
3,492218,0.0
3,492218,0.0
1,492267,0.0
1,492267,0.0
1,492411,0.0
1,492411,0.0
6,492532,0.0
Other,492544,0.0
6,492576,0.0
1,492581,Other
1,492581,0.0
1,492581,0.0
1,492581,0.0
1,492588,Other
1,492588,0.0
1,492588,0.0
1,492588,0.0
Other,492612,0.0
Other,492612,0.0
2,492731,Other
2,492731,0.0
1,492736,Other
1,492736,0.0
1,492736,0.0
1,492812,0.0
1,492812,0.0
1,492812,0.0
1,492812,0.0
1,492833,0.0
1,492833,0.0
1,492833,0.0
1,492833,0.0
1,492833,0.0
1,493088,0.0
1,493088,0.0
1,493088,0.0
1,493088,0.0
1,493088,0.0
1,493088,0.0
Other,493196,Other
6,493245,0.0
6,493250,0.0
3,493325,0.0
3,493325,0.0
6,493361,0.0
Other,493402,Other
1,493445,0.0
1,493445,0.0
1,493445,0.0
1,493445,0.0
1,493445,0.0
3,493456,0.0
3,493456,0.0
3,493456,0.0
1,493523,0.0
1,493523,Other
6,493543,Other
Other,493584,0.0
1,493641,0.0
1,493641,0.0
1,493641,0.0
6,493660,0.0
1,493667,0.0
1,493667,0.0
1,493667,0.0
Other,493911,0.0
Other,493926,0.0
Other,493926,0.0
6,493934,0.0
3,493949,0.0
3,493949,0.0
1,494081,0.0
1,494081,0.0
1,494081,0.0
1,494119,Other
1,494119,Other
1,494119,0.0
3,494187,Other
3,494187,Other
1,494353,0.0
1,494353,0.0
1,494353,0.0
1,494353,0.0
3,494467,0.0
3,494467,0.0
3,494467,0.0
3,494476,0.0
3,494476,0.0
1,494520,Other
1,494520,Other
1,494522,0.0
1,494522,Other
1,494522,0.0
1,494522,0.0
3,494555,0.0
3,494555,0.0
3,494555,0.0
3,494569,0.0
3,494569,0.0
3,494662,0.0
3,494662,0.0
1,494665,0.0
1,494665,0.0
3,494697,0.0
3,494697,0.0
1,494704,0.0
1,494704,Other
3,494741,0.0
3,494741,0.0
1,494763,0.0
1,494763,0.0
3,494833,0.0
3,494833,0.0
3,494859,0.0
3,494859,0.0
1,494862,0.0
1,494862,0.0
Other,494913,0.0
1,495006,0.0
1,495006,0.0
1,495006,0.0
1,495006,0.0
1,495056,Other
1,495056,0.0
6,495065,0.0
1,495130,Other
1,495130,Other
1,495130,0.0
3,495148,0.0
3,495148,0.0
3,495148,0.0
3,495148,0.0
1,495174,0.0
1,495174,0.0
1,495215,0.0
1,495215,0.0
1,495215,0.0
1,495215,0.0
1,495215,0.0
6,495231,0.0
3,495236,Other
3,495236,Other
1,495297,0.0
1,495297,0.0
1,495297,0.0
1,495297,0.0
1,495342,0.0
1,495342,0.0
1,495342,0.0
1,495342,0.0
1,495342,0.0
1,495342,0.0
Other,495352,0.0
Other,495352,0.0
3,495353,0.0
3,495353,0.0
3,495353,0.0
6,495397,0.0
Other,495443,0.0
Other,495443,0.0
1,495453,0.0
1,495453,0.0
1,495453,0.0
1,495453,0.0
1,495478,0.0
1,495478,0.0
1,495478,0.0
1,495478,0.0
1,495492,0.0
1,495492,0.0
1,495493,0.0
1,495493,0.0
1,495493,0.0
1,495547,0.0
1,495547,0.0
1,495547,0.0
1,495547,Other
1,495547,0.0
1,495547,0.0
3,495556,Other
3,495556,0.0
3,495556,0.0
Other,495557,0.0
3,495603,0.0
3,495603,0.0
3,495603,0.0
1,495624,0.0
1,495624,0.0
1,495624,0.0
1,495624,0.0
3,495715,0.0
3,495715,0.0
3,495715,0.0
3,495715,0.0
Other,495886,0.0
Other,495886,0.0
1,495908,0.0
1,495908,0.0
1,495947,0.0
1,495947,0.0
1,495947,0.0
6,495969,0.0
6,495970,0.0
1,495976,0.0
1,495976,0.0
1,496081,0.0
1,496081,Other
1,496081,0.0
6,496180,Other
1,496229,0.0
1,496229,0.0
1,496229,0.0
1,496229,0.0
1,496229,0.0
1,496229,0.0
1,496229,0.0
1,496245,0.0
1,496245,0.0
1,496245,0.0
1,496245,0.0
1,496245,0.0
1,496245,0.0
Other,496255,0.0
Other,496255,0.0
Other,496255,0.0
3,496291,0.0
3,496291,0.0
3,496291,0.0
3,496291,0.0
3,496291,0.0
1,496305,0.0
1,496305,0.0
1,496305,0.0
3,496311,0.0
3,496311,0.0
3,496311,0.0
6,496316,0.0
1,496342,0.0
1,496342,0.0
1,496342,0.0
1,496392,0.0
1,496392,0.0
1,496418,0.0
1,496418,0.0
1,496449,0.0
1,496449,0.0
1,496449,0.0
1,496449,0.0
6,496529,0.0
Other,496605,0.0
Other,496684,0.0
2,496710,0.0
2,496710,0.0
2,496710,0.0
2,496710,0.0
1,496828,0.0
1,496828,0.0
1,496828,0.0
1,496828,0.0
1,496843,0.0
1,496843,0.0
3,496858,0.0
3,496858,0.0
1,497044,0.0
1,497044,0.0
6,497075,Other
3,497160,0.0
3,497160,0.0
1,497164,0.0
1,497164,0.0
1,497164,0.0
1,497164,0.0
1,497164,0.0
1,497164,0.0
1,497164,0.0
2,497181,0.0
2,497181,0.0
2,497181,0.0
3,497243,0.0
3,497243,0.0
3,497243,0.0
1,497359,0.0
1,497359,0.0
1,497359,0.0
1,497359,0.0
1,497378,Other
1,497378,0.0
1,497378,0.0
1,497378,0.0
1,497378,0.0
3,497385,0.0
3,497385,0.0
3,497385,0.0
Other,497394,0.0
Other,497394,0.0
Other,497394,0.0
Other,497394,0.0
6,497441,0.0
1,497590,Other
1,497590,Other
1,497646,0.0
1,497646,0.0
Other,497721,Other
Other,497798,0.0
1,497799,Other
1,497799,0.0
1,497889,0.0
1,497889,0.0
1,497889,0.0
Other,497897,0.0
Other,497897,0.0
Other,497997,0.0
1,498007,0.0
1,498007,0.0
1,498007,0.0
6,498010,0.0
1,498063,0.0
1,498063,0.0
2,498146,0.0
2,498146,0.0
2,498146,0.0
Other,498243,0.0
Other,498243,0.0
1,498251,0.0
1,498251,0.0
1,498251,0.0
1,498343,Other
1,498343,0.0
1,498343,0.0
1,498343,0.0
1,498470,0.0
1,498470,0.0
1,498470,0.0
1,498470,0.0
1,498488,Other
1,498488,0.0
1,498488,0.0
1,498488,0.0
1,498488,0.0
1,498488,0.0
6,498497,Other
Other,498647,Other
1,498703,Other
1,498703,0.0
1,498703,Other
3,498744,0.0
3,498744,0.0
3,498744,Other
3,498744,Other
3,498744,0.0
Other,498758,0.0
1,498865,0.0
1,498865,0.0
6,498882,0.0
3,498884,0.0
3,498884,0.0
3,498884,0.0
3,498884,0.0
3,498884,0.0
3,498884,0.0
3,498884,0.0
1,498961,0.0
1,498961,0.0
1,498961,0.0
3,498964,0.0
3,498964,0.0
3,498964,0.0
1,499001,0.0
1,499001,0.0
1,499107,Other
1,499107,0.0
6,499124,0.0
2,499132,0.0
2,499132,0.0
2,499132,0.0
2,499132,0.0
1,499279,0.0
1,499279,Other
1,499279,0.0
1,499279,0.0
1,499279,0.0
1,499279,0.0
2,499297,Other
2,499297,0.0
2,499297,0.0
2,499297,Other
3,499334,0.0
3,499334,0.0
1,499397,Other
1,499397,Other
1,499419,0.0
1,499419,0.0
Other,499556,0.0
Other,499569,0.0
Other,499569,0.0
6,499589,0.0
1,499590,0.0
1,499590,0.0
1,499590,0.0
1,499590,0.0
1,499590,0.0
3,499635,0.0
3,499635,0.0
3,499635,0.0
3,499641,0.0
3,499641,0.0
3,499641,0.0
3,499718,0.0
3,499718,0.0
Other,499819,0.0
Other,499925,0.0
Other,499925,0.0
6,500017,0.0
6,500027,0.0
1,500206,0.0
1,500206,0.0
1,500206,0.0
1,500206,0.0
1,500227,0.0
1,500227,0.0
1,500227,0.0
1,500333,0.0
1,500333,0.0
1,500333,0.0
1,500333,0.0
6,500568,Other
6,500574,0.0
1,500622,0.0
1,500622,0.0
1,500668,0.0
1,500668,0.0
2,500786,0.0
2,500786,0.0
2,500786,0.0
6,500811,0.0
6,500832,0.0
Other,500872,0.0
1,500976,0.0
1,500976,0.0
1,500976,0.0
1,500976,0.0
6,501068,0.0
Other,501156,0.0
Other,501156,0.0
1,501242,0.0
1,501242,0.0
1,501242,0.0
1,501242,0.0
1,501242,0.0
1,501242,0.0
1,501242,Other
3,501272,0.0
3,501272,0.0
1,501451,0.0
1,501451,0.0
1,501451,0.0
6,501705,0.0
1,501715,0.0
1,501715,0.0
1,501715,0.0
1,501715,0.0
Other,501733,0.0
1,501745,0.0
1,501745,0.0
1,501935,0.0
1,501935,0.0
1,501935,0.0
1,501935,0.0
3,502067,0.0
3,502067,0.0
3,502067,0.0
Other,502204,0.0
1,502206,0.0
1,502206,0.0
1,502206,0.0
1,502304,0.0
1,502304,0.0
1,502304,0.0
1,502304,0.0
1,502304,0.0
1,502481,Other
1,502481,Other
1,502528,0.0
1,502528,0.0
1,502598,0.0
1,502598,0.0
Other,502628,0.0
3,502705,0.0
3,502705,0.0
3,502705,0.0
3,502705,0.0
3,502705,0.0
3,502705,0.0
1,502708,Other
1,502708,0.0
1,502708,0.0
1,502708,0.0
1,502708,0.0
1,502708,0.0
1,502708,0.0
1,502708,0.0
Other,502714,0.0
Other,502714,0.0
3,502758,0.0
3,502758,0.0
3,502795,0.0
3,502795,0.0
1,502811,0.0
1,502811,0.0
1,502811,0.0
1,502811,0.0
1,502826,0.0
1,502826,0.0
6,502863,0.0
1,502865,Other
1,502865,0.0
3,502921,0.0
3,502921,0.0
Other,502932,0.0
Other,502932,0.0
6,502937,Other
6,502948,0.0
6,503002,0.0
Other,503007,0.0
1,503034,0.0
1,503034,0.0
Other,503045,0.0
1,503164,0.0
1,503164,0.0
1,503164,0.0
Other,503174,0.0
Other,503174,0.0
Other,503174,0.0
Other,503174,0.0
6,503209,0.0
Other,503274,0.0
Other,503274,0.0
1,503321,Other
1,503321,0.0
1,503321,0.0
1,503321,0.0
3,503518,0.0
3,503518,0.0
3,503541,Other
3,503541,0.0
3,503541,0.0
3,503541,0.0
3,503541,0.0
1,503621,0.0
1,503621,0.0
1,503621,0.0
3,503622,Other
3,503622,0.0
3,503622,0.0
Other,503641,0.0
Other,503641,0.0
Other,503641,0.0
1,503662,0.0
1,503662,0.0
1,503662,0.0
1,503662,0.0
Other,503691,0.0
1,503765,0.0
1,503765,0.0
1,503765,0.0
1,503765,0.0
1,503765,0.0
6,503769,0.0
1,503791,Other
1,503791,Other
1,503813,0.0
1,503813,0.0
1,503845,0.0
1,503845,Other
Other,503869,0.0
3,503881,Other
3,503881,0.0
6,504160,0.0
1,504183,0.0
1,504183,0.0
Other,504235,0.0
2,504313,0.0
2,504313,0.0
2,504313,0.0
Other,504386,0.0
2,504475,0.0
2,504475,0.0
2,504475,0.0
1,504532,0.0
1,504532,0.0
1,504532,0.0
2,504550,0.0
2,504550,0.0
2,504550,0.0
2,504550,0.0
6,504642,0.0
1,504647,0.0
1,504647,0.0
1,504647,0.0
Other,504679,0.0
Other,504679,0.0
Other,504679,0.0
Other,504685,0.0
6,504739,0.0
1,504794,0.0
1,504794,0.0
Other,504818,0.0
Other,504818,0.0
Other,504964,0.0
2,504984,0.0
2,504984,0.0
2,504984,0.0
2,504984,0.0
1,504988,0.0
1,504988,0.0
1,505029,0.0
1,505029,0.0
6,505120,0.0
1,505192,Other
1,505192,Other
Other,505273,0.0
Other,505273,0.0
Other,505347,0.0
Other,505347,0.0
Other,505391,0.0
3,505557,0.0
3,505557,0.0
1,505790,0.0
1,505790,0.0
1,505790,0.0
1,505790,0.0
1,505790,0.0
Other,505838,0.0
Other,505838,0.0
1,505926,0.0
1,505926,0.0
1,505926,0.0
1,505977,0.0
1,505977,0.0
6,505988,0.0
Other,506044,Other
1,506099,0.0
1,506099,0.0
1,506099,0.0
1,506099,0.0
1,506174,0.0
1,506174,0.0
1,506174,0.0
6,506177,0.0
2,506354,0.0
2,506354,0.0
2,506354,0.0
2,506354,0.0
2,506354,0.0
2,506354,0.0
6,506356,0.0
1,506400,Other
1,506400,0.0
1,506406,0.0
1,506406,0.0
1,506406,0.0
1,506436,0.0
1,506436,0.0
1,506436,0.0
1,506448,Other
1,506448,0.0
1,506448,0.0
1,506448,0.0
1,506448,0.0
1,506452,0.0
1,506452,0.0
Other,506470,0.0
1,506516,0.0
1,506516,0.0
1,506516,0.0
1,506524,Other
1,506524,0.0
1,506524,0.0
1,506657,0.0
1,506657,0.0
1,506657,0.0
1,506657,0.0
Other,506784,0.0
1,506796,0.0
1,506796,0.0
1,506804,Other
1,506804,Other
1,506804,0.0
Other,506842,0.0
Other,506842,0.0
1,506851,0.0
1,506851,0.0
1,506851,0.0
1,506851,0.0
1,506851,0.0
1,506851,0.0
1,506894,0.0
1,506894,0.0
1,506894,0.0
1,506894,0.0
1,506896,0.0
1,506896,0.0
6,506932,Other
1,506941,0.0
1,506941,0.0
1,506941,0.0
3,506986,0.0
3,506986,0.0
3,506986,0.0
1,507003,0.0
1,507003,0.0
1,507003,0.0
3,507292,0.0
3,507292,0.0
1,507298,0.0
1,507298,0.0
1,507318,0.0
1,507318,0.0
1,507318,0.0
1,507318,0.0
3,507408,0.0
3,507408,0.0
3,507408,0.0
1,507525,0.0
1,507525,0.0
1,507525,0.0
1,507525,0.0
1,507525,0.0
3,507540,0.0
3,507540,0.0
3,507540,0.0
6,507592,0.0
Other,507598,0.0
1,507633,0.0
1,507633,0.0
1,507633,0.0
1,507636,0.0
1,507636,Other
1,507636,Other
1,507657,0.0
1,507657,0.0
1,507657,0.0
3,507680,0.0
3,507680,0.0
3,507680,0.0
1,507702,0.0
1,507702,0.0
1,507702,0.0
3,507727,0.0
3,507727,0.0
3,507727,0.0
3,507727,0.0
6,507762,0.0
1,507929,0.0
1,507929,0.0
1,507929,0.0
1,507929,0.0
3,508024,Other
3,508024,Other
1,508041,Other
1,508041,Other
1,508041,0.0
1,508107,0.0
1,508107,0.0
1,508107,0.0
1,508107,0.0
1,508107,0.0
1,508107,0.0
Other,508342,0.0
2,508438,0.0
2,508438,0.0
1,508457,0.0
1,508457,0.0
6,508470,0.0
1,508528,Other
1,508528,0.0
1,508528,0.0
1,508528,0.0
3,508615,0.0
3,508615,0.0
1,508662,0.0
1,508662,0.0
1,508662,0.0
1,508726,0.0
1,508726,0.0
1,508726,0.0
6,508809,Other
Other,508826,0.0
Other,508826,0.0
Other,508826,0.0
Other,508826,0.0
2,508831,0.0
2,508831,0.0
2,508831,0.0
2,508831,0.0
2,508831,0.0
2,508831,0.0
1,508919,0.0
1,508919,Other
1,508919,0.0
1,508919,0.0
1,508919,0.0
6,508948,0.0
Other,508978,Other
Other,508978,Other
3,509062,0.0
3,509062,0.0
3,509062,0.0
1,509084,0.0
1,509084,0.0
6,509090,Other
1,509178,0.0
1,509178,0.0
1,509178,0.0
1,509178,0.0
1,509227,Other
1,509227,Other
1,509227,0.0
1,509227,0.0
1,509227,0.0
6,509302,0.0
1,509353,0.0
1,509353,0.0
1,509353,0.0
6,509403,Other
6,509412,0.0
Other,509447,0.0
Other,509447,0.0
6,509460,0.0
Other,509499,0.0
Other,509499,0.0
2,509547,0.0
2,509547,0.0
1,509629,0.0
1,509629,0.0
1,509629,0.0
1,509629,0.0
1,509677,Other
1,509677,Other
1,509680,0.0
1,509680,0.0
1,509680,0.0
1,509680,0.0
6,509802,0.0
Other,509852,0.0
Other,509852,0.0
Other,509852,0.0
3,509974,0.0
3,509974,0.0
3,509974,0.0
1,509997,0.0
1,509997,0.0
1,509997,0.0
1,509997,0.0
3,510095,0.0
3,510095,0.0
3,510095,0.0
Other,510122,0.0
3,510166,0.0
3,510166,0.0
3,510166,0.0
1,510256,0.0
1,510256,0.0
6,510284,0.0
3,510297,0.0
3,510297,0.0
3,510297,0.0
3,510326,0.0
3,510326,0.0
3,510326,0.0
3,510326,0.0
3,510326,0.0
Other,510330,0.0
Other,510330,0.0
6,510348,0.0
1,510411,0.0
1,510411,0.0
1,510509,0.0
1,510509,0.0
Other,510616,0.0
Other,510616,0.0
3,510651,0.0
3,510651,0.0
3,510651,0.0
3,510651,0.0
1,510659,0.0
1,510659,0.0
2,510828,0.0
2,510828,0.0
3,510841,0.0
3,510841,0.0
1,510954,0.0
1,510954,0.0
Other,510979,0.0
Other,510979,0.0
1,511040,0.0
1,511040,0.0
1,511090,0.0
1,511090,0.0
1,511093,0.0
1,511093,0.0
1,511093,0.0
1,511093,0.0
3,511102,0.0
3,511102,0.0
1,511112,0.0
1,511112,0.0
1,511138,0.0
1,511138,0.0
1,511138,0.0
1,511138,0.0
1,511138,0.0
1,511138,0.0
1,511138,0.0
1,511246,0.0
1,511246,0.0
1,511246,0.0
1,511246,0.0
1,511246,0.0
Other,511254,0.0
1,511260,0.0
1,511260,0.0
1,511260,0.0
1,511260,0.0
1,511416,Other
1,511416,Other
6,511467,Other
6,511589,Other
1,511604,0.0
1,511604,0.0
2,511613,0.0
2,511613,0.0
2,511613,0.0
1,511736,0.0
1,511736,0.0
1,511736,0.0
1,511736,0.0
1,511736,0.0
1,511736,0.0
1,511736,0.0
1,511842,0.0
1,511842,0.0
1,511842,0.0
6,511863,0.0
1,511864,0.0
1,511864,0.0
1,511864,0.0
6,511895,0.0
1,511948,0.0
1,511948,0.0
1,512015,0.0
1,512015,0.0
1,512015,0.0
1,512015,0.0
1,512015,0.0
6,512036,0.0
1,512062,0.0
1,512062,0.0
1,512062,0.0
1,512062,0.0
1,512062,0.0
1,512062,0.0
1,512062,0.0
Other,512071,0.0
Other,512071,0.0
Other,512071,0.0
Other,512080,0.0
Other,512080,0.0
Other,512080,0.0
1,512098,0.0
1,512098,0.0
1,512098,0.0
1,512098,0.0
1,512098,0.0
6,512101,0.0
6,512163,Other
1,512198,0.0
1,512198,0.0
1,512198,0.0
1,512198,0.0
1,512223,0.0
1,512223,0.0
6,512254,0.0
1,512267,0.0
1,512267,0.0
1,512267,0.0
1,512267,0.0
1,512267,0.0
1,512312,0.0
1,512312,0.0
1,512316,0.0
1,512316,0.0
1,512358,0.0
1,512358,0.0
6,512489,0.0
Other,512506,0.0
6,512545,0.0
2,512605,0.0
2,512605,0.0
2,512605,0.0
2,512605,0.0
2,512605,0.0
1,512640,0.0
1,512640,0.0
3,512644,0.0
3,512644,0.0
3,512644,0.0
3,512644,0.0
3,512644,0.0
1,512718,Other
1,512718,Other
1,512718,0.0
1,512718,0.0
Other,512780,0.0
Other,512780,0.0
6,512793,0.0
3,512803,0.0
3,512803,0.0
3,512803,0.0
3,512803,0.0
3,512803,0.0
3,512803,0.0
3,512803,0.0
1,513007,Other
1,513007,Other
3,513064,0.0
3,513064,0.0
1,513169,Other
1,513169,0.0
1,513169,0.0
1,513169,0.0
3,513384,0.0
3,513384,0.0
3,513384,0.0
3,513384,0.0
3,513384,0.0
3,513384,0.0
3,513384,0.0
3,513384,0.0
1,513402,0.0
1,513402,Other
1,513402,0.0
1,513402,0.0
1,513415,Other
1,513415,0.0
1,513415,0.0
1,513415,0.0
3,513465,0.0
3,513465,0.0
3,513465,0.0
3,513465,0.0
3,513537,0.0
3,513537,0.0
3,513537,0.0
3,513614,0.0
3,513614,0.0
1,513682,0.0
1,513682,0.0
1,513682,0.0
1,513682,0.0
1,513682,0.0
1,513682,0.0
1,513682,0.0
1,513682,0.0
1,513682,0.0
1,513682,0.0
1,513682,0.0
1,513682,0.0
1,513682,0.0
1,513682,0.0
Other,513696,0.0
Other,513696,0.0
6,513811,0.0
6,513832,0.0
6,513864,0.0
6,513877,0.0
Other,513951,0.0
Other,513951,0.0
2,514056,0.0
2,514056,0.0
2,514056,0.0
Other,514083,0.0
Other,514083,0.0
6,514142,0.0
3,514251,Other
3,514251,0.0
1,865163,0.0
2,514310,0.0
2,514310,0.0
1,514311,Other
1,514311,0.0
1,514311,0.0
1,514311,0.0
1,514326,0.0
1,514326,0.0
1,514326,0.0
1,514326,0.0
1,514327,0.0
1,514327,0.0
3,514381,Other
3,514381,0.0
3,514381,0.0
1,514409,0.0
1,514409,Other
1,514409,0.0
1,514409,0.0
1,514409,0.0
Other,514492,0.0
Other,514504,0.0
1,514522,Other
1,514522,0.0
1,514528,Other
1,514528,0.0
1,514528,0.0
1,514528,0.0
6,514615,0.0
3,514627,0.0
3,514627,0.0
3,514627,0.0
3,514640,0.0
3,514640,0.0
3,514640,0.0
3,514640,0.0
3,514640,0.0
3,514640,0.0
1,514765,Other
1,514765,Other
1,514843,0.0
1,514843,Other
3,514893,0.0
3,514893,0.0
6,514936,Other
Other,515021,0.0
1,515050,0.0
1,515050,0.0
1,515084,0.0
1,515084,0.0
1,515084,0.0
1,515084,0.0
1,515084,0.0
1,515153,0.0
1,515153,0.0
1,515153,0.0
1,515153,0.0
1,515153,0.0
1,515153,0.0
1,515153,0.0
6,515247,0.0
1,515339,Other
1,515339,0.0
1,515339,0.0
1,515339,0.0
1,515339,0.0
1,974520,0.0
1,515339,0.0
1,515339,0.0
Other,515355,0.0
Other,515355,0.0
Other,515424,Other
1,515429,0.0
1,515429,0.0
1,515450,0.0
1,515450,0.0
1,515450,0.0
Other,515555,0.0
6,515562,Other
1,515584,0.0
1,515584,0.0
6,515666,0.0
2,515684,Other
2,515684,Other
3,515776,0.0
3,515776,0.0
3,515776,0.0
3,515776,0.0
1,515804,0.0
1,515804,0.0
1,515804,0.0
1,515804,0.0
1,515804,0.0
1,515804,0.0
Other,515886,Other
1,516051,0.0
1,516051,0.0
1,516051,0.0
1,516090,0.0
1,516090,0.0
Other,516124,0.0
1,516152,0.0
1,516152,0.0
Other,516240,0.0
Other,516240,0.0
Other,516297,0.0
1,516306,0.0
1,516306,0.0
1,516343,0.0
1,516343,0.0
1,516343,0.0
1,516343,0.0
Other,516346,0.0
Other,516346,0.0
Other,516346,0.0
1,516374,0.0
1,516374,Other
1,516374,0.0
1,516374,0.0
1,516374,0.0
1,516387,Other
1,516387,0.0
1,516419,0.0
1,516419,0.0
3,516504,0.0
3,516504,0.0
3,516504,0.0
Other,516686,Other
1,516713,0.0
1,516713,0.0
1,516713,0.0
1,516713,0.0
1,516716,0.0
1,516716,0.0
1,516716,0.0
1,516716,0.0
1,516716,0.0
1,516716,0.0
1,516716,0.0
1,516716,0.0
1,516716,0.0
3,516746,0.0
3,516746,0.0
3,516782,0.0
3,516782,0.0
3,516782,0.0
3,516928,0.0
3,516928,0.0
1,516931,0.0
1,516931,0.0
1,516931,0.0
1,516943,0.0
1,516943,0.0
1,516943,0.0
1,516943,0.0
1,982154,0.0
2,516944,0.0
2,516944,0.0
2,516944,0.0
1,516963,0.0
1,516963,0.0
1,516963,0.0
1,517001,0.0
1,517001,0.0
1,517001,0.0
1,517001,0.0
1,517001,0.0
1,517001,0.0
1,517012,0.0
1,517012,0.0
1,517012,0.0
1,517012,0.0
1,517012,0.0
Other,517040,0.0
Other,517040,0.0
1,517048,0.0
1,517048,Other
1,517048,0.0
1,517048,0.0
3,517120,0.0
3,517120,0.0
3,517120,0.0
1,517285,Other
1,517285,Other
6,517330,0.0
6,517403,0.0
1,517430,Other
1,517430,0.0
1,517430,0.0
6,517678,Other
3,517700,Other
3,517700,0.0
1,517723,Other
1,517723,0.0
Other,517733,0.0
Other,517733,0.0
1,517763,0.0
1,517763,0.0
6,517770,Other
1,517783,Other
1,517783,Other
1,517799,Other
1,517799,0.0
1,517841,Other
1,517841,0.0
1,517841,0.0
1,517841,0.0
Other,517905,0.0
3,517931,0.0
3,517931,0.0
Other,517994,0.0
1,518003,0.0
1,518003,0.0
1,518003,0.0
1,518083,0.0
1,518083,0.0
Other,518110,0.0
Other,518110,0.0
2,518140,0.0
2,518140,0.0
2,518140,0.0
2,518140,0.0
1,518154,Other
1,518154,0.0
1,518218,0.0
1,518218,0.0
Other,518236,0.0
3,518362,0.0
3,518362,0.0
6,518379,0.0
3,518385,0.0
3,518385,0.0
3,518385,0.0
Other,518655,0.0
Other,518655,0.0
6,518660,0.0
1,518762,Other
1,518762,0.0
1,518788,0.0
1,518788,Other
1,518788,0.0
1,518810,0.0
1,518810,0.0
1,518810,0.0
1,518810,0.0
Other,518832,0.0
Other,518832,0.0
Other,518965,0.0
Other,518965,0.0
1,518977,0.0
1,518977,0.0
1,518977,0.0
1,518977,0.0
1,518977,0.0
2,519004,0.0
2,519004,0.0
1,519047,0.0
1,519047,Other
6,519109,0.0
1,519134,Other
1,519134,Other
1,519224,0.0
1,519224,0.0
1,519224,0.0
1,519224,0.0
1,519249,0.0
1,519249,0.0
3,519297,Other
3,519297,0.0
1,519310,Other
1,519310,0.0
6,519351,0.0
1,519414,0.0
1,519414,0.0
Other,519452,0.0
3,519456,0.0
3,519456,0.0
3,519456,0.0
3,519456,0.0
3,519456,0.0
Other,519493,Other
6,519594,0.0
1,519640,0.0
1,519640,0.0
1,519640,0.0
1,519640,0.0
1,519640,0.0
1,519640,0.0
3,519716,0.0
3,519716,0.0
3,519716,0.0
3,519716,0.0
3,519716,0.0
1,519718,0.0
1,519718,0.0
Other,519768,0.0
Other,519768,0.0
1,519773,0.0
1,519773,0.0
2,519789,0.0
2,519789,0.0
1,519794,0.0
1,519794,0.0
1,519794,0.0
1,519794,0.0
1,519794,0.0
1,519794,0.0
1,519794,0.0
1,519794,0.0
1,519794,0.0
1,519794,0.0
3,519803,0.0
3,519803,0.0
3,519803,0.0
3,519803,0.0
1,519832,0.0
1,519832,0.0
1,519851,0.0
1,519851,0.0
1,519883,0.0
1,519883,0.0
1,519883,0.0
1,519883,0.0
1,519883,0.0
6,519929,0.0
1,519994,0.0
1,519994,0.0
1,520024,0.0
1,520024,0.0
1,520024,0.0
6,520037,0.0
1,520078,0.0
1,520078,0.0
1,520078,0.0
1,520078,0.0
1,520078,0.0
3,520170,0.0
3,520170,0.0
1,520236,0.0
1,520236,0.0
1,520236,0.0
1,520236,0.0
1,520248,0.0
1,520248,0.0
1,520248,0.0
1,520248,0.0
1,520248,0.0
1,520274,0.0
1,520274,0.0
1,520274,0.0
1,520274,0.0
3,520296,0.0
3,520296,0.0
3,520296,0.0
3,520296,0.0
6,520514,0.0
6,520550,0.0
Other,520556,0.0
3,520562,0.0
3,520562,0.0
3,520562,0.0
3,520562,0.0
3,520562,0.0
3,520637,0.0
3,520637,0.0
Other,520742,Other
Other,520767,0.0
Other,520767,0.0
2,520774,0.0
2,520774,0.0
2,520774,0.0
2,520853,0.0
2,520853,0.0
2,520853,0.0
2,520853,0.0
1,520874,0.0
1,520874,Other
1,520874,0.0
1,520874,0.0
1,520895,Other
1,520895,0.0
1,520895,0.0
1,520895,0.0
Other,520915,Other
6,520937,0.0
3,520949,0.0
3,520949,0.0
1,521055,Other
1,521055,0.0
Other,521063,0.0
1,521086,0.0
1,521086,0.0
1,521086,0.0
1,521086,0.0
1,521086,0.0
1,521086,0.0
1,521097,0.0
1,521097,0.0
1,521098,0.0
1,521098,0.0
3,521204,0.0
3,521204,0.0
3,521204,0.0
Other,521327,0.0
Other,521327,0.0
Other,521327,0.0
Other,521328,Other
1,521447,0.0
1,521447,Other
1,521453,0.0
1,521453,0.0
1,521453,0.0
1,521453,0.0
1,521453,0.0
3,521528,0.0
3,521528,0.0
3,521528,0.0
3,521528,0.0
1,521602,0.0
1,521602,0.0
1,521602,0.0
1,521602,0.0
3,521637,0.0
3,521637,0.0
3,521637,0.0
3,521637,0.0
3,521660,0.0
3,521660,0.0
1,521666,0.0
1,521666,0.0
1,521666,0.0
1,521666,0.0
1,521666,0.0
6,521746,0.0
3,521820,0.0
3,521820,0.0
6,521881,Other
2,521883,0.0
2,521883,0.0
2,521883,0.0
6,521967,0.0
6,521976,0.0
6,521980,0.0
1,521985,0.0
1,521985,0.0
3,522280,0.0
3,522280,0.0
Other,522296,0.0
Other,522296,0.0
Other,522308,0.0
Other,522308,0.0
Other,522330,0.0
1,522461,0.0
1,522461,0.0
1,522461,0.0
1,522461,0.0
1,522461,0.0
6,522473,0.0
1,522519,0.0
1,522519,0.0
1,522519,0.0
1,522544,0.0
1,522544,0.0
1,522544,0.0
1,522544,0.0
1,522553,Other
1,522553,0.0
1,522553,0.0
1,522590,0.0
1,522590,0.0
1,522590,0.0
1,522590,0.0
1,522590,0.0
6,522611,0.0
1,522671,0.0
1,522671,0.0
1,522671,0.0
1,522736,Other
1,522736,Other
1,522736,0.0
3,522866,0.0
3,522866,0.0
3,522866,0.0
3,522866,0.0
1,522903,0.0
1,522903,0.0
1,522903,0.0
1,522903,0.0
1,522903,0.0
1,522903,0.0
1,522927,0.0
1,522927,0.0
3,522955,0.0
3,522955,0.0
3,522955,0.0
3,522955,0.0
3,522955,0.0
1,522973,0.0
1,522973,0.0
1,522973,0.0
1,522973,0.0
1,522973,0.0
1,522973,0.0
6,523003,0.0
3,523087,0.0
3,523087,0.0
3,523089,0.0
3,523089,0.0
3,523089,0.0
3,523089,0.0
Other,523093,0.0
Other,523196,Other
Other,523197,0.0
Other,523199,0.0
Other,523199,0.0
Other,523232,0.0
6,523237,0.0
1,523272,0.0
1,523272,0.0
Other,523389,0.0
1,523406,0.0
1,523406,0.0
1,523406,0.0
1,523406,0.0
3,523407,0.0
3,523407,0.0
3,523407,0.0
3,523407,0.0
3,523407,0.0
3,523407,0.0
3,523407,0.0
1,523804,0.0
1,523804,0.0
1,523804,0.0
3,523808,0.0
3,523808,0.0
3,523808,0.0
3,523808,0.0
3,523808,0.0
Other,523857,0.0
Other,523864,0.0
Other,523877,0.0
Other,523879,0.0
Other,523879,0.0
Other,523900,Other
3,523954,0.0
3,523954,0.0
3,523954,0.0
3,523954,0.0
3,523954,0.0
3,523954,0.0
3,523954,0.0
1,524004,0.0
1,524004,0.0
6,524152,0.0
1,524223,0.0
1,524223,Other
1,524223,0.0
1,524274,Other
1,524274,0.0
1,524274,0.0
Other,524290,0.0
1,524306,0.0
1,524306,0.0
1,524320,Other
1,524320,0.0
6,524323,0.0
1,524347,0.0
1,524347,0.0
1,524362,0.0
1,524362,0.0
1,524362,0.0
1,524362,0.0
1,524362,0.0
Other,524379,0.0
1,524575,Other
1,524575,0.0
1,524580,0.0
1,524580,0.0
1,524619,0.0
1,524619,0.0
1,524619,0.0
6,524645,Other
Other,524707,0.0
Other,524726,Other
Other,524726,Other
3,524804,0.0
3,524804,0.0
3,524804,0.0
6,524809,0.0
1,524817,0.0
1,524817,0.0
1,524929,0.0
1,524929,0.0
1,524929,0.0
1,524929,0.0
1,524929,0.0
1,524929,0.0
1,524935,Other
1,524935,Other
1,525238,Other
1,525238,0.0
3,525257,0.0
3,525257,0.0
1,525386,0.0
1,525386,0.0
3,525404,0.0
3,525404,0.0
6,525436,0.0
Other,525675,0.0
Other,525823,0.0
1,525828,0.0
1,525828,0.0
1,525828,0.0
1,525828,0.0
2,525858,0.0
2,525858,0.0
2,525858,0.0
6,525880,0.0
1,525897,0.0
1,525897,0.0
1,525897,0.0
Other,525949,0.0
1,525996,0.0
1,525996,0.0
1,526027,Other
1,526027,0.0
Other,526170,0.0
Other,526170,0.0
Other,526170,0.0
Other,526170,0.0
Other,526261,0.0
Other,526261,0.0
Other,526264,0.0
3,526306,0.0
3,526306,0.0
3,526306,0.0
3,526306,0.0
3,526328,0.0
3,526328,0.0
Other,526369,Other
3,526436,0.0
3,526436,0.0
3,526436,0.0
3,526436,0.0
2,526558,0.0
2,526558,0.0
2,526558,0.0
3,526597,0.0
3,526597,0.0
3,526597,0.0
3,526597,0.0
3,526597,0.0
3,526597,0.0
3,526597,0.0
3,526597,0.0
3,526597,0.0
3,526597,0.0
3,526597,0.0
3,526597,0.0
3,526597,0.0
3,526597,0.0
3,526597,0.0
3,526597,0.0
3,526597,0.0
Other,526633,0.0
1,526658,0.0
1,526658,0.0
1,526658,0.0
1,526658,0.0
6,526675,Other
Other,526804,0.0
6,526909,0.0
1,526915,Other
1,526915,Other
1,526917,0.0
1,526917,0.0
1,526917,0.0
1,526917,0.0
1,526917,0.0
1,526917,0.0
6,527024,Other
3,527111,0.0
3,527111,0.0
3,527111,0.0
Other,527353,Other
Other,527353,Other
3,527367,0.0
3,527367,0.0
3,527367,0.0
1,527406,0.0
1,527406,0.0
1,527406,0.0
1,527517,0.0
1,527517,0.0
Other,527537,0.0
Other,527537,0.0
1,527603,0.0
1,527603,0.0
2,527794,0.0
2,527794,0.0
1,527803,Other
1,527803,0.0
1,527803,0.0
1,527803,0.0
Other,527806,0.0
Other,527806,0.0
1,527807,0.0
1,527807,0.0
6,527815,0.0
3,527844,0.0
3,527844,0.0
3,527844,0.0
2,527924,0.0
2,527924,0.0
2,527924,0.0
2,527924,0.0
6,527986,0.0
3,528041,0.0
3,528041,0.0
3,528041,0.0
3,528041,0.0
3,528041,0.0
1,528048,0.0
1,528048,0.0
1,528048,0.0
Other,528119,0.0
1,528260,0.0
1,528260,0.0
1,528260,0.0
1,528260,0.0
1,528260,0.0
1,528260,0.0
1,528260,0.0
1,528260,0.0
1,528267,0.0
1,528267,0.0
1,528267,0.0
1,528267,0.0
1,528292,0.0
1,528292,0.0
Other,528419,0.0
Other,528419,Other
1,528508,0.0
1,528508,0.0
1,528508,0.0
1,528508,0.0
1,528508,0.0
Other,528513,0.0
1,528514,0.0
1,528514,0.0
2,528518,0.0
2,528518,0.0
2,528518,0.0
1,528564,0.0
1,528564,0.0
1,528564,0.0
1,528564,0.0
Other,528641,0.0
Other,528692,Other
Other,528740,0.0
6,528771,Other
Other,528773,0.0
Other,528903,0.0
Other,528903,0.0
Other,528903,0.0
6,528905,0.0
1,528934,0.0
1,528934,0.0
1,528934,0.0
1,528934,0.0
1,528934,0.0
1,1033724,0.0
3,528937,0.0
3,528937,0.0
3,528937,0.0
3,528937,Other
3,528937,0.0
3,528937,0.0
3,528937,0.0
3,528937,0.0
3,528937,0.0
3,528937,0.0
3,528937,0.0
3,528937,0.0
3,528937,0.0
3,528937,0.0
1,529047,0.0
1,529047,0.0
1,529047,0.0
1,529047,0.0
1,529086,0.0
1,529086,0.0
1,529086,0.0
1,529086,0.0
1,529086,0.0
1,529202,0.0
1,529202,0.0
6,529223,0.0
Other,529257,0.0
Other,529257,0.0
Other,529419,0.0
6,529461,Other
3,529521,0.0
3,529521,0.0
3,529521,0.0
3,529521,0.0
Other,529569,0.0
Other,529569,0.0
1,529588,0.0
1,529588,0.0
6,529598,0.0
1,529605,0.0
1,529605,0.0
1,529605,0.0
1,529605,0.0
1,529605,0.0
Other,529615,0.0
6,529628,Other
6,529683,0.0
Other,529698,0.0
1,529702,0.0
1,529702,0.0
1,529702,0.0
1,529702,0.0
Other,529721,Other
Other,529721,0.0
Other,529842,0.0
Other,529842,0.0
Other,529842,0.0
6,529912,0.0
1,529933,0.0
1,529933,0.0
Other,529947,0.0
Other,529947,0.0
Other,529964,0.0
Other,529964,0.0
1,530001,0.0
1,530001,0.0
1,530001,0.0
1,530001,0.0
1,530001,0.0
1,530001,0.0
3,530052,0.0
3,530052,0.0
3,530052,0.0
3,530054,0.0
3,530054,0.0
3,530054,0.0
3,530054,0.0
1,530100,0.0
1,530100,0.0
1,530100,0.0
1,530100,0.0
1,530100,0.0
2,530107,0.0
2,530107,0.0
2,530107,0.0
2,530107,0.0
1,530293,0.0
1,530293,Other
6,530299,0.0
1,530325,0.0
1,530325,0.0
6,530399,0.0
1,530428,0.0
1,530428,0.0
1,530428,0.0
1,530428,0.0
1,530428,0.0
1,530428,0.0
1,530428,0.0
Other,530528,0.0
Other,530528,0.0
2,530542,Other
2,530542,0.0
2,530542,0.0
2,530542,0.0
6,530567,Other
6,530747,0.0
1,530936,0.0
1,530936,0.0
6,530979,0.0
3,531061,0.0
3,531061,0.0
3,531061,0.0
3,531061,0.0
Other,531067,0.0
Other,531067,0.0
Other,531067,0.0
6,531082,0.0
1,531105,0.0
1,531105,0.0
1,531134,0.0
1,531134,0.0
1,531134,0.0
1,531134,0.0
3,531208,0.0
3,531208,0.0
3,531208,0.0
1,531225,Other
1,531225,0.0
1,531225,0.0
1,531225,0.0
Other,531279,Other
3,531281,0.0
3,531281,0.0
3,531281,0.0
Other,531318,Other
2,531360,0.0
2,531360,0.0
2,531360,0.0
3,531606,0.0
3,531606,0.0
3,531606,0.0
1,531643,0.0
1,531643,0.0
1,531643,0.0
1,531643,0.0
3,531683,0.0
3,531683,0.0
Other,531726,0.0
1,531742,0.0
1,531742,0.0
1,531742,0.0
1,531742,0.0
1,531742,0.0
1,1162277,0.0
Other,531769,0.0
Other,531769,0.0
1,531843,0.0
1,531843,0.0
1,531843,0.0
1,531843,0.0
3,531908,0.0
3,531908,0.0
3,532158,0.0
3,532158,0.0
3,532158,0.0
3,532158,0.0
1,532179,Other
1,532179,Other
1,532257,0.0
1,532257,0.0
3,532310,0.0
3,532310,0.0
3,532310,0.0
3,532310,0.0
3,532314,0.0
3,532314,0.0
3,532314,0.0
3,532314,0.0
1,532333,0.0
1,532333,0.0
3,532355,0.0
3,532355,0.0
1,532390,Other
1,532390,0.0
1,532390,0.0
Other,532404,0.0
1,532405,0.0
1,532405,0.0
1,532405,0.0
1,532405,0.0
1,532405,0.0
Other,532433,0.0
6,532448,0.0
1,532538,Other
1,532538,0.0
1,532574,Other
1,532574,Other
1,532654,0.0
1,532654,0.0
1,532708,0.0
1,532708,0.0
1,532708,0.0
1,532768,Other
1,532768,0.0
1,532768,0.0
Other,532798,Other
Other,532853,0.0
1,532897,0.0
1,532897,Other
Other,532900,0.0
Other,533017,Other
1,533034,0.0
1,533034,0.0
1,533042,0.0
1,533042,0.0
1,533042,0.0
3,533179,0.0
3,533179,0.0
3,533179,0.0
3,533179,0.0
1,533181,0.0
1,533181,0.0
1,533181,0.0
3,533234,0.0
3,533234,0.0
3,533234,0.0
3,533234,0.0
3,533234,0.0
Other,533560,Other
1,533564,Other
1,533564,Other
3,533581,0.0
3,533581,0.0
1,533651,0.0
1,533651,0.0
1,533651,0.0
1,533651,0.0
1,533651,0.0
Other,533707,0.0
Other,533707,0.0
1,533745,Other
1,533745,Other
2,533792,0.0
2,533792,0.0
2,533792,0.0
1,533813,Other
1,533813,Other
Other,533816,0.0
Other,533816,0.0
1,533851,0.0
1,533851,0.0
1,533867,0.0
1,533867,0.0
1,533867,0.0
1,533867,0.0
1,533867,0.0
3,533883,0.0
3,533883,0.0
6,533907,0.0
6,533933,Other
2,534040,0.0
2,534040,Other
2,534040,Other
6,534043,0.0
3,534088,0.0
3,534088,0.0
3,534088,0.0
1,534129,0.0
1,534129,0.0
1,534185,0.0
1,534185,0.0
1,534185,0.0
1,534185,0.0
1,534311,0.0
1,534311,0.0
1,534311,0.0
1,534311,0.0
1,534311,0.0
1,534330,0.0
1,534330,0.0
Other,534380,Other
6,534402,0.0
1,534455,0.0
1,534455,0.0
1,534455,0.0
1,534455,0.0
Other,534613,0.0
1,534657,0.0
1,534657,0.0
1,534657,0.0
1,534671,Other
1,534671,Other
1,534671,0.0
1,534671,0.0
1,534671,0.0
3,534676,0.0
3,534676,0.0
3,534676,0.0
2,534686,Other
2,534686,0.0
Other,534689,0.0
Other,534689,0.0
1,534697,0.0
1,534697,0.0
1,534774,0.0
1,534774,0.0
1,534774,0.0
1,534774,0.0
1,534774,0.0
Other,534847,0.0
1,534866,0.0
1,534866,0.0
1,534866,0.0
1,534866,0.0
1,534869,0.0
1,534869,Other
3,535287,0.0
3,535287,0.0
3,535287,0.0
3,535287,0.0
3,535287,0.0
6,535323,0.0
1,535370,0.0
1,535370,0.0
1,535370,0.0
1,535370,0.0
Other,535469,0.0
Other,535524,0.0
Other,535524,0.0
Other,535524,0.0
Other,535524,0.0
Other,535542,Other
Other,535542,0.0
3,535579,0.0
3,535579,0.0
3,535579,0.0
1,535583,0.0
1,535583,0.0
1,535583,0.0
1,535583,0.0
1,535583,0.0
1,535583,0.0
1,535583,0.0
Other,535594,0.0
6,535616,0.0
1,535681,0.0
1,535681,0.0
1,535681,0.0
1,535681,0.0
1,535681,0.0
1,535681,0.0
1,535681,0.0
2,535769,0.0
2,535769,0.0
2,535769,0.0
6,535783,Other
6,535837,0.0
6,535840,0.0
Other,535870,0.0
Other,535870,0.0
Other,535929,0.0
Other,535929,0.0
1,535938,0.0
1,535938,0.0
1,535938,0.0
1,536021,0.0
1,536021,0.0
1,536021,0.0
1,536021,0.0
1,536021,0.0
1,536032,0.0
1,536032,0.0
1,536071,0.0
1,536071,0.0
1,536071,0.0
1,536109,Other
1,536109,Other
1,536291,0.0
1,536291,0.0
3,536295,0.0
3,536295,0.0
3,536295,0.0
3,536346,0.0
3,536346,0.0
3,536346,0.0
3,536359,0.0
3,536359,0.0
3,536359,0.0
Other,536458,0.0
6,536620,Other
1,536631,0.0
1,536631,Other
1,536648,0.0
1,536648,0.0
1,536901,Other
1,536901,Other
1,536904,0.0
1,536904,0.0
1,536904,0.0
1,536987,0.0
1,536987,0.0
1,536987,0.0
1,537015,Other
1,537015,0.0
1,537015,0.0
1,537015,0.0
1,537015,0.0
1,537019,0.0
1,537019,0.0
6,537144,0.0
6,537147,Other
3,537183,Other
3,537183,0.0
3,537183,0.0
3,537183,0.0
3,537183,0.0
3,537183,0.0
Other,537328,0.0
1,537434,Other
1,537434,0.0
1,537506,0.0
1,537506,Other
1,537506,0.0
1,537506,0.0
1,537543,0.0
1,537543,0.0
1,537543,0.0
1,537543,0.0
1,537544,Other
1,537544,0.0
2,537596,0.0
2,537596,0.0
2,537596,0.0
1,537686,0.0
1,537686,0.0
1,537686,0.0
1,537686,0.0
1,537686,0.0
1,537686,0.0
1,537695,0.0
1,537695,0.0
1,537695,0.0
1,537695,0.0
Other,537817,0.0
6,537909,0.0
6,537946,0.0
2,537949,0.0
2,537949,0.0
2,537949,0.0
2,537975,0.0
2,537975,0.0
Other,537987,0.0
Other,537987,0.0
2,538033,0.0
2,538033,0.0
2,538033,0.0
2,538199,0.0
2,538199,0.0
2,538199,0.0
6,538226,0.0
1,538265,Other
1,538265,Other
3,538272,0.0
3,538272,0.0
1,538492,Other
1,538492,0.0
1,538492,0.0
3,538569,0.0
3,538569,0.0
3,538569,0.0
3,538569,0.0
Other,538581,0.0
1,538690,0.0
1,538690,Other
3,538727,0.0
3,538727,0.0
3,538727,0.0
1,538733,0.0
1,538733,0.0
1,538733,0.0
1,538733,0.0
1,538733,0.0
1,538733,0.0
6,538853,Other
6,538856,0.0
3,538913,0.0
3,538913,0.0
3,538913,0.0
3,538913,Other
Other,538974,0.0
Other,538974,0.0
2,539184,0.0
2,539184,0.0
2,539184,0.0
1,539198,0.0
1,539198,0.0
1,539198,0.0
1,539234,0.0
1,539234,0.0
1,539234,0.0
1,539234,0.0
1,539249,0.0
1,539249,0.0
1,539249,0.0
1,539249,0.0
1,539249,0.0
6,539292,0.0
6,539358,0.0
1,539392,0.0
1,539392,0.0
1,539392,0.0
1,539392,0.0
Other,539457,0.0
Other,539457,0.0
Other,539486,0.0
Other,539497,0.0
6,539645,0.0
6,539809,0.0
Other,539842,0.0
3,539871,0.0
3,539871,0.0
1,539876,0.0
1,539876,0.0
1,539876,0.0
1,539895,0.0
1,539895,0.0
1,539898,Other
1,539898,0.0
1,1204810,0.0
1,539898,0.0
1,539898,0.0
1,539898,0.0
1,539898,0.0
1,539911,Other
1,539911,Other
6,539930,0.0
6,539953,0.0
1,539972,0.0
1,539972,0.0
1,539972,0.0
1,539972,0.0
1,539972,0.0
1,539986,0.0
1,539986,0.0
1,539986,0.0
1,540006,0.0
1,540006,0.0
1,540132,0.0
1,540132,0.0
1,540132,0.0
1,540132,0.0
1,540132,0.0
1,540132,0.0
1,540132,0.0
6,540148,0.0
6,540155,0.0
1,540224,0.0
1,540224,0.0
1,540225,0.0
1,540225,0.0
6,540277,0.0
6,540404,0.0
1,540530,0.0
1,540530,0.0
1,540530,0.0
1,540530,0.0
1,540543,0.0
1,540543,0.0
3,540625,0.0
3,540625,0.0
3,540625,0.0
1,540648,0.0
1,540648,0.0
1,540648,0.0
1,540648,0.0
Other,540679,0.0
3,540720,0.0
3,540720,0.0
Other,540731,0.0
Other,540731,Other
2,540798,0.0
2,540798,0.0
3,540811,0.0
3,540811,0.0
3,540811,0.0
3,540811,0.0
3,540811,0.0
3,540811,0.0
3,540811,Other
1,540873,0.0
1,540873,0.0
1,540873,0.0
6,540992,0.0
1,541015,Other
1,541015,0.0
1,541015,0.0
1,541015,0.0
Other,541115,0.0
1,541133,Other
1,541133,0.0
1,541133,0.0
1,541148,0.0
1,541148,0.0
1,541148,0.0
1,541148,0.0
1,541148,0.0
1,541227,0.0
1,541227,0.0
1,541227,0.0
1,541227,0.0
6,541246,0.0
6,541288,0.0
2,541344,0.0
2,541344,0.0
2,541344,0.0
Other,541350,0.0
Other,541350,0.0
6,541396,0.0
3,541407,0.0
3,541407,0.0
3,541407,0.0
1,541419,0.0
1,541419,0.0
1,541419,0.0
1,541419,0.0
3,541431,0.0
3,541431,0.0
3,541431,0.0
1,541534,Other
1,541534,0.0
Other,541536,0.0
Other,541536,0.0
Other,541536,0.0
6,541557,0.0
1,541599,0.0
1,541599,0.0
6,541612,0.0
6,541635,0.0
6,541703,0.0
3,541751,0.0
3,541751,0.0
3,541854,0.0
3,541854,Other
3,541854,0.0
3,541854,0.0
3,541854,0.0
1,541920,0.0
1,541920,0.0
3,541934,0.0
3,541934,0.0
3,541960,0.0
3,541960,0.0
3,541960,0.0
3,541997,0.0
3,541997,0.0
3,541997,0.0
1,542009,0.0
1,542009,0.0
1,542084,0.0
1,542084,0.0
6,542243,0.0
1,542441,0.0
1,542441,0.0
1,542441,0.0
1,542441,0.0
3,542451,0.0
3,542451,0.0
3,542451,0.0
1,542530,0.0
1,542530,0.0
1,542530,0.0
3,542609,0.0
3,542609,0.0
3,542609,0.0
3,542609,0.0
1,542637,0.0
1,542637,0.0
1,542637,0.0
1,542637,0.0
1,542732,Other
1,542732,0.0
1,542732,0.0
6,542813,0.0
1,542918,0.0
1,542918,0.0
1,542918,0.0
1,543067,0.0
1,543067,0.0
3,543105,0.0
3,543105,0.0
3,543139,0.0
3,543139,0.0
3,543139,0.0
3,543139,0.0
3,543139,0.0
1,543163,0.0
1,543163,0.0
1,543163,0.0
1,543163,0.0
1,543294,0.0
1,543294,0.0
6,543380,0.0
1,543381,Other
1,543381,0.0
1,543381,0.0
1,543381,0.0
1,543384,0.0
1,543384,0.0
1,543384,Other
Other,543395,0.0
1,543639,Other
1,543639,0.0
1,543639,0.0
3,543656,0.0
3,543656,0.0
3,543656,0.0
3,543656,0.0
3,543656,0.0
1,543681,Other
1,543681,Other
6,543695,0.0
3,543708,0.0
3,543708,0.0
1,543722,0.0
1,543722,0.0
6,543754,0.0
1,543795,0.0
1,543795,Other
Other,544002,0.0
1,544012,0.0
1,544012,0.0
1,544012,0.0
6,544088,0.0
1,544164,0.0
1,544164,0.0
1,544164,0.0
1,544164,0.0
1,544164,0.0
3,544187,0.0
3,544187,0.0
3,544187,0.0
3,544187,0.0
3,544187,0.0
3,544187,0.0
Other,544188,0.0
6,544197,0.0
1,544212,0.0
1,544212,0.0
1,544212,0.0
1,544212,0.0
1,544284,0.0
1,544284,0.0
3,544333,0.0
3,544333,0.0
3,544461,0.0
3,544461,0.0
3,544463,Other
3,544463,0.0
3,544463,0.0
3,544463,0.0
3,544463,0.0
3,544463,0.0
1,544469,Other
1,544469,0.0
1,544469,0.0
3,544563,0.0
3,544563,0.0
3,544563,0.0
3,544563,0.0
Other,544665,0.0
Other,544665,0.0
Other,544665,0.0
Other,544674,0.0
Other,544674,0.0
Other,544680,0.0
1,544682,0.0
1,544682,0.0
1,544682,0.0
1,544682,0.0
1,544682,0.0
1,544682,0.0
1,544682,0.0
1,544682,0.0
1,544682,0.0
1,544682,0.0
1,544737,0.0
1,544737,Other
1,544737,0.0
1,544737,0.0
1,544737,0.0
1,544737,0.0
6,544767,0.0
6,544817,Other
2,544837,0.0
2,544837,0.0
2,544837,0.0
2,544837,0.0
2,544837,0.0
6,544937,0.0
1,545136,0.0
1,545136,0.0
1,545136,0.0
1,545136,0.0
1,545244,0.0
1,545244,0.0
1,545244,0.0
1,545244,0.0
3,545289,Other
3,545289,0.0
3,545289,0.0
2,545333,0.0
2,545333,0.0
6,545362,Other
1,545373,0.0
1,545373,0.0
1,545373,0.0
6,545380,0.0
Other,545428,0.0
Other,545428,0.0
1,545464,0.0
1,545464,0.0
1,545464,0.0
1,545464,0.0
3,545476,0.0
3,545476,0.0
3,545476,0.0
3,545476,0.0
6,545527,0.0
1,545528,Other
1,545528,0.0
1,545528,0.0
Other,545716,0.0
1,545770,0.0
1,545770,0.0
1,545793,0.0
1,545793,0.0
1,545793,0.0
1,545793,0.0
1,545884,0.0
1,545884,0.0
Other,545887,0.0
3,546078,0.0
3,546078,0.0
3,546078,0.0
1,546167,0.0
1,546167,0.0
1,546167,0.0
1,546167,0.0
6,546172,Other
6,546185,0.0
1,546216,0.0
1,546216,0.0
1,546216,0.0
1,546369,Other
1,546369,Other
1,546369,0.0
1,546369,0.0
6,546474,Other
1,546502,0.0
1,546502,0.0
1,546579,0.0
1,546579,0.0
1,546579,0.0
1,546579,0.0
1,546625,0.0
1,546625,0.0
6,546651,0.0
Other,546789,0.0
Other,546903,Other
Other,546953,0.0
Other,546953,0.0
Other,546953,0.0
1,546988,0.0
1,546988,0.0
1,546988,0.0
1,546988,0.0
Other,547006,0.0
Other,547006,0.0
1,547043,0.0
1,547043,0.0
1,547101,0.0
1,547101,0.0
1,547105,0.0
1,547105,0.0
1,547105,0.0
6,547158,Other
Other,547165,0.0
Other,547165,0.0
6,547169,0.0
3,547181,0.0
3,547181,0.0
Other,547183,0.0
Other,547197,0.0
1,547222,0.0
1,547222,0.0
1,547225,0.0
1,547225,0.0
1,547225,0.0
3,547403,0.0
3,547403,0.0
3,547403,0.0
3,547403,0.0
3,547403,0.0
3,547403,0.0
1,547411,0.0
1,547411,0.0
1,547423,0.0
1,547423,0.0
1,547423,0.0
Other,547437,Other
Other,547437,0.0
1,547505,0.0
1,547505,0.0
1,547505,0.0
1,547505,0.0
1,547505,0.0
1,547505,0.0
1,547505,0.0
1,547505,0.0
1,547505,0.0
3,547618,0.0
3,547618,0.0
1,547645,Other
1,547645,0.0
1,547645,0.0
1,547645,0.0
1,547645,0.0
1,547645,0.0
Other,547688,0.0
Other,547799,0.0
1,547927,0.0
1,547927,0.0
1,547927,0.0
1,547939,0.0
1,547939,0.0
6,547958,0.0
1,547960,0.0
1,547960,0.0
1,547960,0.0
1,547960,0.0
1,547960,0.0
1,548016,0.0
1,548016,0.0
1,548016,0.0
1,548020,Other
1,548020,Other
1,548020,0.0
3,548054,0.0
3,548054,0.0
3,548054,0.0
1,548059,0.0
1,548059,0.0
1,548059,0.0
6,548066,0.0
1,548131,0.0
1,548131,0.0
1,548131,0.0
1,548131,0.0
1,548131,0.0
1,548178,0.0
1,548178,0.0
1,548178,0.0
1,548178,0.0
1,548178,0.0
1,548178,0.0
1,548178,0.0
Other,548224,0.0
3,548567,0.0
3,548567,0.0
2,548568,0.0
2,548568,0.0
1,548851,0.0
1,548851,0.0
6,548881,0.0
6,548897,0.0
1,548901,0.0
1,548901,0.0
1,548901,0.0
1,548901,0.0
1,548978,Other
1,548978,Other
1,549036,0.0
1,549036,0.0
1,549036,0.0
1,549036,0.0
3,549185,0.0
3,549185,0.0
3,549185,0.0
6,549187,0.0
1,549257,0.0
1,549257,0.0
3,549332,0.0
3,549332,0.0
3,549484,0.0
3,549484,0.0
3,549484,0.0
3,549484,0.0
6,549486,0.0
1,549504,0.0
1,549504,0.0
Other,549513,Other
1,549522,0.0
1,549522,0.0
1,549630,0.0
1,549630,0.0
1,549630,0.0
1,549630,0.0
6,549689,Other
1,549714,0.0
1,549714,0.0
1,549714,0.0
3,549781,0.0
3,549781,0.0
3,549781,0.0
1,549803,0.0
1,549803,0.0
1,549803,0.0
1,549803,0.0
Other,549897,Other
Other,549897,0.0
Other,549897,0.0
Other,549897,0.0
Other,549897,0.0
6,549960,0.0
1,549994,0.0
1,549994,0.0
1,549994,0.0
1,550032,Other
1,550032,0.0
1,550032,0.0
1,550032,0.0
1,550032,0.0
3,550081,0.0
3,550081,0.0
Other,550165,0.0
6,550335,0.0
1,550455,0.0
1,550455,0.0
1,550455,0.0
1,550521,0.0
1,550521,0.0
Other,550611,0.0
Other,550611,0.0
Other,550618,0.0
Other,550618,0.0
Other,550618,0.0
6,550674,0.0
1,550695,0.0
1,550695,0.0
1,550695,0.0
1,550695,0.0
1,550695,0.0
6,550745,Other
Other,550768,0.0
1,550792,Other
1,550792,0.0
1,550792,0.0
1,550792,0.0
Other,550862,0.0
Other,550919,0.0
3,550955,0.0
3,550955,0.0
3,550955,0.0
Other,550990,0.0
Other,550990,0.0
Other,550990,0.0
3,551134,0.0
3,551134,0.0
3,551134,0.0
3,551134,0.0
Other,551172,0.0
Other,551172,0.0
1,551351,Other
1,551351,0.0
1,551351,0.0
1,551351,0.0
1,551465,0.0
1,551465,0.0
1,551465,0.0
1,551465,0.0
6,551477,0.0
3,551488,Other
3,551488,0.0
3,551511,0.0
3,551511,0.0
3,551511,0.0
3,551511,0.0
1,551869,0.0
1,551869,0.0
1,551869,0.0
1,551869,0.0
2,551970,0.0
2,551970,0.0
1,551982,0.0
1,551982,Other
3,552012,0.0
3,552012,0.0
3,552032,0.0
3,552032,0.0
3,552032,0.0
3,552032,0.0
1,552071,0.0
1,552071,0.0
1,552071,0.0
1,552071,0.0
2,552145,0.0
2,552145,0.0
2,552145,0.0
2,552145,0.0
1,552232,0.0
1,552232,0.0
1,552232,0.0
1,552232,0.0
6,552290,0.0
1,552327,0.0
1,552327,0.0
1,552337,Other
1,552337,Other
Other,552380,0.0
Other,552380,0.0
6,552382,0.0
3,552470,0.0
3,552470,0.0
1,552537,0.0
1,552537,0.0
1,552537,0.0
1,552537,0.0
3,552546,0.0
3,552546,0.0
3,552549,0.0
3,552549,0.0
2,552664,0.0
2,552664,0.0
2,552664,0.0
2,552664,0.0
1,552665,0.0
1,552665,0.0
1,552665,0.0
Other,552673,0.0
Other,552673,Other
Other,552673,Other
Other,552673,0.0
1,552702,0.0
1,552702,0.0
1,552702,0.0
1,552702,0.0
3,552705,0.0
3,552705,0.0
6,552714,0.0
1,552717,Other
1,552717,0.0
1,552717,0.0
1,552717,0.0
1,552717,0.0
1,552717,0.0
3,552759,0.0
3,552759,0.0
3,552759,0.0
1,552775,0.0
1,552775,0.0
1,552775,0.0
1,552775,0.0
1,552777,Other
1,552777,0.0
1,552777,0.0
1,552777,0.0
1,552789,0.0
1,552789,0.0
1,552789,0.0
1,552789,0.0
1,552790,0.0
1,552790,0.0
1,552790,0.0
3,552817,0.0
3,552817,0.0
3,552817,0.0
3,552817,0.0
Other,552822,0.0
Other,552822,0.0
Other,552822,0.0
Other,552822,0.0
1,552882,Other
1,552882,0.0
1,552882,0.0
1,552882,0.0
1,552882,0.0
1,552994,Other
1,552994,Other
3,553004,0.0
3,553004,0.0
3,553004,0.0
3,553004,0.0
1,553110,0.0
1,553110,0.0
1,553110,0.0
1,553110,0.0
6,553152,0.0
6,553252,Other
3,553265,0.0
3,553265,0.0
3,553265,0.0
1,553270,0.0
1,553270,0.0
1,553270,0.0
Other,553276,0.0
Other,553276,0.0
2,553403,Other
2,553403,0.0
2,553403,0.0
1,553426,0.0
1,553426,0.0
1,553426,0.0
1,553426,0.0
6,553434,0.0
6,553461,0.0
Other,553526,0.0
Other,553526,0.0
1,553570,Other
1,553570,0.0
1,553570,0.0
1,553570,0.0
3,553586,0.0
3,553586,0.0
3,553586,0.0
1,553606,Other
1,553606,0.0
1,553643,Other
1,553643,0.0
1,553643,0.0
1,553643,0.0
1,553643,0.0
Other,553807,0.0
1,553883,Other
1,553883,Other
Other,553928,Other
Other,553928,Other
1,553982,0.0
1,553982,0.0
1,554004,0.0
1,554004,0.0
1,554004,0.0
3,554038,0.0
3,554038,0.0
Other,554054,0.0
1,554057,0.0
1,554057,0.0
1,554057,0.0
1,554057,0.0
Other,554081,0.0
Other,554081,0.0
1,554129,0.0
1,554129,0.0
1,554129,0.0
1,554129,0.0
1,554246,0.0
1,554246,0.0
1,554246,0.0
1,554246,0.0
1,554246,0.0
1,554335,0.0
1,554335,0.0
1,554335,0.0
3,554401,0.0
3,554401,0.0
Other,554469,0.0
Other,554469,0.0
1,554487,0.0
1,554487,0.0
3,554573,0.0
3,554573,0.0
1,554611,0.0
1,554611,0.0
1,554622,0.0
1,554622,0.0
Other,554671,Other
Other,554671,0.0
Other,554683,0.0
Other,554854,0.0
Other,554854,0.0
Other,554854,0.0
1,554877,0.0
1,554877,0.0
1,555089,0.0
1,555089,0.0
1,555089,0.0
1,555089,0.0
1,555089,0.0
1,555089,0.0
6,555120,0.0
1,555128,0.0
1,555128,0.0
1,555128,0.0
6,555211,0.0
Other,555232,0.0
Other,555232,0.0
Other,555270,Other
Other,555270,0.0
6,555303,0.0
3,555324,0.0
3,555324,0.0
3,555324,0.0
3,555337,0.0
3,555337,0.0
3,555337,0.0
3,555337,0.0
3,555337,0.0
3,555356,0.0
3,555356,0.0
3,555356,0.0
3,555356,0.0
3,555356,0.0
3,555441,Other
3,555441,0.0
1,555445,0.0
1,555445,0.0
1,555445,0.0
1,555445,0.0
Other,555490,Other
6,555619,0.0
1,555632,0.0
1,555632,0.0
6,555668,0.0
Other,555829,0.0
Other,555901,Other
3,555957,0.0
3,555957,0.0
3,555957,0.0
1,556028,0.0
1,556028,0.0
1,556028,0.0
1,556028,0.0
1,556028,0.0
1,556028,0.0
Other,556128,Other
1,556225,0.0
1,556225,0.0
1,556237,0.0
1,556237,0.0
1,556237,0.0
1,556237,0.0
1,556237,0.0
Other,556259,0.0
1,556363,0.0
1,556363,0.0
1,556430,Other
1,556430,Other
Other,556487,0.0
Other,556487,0.0
Other,556487,0.0
Other,556487,0.0
Other,556487,0.0
1,556583,0.0
1,556583,0.0
1,556583,0.0
1,556583,0.0
Other,556659,0.0
Other,556659,Other
1,556683,Other
1,556683,0.0
1,556683,Other
1,556683,0.0
1,556683,0.0
1,556683,0.0
1,556736,0.0
1,559292,0.0
1,556736,0.0
1,556736,0.0
6,556760,0.0
6,556776,Other
1,556860,Other
1,556860,Other
Other,556996,0.0
Other,556996,0.0
Other,556996,0.0
1,556997,Other
1,556997,0.0
Other,557033,0.0
1,557336,0.0
1,557336,0.0
2,557358,0.0
2,557358,0.0
Other,557449,0.0
6,557568,0.0
1,557570,Other
1,557570,0.0
1,557570,0.0
Other,557582,0.0
Other,557582,0.0
Other,557582,0.0
Other,557582,0.0
Other,557582,0.0
Other,557582,0.0
1,557637,Other
1,557637,0.0
1,557637,0.0
1,557637,0.0
1,557637,0.0
Other,557728,0.0
Other,557728,0.0
1,557806,0.0
1,557806,0.0
1,557806,0.0
1,557806,0.0
1,557806,0.0
1,557806,0.0
1,557806,0.0
1,557806,0.0
1,557806,0.0
1,557806,0.0
1,557821,0.0
1,557821,0.0
1,557821,Other
1,557821,0.0
1,557821,0.0
1,557821,0.0
1,557821,0.0
1,557821,0.0
1,557821,0.0
1,557821,0.0
1,557869,0.0
1,557869,0.0
1,557869,0.0
1,557869,0.0
1,557869,0.0
1,557869,0.0
1,557869,0.0
1,557869,0.0
1,557869,0.0
Other,557901,0.0
Other,557901,0.0
Other,557901,0.0
1,557941,0.0
1,557941,0.0
1,557941,0.0
1,557941,0.0
1,557941,0.0
Other,558211,0.0
Other,558211,0.0
1,558303,0.0
1,558303,0.0
1,558303,0.0
1,558303,0.0
1,558303,0.0
1,558303,0.0
1,558303,0.0
1,558303,0.0
3,558328,0.0
3,558328,0.0
Other,558479,0.0
Other,558479,0.0
Other,558479,0.0
3,558487,0.0
3,558487,0.0
3,558487,0.0
6,558758,0.0
1,558766,0.0
1,558766,0.0
1,558766,0.0
6,558770,0.0
1,558856,0.0
1,558856,0.0
1,558856,0.0
6,559087,Other
1,559103,Other
1,559103,0.0
6,559112,Other
1,559158,Other
1,559158,0.0
Other,559170,0.0
Other,559170,0.0
3,559239,0.0
3,559239,0.0
3,559239,0.0
3,559239,0.0
1,559292,0.0
1,559292,0.0
1,559292,0.0
1,559422,0.0
1,559422,0.0
1,559422,0.0
1,559422,0.0
1,559463,0.0
1,559463,0.0
1,559463,0.0
1,559463,0.0
6,559499,0.0
6,559694,0.0
2,559758,0.0
2,559758,0.0
2,559758,0.0
2,559758,0.0
2,559758,0.0
2,559776,Other
2,559776,0.0
Other,559814,0.0
Other,559814,0.0
3,559823,0.0
3,559823,0.0
3,559823,0.0
3,559823,0.0
6,559913,Other
1,559939,0.0
1,559939,0.0
1,559939,0.0
1,559963,0.0
1,559963,0.0
1,559976,0.0
1,559976,0.0
1,559976,0.0
1,559976,0.0
1,559976,0.0
1,559976,0.0
2,559993,0.0
2,559993,0.0
Other,560108,0.0
Other,560108,0.0
6,560333,0.0
Other,560398,Other
3,560474,0.0
3,560474,Other
1,560537,Other
1,560537,0.0
1,560548,0.0
1,560548,0.0
1,560548,0.0
1,560548,0.0
1,560548,0.0
1,560548,0.0
1,560566,0.0
1,560566,0.0
1,560566,0.0
1,560566,0.0
1,560590,0.0
1,560590,0.0
1,560590,0.0
1,560590,0.0
1,560590,0.0
6,560606,0.0
3,560902,0.0
3,560902,0.0
1,560940,0.0
1,560940,0.0
Other,560958,0.0
Other,560958,0.0
1,561013,0.0
1,561013,0.0
1,561013,0.0
1,561013,0.0
1,561095,0.0
1,561095,0.0
1,561118,0.0
1,561118,0.0
3,561131,0.0
3,561131,0.0
3,561131,0.0
1,561197,0.0
1,561197,0.0
1,561197,0.0
Other,561251,0.0
1,561280,0.0
1,561280,0.0
1,561280,0.0
1,561280,0.0
1,561280,0.0
6,561328,0.0
1,561348,Other
1,561348,Other
1,561580,0.0
1,561580,0.0
Other,561638,0.0
Other,561638,0.0
3,561721,0.0
3,561721,0.0
3,561721,0.0
3,561721,0.0
3,561721,0.0
3,561721,0.0
3,561721,0.0
3,561721,0.0
3,561721,0.0
2,561727,0.0
2,561727,Other
1,561729,0.0
1,561729,0.0
1,561729,0.0
Other,561750,0.0
Other,561750,0.0
1,561754,0.0
1,561754,0.0
1,561754,0.0
1,561754,0.0
1,561754,0.0
1,561816,0.0
1,561816,0.0
3,561869,0.0
3,561869,0.0
3,561869,0.0
3,561869,0.0
3,561870,0.0
3,561870,0.0
3,561870,0.0
3,561870,0.0
3,561870,0.0
Other,561912,0.0
3,561949,0.0
3,561949,0.0
3,561949,0.0
Other,561951,0.0
Other,561951,0.0
6,561989,Other
1,562089,0.0
1,562089,0.0
1,562089,0.0
1,562089,0.0
1,562100,Other
1,562100,Other
1,562100,0.0
1,562100,0.0
Other,562296,Other
1,562312,0.0
1,562312,Other
1,562312,0.0
1,562312,0.0
1,562408,0.0
1,562408,0.0
1,562408,0.0
1,562408,0.0
1,562408,0.0
3,562437,0.0
3,562437,0.0
1,562503,0.0
1,562503,0.0
1,562503,0.0
1,562523,0.0
1,562523,0.0
6,562540,Other
Other,562590,0.0
Other,562590,0.0
Other,562590,0.0
6,562625,0.0
2,562631,0.0
2,562631,0.0
Other,562819,0.0
Other,562878,0.0
Other,562878,0.0
1,562882,0.0
1,562882,Other
6,562929,0.0
6,563044,0.0
Other,563049,Other
1,563050,0.0
1,563050,0.0
1,563050,0.0
1,563050,0.0
1,563050,0.0
1,563050,0.0
1,563245,0.0
1,563245,0.0
1,563245,0.0
Other,563298,0.0
Other,563298,0.0
1,563382,0.0
1,563382,0.0
1,563397,Other
1,563397,0.0
1,563397,0.0
1,563397,0.0
6,563436,Other
Other,563547,0.0
1,563732,0.0
1,563732,0.0
1,563732,0.0
1,563732,0.0
6,563744,0.0
Other,563783,0.0
1,563895,Other
1,563895,0.0
1,563903,0.0
1,563903,0.0
2,563929,Other
2,563929,0.0
2,563929,0.0
2,563929,0.0
2,563929,0.0
2,564035,0.0
2,564035,0.0
2,564035,0.0
2,564035,0.0
3,564181,0.0
3,564181,0.0
3,564181,0.0
1,564197,0.0
1,564197,0.0
1,564214,0.0
1,564214,0.0
1,564231,Other
1,564231,Other
1,564315,0.0
1,564315,0.0
1,564316,0.0
1,564316,0.0
1,564316,0.0
1,564316,0.0
2,564398,0.0
2,564398,0.0
6,564432,0.0
1,564433,0.0
1,564433,0.0
1,564433,0.0
1,564433,0.0
1,564477,Other
1,564477,Other
1,564477,0.0
1,564477,0.0
2,564506,0.0
2,564506,0.0
2,564506,0.0
2,564506,0.0
2,564506,0.0
Other,564507,0.0
6,564610,0.0
1,564646,Other
1,564646,0.0
1,564646,0.0
1,564646,0.0
1,564646,0.0
1,564679,0.0
1,564679,0.0
1,564679,0.0
Other,564730,Other
1,564734,0.0
1,564734,0.0
1,564734,0.0
2,564876,0.0
2,564876,0.0
Other,564999,0.0
1,565060,0.0
1,565060,0.0
1,565060,0.0
1,565102,Other
1,565102,0.0
2,565105,0.0
2,565105,0.0
2,565105,0.0
1,565177,Other
1,565177,0.0
1,565177,0.0
1,565177,0.0
1,565177,0.0
1,565198,Other
1,565198,0.0
1,565198,0.0
1,565198,0.0
1,565198,0.0
1,565198,0.0
Other,565325,Other
6,565359,0.0
1,565375,0.0
1,565375,0.0
6,565400,Other
2,565467,0.0
2,565467,0.0
2,565467,0.0
6,565517,0.0
6,565570,Other
1,565677,0.0
1,565677,0.0
1,565677,0.0
1,565716,0.0
1,565716,0.0
1,565716,0.0
1,565716,0.0
1,565728,0.0
1,565728,0.0
1,565728,0.0
Other,565730,0.0
6,565746,0.0
2,565753,0.0
2,565753,0.0
Other,565872,Other
Other,565872,0.0
Other,565872,0.0
6,565921,0.0
3,566067,0.0
3,566067,0.0
3,566067,0.0
3,566067,0.0
6,566081,0.0
Other,566153,0.0
6,566159,Other
2,566270,Other
2,566270,0.0
2,566270,0.0
2,566270,0.0
Other,566317,0.0
Other,566317,0.0
3,566365,0.0
3,566365,0.0
Other,566386,0.0
Other,566386,0.0
2,566406,0.0
2,566406,0.0
2,566406,0.0
1,566458,0.0
1,566458,Other
1,566458,0.0
1,566458,0.0
1,566458,0.0
1,566458,0.0
6,566626,0.0
6,566715,0.0
Other,566735,0.0
3,566753,Other
3,566753,0.0
6,566771,Other
Other,566776,0.0
2,566782,0.0
2,566782,0.0
2,566782,0.0
2,566782,0.0
1,566872,0.0
1,566872,0.0
1,566872,0.0
1,566894,0.0
1,566894,0.0
1,566894,0.0
1,566894,0.0
1,566916,0.0
1,566916,0.0
1,566916,0.0
3,566918,0.0
3,566918,0.0
1,567008,0.0
1,567008,0.0
1,567028,0.0
1,567028,Other
6,567059,0.0
1,567074,0.0
1,567074,0.0
3,567152,0.0
3,567152,0.0
3,567152,0.0
6,567173,0.0
1,567209,0.0
1,567209,0.0
1,567209,0.0
1,567209,0.0
Other,567314,0.0
1,567315,0.0
1,567315,0.0
6,567328,0.0
1,567384,0.0
1,567384,0.0
1,567384,0.0
1,567384,0.0
1,567386,0.0
1,567386,0.0
3,567395,0.0
3,567395,0.0
1,567526,0.0
1,567526,0.0
3,567637,0.0
3,567637,0.0
3,567637,0.0
3,567637,0.0
6,567666,0.0
1,567820,0.0
1,567820,0.0
1,567820,0.0
1,567866,0.0
1,567866,0.0
1,567866,0.0
3,567895,0.0
3,567895,0.0
1,567954,0.0
1,567954,0.0
1,567954,0.0
1,568030,0.0
1,568030,0.0
1,568030,0.0
3,568046,0.0
3,568046,0.0
Other,568062,0.0
Other,568062,0.0
Other,568062,0.0
Other,568062,0.0
6,568161,0.0
3,568198,0.0
3,568198,0.0
3,568198,0.0
6,568201,0.0
Other,568240,0.0
Other,568240,0.0
1,568307,0.0
1,568307,0.0
1,568307,0.0
1,568307,0.0
1,568307,0.0
1,568307,Other
3,568366,0.0
3,568366,0.0
3,568366,0.0
3,568366,0.0
1,568480,Other
1,568480,Other
1,568487,0.0
1,568487,0.0
3,568532,0.0
3,568532,0.0
3,568532,0.0
3,568532,0.0
Other,568572,0.0
Other,568572,0.0
1,568592,0.0
1,568592,0.0
1,568592,0.0
1,568592,0.0
Other,568624,0.0
Other,568624,0.0
Other,568624,0.0
3,568692,0.0
3,568692,0.0
1,568699,0.0
1,568699,0.0
1,568699,0.0
1,568699,0.0
Other,568706,Other
Other,568706,0.0
Other,568706,0.0
1,568738,0.0
1,568738,0.0
1,568738,0.0
1,568738,0.0
6,568756,0.0
1,568765,0.0
1,568765,0.0
6,568834,0.0
Other,568836,0.0
6,568837,0.0
6,568914,0.0
3,568918,0.0
3,568918,0.0
1,568944,0.0
1,568944,0.0
1,568944,Other
1,568944,0.0
1,568944,0.0
Other,568955,0.0
Other,568955,0.0
Other,568967,0.0
6,569061,Other
1,569148,Other
1,569148,0.0
1,569148,0.0
1,569148,0.0
Other,569207,0.0
Other,569207,Other
Other,569207,0.0
1,569226,0.0
1,569226,0.0
Other,569261,0.0
Other,569261,0.0
1,569267,Other
1,569267,0.0
1,569267,0.0
1,569267,0.0
3,569316,0.0
3,569316,0.0
3,569316,0.0
2,569389,0.0
2,569389,0.0
2,569389,0.0
2,569389,0.0
1,569513,0.0
1,569513,0.0
1,569513,0.0
Other,569654,0.0
2,569684,0.0
2,569684,0.0
Other,569772,0.0
Other,569772,0.0
Other,570014,0.0
1,570047,0.0
1,570047,0.0
1,570047,0.0
3,570159,Other
3,570159,0.0
3,570159,0.0
3,570159,0.0
3,570166,0.0
3,570166,0.0
3,570166,0.0
Other,570338,Other
Other,570338,0.0
6,570358,0.0
Other,570372,0.0
1,570381,0.0
1,570381,0.0
1,570381,0.0
1,570381,0.0
Other,570400,0.0
1,570459,Other
1,570459,0.0
1,570459,0.0
1,570459,0.0
1,570459,0.0
1,570459,0.0
1,570461,Other
1,570461,0.0
1,570461,0.0
1,570461,0.0
1,570533,0.0
1,570533,0.0
1,570533,0.0
1,570533,0.0
1,570533,0.0
1,570533,0.0
3,570545,Other
3,570545,0.0
3,570545,0.0
3,570545,0.0
6,570578,0.0
1,570665,Other
1,570665,0.0
1,570713,Other
1,570713,0.0
1,570738,Other
1,570738,Other
1,570778,0.0
1,570778,0.0
Other,570786,0.0
Other,570786,0.0
Other,570799,0.0
Other,570823,0.0
3,570884,0.0
3,570884,0.0
3,570884,0.0
1,570892,0.0
1,570892,0.0
1,570892,0.0
1,570909,0.0
1,570909,0.0
Other,570936,0.0
3,570963,0.0
3,570963,0.0
3,570963,0.0
1,571091,0.0
1,571091,0.0
1,571091,0.0
1,571091,0.0
1,571125,0.0
1,571125,0.0
1,571125,0.0
1,571125,0.0
1,571126,0.0
1,571126,0.0
1,571126,0.0
Other,571163,0.0
6,571222,0.0
1,571378,0.0
1,571378,0.0
1,571378,0.0
1,571378,0.0
1,571387,Other
1,571387,Other
1,571387,0.0
Other,571484,0.0
Other,571484,0.0
6,571527,0.0
3,571565,0.0
3,571565,0.0
3,571565,0.0
1,571590,Other
1,571590,0.0
3,571619,0.0
3,571619,0.0
3,571619,0.0
3,571619,0.0
1,571651,0.0
1,571651,0.0
1,571651,0.0
1,571651,0.0
1,571651,0.0
Other,571713,0.0
Other,571713,Other
Other,571713,0.0
Other,571713,0.0
2,571748,0.0
2,571748,0.0
1,571825,0.0
1,571825,0.0
1,571825,0.0
1,571825,0.0
1,571825,0.0
1,571851,0.0
1,571851,0.0
Other,571987,0.0
6,572017,0.0
6,572036,0.0
1,572046,0.0
1,572046,0.0
1,572046,0.0
1,572046,0.0
1,572192,0.0
1,572192,Other
1,572192,0.0
1,572192,Other
6,572225,0.0
1,572279,0.0
1,572279,0.0
1,572279,0.0
6,572306,0.0
6,572457,0.0
1,572545,Other
1,572545,0.0
1,572545,0.0
1,572545,0.0
1,572545,0.0
3,572584,0.0
3,572584,0.0
3,572584,0.0
1,572632,0.0
1,572632,0.0
1,572632,0.0
1,572632,0.0
6,572641,0.0
1,572643,0.0
1,572643,0.0
1,572643,0.0
Other,572776,0.0
Other,572776,0.0
Other,572776,0.0
Other,572776,0.0
Other,572861,0.0
3,572977,0.0
3,572977,0.0
3,572977,0.0
3,572977,0.0
3,572977,0.0
6,573060,0.0
6,573079,0.0
Other,573137,0.0
Other,573137,0.0
3,573177,0.0
3,573177,0.0
6,573225,Other
3,573226,0.0
3,573226,0.0
3,573226,0.0
3,573226,0.0
3,573226,0.0
3,573226,0.0
1,573273,0.0
1,573273,0.0
1,573273,0.0
3,573304,0.0
3,573304,0.0
6,573329,0.0
3,573359,0.0
3,573359,0.0
3,573359,0.0
3,573359,0.0
1,573383,0.0
1,573383,0.0
1,573383,0.0
1,573383,0.0
1,573383,0.0
1,573383,0.0
Other,573421,0.0
Other,573421,0.0
1,573480,Other
1,573480,0.0
1,573480,Other
1,573480,0.0
1,573567,0.0
1,573567,0.0
1,573621,0.0
1,573621,0.0
1,573621,0.0
1,573621,0.0
1,573674,0.0
1,573674,0.0
Other,573683,0.0
Other,573683,0.0
2,573691,Other
2,573691,0.0
2,573691,0.0
Other,573981,0.0
1,574124,0.0
1,574124,0.0
1,574124,0.0
1,574124,0.0
1,574124,0.0
6,574174,0.0
3,574219,0.0
3,574219,0.0
3,574219,0.0
3,574219,0.0
3,574247,Other
3,574247,0.0
3,574247,0.0
3,574247,Other
1,574292,0.0
1,574292,0.0
1,574292,0.0
1,574292,0.0
6,574394,0.0
1,574455,0.0
1,574455,0.0
6,574496,0.0
3,574499,0.0
3,574499,0.0
3,574499,0.0
3,574499,0.0
1,574572,0.0
1,574572,0.0
1,574572,0.0
1,574572,0.0
6,574617,0.0
1,574618,0.0
1,574618,0.0
1,574618,0.0
1,574663,0.0
1,574663,0.0
1,574663,0.0
1,574663,0.0
1,574663,0.0
1,574663,0.0
3,574703,0.0
3,574703,0.0
6,574709,Other
3,574714,0.0
3,574714,0.0
3,574714,0.0
3,574756,0.0
3,574756,0.0
Other,574767,0.0
Other,574767,0.0
3,574783,0.0
3,574783,Other
3,574783,0.0
3,574783,0.0
1,574812,0.0
1,574812,0.0
1,574860,0.0
1,574860,0.0
1,574860,0.0
1,574860,0.0
1,574871,0.0
1,574871,0.0
1,574871,0.0
6,574875,0.0
1,574913,0.0
1,574913,0.0
1,574913,0.0
1,574913,0.0
1,574967,Other
1,574967,Other
1,574967,0.0
1,574967,0.0
Other,574989,Other
Other,574989,0.0
3,574991,0.0
3,574991,0.0
3,574991,0.0
3,574991,0.0
Other,575047,Other
Other,575047,0.0
1,575077,0.0
1,575077,Other
1,575077,0.0
1,575077,Other
1,575077,0.0
1,575121,Other
1,575121,0.0
Other,575135,0.0
Other,575135,0.0
1,575242,0.0
1,575242,0.0
1,575242,0.0
1,575242,0.0
1,575242,0.0
6,575359,0.0
6,575368,0.0
Other,575402,Other
1,575430,0.0
1,575430,0.0
3,575432,0.0
3,575432,0.0
1,575494,0.0
1,575494,0.0
1,575496,0.0
1,575496,0.0
1,575496,0.0
3,575700,0.0
3,575700,0.0
3,575700,0.0
3,575700,0.0
1,575722,0.0
1,575722,0.0
1,575722,0.0
1,575722,0.0
1,575722,0.0
6,575761,0.0
Other,575803,0.0
Other,575803,0.0
1,576016,0.0
1,576016,0.0
1,576016,0.0
1,576016,0.0
Other,576052,Other
Other,576099,0.0
Other,576168,Other
1,576256,0.0
1,576256,0.0
1,576256,0.0
1,576296,Other
1,576296,0.0
1,576296,0.0
1,576384,0.0
1,576384,0.0
1,576384,0.0
1,576384,0.0
1,576384,0.0
1,576384,0.0
1,576384,0.0
2,576536,0.0
2,576536,0.0
2,576536,0.0
2,576536,0.0
2,576536,0.0
2,576536,0.0
2,576536,0.0
2,576536,0.0
1,576572,0.0
1,576572,0.0
3,576576,0.0
3,576576,0.0
3,576576,0.0
1,576586,0.0
1,576586,0.0
1,576586,0.0
Other,576594,0.0
1,576765,0.0
1,576765,0.0
1,576765,0.0
3,576867,0.0
3,576867,0.0
Other,576877,0.0
Other,577026,Other
Other,577044,0.0
Other,577044,0.0
2,577050,Other
2,577050,0.0
2,577050,0.0
2,577050,0.0
6,577284,0.0
1,577315,0.0
1,577315,0.0
Other,577320,0.0
Other,577356,Other
1,577384,0.0
1,577384,0.0
1,577384,0.0
1,577384,0.0
1,577384,0.0
1,577384,0.0
1,577384,0.0
1,577384,0.0
Other,577407,0.0
Other,577407,0.0
Other,577407,0.0
Other,577436,0.0
Other,577436,0.0
6,577479,0.0
1,577480,0.0
1,577480,0.0
1,577480,0.0
1,577480,0.0
Other,577511,0.0
Other,577540,0.0
1,577585,Other
1,577585,0.0
1,577585,0.0
3,577659,0.0
3,577659,0.0
1,577688,0.0
1,577688,0.0
Other,577850,Other
6,577857,0.0
Other,577886,Other
3,577911,0.0
3,577911,0.0
3,577911,0.0
3,577911,0.0
1,577935,0.0
1,577935,0.0
1,577935,0.0
Other,577959,0.0
Other,577959,0.0
6,578112,0.0
2,578130,Other
2,578130,0.0
2,578130,0.0
2,578130,0.0
2,578130,0.0
2,578130,0.0
1,578193,0.0
1,578193,0.0
1,578193,0.0
1,578193,0.0
1,578193,0.0
1,578193,0.0
1,578193,0.0
1,578193,0.0
1,578193,0.0
Other,578270,0.0
1,578278,0.0
1,578278,Other
1,578305,0.0
1,578305,0.0
1,578408,0.0
1,578408,0.0
1,578408,0.0
1,578408,0.0
6,578455,Other
6,578493,0.0
Other,578557,0.0
Other,578557,0.0
3,578561,0.0
3,578561,0.0
3,578561,0.0
6,578589,0.0
6,578614,0.0
Other,578717,Other
Other,578764,Other
6,578779,0.0
1,578832,0.0
1,578832,0.0
1,578832,0.0
6,578863,0.0
Other,578870,0.0
1,578936,0.0
1,578936,0.0
1,578936,0.0
1,579070,0.0
1,579070,0.0
1,579070,0.0
1,579109,0.0
1,579109,0.0
1,579109,0.0
1,579195,0.0
1,579195,0.0
1,579195,0.0
1,579195,0.0
Other,579250,0.0
1,579289,0.0
1,579289,0.0
1,579289,0.0
1,579289,0.0
1,579289,0.0
1,579289,0.0
1,579289,0.0
1,579289,0.0
1,579289,0.0
3,579298,0.0
3,579298,0.0
1,579458,Other
1,579458,0.0
1,579646,0.0
1,579646,0.0
1,579646,0.0
1,579646,0.0
1,579646,0.0
Other,579660,0.0
Other,579725,0.0
Other,579725,0.0
6,579834,Other
Other,579884,0.0
6,579968,0.0
Other,579978,Other
6,580039,0.0
1,580051,0.0
1,580051,0.0
1,580051,0.0
1,580051,0.0
Other,580075,0.0
Other,580075,0.0
1,580100,0.0
1,580100,0.0
1,580100,0.0
3,580110,0.0
3,580110,0.0
3,580110,0.0
3,580110,0.0
6,580145,Other
1,580164,0.0
1,580164,0.0
Other,580258,0.0
Other,580258,0.0
1,580280,0.0
1,580280,0.0
3,580295,0.0
3,580295,0.0
1,580331,0.0
1,580331,0.0
1,580331,0.0
1,580331,0.0
1,580394,0.0
1,580394,0.0
1,580394,0.0
1,580394,0.0
Other,580457,0.0
1,580527,0.0
1,580527,0.0
1,580527,0.0
1,580527,0.0
1,580527,0.0
1,580527,0.0
1,580527,0.0
1,580527,0.0
6,580594,0.0
1,580672,Other
1,580672,0.0
1,580672,0.0
3,580706,0.0
3,580706,0.0
Other,580707,Other
Other,580707,Other
Other,580707,0.0
Other,580707,0.0
Other,580707,0.0
Other,580707,Other
3,580719,0.0
3,580719,0.0
3,580719,0.0
1,580724,0.0
1,580724,0.0
1,580724,0.0
Other,580771,0.0
Other,580771,0.0
Other,580785,Other
3,580878,Other
3,580878,0.0
3,580878,0.0
Other,580911,0.0
Other,580911,0.0
Other,580911,0.0
Other,580911,0.0
6,580920,0.0
Other,580936,0.0
Other,580972,0.0
6,580973,0.0
Other,581012,0.0
Other,581012,0.0
Other,581041,0.0
3,581131,0.0
3,581131,0.0
3,581292,0.0
3,581292,0.0
3,581292,0.0
3,581292,0.0
3,581292,0.0
3,581292,0.0
3,581292,0.0
3,581292,0.0
1,581362,0.0
1,581362,0.0
1,581392,0.0
1,581392,0.0
1,581392,0.0
3,581564,0.0
3,581564,0.0
3,581564,0.0
3,581564,0.0
3,581564,0.0
1,581584,0.0
1,581584,0.0
1,581584,0.0
1,581584,0.0
1,581584,0.0
1,581584,0.0
Other,581637,0.0
Other,581637,0.0
2,581647,Other
2,581647,0.0
2,581647,0.0
2,581647,0.0
6,581658,Other
6,581668,Other
6,581692,0.0
1,581811,0.0
1,581811,0.0
1,581811,0.0
1,581811,0.0
6,581833,0.0
Other,581853,Other
1,582017,0.0
1,582017,0.0
1,582017,0.0
1,582017,0.0
1,582017,0.0
1,582017,0.0
1,582057,0.0
1,582057,0.0
6,582065,0.0
6,582073,0.0
1,582196,0.0
1,582196,0.0
1,582196,0.0
Other,582278,0.0
Other,582281,0.0
1,582313,0.0
1,582313,0.0
1,582330,0.0
1,582330,0.0
1,582357,0.0
1,582357,0.0
1,582357,0.0
1,582357,0.0
6,582365,0.0
1,582422,Other
1,582422,0.0
1,582422,0.0
1,582422,0.0
1,582443,0.0
1,582443,Other
1,582443,0.0
1,582606,0.0
1,582606,0.0
1,582606,0.0
1,582606,0.0
6,582795,0.0
1,582799,0.0
1,582799,0.0
1,582799,0.0
1,582799,0.0
1,582799,0.0
1,582799,0.0
1,583018,0.0
1,583018,0.0
1,583018,0.0
1,583018,0.0
1,583064,Other
1,583064,Other
1,583064,0.0
1,583064,0.0
Other,583071,0.0
1,583082,0.0
1,583082,0.0
1,583082,0.0
1,583082,0.0
1,583082,Other
6,583196,Other
1,583212,0.0
1,583212,0.0
1,583212,0.0
6,583371,Other
Other,583381,0.0
Other,583381,0.0
Other,583381,0.0
6,583405,0.0
3,583423,0.0
3,583423,0.0
1,583481,0.0
1,583481,0.0
1,583481,0.0
1,583481,0.0
6,583592,0.0
1,583684,0.0
1,583684,0.0
3,583687,0.0
3,583687,0.0
3,583687,0.0
3,583693,Other
3,583693,0.0
3,583693,0.0
3,583720,0.0
3,583720,0.0
3,583720,0.0
1,583768,0.0
1,583768,0.0
1,583768,0.0
1,583768,0.0
1,583795,0.0
1,583795,0.0
1,583795,0.0
1,583795,0.0
1,583795,0.0
3,583804,0.0
3,583804,0.0
1,583850,Other
1,583850,Other
1,583891,0.0
1,583891,0.0
1,583909,0.0
1,583909,0.0
1,583909,0.0
1,583909,0.0
1,583909,0.0
Other,583920,0.0
3,584088,0.0
3,584088,0.0
3,584088,0.0
3,584088,0.0
3,584088,0.0
1,584089,0.0
1,584089,0.0
1,584089,0.0
1,584089,0.0
2,584458,0.0
2,584458,Other
2,584458,0.0
1,584485,Other
1,584485,0.0
1,584655,0.0
1,584655,0.0
1,584655,0.0
6,584677,Other
1,584726,0.0
1,584726,0.0
1,584726,0.0
1,584726,0.0
1,584734,0.0
1,584734,0.0
1,584803,0.0
1,584803,Other
1,584803,0.0
1,584803,0.0
1,584855,0.0
1,584855,0.0
1,584855,0.0
1,584860,0.0
1,584860,0.0
1,584860,0.0
Other,584862,0.0
Other,584950,0.0
1,584958,Other
1,584958,0.0
2,585046,0.0
2,585046,0.0
2,585046,0.0
2,585046,0.0
1,585091,0.0
1,585091,0.0
6,585214,Other
Other,585267,0.0
Other,585267,0.0
6,585289,0.0
6,585306,0.0
1,585322,Other
1,585322,Other
1,585417,Other
1,585417,0.0
1,585417,Other
1,585417,0.0
1,585417,0.0
1,585417,0.0
Other,585419,0.0
Other,585419,0.0
Other,585419,0.0
1,585543,0.0
1,585543,0.0
6,585587,0.0
3,585614,0.0
3,585614,0.0
3,585614,0.0
1,585622,0.0
1,585622,0.0
Other,585638,0.0
Other,585638,0.0
3,585660,0.0
3,585660,0.0
3,585660,0.0
3,585670,Other
3,585670,0.0
3,585670,0.0
3,585670,0.0
1,585697,0.0
1,585697,0.0
1,585697,0.0
6,585722,0.0
2,585731,0.0
2,585731,0.0
2,585731,0.0
2,585731,0.0
2,585731,0.0
2,585731,0.0
1,585764,0.0
1,585764,0.0
1,585764,0.0
1,585764,0.0
1,585764,0.0
1,585764,0.0
1,585764,0.0
3,585969,0.0
3,585969,0.0
1,586061,0.0
1,586061,0.0
Other,586110,Other
Other,586147,0.0
1,586166,0.0
1,586166,0.0
6,586198,0.0
1,586270,0.0
1,586270,0.0
Other,586317,0.0
Other,586317,0.0
Other,586408,0.0
6,586414,0.0
1,586444,0.0
1,586444,0.0
1,586462,Other
1,586462,0.0
1,586497,0.0
1,586497,0.0
1,586497,0.0
1,586497,0.0
1,586497,0.0
1,586497,0.0
1,586497,0.0
1,586497,0.0
1,586497,0.0
1,586699,0.0
1,586699,0.0
1,586699,0.0
1,586699,0.0
1,586699,0.0
1,586817,Other
1,586817,Other
1,586817,0.0
1,586817,0.0
1,586919,0.0
1,586919,0.0
2,587006,0.0
2,587006,0.0
2,587006,0.0
1,587021,0.0
1,587021,0.0
1,587021,0.0
1,587021,0.0
1,587021,0.0
Other,587197,0.0
6,587273,0.0
Other,587290,Other
1,587468,0.0
1,587468,0.0
1,587468,0.0
1,587563,0.0
1,587563,0.0
1,587563,0.0
1,587563,0.0
1,587563,0.0
Other,587601,0.0
1,587623,0.0
1,587623,0.0
1,587623,0.0
1,587623,0.0
3,587839,0.0
3,587839,0.0
1,587917,Other
1,587917,0.0
1,587917,0.0
1,587917,0.0
6,587942,0.0
6,587964,Other
Other,588004,0.0
Other,588004,0.0
1,588162,0.0
1,588162,0.0
1,588173,0.0
1,588173,0.0
Other,588177,0.0
1,588197,0.0
1,588197,0.0
1,588197,0.0
1,588197,0.0
1,588197,0.0
1,588197,0.0
1,588197,0.0
1,588197,0.0
2,588206,0.0
2,588206,0.0
2,588206,0.0
6,588211,0.0
2,588270,0.0
2,588270,0.0
6,588282,0.0
Other,588341,0.0
1,588376,Other
1,588376,0.0
1,588376,0.0
1,588376,Other
1,588376,0.0
3,588378,0.0
3,588378,0.0
1,588386,0.0
1,588386,0.0
6,588563,0.0
Other,588579,0.0
6,588596,0.0
6,588678,0.0
1,588683,0.0
1,588683,0.0
1,588683,0.0
1,588683,0.0
Other,588812,0.0
3,588911,0.0
3,588911,0.0
3,589095,0.0
3,589095,0.0
Other,589125,0.0
Other,589266,0.0
1,589267,0.0
1,589267,0.0
1,589267,0.0
1,589267,0.0
6,589280,0.0
1,589310,0.0
1,589310,0.0
Other,589435,0.0
1,589580,Other
1,589580,0.0
1,589580,0.0
1,589580,0.0
Other,589587,Other
Other,589587,0.0
Other,589587,0.0
Other,589587,0.0
1,589677,0.0
1,589677,0.0
1,589714,0.0
1,589714,0.0
1,589714,0.0
3,589734,0.0
3,589734,0.0
3,589734,0.0
3,589734,0.0
Other,589743,0.0
6,589793,0.0
2,589801,0.0
2,589801,0.0
1,589804,0.0
1,589804,Other
2,589814,0.0
2,589814,0.0
3,590086,Other
3,590086,Other
6,590106,0.0
Other,590242,Other
Other,590298,0.0
1,590314,0.0
1,590314,0.0
1,590314,0.0
3,590370,0.0
3,590370,0.0
3,590370,0.0
3,590370,0.0
Other,590423,0.0
Other,590423,0.0
1,590453,0.0
1,590453,0.0
1,590453,0.0
6,590487,0.0
Other,590524,0.0
6,590533,0.0
Other,590645,0.0
1,590677,0.0
1,590677,0.0
1,590677,0.0
1,590677,0.0
1,590743,0.0
1,590743,0.0
1,590743,0.0
1,590743,0.0
3,590758,0.0
3,590758,0.0
3,590758,0.0
3,590758,0.0
3,590758,0.0
1,590868,0.0
1,590868,0.0
1,590868,0.0
Other,590940,0.0
1,590945,0.0
1,590945,0.0
1,590945,0.0
1,590945,0.0
6,591030,0.0
1,591077,0.0
1,591077,0.0
6,591099,0.0
3,591247,0.0
3,591247,0.0
1,591303,0.0
1,591303,Other
1,591381,0.0
1,591381,0.0
1,591381,0.0
1,591381,0.0
1,591381,0.0
1,591381,0.0
Other,591471,Other
1,591534,0.0
1,591534,0.0
1,591534,0.0
Other,591552,0.0
Other,591552,0.0
Other,591552,0.0
1,591654,0.0
1,591654,0.0
1,591654,0.0
1,591654,0.0
1,591654,0.0
3,591759,0.0
3,591759,0.0
3,591759,0.0
3,591759,0.0
1,591768,0.0
1,591768,0.0
1,591768,0.0
1,591768,0.0
Other,591992,0.0
6,591995,0.0
1,592066,0.0
1,592066,0.0
1,592066,0.0
1,592078,0.0
1,592078,0.0
1,592078,0.0
1,592078,0.0
1,592141,0.0
1,592141,0.0
1,592141,0.0
1,592196,0.0
1,592196,0.0
1,592196,0.0
1,592196,0.0
1,592196,0.0
1,592196,0.0
1,592196,0.0
1,592209,0.0
1,592209,0.0
1,592209,0.0
1,592209,0.0
1,592209,0.0
6,592251,Other
6,592260,Other
1,592286,0.0
1,592286,0.0
1,592286,0.0
Other,592340,Other
1,592368,0.0
1,592368,0.0
1,592378,0.0
1,592378,0.0
1,592378,0.0
1,592378,0.0
1,592378,0.0
1,592378,0.0
3,592393,0.0
3,592393,0.0
3,592393,0.0
3,592393,0.0
3,592393,0.0
3,592393,0.0
2,592404,0.0
2,592404,0.0
2,592404,0.0
2,592404,0.0
2,592404,0.0
2,592404,0.0
1,592499,0.0
1,592499,0.0
1,592499,0.0
1,592499,0.0
1,592499,0.0
1,592499,0.0
1,592499,0.0
2,592514,0.0
2,592514,0.0
2,592514,0.0
2,592514,0.0
Other,592604,Other
6,592731,0.0
Other,592732,0.0
6,592752,0.0
3,592824,0.0
3,592824,0.0
3,592837,0.0
3,592837,0.0
3,592837,0.0
3,592837,0.0
Other,592849,0.0
Other,592849,0.0
1,592881,0.0
1,592881,0.0
2,592914,0.0
2,592914,0.0
1,592933,0.0
1,592933,0.0
1,592933,0.0
1,592933,0.0
Other,592978,0.0
1,593014,Other
1,593014,0.0
3,593034,0.0
3,593034,0.0
Other,593046,0.0
1,593068,Other
1,593068,0.0
1,593068,0.0
1,593068,Other
1,593068,0.0
1,593068,0.0
1,593068,0.0
1,593068,0.0
1,593068,0.0
1,593068,0.0
1,593068,Other
1,593068,Other
1,593068,0.0
1,593079,Other
1,593079,Other
Other,593099,0.0
Other,593099,0.0
Other,593102,Other
Other,593164,0.0
Other,593164,0.0
3,593211,Other
3,593211,0.0
3,593211,0.0
Other,593233,0.0
Other,593233,0.0
1,593253,0.0
1,593253,0.0
1,593253,0.0
1,593253,0.0
6,593358,0.0
6,593374,0.0
1,593380,0.0
1,593380,0.0
6,593458,0.0
1,593498,0.0
1,593498,0.0
1,593588,Other
1,593588,Other
1,593588,0.0
1,593732,0.0
1,593732,0.0
1,593732,0.0
1,593732,0.0
1,593781,Other
1,593781,0.0
1,593781,0.0
1,593781,0.0
Other,593820,0.0
6,594113,Other
Other,594185,0.0
1,594208,0.0
1,594208,0.0
1,594208,0.0
1,594225,Other
1,594225,Other
1,594225,0.0
1,594310,0.0
1,594310,0.0
1,594310,0.0
1,594310,0.0
2,594339,0.0
2,594339,0.0
6,594340,0.0
3,594369,0.0
3,594369,0.0
3,594369,0.0
Other,594440,Other
Other,594440,0.0
Other,594440,0.0
Other,594473,0.0
1,594495,0.0
1,594495,0.0
1,594608,0.0
1,594608,0.0
1,594608,0.0
1,594613,0.0
1,594613,0.0
Other,594648,0.0
Other,594648,0.0
Other,594648,0.0
6,594673,0.0
6,594977,Other
1,594984,0.0
1,594984,0.0
1,594984,0.0
1,594984,0.0
3,595002,0.0
3,595002,0.0
3,595002,0.0
3,595002,0.0
1,595047,0.0
1,595047,0.0
1,595069,0.0
1,595069,0.0
1,595069,0.0
1,595069,0.0
1,595069,0.0
1,595069,0.0
1,595069,0.0
1,595069,0.0
1,595069,0.0
1,595069,0.0
1,595069,0.0
1,595069,0.0
Other,595088,0.0
Other,595088,0.0
1,595097,0.0
1,595097,0.0
6,595176,0.0
6,595235,0.0
Other,595241,0.0
3,595291,Other
3,595291,0.0
3,595291,Other
Other,595327,Other
1,595405,0.0
1,595405,0.0
1,595405,0.0
1,595405,0.0
1,595405,0.0
1,595405,0.0
3,595468,0.0
3,595468,0.0
3,595468,0.0
3,595468,0.0
3,595468,0.0
Other,595574,0.0
3,595598,0.0
3,595598,0.0
3,595598,0.0
Other,595806,0.0
3,595885,0.0
3,595885,0.0
1,595910,Other
1,595910,0.0
1,595910,0.0
1,595910,0.0
1,595910,0.0
1,595910,0.0
1,595910,0.0
1,595910,0.0
1,595910,0.0
1,595910,0.0
1,595910,0.0
1,595910,0.0
1,595910,0.0
1,595910,0.0
1,595910,0.0
1,595936,0.0
1,596977,0.0
1,595936,0.0
1,595936,0.0
1,595936,0.0
Other,595938,0.0
1,595967,0.0
1,595967,0.0
6,595969,0.0
2,596092,0.0
2,596092,0.0
2,596092,0.0
2,596092,0.0
Other,596122,0.0
Other,596216,0.0
Other,596235,0.0
3,596354,0.0
3,596354,0.0
3,596354,0.0
Other,596373,0.0
2,596388,0.0
2,596388,0.0
1,596413,0.0
1,596413,0.0
1,596413,0.0
3,596449,0.0
3,596449,0.0
3,596449,0.0
3,596449,0.0
6,596510,0.0
3,596549,0.0
3,596549,0.0
3,596551,Other
3,596551,0.0
3,596569,0.0
3,596569,0.0
3,596673,0.0
3,596673,0.0
3,596673,0.0
3,596709,0.0
3,596709,0.0
3,596709,0.0
1,596763,0.0
1,596763,Other
6,596935,Other
1,596977,0.0
1,597043,0.0
1,597043,0.0
1,597043,0.0
1,597043,0.0
Other,597072,0.0
1,597088,0.0
1,597088,0.0
1,597117,0.0
1,597117,0.0
6,597318,Other
6,597323,Other
1,597325,0.0
1,597325,0.0
3,597352,0.0
3,597352,0.0
1,597463,0.0
1,597463,0.0
1,597463,0.0
1,597463,0.0
1,597463,0.0
1,597463,0.0
6,597466,Other
3,597621,0.0
3,597621,0.0
3,597717,0.0
3,597717,0.0
1,597925,Other
1,597925,Other
Other,598051,0.0
Other,598051,0.0
1,598052,0.0
1,598052,0.0
1,598052,0.0
Other,598090,0.0
6,598134,0.0
3,598164,Other
3,598164,Other
3,598212,0.0
3,598212,0.0
3,598212,0.0
3,598212,0.0
3,598317,0.0
3,598317,0.0
3,598317,0.0
3,598317,0.0
1,598370,0.0
1,598370,Other
1,598370,0.0
1,598370,0.0
1,598370,0.0
1,598370,0.0
Other,598510,0.0
Other,598577,0.0
6,598605,0.0
1,598627,0.0
1,598627,0.0
1,598627,0.0
3,598641,0.0
3,598641,0.0
Other,598702,0.0
Other,598702,0.0
1,598804,0.0
1,598804,0.0
1,598804,0.0
1,598804,0.0
3,598937,0.0
3,598937,0.0
3,598937,0.0
3,598937,0.0
3,598937,0.0
6,598973,0.0
6,598987,0.0
1,599016,0.0
1,599016,0.0
1,599179,0.0
1,599179,0.0
1,599179,Other
1,599195,0.0
1,599195,0.0
1,599195,0.0
1,599195,0.0
1,599195,0.0
1,599195,0.0
Other,599227,0.0
1,599348,0.0
1,599348,0.0
1,599348,0.0
1,599349,Other
1,599349,0.0
1,599349,0.0
1,599349,0.0
1,599358,0.0
1,599358,0.0
1,599358,0.0
1,599362,0.0
1,599362,Other
1,599362,0.0
1,599383,0.0
1,599383,0.0
1,599383,0.0
1,599383,0.0
1,599383,0.0
Other,599445,0.0
1,599446,0.0
1,599446,0.0
1,599446,0.0
1,599446,0.0
6,599455,0.0
1,599509,0.0
1,599509,0.0
1,599509,0.0
1,599509,0.0
1,599509,0.0
1,599660,Other
1,599660,Other
3,599839,0.0
3,599839,0.0
3,599839,0.0
6,599844,Other
Other,599955,Other
Other,600069,0.0
Other,600069,0.0
6,600077,0.0
3,600127,0.0
3,600127,0.0
3,600127,0.0
3,600127,0.0
3,600184,0.0
3,600184,0.0
3,600184,0.0
1,600204,Other
1,600204,Other
1,600204,0.0
1,600204,Other
1,600204,0.0
2,600209,0.0
2,600209,0.0
2,600209,0.0
1,600231,0.0
1,600231,0.0
1,600231,0.0
1,600231,0.0
3,600261,0.0
3,600261,0.0
3,600261,0.0
1,600283,0.0
1,600283,0.0
1,600283,0.0
1,600283,0.0
6,600289,Other
2,600324,0.0
2,600324,0.0
2,600324,0.0
2,600324,0.0
2,600324,0.0
1,600426,0.0
1,600426,0.0
1,600426,0.0
1,600426,0.0
1,600430,0.0
1,600430,0.0
3,600542,0.0
3,600542,0.0
1,600587,0.0
1,600587,0.0
6,600721,0.0
6,600770,Other
6,600803,0.0
1,600855,0.0
1,600855,0.0
1,600855,0.0
Other,600860,0.0
Other,600860,0.0
Other,600870,0.0
Other,600870,0.0
Other,600879,Other
3,600893,0.0
3,600893,0.0
3,600893,0.0
1,600913,0.0
1,600913,0.0
1,600913,0.0
Other,600938,0.0
6,600972,0.0
1,601015,0.0
1,601015,0.0
Other,601028,0.0
3,601079,0.0
3,601079,0.0
3,601079,0.0
3,601079,0.0
3,601079,0.0
6,601080,0.0
6,601096,0.0
Other,601102,0.0
1,601136,0.0
1,601136,0.0
Other,601181,0.0
3,601183,0.0
3,601183,0.0
3,601183,0.0
3,601183,0.0
3,601183,0.0
6,601213,0.0
2,601218,0.0
2,601218,0.0
1,601255,0.0
1,601255,0.0
1,601255,0.0
1,601465,0.0
1,601465,0.0
3,601469,0.0
3,601469,0.0
3,601469,0.0
3,601497,0.0
3,601497,0.0
3,601497,0.0
3,601497,0.0
Other,601520,Other
Other,601574,0.0
3,601649,0.0
3,601649,0.0
3,601649,0.0
3,601649,0.0
3,601649,0.0
3,601649,0.0
3,601649,0.0
3,601649,0.0
Other,601656,0.0
6,601679,0.0
1,601690,0.0
1,601690,0.0
1,601690,0.0
1,601690,0.0
1,601690,0.0
3,601698,0.0
3,601698,0.0
3,601698,0.0
6,601702,0.0
3,601712,0.0
3,601712,0.0
3,601712,0.0
1,601736,0.0
1,601736,0.0
1,601819,0.0
1,601819,0.0
1,601819,0.0
1,601819,0.0
Other,601851,Other
1,601947,0.0
1,601947,0.0
1,601947,0.0
1,601947,0.0
1,601947,0.0
1,601947,0.0
1,601947,0.0
1,601947,0.0
6,602014,Other
3,602066,0.0
3,602066,0.0
3,602066,0.0
Other,602076,0.0
Other,602076,0.0
3,602149,0.0
3,602149,0.0
3,602149,0.0
3,602149,0.0
3,602149,0.0
2,602152,0.0
2,602152,0.0
2,602152,0.0
1,602268,Other
1,602268,Other
6,602285,0.0
3,602294,0.0
3,602294,0.0
1,602381,0.0
1,602381,0.0
1,602381,0.0
1,602381,0.0
1,602381,0.0
1,602390,Other
1,602390,0.0
1,602430,0.0
1,602430,0.0
1,602430,0.0
Other,602471,Other
1,602513,0.0
1,602513,0.0
1,602513,0.0
1,602513,0.0
3,602538,0.0
3,602538,0.0
1,602721,0.0
1,602721,0.0
1,602721,0.0
1,602721,0.0
1,602721,0.0
1,602721,0.0
6,602747,0.0
1,602762,0.0
1,602762,0.0
1,602762,0.0
1,602762,0.0
1,602762,0.0
3,602875,0.0
3,602875,0.0
3,602875,0.0
Other,603281,0.0
1,603341,0.0
1,603341,0.0
1,603341,0.0
1,603341,0.0
6,603507,0.0
2,603510,0.0
2,603510,0.0
2,603510,0.0
2,603510,0.0
3,603627,0.0
3,603627,0.0
3,603627,0.0
6,603713,Other
3,603787,0.0
3,603787,0.0
3,603787,0.0
1,603881,Other
1,603881,Other
1,603881,0.0
1,603881,0.0
1,603910,Other
1,603910,0.0
1,603910,0.0
1,603910,0.0
1,603912,0.0
1,603912,0.0
1,603912,0.0
1,603912,0.0
1,603928,Other
1,603928,0.0
1,604009,Other
1,604009,0.0
1,604093,0.0
1,604093,0.0
1,604093,0.0
1,604093,0.0
1,604093,0.0
1,604093,0.0
1,604093,0.0
3,604097,0.0
3,604097,0.0
6,604099,Other
3,604158,0.0
3,604158,0.0
3,604158,0.0
3,604158,0.0
1,604187,0.0
1,604187,0.0
1,604187,0.0
6,604195,0.0
1,604209,0.0
1,604209,0.0
1,604209,0.0
1,604209,0.0
1,604209,0.0
1,604209,Other
3,604280,0.0
3,604280,0.0
3,604280,0.0
Other,604292,0.0
Other,604292,0.0
3,604331,0.0
3,604331,0.0
6,604404,0.0
1,604689,0.0
1,604689,0.0
1,604689,0.0
2,604714,0.0
2,604714,0.0
2,604714,0.0
3,604822,0.0
3,604822,0.0
3,604822,0.0
3,604822,0.0
3,604824,Other
3,604824,0.0
6,604835,0.0
1,604856,0.0
1,604856,0.0
1,604896,0.0
1,604896,0.0
1,604896,0.0
1,604896,0.0
1,604920,0.0
1,604920,0.0
1,604920,0.0
1,604920,0.0
Other,604985,0.0
Other,604985,0.0
Other,605009,0.0
Other,605035,0.0
Other,605035,0.0
Other,605035,0.0
Other,605046,0.0
Other,605046,0.0
Other,605134,0.0
Other,605134,0.0
Other,605134,0.0
6,605306,0.0
2,605342,Other
2,605342,0.0
2,605342,0.0
1,605404,0.0
1,605404,0.0
1,605404,0.0
3,605408,0.0
3,605408,0.0
3,605408,0.0
3,605408,0.0
3,605408,0.0
3,605408,0.0
3,605408,0.0
Other,605411,0.0
Other,605411,0.0
6,605496,0.0
1,605562,0.0
1,605562,0.0
1,605562,0.0
Other,605617,0.0
Other,605629,0.0
Other,605629,0.0
6,605675,0.0
1,605726,0.0
1,605726,0.0
1,605726,0.0
1,605761,0.0
1,605761,0.0
1,605761,0.0
1,605761,0.0
1,605761,0.0
1,605761,0.0
1,605761,0.0
Other,605816,0.0
2,605826,0.0
2,605826,0.0
Other,605974,0.0
3,605994,0.0
3,605994,0.0
Other,606005,Other
6,606067,0.0
Other,606257,0.0
Other,606397,0.0
6,606555,Other
Other,606624,0.0
Other,606624,0.0
Other,606924,0.0
Other,607021,0.0
Other,607065,0.0
Other,607065,0.0
Other,607100,0.0
Other,607100,0.0
1,607148,Other
1,607148,0.0
1,607169,0.0
1,607169,0.0
1,607169,0.0
1,607169,0.0
1,607169,0.0
1,607169,0.0
1,607169,0.0
1,607169,0.0
3,607187,0.0
3,607187,0.0
Other,607381,0.0
Other,607381,0.0
2,607528,0.0
2,607528,0.0
2,607528,0.0
1,607549,0.0
1,607549,0.0
1,607549,0.0
1,607549,0.0
6,607561,0.0
6,607562,0.0
6,607585,Other
1,607608,Other
1,607608,0.0
1,607618,Other
1,607618,0.0
1,607618,0.0
1,607618,0.0
Other,607840,0.0
Other,607840,0.0
2,607887,0.0
2,607887,0.0
1,607987,0.0
1,607987,0.0
1,607987,0.0
Other,607994,Other
Other,607994,0.0
Other,607994,0.0
1,608027,0.0
1,608027,0.0
1,608027,0.0
1,608027,0.0
1,608027,0.0
Other,608236,0.0
3,608270,0.0
3,608270,0.0
1,608362,0.0
1,608362,0.0
1,608363,Other
1,608363,Other
1,608363,0.0
1,608363,0.0
1,608363,0.0
1,608363,0.0
1,608363,Other
3,608411,0.0
3,608411,0.0
3,608430,0.0
3,608430,0.0
6,608527,0.0
1,608530,0.0
1,608530,Other
1,608596,0.0
1,608596,0.0
1,608596,0.0
6,608628,0.0
6,608642,0.0
Other,608645,0.0
Other,608649,0.0
6,608699,0.0
6,608713,0.0
Other,608716,0.0
Other,608716,0.0
Other,608781,0.0
3,608782,0.0
3,608782,0.0
3,608782,0.0
1,608830,0.0
1,608830,0.0
1,608830,0.0
1,608830,0.0
1,608830,0.0
1,608877,0.0
1,608877,0.0
1,608877,0.0
1,608877,0.0
3,608878,0.0
3,608878,0.0
3,608878,0.0
Other,608886,0.0
1,608894,Other
1,608894,0.0
1,608894,0.0
1,608894,0.0
1,608894,0.0
1,608894,0.0
2,608906,0.0
2,608906,0.0
2,608906,0.0
1,608990,Other
1,608990,Other
6,609065,Other
Other,609170,0.0
2,609237,0.0
2,609237,0.0
3,609488,0.0
3,609488,0.0
3,609488,0.0
1,609493,0.0
1,609493,0.0
1,609493,0.0
1,609545,0.0
1,609545,0.0
1,609545,0.0
1,609545,0.0
1,609545,0.0
1,609545,0.0
1,609558,0.0
1,609558,0.0
1,609558,0.0
1,609558,0.0
1,609558,0.0
1,609575,0.0
1,609575,0.0
1,609575,0.0
1,609575,0.0
1,609575,0.0
1,609575,0.0
Other,609594,0.0
Other,609594,0.0
Other,609594,0.0
Other,609594,Other
1,609618,0.0
1,609618,0.0
1,609618,0.0
1,609618,0.0
1,609618,0.0
1,609618,0.0
1,609618,0.0
1,609619,0.0
1,609619,0.0
1,609619,0.0
1,609619,0.0
1,609673,0.0
1,609673,0.0
1,609673,0.0
1,609673,0.0
1,609673,0.0
1,609673,0.0
1,609673,0.0
1,609704,0.0
1,609704,0.0
1,609704,0.0
1,609704,0.0
1,609704,0.0
1,609704,0.0
1,609704,0.0
6,609720,0.0
Other,609774,0.0
1,609818,0.0
1,609818,0.0
3,609836,0.0
3,609836,0.0
Other,609868,0.0
1,609876,0.0
1,609876,0.0
1,609876,0.0
1,609960,Other
1,609960,0.0
1,609960,0.0
1,609960,0.0
1,609960,0.0
1,609978,0.0
1,609978,0.0
1,609978,0.0
Other,609988,0.0
Other,610226,Other
1,610315,0.0
1,610315,0.0
1,610315,0.0
3,610321,0.0
3,610321,0.0
3,610321,0.0
Other,610330,0.0
Other,610330,0.0
6,610348,0.0
6,610355,Other
1,610378,0.0
1,610378,0.0
1,610378,0.0
1,610378,0.0
1,610378,0.0
6,610401,0.0
1,610419,0.0
1,610419,0.0
1,610419,0.0
1,610419,0.0
6,610433,0.0
6,610456,0.0
1,610461,0.0
1,610461,0.0
1,610461,0.0
1,610468,0.0
1,610468,0.0
1,610468,0.0
1,610468,0.0
1,610587,0.0
1,610587,0.0
Other,610623,0.0
1,610674,0.0
1,610674,0.0
1,610674,0.0
1,610674,0.0
1,610693,0.0
1,610693,0.0
1,610693,0.0
6,610736,0.0
2,610796,0.0
2,610796,0.0
1,610868,Other
1,610868,Other
1,610868,Other
1,610868,0.0
1,610868,0.0
1,610895,0.0
1,610895,0.0
Other,610900,0.0
Other,610900,0.0
6,610989,0.0
1,611020,Other
1,611020,0.0
1,611020,0.0
1,611020,0.0
1,611051,0.0
1,611051,0.0
1,611051,0.0
1,611075,0.0
1,611075,0.0
Other,611106,Other
1,611126,0.0
1,611126,0.0
3,611196,0.0
3,611196,0.0
3,611196,0.0
3,611196,0.0
3,611196,0.0
3,611196,0.0
3,611292,0.0
3,611292,0.0
3,611292,0.0
1,611316,0.0
1,611316,0.0
1,611316,0.0
1,611316,0.0
1,611316,0.0
Other,611352,Other
Other,611352,0.0
1,611364,Other
1,611364,0.0
6,611381,0.0
1,611531,0.0
1,611531,0.0
1,611531,0.0
1,611531,0.0
3,611537,0.0
3,611537,0.0
Other,611551,0.0
Other,611551,0.0
1,611565,0.0
1,611565,0.0
1,611565,0.0
1,611565,0.0
6,611587,0.0
1,611609,0.0
1,611609,Other
1,611609,0.0
Other,611614,0.0
6,611691,0.0
2,611720,0.0
2,611720,0.0
2,611720,0.0
2,611720,0.0
2,611720,0.0
1,611724,Other
1,611724,0.0
1,611724,0.0
1,611724,0.0
2,611740,0.0
2,611740,0.0
2,611740,0.0
2,611740,0.0
2,611740,0.0
3,611767,0.0
3,611767,0.0
3,611767,0.0
3,611767,0.0
1,611985,0.0
1,611985,0.0
6,612010,0.0
1,612025,Other
1,612025,0.0
1,612025,0.0
Other,612307,0.0
Other,612307,0.0
Other,612307,Other
3,612342,Other
3,612342,0.0
1,612431,Other
1,612431,Other
1,612479,Other
1,612479,0.0
1,612479,0.0
1,612479,0.0
1,612505,0.0
1,612505,0.0
1,612505,0.0
3,612513,0.0
3,612513,0.0
1,612554,Other
1,612554,0.0
Other,612700,0.0
1,612809,0.0
1,612809,0.0
1,612809,0.0
1,612809,0.0
Other,612815,0.0
1,612836,Other
1,612836,Other
6,612899,0.0
1,612912,0.0
1,612912,0.0
1,612912,0.0
1,612955,0.0
1,612955,0.0
1,612962,0.0
1,612962,0.0
1,612962,0.0
1,612962,0.0
1,612962,0.0
3,612976,0.0
3,612976,0.0
1,613034,0.0
1,613034,0.0
1,613034,0.0
1,613034,0.0
1,613034,0.0
6,613043,0.0
1,613234,0.0
1,613234,0.0
1,613234,0.0
1,613234,0.0
1,613234,0.0
1,613234,0.0
1,637410,0.0
1,613234,0.0
Other,613277,0.0
Other,613304,0.0
Other,613304,0.0
3,613377,0.0
3,613377,0.0
3,613377,0.0
1,613384,0.0
1,613384,0.0
1,613384,0.0
1,613384,0.0
1,613384,0.0
1,613453,0.0
1,613453,0.0
1,613453,0.0
6,613527,0.0
Other,613559,0.0
Other,613559,0.0
Other,613559,0.0
6,613579,0.0
6,613624,0.0
Other,613657,0.0
Other,613657,0.0
3,613665,0.0
3,613665,0.0
1,613751,0.0
1,613751,0.0
1,613751,0.0
1,613751,0.0
1,613751,0.0
1,613751,0.0
6,613769,0.0
1,613812,0.0
1,613812,0.0
1,613812,0.0
1,613812,0.0
Other,613821,Other
1,613861,0.0
1,613861,0.0
3,613871,0.0
3,613871,0.0
3,613871,0.0
2,613904,0.0
2,613904,0.0
2,613904,0.0
3,613951,0.0
3,613951,0.0
6,613960,0.0
1,614079,0.0
1,614079,0.0
1,614079,0.0
2,614136,0.0
2,614136,0.0
1,614291,Other
1,614291,0.0
2,614297,0.0
2,614297,0.0
2,614297,0.0
2,614297,0.0
6,614398,0.0
1,614527,0.0
1,614527,0.0
1,614527,0.0
1,614527,0.0
1,614527,0.0
3,614534,0.0
3,614534,0.0
2,614630,0.0
2,614630,0.0
2,614630,0.0
Other,614658,0.0
1,614829,0.0
1,614829,0.0
Other,614832,0.0
Other,614838,0.0
Other,614908,0.0
Other,614908,0.0
Other,614908,0.0
1,614918,0.0
1,614918,0.0
1,614918,0.0
3,615090,Other
3,615090,0.0
1,615132,0.0
1,615132,0.0
6,615222,0.0
6,615362,Other
6,615377,0.0
6,615381,Other
1,615555,0.0
1,615555,0.0
1,615556,0.0
1,615556,0.0
1,615568,0.0
1,615568,0.0
1,615573,0.0
1,615573,0.0
1,615573,0.0
1,615573,0.0
1,615573,0.0
1,615654,0.0
1,615654,0.0
1,615675,0.0
1,615675,0.0
6,615676,0.0
Other,615733,0.0
Other,615733,0.0
1,615734,0.0
1,615734,0.0
1,615734,0.0
1,615734,0.0
1,615734,0.0
Other,615754,0.0
3,615845,0.0
3,615845,0.0
3,615845,0.0
1,615850,0.0
1,615850,0.0
1,615850,0.0
1,615850,0.0
1,615929,Other
1,615929,0.0
1,615929,0.0
6,615945,Other
6,615966,0.0
3,615973,0.0
3,615973,0.0
3,615973,0.0
3,615973,0.0
6,616022,Other
1,616117,0.0
1,616117,Other
1,616117,0.0
1,616117,0.0
3,616287,0.0
3,616287,0.0
3,616375,0.0
3,616375,0.0
3,616375,0.0
Other,616394,0.0
1,616396,0.0
1,616396,Other
Other,616516,Other
Other,616539,Other
6,616553,0.0
Other,616579,0.0
1,616585,0.0
1,616585,0.0
6,616680,0.0
1,616751,0.0
1,616751,0.0
3,616774,0.0
3,616774,0.0
3,616786,0.0
3,616786,0.0
3,616786,0.0
3,616786,0.0
3,616786,0.0
6,616788,Other
6,616871,0.0
Other,616950,Other
1,617119,Other
1,617119,0.0
3,617289,0.0
3,617289,0.0
3,617289,0.0
3,617289,0.0
1,617301,Other
1,617301,0.0
6,617465,0.0
3,617486,0.0
3,617486,0.0
3,617486,0.0
3,617486,0.0
Other,617493,0.0
3,617595,0.0
3,617595,0.0
3,617595,0.0
Other,617613,0.0
Other,617613,0.0
1,617635,Other
1,617635,Other
1,617688,0.0
1,617688,0.0
Other,617691,0.0
Other,617691,Other
1,617747,0.0
1,617747,0.0
Other,617842,0.0
Other,617842,0.0
Other,617842,0.0
1,618017,0.0
1,618017,0.0
1,618017,0.0
1,618059,0.0
1,618059,0.0
1,618059,0.0
1,618059,0.0
3,618172,0.0
3,618172,0.0
3,618172,0.0
Other,618176,0.0
Other,618176,0.0
1,618339,0.0
1,618339,0.0
1,618339,0.0
1,618339,0.0
3,618348,0.0
3,618348,0.0
1,618435,0.0
1,618435,0.0
1,618435,0.0
1,618435,0.0
Other,618455,0.0
Other,618455,0.0
Other,618455,0.0
Other,618490,Other
Other,618515,0.0
3,618552,0.0
3,618552,0.0
1,637410,0.0
3,618552,0.0
6,618575,0.0
1,618594,0.0
1,618594,0.0
1,618594,0.0
1,618594,0.0
Other,618627,Other
Other,618627,Other
1,618653,Other
1,618653,0.0
1,618653,0.0
1,618653,0.0
1,618653,0.0
1,618653,0.0
1,618673,0.0
1,618673,0.0
1,618692,0.0
1,618692,0.0
1,618692,0.0
3,618783,0.0
3,618783,0.0
3,618783,0.0
Other,618796,0.0
Other,618796,0.0
1,618803,0.0
1,618803,0.0
1,618803,0.0
1,618803,0.0
3,618842,0.0
3,618842,0.0
2,618923,0.0
2,618923,0.0
2,618923,0.0
2,618928,0.0
2,618928,0.0
2,618928,0.0
2,618928,0.0
1,619072,0.0
1,619072,0.0
6,619184,0.0
3,619201,0.0
3,619201,0.0
1,619244,0.0
1,619244,0.0
1,619244,0.0
1,619244,0.0
1,619244,0.0
1,619244,0.0
1,619244,0.0
1,619254,Other
1,619254,0.0
1,619254,0.0
6,619278,0.0
3,619289,0.0
3,619289,0.0
3,619289,0.0
3,619354,0.0
3,619354,0.0
3,619354,0.0
3,619354,0.0
6,619551,0.0
Other,619625,0.0
1,619652,0.0
1,619652,0.0
1,619652,0.0
1,619652,0.0
6,619691,0.0
6,619776,0.0
1,619824,Other
1,619824,0.0
1,619824,0.0
1,619840,0.0
1,619840,0.0
1,619840,0.0
1,619840,0.0
1,619840,0.0
1,619882,0.0
1,619882,0.0
1,619882,0.0
Other,619889,Other
6,620131,0.0
Other,620164,0.0
Other,620164,0.0
Other,620228,0.0
1,620233,Other
1,620233,0.0
1,620245,Other
1,620245,Other
1,648054,0.0
1,620293,0.0
1,620293,0.0
Other,620294,0.0
Other,620294,0.0
6,620363,0.0
1,620451,Other
1,620451,0.0
1,620451,0.0
6,620452,0.0
1,620572,0.0
1,620572,0.0
Other,620573,Other
Other,620573,0.0
1,620606,0.0
1,620606,0.0
1,620606,0.0
1,620606,0.0
1,620606,0.0
1,620606,0.0
1,620606,0.0
1,620670,0.0
1,620670,0.0
1,620670,0.0
1,620670,0.0
1,620670,0.0
1,620737,0.0
1,620737,0.0
1,620737,0.0
3,620805,Other
3,620805,0.0
3,620805,0.0
3,620805,0.0
6,620837,0.0
6,620890,0.0
1,620913,0.0
1,620913,0.0
1,620913,0.0
1,620913,0.0
3,620949,0.0
3,620949,0.0
3,620949,0.0
3,620949,0.0
3,620949,0.0
Other,621056,Other
1,621106,0.0
1,621106,0.0
1,621106,0.0
6,621192,0.0
1,621256,0.0
1,621256,0.0
1,621256,0.0
1,621256,0.0
3,621293,0.0
3,621293,0.0
3,621293,0.0
3,621293,0.0
3,621293,0.0
2,621362,0.0
2,621362,0.0
2,621362,0.0
Other,621373,0.0
Other,621373,0.0
3,621388,0.0
3,621388,0.0
3,621427,Other
3,621427,0.0
Other,621453,Other
1,621464,0.0
1,621464,0.0
1,621464,0.0
Other,621470,0.0
Other,621470,0.0
6,621620,0.0
2,621675,0.0
2,621675,0.0
3,621751,Other
3,621751,0.0
3,621751,0.0
3,621812,0.0
3,621812,0.0
3,621812,0.0
1,621819,0.0
1,621819,0.0
1,621865,0.0
1,621865,0.0
1,621865,0.0
1,621865,0.0
1,621865,0.0
1,621865,0.0
1,621909,0.0
1,621909,0.0
1,621909,0.0
1,621909,0.0
1,621909,0.0
3,621939,0.0
3,621939,0.0
Other,621961,0.0
6,621999,0.0
Other,622039,0.0
Other,622039,0.0
Other,622039,0.0
Other,622065,Other
Other,622122,0.0
Other,622122,0.0
1,622236,0.0
1,622236,0.0
1,622236,0.0
6,622334,0.0
1,622341,0.0
1,622341,0.0
1,622341,0.0
1,622341,0.0
1,622341,0.0
3,622361,0.0
3,622361,0.0
3,622361,0.0
3,622409,0.0
3,622409,0.0
3,622409,0.0
2,622426,Other
2,622426,0.0
2,622426,0.0
3,622489,0.0
3,622489,0.0
3,622489,0.0
Other,622543,Other
1,622570,Other
1,622570,0.0
3,622617,0.0
3,622617,0.0
3,622617,0.0
1,622629,0.0
1,622629,0.0
1,622629,0.0
1,622629,0.0
1,622629,0.0
1,622629,0.0
1,622629,0.0
1,622830,Other
1,622830,Other
1,622830,0.0
1,622868,0.0
1,622868,0.0
1,622868,0.0
1,622868,0.0
1,622868,0.0
6,622923,Other
1,622996,0.0
1,622996,0.0
1,623055,Other
1,623055,0.0
3,623165,0.0
3,623165,0.0
3,623165,0.0
3,623237,0.0
3,623237,0.0
6,623285,Other
6,623299,0.0
Other,623447,0.0
Other,623447,0.0
6,623505,0.0
6,623517,0.0
Other,623519,0.0
6,623547,0.0
Other,623597,0.0
Other,623597,0.0
1,623704,0.0
1,623704,0.0
1,623704,0.0
Other,623732,0.0
3,623794,0.0
3,623794,0.0
1,623834,0.0
1,623834,0.0
1,623834,0.0
6,624116,0.0
3,624161,0.0
3,624161,0.0
6,624232,0.0
1,624248,Other
1,624248,0.0
2,624298,0.0
2,624298,0.0
6,624333,0.0
3,624351,0.0
3,624351,0.0
Other,624488,0.0
Other,624488,0.0
Other,624525,0.0
Other,624552,0.0
Other,624552,0.0
Other,624552,0.0
1,624669,0.0
1,624669,0.0
1,624669,0.0
1,624669,0.0
6,624825,0.0
6,624877,Other
3,624883,0.0
3,624883,0.0
3,624883,0.0
1,625044,0.0
1,625044,0.0
1,625044,0.0
3,625063,0.0
3,625063,0.0
3,625063,0.0
Other,625064,0.0
1,625108,0.0
1,625108,0.0
1,625108,0.0
1,625108,0.0
1,625119,Other
1,625119,Other
Other,625177,0.0
Other,625177,0.0
2,625203,0.0
2,625203,0.0
Other,625274,0.0
Other,625292,0.0
Other,625292,0.0
1,625306,0.0
1,625306,0.0
1,625306,0.0
1,625306,0.0
1,625306,0.0
3,625396,0.0
3,625396,0.0
1,625420,0.0
1,625420,0.0
Other,625451,0.0
6,625488,0.0
6,625502,0.0
Other,625709,0.0
Other,625709,0.0
Other,625709,0.0
6,625736,0.0
1,625753,0.0
1,625753,0.0
1,625753,0.0
1,625753,0.0
6,625864,0.0
1,625948,0.0
1,625948,0.0
1,625948,0.0
1,625948,0.0
6,626057,0.0
1,626062,0.0
1,626062,0.0
1,626062,0.0
1,626062,0.0
1,626062,0.0
1,626062,0.0
3,626063,0.0
3,626063,0.0
3,626063,0.0
3,626063,0.0
Other,626084,Other
Other,626084,0.0
Other,626084,0.0
2,626088,0.0
2,626088,0.0
2,626088,0.0
6,626284,0.0
2,626330,0.0
2,626330,0.0
2,626330,0.0
6,626386,0.0
1,626485,0.0
1,626485,0.0
1,626511,0.0
1,626511,0.0
3,626598,0.0
3,626598,0.0
3,626598,0.0
1,626713,0.0
1,626713,0.0
6,626752,0.0
1,626771,0.0
1,626771,0.0
1,626771,0.0
1,626771,0.0
1,626795,0.0
1,626795,0.0
6,626821,0.0
1,626886,0.0
1,626886,0.0
1,626886,0.0
1,626886,0.0
1,626886,0.0
1,626886,0.0
6,626972,0.0
Other,627058,0.0
1,627113,0.0
1,627113,0.0
1,627173,Other
1,627173,0.0
Other,627176,Other
1,627199,0.0
1,627199,0.0
1,627199,0.0
1,627213,0.0
1,627213,0.0
1,627213,0.0
1,627274,Other
1,627274,0.0
6,627316,Other
Other,627411,0.0
Other,627411,0.0
1,627492,0.0
1,627492,0.0
Other,627498,0.0
Other,627498,0.0
Other,627536,0.0
Other,627536,0.0
Other,627536,0.0
2,627551,Other
2,627551,0.0
Other,627627,0.0
Other,627627,0.0
6,627682,0.0
1,627707,0.0
1,627707,0.0
1,627707,0.0
1,627707,0.0
3,627739,0.0
3,627739,0.0
3,627739,0.0
3,627790,0.0
3,627790,0.0
3,627790,0.0
6,627830,0.0
6,627851,0.0
1,627855,0.0
1,627855,0.0
1,627864,0.0
1,627864,0.0
6,627874,0.0
Other,627902,Other
6,627912,0.0
1,627978,0.0
1,627978,0.0
1,628058,0.0
1,628058,0.0
3,628101,0.0
3,628101,0.0
Other,628197,0.0
Other,628224,0.0
Other,628224,0.0
Other,628224,0.0
6,628347,Other
6,628392,0.0
1,628421,0.0
1,628421,0.0
Other,628438,0.0
3,628698,0.0
3,628698,Other
1,628750,0.0
1,628750,0.0
1,628750,0.0
1,628750,0.0
1,628757,Other
1,628757,Other
1,628757,0.0
1,628757,0.0
Other,628768,Other
Other,628768,0.0
Other,628768,Other
6,628823,Other
Other,628934,0.0
Other,628934,0.0
Other,628934,0.0
1,629129,0.0
1,629129,0.0
1,629221,Other
1,629221,0.0
1,629221,0.0
1,629221,0.0
1,629225,0.0
1,629225,0.0
1,629225,0.0
Other,629259,0.0
Other,629259,0.0
1,629269,0.0
1,629269,0.0
1,629269,0.0
1,629269,0.0
1,629269,0.0
1,629269,0.0
1,629269,0.0
1,629269,0.0
1,629340,0.0
1,629340,0.0
1,629340,0.0
1,629340,0.0
1,629340,0.0
1,629340,0.0
1,629345,0.0
1,629345,0.0
1,629345,0.0
1,629354,0.0
1,629354,0.0
1,629354,0.0
1,629354,0.0
6,629396,0.0
3,629418,0.0
3,629418,0.0
Other,629484,0.0
1,629537,0.0
1,629537,0.0
1,629537,0.0
Other,629617,Other
1,629650,0.0
1,629650,0.0
1,629650,0.0
Other,629653,Other
1,629659,0.0
1,629659,Other
6,629661,0.0
Other,629662,0.0
Other,629662,0.0
Other,629662,0.0
Other,629662,0.0
Other,629662,0.0
3,629747,0.0
3,629747,0.0
3,629747,0.0
6,629805,Other
Other,629858,0.0
Other,629858,0.0
Other,630068,0.0
Other,630068,0.0
Other,630068,0.0
Other,630068,0.0
Other,630068,0.0
Other,630068,0.0
Other,630068,0.0
Other,630068,0.0
Other,630068,0.0
Other,630068,0.0
Other,630068,0.0
1,630112,Other
1,630112,Other
1,630119,0.0
1,630119,0.0
1,630156,0.0
1,630156,0.0
1,630156,0.0
1,630156,0.0
1,630212,0.0
1,630212,0.0
1,630212,0.0
1,630212,0.0
1,630219,0.0
1,630219,0.0
1,630219,0.0
1,630219,0.0
1,630228,0.0
1,630228,0.0
1,630228,0.0
1,630228,0.0
1,630228,0.0
1,630228,0.0
1,630228,0.0
1,630228,0.0
1,630228,0.0
1,630228,0.0
1,630258,0.0
1,630258,Other
1,630258,0.0
2,630293,0.0
2,630293,0.0
Other,630297,0.0
1,630374,0.0
1,630374,0.0
1,630374,0.0
1,630374,0.0
1,630374,0.0
1,630374,0.0
1,630374,0.0
1,630401,0.0
1,630401,0.0
1,630405,0.0
1,630405,0.0
1,630405,0.0
Other,630406,0.0
3,630669,0.0
3,630669,0.0
2,630673,0.0
2,630673,0.0
Other,630727,0.0
Other,630727,0.0
Other,630727,0.0
1,630743,0.0
1,630743,0.0
1,630743,0.0
1,630872,Other
1,630872,0.0
1,630886,0.0
1,630886,0.0
1,630886,0.0
1,630915,0.0
1,630915,0.0
1,630915,0.0
1,631042,0.0
1,631042,0.0
1,631042,0.0
1,631042,0.0
1,631092,0.0
1,631092,0.0
1,631092,0.0
1,631270,0.0
1,631270,0.0
1,631282,0.0
1,631282,0.0
1,631282,0.0
1,631387,Other
1,631387,Other
6,631471,0.0
1,631527,0.0
1,631527,0.0
1,631527,0.0
1,631527,0.0
1,631559,0.0
1,631559,0.0
1,631559,0.0
Other,631623,0.0
Other,631623,0.0
1,631679,0.0
1,631679,0.0
3,631740,0.0
3,631740,0.0
3,631740,0.0
3,631740,0.0
Other,631783,0.0
Other,631783,0.0
3,631791,0.0
3,631791,0.0
Other,631798,0.0
1,631905,0.0
1,631905,0.0
1,631905,0.0
1,631905,0.0
1,631905,0.0
1,631941,0.0
1,631941,0.0
1,631941,0.0
1,631941,0.0
3,631981,0.0
3,631981,0.0
3,631981,0.0
2,631983,0.0
2,631983,0.0
2,631983,0.0
2,631983,0.0
2,631983,0.0
2,631983,0.0
2,631983,0.0
1,632006,0.0
1,632006,0.0
1,632006,0.0
Other,632022,0.0
1,632177,Other
1,632177,0.0
1,632177,0.0
3,632213,0.0
3,632213,0.0
3,632213,0.0
6,632226,0.0
6,632258,0.0
1,632269,0.0
1,632269,0.0
1,632269,0.0
1,632269,0.0
1,632269,0.0
3,632379,0.0
3,632379,0.0
3,632379,0.0
3,632379,0.0
3,632379,0.0
3,632379,0.0
3,632379,0.0
1,632395,0.0
1,632395,0.0
1,632441,0.0
1,632441,0.0
1,632569,0.0
1,632569,0.0
Other,632629,0.0
Other,632629,0.0
Other,632629,0.0
Other,632629,0.0
Other,632671,0.0
1,632809,0.0
1,632809,0.0
1,632809,0.0
1,632809,0.0
6,632852,Other
1,632873,0.0
1,632873,0.0
1,632873,0.0
1,632873,0.0
1,632873,0.0
1,632873,0.0
1,632873,0.0
1,632882,Other
1,632882,0.0
1,632882,0.0
Other,632883,0.0
1,632884,0.0
1,632884,0.0
1,632884,0.0
1,632924,0.0
1,632924,0.0
1,632924,0.0
1,632924,0.0
1,632953,0.0
1,632953,0.0
1,632953,0.0
1,632953,0.0
1,632975,0.0
1,632975,0.0
6,632999,0.0
1,633000,0.0
1,633000,0.0
1,633000,0.0
Other,633057,Other
Other,633057,0.0
Other,633093,0.0
1,633127,Other
1,633127,Other
1,633127,0.0
1,633187,Other
1,633187,0.0
Other,633196,0.0
3,633243,Other
3,633243,0.0
3,633243,0.0
1,633276,0.0
1,633276,Other
1,633276,0.0
1,633276,0.0
3,633317,0.0
3,633317,0.0
1,633350,0.0
1,633350,0.0
3,633421,0.0
3,633421,0.0
Other,633591,0.0
Other,633669,0.0
Other,633669,0.0
1,633694,Other
1,633694,Other
3,633729,0.0
3,633729,0.0
6,633741,Other
1,633746,0.0
1,633746,0.0
1,633758,0.0
1,633758,0.0
1,633758,0.0
1,633758,0.0
Other,633760,0.0
Other,633760,0.0
1,633766,0.0
1,633766,0.0
1,633799,0.0
1,633799,0.0
1,633799,0.0
1,633848,0.0
1,633848,0.0
1,633848,0.0
3,633863,Other
3,633863,0.0
3,633863,Other
1,633901,Other
1,633901,0.0
1,633901,0.0
6,633992,0.0
1,634043,0.0
1,634043,0.0
3,634057,0.0
3,634057,0.0
1,634116,0.0
1,634116,0.0
6,634179,0.0
6,634205,0.0
6,634309,0.0
1,634368,0.0
1,634368,0.0
1,634414,0.0
1,634414,0.0
1,634414,0.0
1,634414,0.0
1,634414,0.0
1,634414,0.0
3,634415,0.0
3,634415,0.0
3,634415,0.0
3,634415,0.0
3,634415,0.0
3,634543,0.0
3,634543,0.0
3,634543,0.0
6,634550,0.0
Other,634586,0.0
6,634615,0.0
1,634618,0.0
1,634618,0.0
1,634618,0.0
1,634623,0.0
1,634623,0.0
1,634623,0.0
1,634623,0.0
1,634623,0.0
1,634623,0.0
1,634623,0.0
1,634623,0.0
Other,634742,0.0
Other,634742,0.0
Other,634742,0.0
Other,634775,0.0
Other,634775,0.0
Other,634775,0.0
Other,634775,0.0
Other,634791,0.0
1,634924,0.0
1,634924,0.0
1,634924,0.0
1,634924,0.0
1,634991,0.0
1,634991,0.0
Other,634992,0.0
3,635030,0.0
3,635030,0.0
3,635030,0.0
3,635030,0.0
Other,635073,0.0
Other,635073,0.0
Other,635141,0.0
1,635178,0.0
1,635178,0.0
1,635178,0.0
1,635179,0.0
1,635179,0.0
Other,635329,0.0
1,635366,0.0
1,635366,0.0
1,635438,0.0
1,635438,0.0
1,635452,Other
1,635452,Other
1,635452,0.0
3,635583,0.0
3,635583,0.0
3,635583,0.0
2,635588,0.0
2,635588,0.0
2,635592,Other
2,635592,0.0
2,635592,0.0
2,635592,0.0
3,635614,0.0
3,635614,0.0
3,635614,0.0
3,635614,0.0
3,635778,0.0
3,635778,0.0
3,635778,0.0
3,635778,0.0
6,635858,0.0
Other,635933,0.0
1,635964,0.0
1,635964,0.0
1,635972,0.0
1,635972,0.0
Other,636049,0.0
1,636090,Other
1,636090,Other
6,636108,0.0
6,636249,Other
6,636420,0.0
Other,636455,0.0
Other,636455,0.0
6,636456,0.0
Other,636571,0.0
Other,636601,0.0
6,636610,0.0
6,636685,0.0
3,636908,0.0
3,636908,0.0
3,636908,0.0
3,636908,0.0
3,636908,0.0
3,636908,0.0
3,636908,0.0
6,637038,0.0
Other,637074,Other
6,637102,0.0
3,637123,0.0
3,637123,0.0
3,637123,0.0
Other,637141,0.0
6,637217,0.0
1,637306,0.0
1,637306,0.0
1,637367,0.0
1,637367,0.0
1,637367,0.0
1,637367,0.0
1,637402,0.0
1,637402,0.0
1,637410,0.0
1,637410,0.0
3,637418,0.0
3,637418,0.0
1,637458,0.0
1,637458,0.0
Other,637463,0.0
Other,637489,0.0
1,637588,0.0
1,637588,0.0
1,637588,0.0
1,637588,0.0
1,637598,0.0
1,637598,0.0
1,637598,0.0
3,637653,Other
3,637653,0.0
3,637653,0.0
6,637685,0.0
Other,637820,0.0
1,637875,0.0
1,637875,0.0
1,637875,0.0
6,637877,0.0
Other,637901,Other
3,637958,0.0
3,637958,0.0
3,637958,0.0
1,637968,0.0
1,637968,0.0
1,637968,0.0
1,637968,0.0
1,637994,0.0
1,637994,0.0
Other,638000,Other
1,638010,0.0
1,638010,0.0
1,638010,0.0
1,638010,0.0
Other,638029,0.0
Other,638029,0.0
Other,638256,Other
2,638276,0.0
2,638276,0.0
2,638276,0.0
2,638276,0.0
2,638276,0.0
2,638276,0.0
6,638318,0.0
3,638430,0.0
3,638430,0.0
3,638430,0.0
Other,638488,Other
1,638600,0.0
1,638600,0.0
1,638600,0.0
1,638600,0.0
1,638600,0.0
1,638600,0.0
1,638712,0.0
1,638712,0.0
1,638712,0.0
1,638712,0.0
3,638732,0.0
3,638732,0.0
3,638732,0.0
3,638798,Other
3,638798,0.0
3,638798,0.0
3,638845,0.0
3,638845,0.0
3,638876,0.0
3,638876,0.0
3,638876,0.0
3,638876,0.0
1,639009,0.0
1,639009,0.0
1,639009,0.0
1,639009,0.0
Other,639110,0.0
Other,639110,0.0
1,639146,0.0
1,639146,0.0
1,639146,0.0
1,639146,0.0
1,639328,0.0
1,639328,0.0
3,639365,0.0
3,639365,0.0
Other,639472,0.0
1,639524,0.0
1,639524,0.0
1,639524,0.0
1,639524,0.0
1,639530,0.0
1,639530,0.0
1,639530,0.0
1,639530,0.0
1,639530,0.0
1,639530,0.0
6,639756,0.0
1,639774,Other
1,639774,Other
2,639787,0.0
2,639787,0.0
Other,639807,0.0
2,639814,0.0
2,639814,0.0
2,639814,0.0
Other,639838,0.0
Other,639838,0.0
Other,639838,0.0
1,639904,0.0
1,639904,0.0
1,639904,0.0
1,639904,0.0
1,639904,0.0
1,639904,0.0
1,639904,0.0
1,639904,0.0
2,639922,0.0
2,639922,0.0
2,639922,0.0
1,639925,Other
1,639925,0.0
1,639925,0.0
6,639941,0.0
1,640078,0.0
1,640078,0.0
1,640078,0.0
1,640078,0.0
1,640078,0.0
Other,640278,0.0
1,640300,0.0
1,640300,0.0
1,640300,0.0
Other,640380,0.0
6,640577,0.0
1,640633,Other
1,640633,0.0
1,640633,0.0
1,640659,0.0
1,640659,0.0
1,640659,0.0
1,640659,0.0
1,640659,0.0
1,640669,0.0
1,640669,0.0
1,640855,0.0
1,640855,0.0
1,640855,0.0
1,640855,0.0
1,640855,0.0
1,640861,0.0
1,640861,0.0
1,640861,0.0
1,640861,0.0
Other,640993,0.0
1,641034,0.0
1,641034,0.0
6,641049,Other
3,641091,0.0
3,641091,0.0
3,641091,0.0
3,641091,0.0
3,641091,0.0
3,641105,0.0
3,641105,0.0
1,641195,0.0
1,641195,0.0
2,641295,0.0
2,641295,Other
1,641331,Other
1,641331,Other
1,641456,Other
1,641456,0.0
Other,641458,Other
6,641561,0.0
1,641562,0.0
1,641562,Other
Other,641583,0.0
3,641598,0.0
3,641598,0.0
3,641598,0.0
1,641668,0.0
1,641668,0.0
1,641778,0.0
1,641778,0.0
2,641805,0.0
2,641805,0.0
2,641805,0.0
2,641805,0.0
Other,641913,0.0
1,641984,0.0
1,641984,0.0
1,641984,0.0
1,641984,0.0
1,641985,0.0
1,641985,Other
1,642003,0.0
1,642003,0.0
1,642003,0.0
1,642003,0.0
Other,642023,0.0
Other,642023,0.0
1,642096,0.0
1,642096,0.0
1,642096,0.0
1,642096,0.0
1,642096,0.0
3,642174,0.0
3,642174,0.0
1,642232,0.0
1,642232,0.0
1,642232,0.0
1,642232,0.0
Other,642233,0.0
2,642295,0.0
2,642295,0.0
2,642295,0.0
2,642295,0.0
Other,642297,Other
Other,642386,0.0
Other,642386,0.0
6,642397,0.0
Other,642491,Other
1,642521,0.0
1,642521,0.0
1,642521,0.0
1,642521,0.0
3,642617,0.0
3,642617,0.0
3,642617,0.0
3,642617,0.0
3,642617,0.0
3,642617,0.0
3,642717,Other
3,642717,0.0
1,642743,0.0
1,642743,0.0
1,642743,0.0
1,642743,0.0
1,642743,0.0
1,642743,0.0
1,642817,Other
1,642817,0.0
1,642817,0.0
1,642817,0.0
3,642907,Other
3,642907,0.0
1,642911,Other
1,642911,Other
1,642911,0.0
1,642911,0.0
6,642921,0.0
1,642923,0.0
1,642923,0.0
1,642923,0.0
1,642942,0.0
1,642942,0.0
3,643027,0.0
3,643027,0.0
6,643120,0.0
1,643200,0.0
1,643200,0.0
1,643245,0.0
1,643245,0.0
1,643245,0.0
1,643245,0.0
Other,643266,0.0
Other,643266,0.0
3,643308,0.0
3,643308,0.0
2,643328,0.0
2,643328,0.0
2,643328,0.0
2,643328,0.0
2,643328,0.0
2,643328,0.0
1,643415,Other
1,643415,0.0
1,643415,0.0
1,643456,0.0
1,643456,Other
1,643456,0.0
1,643456,0.0
6,643524,0.0
3,643555,0.0
3,643555,0.0
3,643555,0.0
1,643583,Other
1,643583,Other
1,643583,0.0
1,643583,0.0
Other,643595,0.0
Other,643595,0.0
6,643617,0.0
6,643637,0.0
1,643739,0.0
1,643739,0.0
Other,643817,0.0
1,643829,0.0
1,643829,0.0
1,643829,0.0
Other,643861,0.0
2,643867,0.0
2,643867,0.0
2,643867,0.0
2,643867,0.0
2,643867,0.0
1,643915,0.0
1,643915,0.0
1,643915,0.0
1,643915,0.0
1,643915,0.0
1,643915,0.0
1,643915,0.0
1,643915,0.0
1,643915,0.0
1,643915,0.0
1,643915,0.0
Other,643997,0.0
3,644057,0.0
3,644057,0.0
1,644091,0.0
1,644091,0.0
6,644100,0.0
6,644122,0.0
1,644143,Other
1,644143,0.0
6,644179,Other
Other,644180,0.0
3,644261,0.0
3,644261,0.0
1,644413,0.0
1,644413,0.0
1,644413,0.0
1,644413,0.0
1,644413,0.0
2,644859,0.0
2,644859,0.0
6,644861,0.0
1,644888,0.0
1,644888,0.0
1,644888,0.0
1,644888,0.0
1,644942,0.0
1,644942,0.0
1,644942,0.0
1,644942,0.0
6,645001,0.0
6,645102,0.0
Other,645106,0.0
Other,645223,0.0
6,645227,0.0
1,645292,0.0
1,645292,0.0
1,645292,0.0
1,645292,0.0
6,645327,Other
6,645371,Other
Other,645462,0.0
Other,645462,0.0
1,645490,0.0
1,645490,0.0
1,645506,Other
1,645506,0.0
Other,645598,0.0
Other,645598,0.0
1,645646,Other
1,645646,Other
1,645646,0.0
1,645646,0.0
1,645674,0.0
1,645674,0.0
1,645674,0.0
1,645674,0.0
1,645674,0.0
1,645674,0.0
1,645674,0.0
1,645674,0.0
1,645674,0.0
1,645674,0.0
1,645674,0.0
1,645674,0.0
1,645674,0.0
1,645674,0.0
6,645710,0.0
1,645732,0.0
1,645732,0.0
1,645732,0.0
6,645756,0.0
3,645783,0.0
3,645783,0.0
3,645783,0.0
3,645783,0.0
3,645783,0.0
3,645924,0.0
3,645924,0.0
6,645945,Other
Other,645977,Other
3,645994,0.0
3,645994,0.0
Other,646015,0.0
2,646061,0.0
2,646061,0.0
Other,646072,0.0
1,646099,0.0
1,646099,0.0
6,646133,0.0
Other,646181,0.0
Other,646181,0.0
Other,646181,0.0
3,646194,0.0
3,646194,0.0
3,646194,0.0
6,646208,0.0
Other,646217,0.0
1,646270,0.0
1,646270,0.0
1,646270,0.0
1,646270,0.0
1,646308,0.0
1,646308,Other
6,646397,0.0
1,646429,0.0
1,646429,0.0
1,646429,0.0
3,646433,0.0
3,646433,0.0
3,646433,0.0
3,646433,0.0
1,646444,0.0
1,646444,0.0
1,646444,0.0
Other,646461,Other
1,646502,0.0
1,646502,0.0
1,646502,0.0
6,646550,0.0
Other,646613,0.0
1,646633,0.0
1,646633,0.0
Other,646660,0.0
Other,646660,0.0
1,646681,Other
1,646681,0.0
1,646681,0.0
3,646742,0.0
3,646742,0.0
Other,646828,0.0
1,646856,0.0
1,646856,0.0
3,646878,0.0
3,646878,0.0
6,646937,0.0
1,646951,0.0
1,646951,0.0
3,646976,0.0
3,646976,0.0
Other,646993,Other
Other,647012,0.0
Other,647012,0.0
Other,647060,0.0
1,647146,0.0
1,647146,0.0
1,647146,Other
6,647182,0.0
1,647205,0.0
1,647205,0.0
1,647205,0.0
Other,647272,0.0
1,647376,0.0
1,647376,Other
1,647395,0.0
1,647395,0.0
1,647395,0.0
6,647404,0.0
1,647453,0.0
1,647453,0.0
1,647453,0.0
1,647453,0.0
1,647463,0.0
1,647463,0.0
1,647463,0.0
1,647463,0.0
1,647463,0.0
3,647499,0.0
3,647499,0.0
3,647499,0.0
Other,647654,0.0
6,647729,0.0
1,647879,0.0
1,647879,0.0
1,647879,0.0
1,647879,0.0
3,647923,0.0
3,647923,0.0
3,647923,Other
3,647923,Other
2,647980,0.0
2,647980,0.0
2,647980,0.0
Other,648004,0.0
Other,648004,0.0
Other,648015,0.0
1,648054,0.0
1,648054,0.0
1,648054,0.0
1,648116,0.0
1,648116,0.0
1,648116,0.0
1,648116,0.0
Other,648121,0.0
Other,648121,0.0
3,648189,0.0
3,648189,0.0
3,648189,0.0
1,648242,0.0
1,648242,0.0
1,648242,0.0
1,648242,0.0
1,648242,0.0
1,648242,0.0
1,648242,0.0
1,648242,0.0
1,648269,0.0
1,648269,0.0
1,648269,0.0
1,648269,0.0
1,648269,0.0
1,648269,0.0
1,648279,0.0
1,648279,0.0
1,648279,0.0
1,648279,0.0
3,648386,0.0
3,648386,0.0
3,648386,0.0
3,648386,0.0
1,648406,0.0
1,648406,Other
1,648406,0.0
1,648406,0.0
6,648537,0.0
1,648594,0.0
1,648594,0.0
1,648594,0.0
1,648736,Other
1,648736,0.0
1,648736,0.0
1,648775,0.0
1,648775,0.0
1,648775,0.0
1,648775,0.0
1,648775,0.0
Other,648787,0.0
Other,648787,0.0
Other,648787,0.0
1,648810,Other
1,648810,0.0
1,648810,0.0
1,648810,0.0
1,648810,0.0
6,648857,Other
3,648876,0.0
3,648876,0.0
1,648958,0.0
1,648958,0.0
1,648958,0.0
1,648958,0.0
1,648958,0.0
1,648958,0.0
1,648958,0.0
1,648958,0.0
1,648958,0.0
3,648967,0.0
3,648967,0.0
3,648967,0.0
3,648967,0.0
3,648967,0.0
3,648997,0.0
3,648997,0.0
6,649031,0.0
1,649032,Other
1,649032,0.0
1,649051,0.0
1,649051,0.0
6,649100,0.0
6,649242,0.0
Other,649448,0.0
3,649463,0.0
3,649463,0.0
3,649463,0.0
3,649463,0.0
3,649463,0.0
3,649463,0.0
6,649489,0.0
Other,649520,0.0
Other,649520,0.0
3,649605,0.0
3,649605,0.0
Other,649742,0.0
Other,649779,0.0
Other,649779,0.0
3,649827,0.0
3,649827,0.0
3,649827,0.0
1,649854,Other
1,649854,0.0
1,649854,0.0
1,649854,0.0
1,649854,0.0
1,649854,0.0
1,649942,Other
1,649942,Other
1,649942,0.0
3,649956,0.0
3,649956,0.0
3,649956,0.0
3,649956,0.0
1,649958,0.0
1,649958,0.0
1,649958,0.0
3,650076,0.0
3,650076,0.0
1,650150,0.0
1,650150,0.0
1,650150,0.0
1,650150,0.0
1,650333,Other
1,650333,0.0
6,650349,Other
3,650382,0.0
3,650382,0.0
3,650382,0.0
1,650396,Other
1,650396,0.0
1,650402,0.0
1,650402,0.0
1,650402,0.0
1,650402,0.0
1,650469,0.0
1,650469,0.0
1,650491,0.0
1,650491,Other
3,650528,0.0
3,650528,0.0
3,650528,0.0
Other,650538,Other
3,650611,0.0
3,650611,0.0
3,650611,0.0
Other,650638,0.0
6,650651,0.0
Other,650693,Other
Other,650693,0.0
1,650758,0.0
1,650758,0.0
1,650758,0.0
Other,650792,0.0
6,650835,Other
1,650847,Other
1,650847,0.0
6,650890,0.0
1,650893,Other
1,650893,0.0
1,650955,0.0
1,650955,0.0
1,650955,0.0
1,650955,0.0
1,650955,0.0
Other,651081,0.0
1,651088,0.0
1,651088,0.0
1,651101,0.0
1,651101,0.0
1,651101,0.0
1,651101,0.0
1,651101,0.0
1,651101,0.0
2,651154,0.0
2,651154,0.0
6,651170,Other
3,651180,Other
3,651180,0.0
3,651180,0.0
1,651186,0.0
1,651186,0.0
1,651186,0.0
Other,651236,Other
6,651290,0.0
6,651357,0.0
Other,651375,0.0
Other,651375,0.0
Other,651375,0.0
6,651474,0.0
Other,651544,Other
1,651627,Other
1,651627,0.0
Other,651632,0.0
1,651659,0.0
1,651659,0.0
1,651659,0.0
1,651659,0.0
1,651670,Other
1,651670,Other
1,651707,0.0
1,651707,0.0
1,651707,0.0
3,651749,0.0
3,651749,0.0
Other,651788,0.0
Other,651793,0.0
Other,651793,0.0
Other,651793,0.0
1,651933,0.0
1,651933,0.0
6,651965,Other
2,652025,0.0
2,652025,0.0
2,652051,0.0
2,652051,0.0
2,652051,0.0
Other,652083,Other
1,652084,0.0
1,652084,Other
1,652084,0.0
Other,652086,0.0
Other,652086,0.0
Other,652130,0.0
6,652219,0.0
1,652231,Other
1,652231,Other
1,652231,0.0
1,652231,0.0
1,652240,0.0
1,652240,0.0
1,652240,0.0
1,652240,0.0
1,652264,0.0
1,652264,0.0
1,652264,0.0
1,652264,0.0
6,652452,0.0
6,652470,0.0
1,652539,0.0
1,652539,0.0
1,652539,0.0
3,652540,0.0
3,652540,0.0
1,652542,0.0
1,652542,0.0
1,652581,Other
1,652581,Other
1,652611,Other
1,652611,0.0
Other,652633,0.0
Other,652633,0.0
Other,652633,Other
1,652770,0.0
1,652770,0.0
1,652770,0.0
1,652770,0.0
1,652776,0.0
1,652776,0.0
Other,652841,0.0
Other,652841,0.0
Other,652841,0.0
Other,652841,0.0
Other,652986,0.0
3,653031,0.0
3,653031,0.0
3,653031,Other
3,653031,0.0
6,653119,0.0
1,653182,0.0
1,653182,0.0
1,653182,0.0
1,653218,0.0
1,653218,0.0
1,653218,0.0
1,653285,0.0
1,653285,0.0
2,653326,0.0
2,653326,0.0
2,653326,0.0
1,653422,Other
1,653422,0.0
1,653422,0.0
1,653422,0.0
3,653469,0.0
3,653469,0.0
3,653469,0.0
3,653542,0.0
3,653542,0.0
1,653565,0.0
1,653565,0.0
6,653620,Other
Other,653635,0.0
Other,653635,0.0
1,653687,0.0
1,653687,0.0
1,653687,0.0
1,653687,0.0
1,653687,0.0
2,653790,Other
2,653790,0.0
6,653792,0.0
6,653843,0.0
3,653922,0.0
3,653922,0.0
6,653945,0.0
6,653984,0.0
1,654015,0.0
1,654015,0.0
1,654015,0.0
Other,654064,0.0
Other,654067,Other
1,654115,0.0
1,654115,0.0
1,654135,0.0
1,654135,0.0
1,654135,0.0
1,654135,0.0
Other,654206,0.0
Other,654206,0.0
Other,654443,0.0
6,654516,0.0
6,654589,0.0
1,654710,0.0
1,654710,Other
Other,654789,0.0
Other,654789,0.0
Other,654789,0.0
3,654837,0.0
3,654837,0.0
3,654837,0.0
1,654845,0.0
1,654845,0.0
1,654845,0.0
1,654845,0.0
3,654899,Other
3,654899,Other
6,654910,0.0
6,654992,0.0
1,655086,0.0
1,655086,0.0
1,655086,0.0
1,655253,0.0
1,655253,0.0
1,655253,0.0
1,655253,0.0
1,655253,0.0
1,655253,0.0
1,655253,0.0
1,655253,Other
1,655253,0.0
1,655253,0.0
1,655253,0.0
6,655260,0.0
Other,655325,0.0
Other,655364,Other
1,655531,Other
1,655531,0.0
1,655531,0.0
1,655540,Other
1,655540,Other
3,655574,0.0
3,655574,0.0
3,655574,0.0
3,655574,0.0
3,655574,0.0
6,655786,0.0
Other,655846,Other
Other,655846,0.0
6,655920,Other
Other,655972,0.0
Other,655972,0.0
1,656043,Other
1,656043,0.0
1,656043,0.0
1,656043,0.0
3,656074,Other
3,656074,0.0
3,656253,0.0
3,656253,0.0
1,656259,0.0
1,656259,0.0
Other,656297,0.0
Other,656297,0.0
1,656302,0.0
1,656302,0.0
6,656312,0.0
1,656330,0.0
1,656330,0.0
1,656330,0.0
1,656330,0.0
Other,656350,Other
3,656372,0.0
3,656372,0.0
6,656387,0.0
1,656418,0.0
1,656418,0.0
1,656418,0.0
1,656500,Other
1,656500,0.0
1,656500,0.0
1,656593,Other
1,656593,0.0
1,656617,Other
1,656617,0.0
1,656617,0.0
1,656686,Other
1,656686,0.0
1,656691,0.0
1,656691,0.0
1,656691,0.0
1,656691,0.0
1,656691,0.0
1,656838,0.0
1,656838,0.0
6,656864,Other
6,657008,Other
6,657038,Other
3,657121,0.0
3,657121,0.0
3,657121,0.0
6,657141,0.0
Other,657338,0.0
6,657341,0.0
3,657388,0.0
3,657388,0.0
Other,657470,0.0
Other,657470,0.0
Other,657470,0.0
6,657567,0.0
1,657614,0.0
1,657614,0.0
1,657614,0.0
6,657621,0.0
1,657686,0.0
1,657686,0.0
2,657772,0.0
2,657772,0.0
1,657800,0.0
1,657800,0.0
3,657806,0.0
3,657806,0.0
1,658000,0.0
1,658000,0.0
1,658000,0.0
3,658010,0.0
3,658010,Other
1,658012,0.0
1,658012,0.0
1,658012,0.0
1,658113,0.0
1,658113,0.0
1,658200,0.0
1,658200,0.0
1,658200,0.0
1,658200,0.0
1,658200,0.0
1,658230,0.0
1,658230,0.0
1,658230,0.0
1,658230,0.0
1,658230,0.0
6,658276,0.0
1,658327,0.0
1,658327,0.0
1,658327,0.0
1,658327,0.0
1,658327,0.0
1,658468,0.0
1,658468,0.0
1,658468,0.0
1,658480,0.0
1,658480,0.0
1,658480,0.0
1,658480,0.0
1,658480,0.0
Other,658619,0.0
1,658621,Other
1,658621,0.0
Other,658807,0.0
Other,658807,0.0
6,658831,0.0
1,658949,0.0
1,658949,0.0
1,658992,0.0
1,658992,0.0
1,659166,0.0
1,659166,0.0
1,659166,0.0
1,659166,0.0
1,659166,0.0
1,659206,0.0
1,659206,0.0
1,659206,0.0
1,659206,0.0
1,659206,0.0
3,659212,0.0
3,659212,0.0
6,659304,0.0
2,659310,0.0
2,659310,0.0
2,659310,0.0
1,659359,Other
1,659359,0.0
1,659359,0.0
1,659359,0.0
6,659439,0.0
Other,659480,0.0
3,659517,0.0
3,659517,0.0
3,659517,0.0
1,659564,0.0
1,659564,0.0
1,659660,0.0
1,659660,0.0
1,659660,0.0
1,659660,0.0
1,659660,0.0
1,659675,0.0
1,659675,0.0
1,659700,0.0
1,659700,0.0
6,659737,0.0
3,659756,0.0
3,659756,0.0
3,659756,0.0
3,659756,0.0
Other,659825,0.0
6,659842,0.0
1,660049,Other
1,660049,0.0
1,660049,0.0
1,660049,0.0
Other,660052,Other
6,660097,0.0
3,660106,0.0
3,660106,0.0
6,660113,0.0
1,660283,Other
1,660283,0.0
1,660283,0.0
6,660291,Other
1,660304,0.0
1,660304,0.0
1,660304,0.0
1,660304,0.0
1,660304,0.0
6,660463,Other
Other,660522,0.0
3,660601,0.0
3,660601,0.0
6,660607,0.0
1,660655,0.0
1,660655,0.0
1,660655,0.0
1,660655,0.0
1,660668,0.0
1,660668,0.0
6,660695,0.0
Other,660785,0.0
6,660947,0.0
3,661043,0.0
3,661043,0.0
3,661043,0.0
Other,661049,Other
2,661057,Other
2,661057,0.0
1,661118,0.0
1,661118,0.0
1,661118,0.0
1,661118,0.0
1,661122,0.0
1,661122,0.0
6,661139,0.0
1,661170,0.0
1,661170,0.0
1,661190,Other
1,661190,0.0
Other,661210,0.0
Other,661357,0.0
Other,661398,0.0
Other,661398,0.0
1,661402,0.0
1,661402,0.0
1,661402,0.0
1,661402,0.0
Other,661525,0.0
Other,661525,Other
1,661640,0.0
1,661640,Other
3,661677,0.0
3,661677,0.0
Other,661708,0.0
3,662092,0.0
3,662092,0.0
3,662092,0.0
3,662092,0.0
1,662170,0.0
1,662170,0.0
1,662170,0.0
1,662170,0.0
1,662170,0.0
3,662183,0.0
3,662183,0.0
3,662183,0.0
3,662183,0.0
1,662255,0.0
1,662255,0.0
1,662255,0.0
1,662255,0.0
1,662255,0.0
1,662255,0.0
3,662268,0.0
3,662268,0.0
3,662400,0.0
3,662400,0.0
1,662433,0.0
1,662433,0.0
Other,662525,0.0
Other,662525,0.0
6,662544,0.0
1,662657,0.0
1,662657,0.0
1,662657,0.0
1,662657,0.0
1,662699,Other
1,662699,0.0
6,662703,0.0
1,662705,0.0
1,662705,0.0
1,662705,0.0
6,662840,0.0
3,662885,0.0
3,662885,0.0
3,662885,0.0
2,662903,0.0
2,662903,0.0
2,662903,0.0
2,662903,0.0
2,662903,0.0
2,662903,0.0
2,662903,0.0
1,662922,0.0
1,662922,0.0
6,663066,0.0
3,663074,0.0
3,663074,0.0
3,663074,0.0
3,663074,0.0
3,663074,0.0
2,663090,0.0
2,663090,0.0
2,663090,0.0
1,663105,0.0
1,663105,0.0
1,663105,0.0
1,663212,Other
1,663212,Other
6,663218,0.0
Other,663281,0.0
Other,663281,0.0
1,663400,0.0
1,663400,0.0
1,663413,0.0
1,663413,Other
1,663502,0.0
1,663502,0.0
1,663502,0.0
1,663502,0.0
1,663502,0.0
1,663504,0.0
1,663504,0.0
1,663504,0.0
1,663504,0.0
1,663615,0.0
1,663615,0.0
1,663615,0.0
1,663615,0.0
1,663628,0.0
1,663628,0.0
1,663628,0.0
1,663640,0.0
1,663640,0.0
1,663704,0.0
1,663704,0.0
1,663704,0.0
3,663734,0.0
3,663734,0.0
3,663734,0.0
3,663734,0.0
3,663734,0.0
Other,663811,0.0
1,663890,0.0
1,663890,0.0
1,663924,Other
1,663924,Other
1,663924,0.0
6,663960,0.0
3,663997,0.0
3,663997,0.0
Other,664034,0.0
Other,664076,0.0
1,664154,0.0
1,664154,0.0
1,664154,0.0
1,664154,0.0
3,664216,0.0
3,664216,0.0
Other,664228,Other
Other,664228,Other
1,664504,0.0
1,664504,0.0
1,664504,0.0
Other,664507,0.0
Other,664507,0.0
1,664583,0.0
1,664583,0.0
1,664583,0.0
1,664598,0.0
1,664598,0.0
1,664598,0.0
1,664625,0.0
1,664625,Other
Other,664647,0.0
1,664668,0.0
1,664668,0.0
1,664668,0.0
1,664668,0.0
Other,664820,Other
1,664833,Other
1,664833,0.0
1,664833,0.0
1,664833,0.0
1,664833,0.0
1,664833,0.0
1,664833,0.0
1,664833,0.0
6,664861,0.0
Other,664932,0.0
Other,664932,0.0
1,665152,Other
1,665152,0.0
6,665386,0.0
1,665387,0.0
1,665387,0.0
3,665451,0.0
3,665451,0.0
2,665538,0.0
2,665538,0.0
6,665561,0.0
3,665583,0.0
3,665583,0.0
1,665635,Other
1,665635,Other
Other,665645,Other
1,665684,0.0
1,665684,0.0
1,665684,0.0
1,665684,0.0
Other,665724,0.0
Other,665724,Other
1,665740,Other
1,665740,0.0
1,665740,0.0
1,665743,0.0
1,665743,0.0
1,665743,0.0
1,665743,0.0
Other,665931,0.0
1,666004,0.0
1,666004,0.0
1,666158,0.0
1,666158,0.0
1,666158,0.0
6,666197,0.0
1,666321,0.0
1,666321,0.0
1,666326,0.0
1,666326,0.0
1,666341,0.0
1,666341,0.0
3,666343,0.0
3,666343,0.0
Other,666350,0.0
Other,666350,0.0
Other,666350,0.0
Other,666350,0.0
Other,666424,0.0
1,666442,0.0
1,666442,0.0
1,666544,Other
1,666544,0.0
3,666569,0.0
3,666569,0.0
3,666569,0.0
Other,666641,0.0
Other,666641,0.0
1,666700,0.0
1,666700,0.0
1,666700,0.0
1,666700,0.0
1,666709,0.0
1,666709,0.0
1,666709,0.0
1,666746,0.0
1,666746,0.0
1,666857,0.0
1,666857,0.0
1,666857,0.0
1,666913,0.0
1,666913,0.0
1,666941,0.0
1,666941,0.0
6,666984,0.0
6,666996,0.0
6,667053,0.0
Other,667078,Other
3,667242,0.0
3,667242,0.0
3,667242,0.0
3,667242,0.0
2,667320,0.0
2,667320,0.0
2,667346,0.0
2,667346,0.0
2,667346,0.0
1,667499,0.0
1,667499,Other
3,667524,0.0
3,667524,0.0
3,667524,0.0
3,667524,0.0
3,667524,0.0
3,667531,0.0
3,667531,0.0
3,667565,0.0
3,667565,0.0
3,667565,0.0
1,667615,Other
1,667615,Other
1,667615,0.0
3,667653,0.0
3,667653,0.0
3,667653,0.0
Other,667687,0.0
6,667699,0.0
3,667705,0.0
3,667705,0.0
3,667705,0.0
2,667758,0.0
2,667758,0.0
Other,667910,0.0
Other,667975,Other
Other,667975,0.0
Other,667975,0.0
3,668021,0.0
3,668021,0.0
1,668039,0.0
1,668039,0.0
1,668039,0.0
1,668039,0.0
1,668039,0.0
1,668039,0.0
Other,668223,0.0
Other,668223,0.0
1,668266,0.0
1,668266,0.0
1,668266,0.0
1,668266,0.0
3,668333,0.0
3,668333,0.0
6,668371,0.0
1,668432,0.0
1,668432,0.0
1,668432,0.0
1,668432,0.0
1,668432,0.0
1,668432,0.0
1,668550,0.0
1,668550,0.0
1,668592,0.0
1,668592,0.0
1,668592,0.0
1,668592,0.0
3,668681,0.0
3,668681,0.0
3,668681,0.0
3,668729,0.0
3,668729,0.0
3,668729,0.0
1,668759,0.0
1,668759,0.0
1,668759,0.0
1,668759,0.0
1,668759,0.0
1,668801,0.0
1,668801,0.0
1,668801,0.0
1,668801,0.0
1,668801,0.0
1,668804,Other
1,668804,0.0
1,668804,0.0
1,668804,0.0
1,668804,0.0
6,668849,0.0
1,668854,0.0
1,668854,0.0
1,668874,0.0
1,668874,0.0
Other,668880,0.0
3,668936,0.0
3,668936,0.0
3,668936,0.0
3,668936,0.0
3,668936,0.0
3,668936,0.0
1,668940,0.0
1,668940,0.0
6,668951,0.0
3,668959,0.0
3,668959,0.0
3,668959,0.0
6,668967,0.0
Other,668980,0.0
Other,668980,0.0
6,669000,0.0
Other,669026,Other
6,669054,0.0
1,669113,Other
1,669113,0.0
1,669113,0.0
1,669235,0.0
1,669235,0.0
1,669235,0.0
1,669267,0.0
1,669267,0.0
1,669267,0.0
1,669267,0.0
1,669267,0.0
1,669273,Other
1,669273,Other
1,669273,0.0
1,669273,0.0
3,669307,0.0
3,669307,0.0
3,669307,0.0
3,669307,0.0
3,669307,0.0
3,669408,0.0
3,669408,0.0
3,669408,0.0
1,669412,0.0
1,669412,0.0
1,669412,0.0
2,669545,0.0
2,669545,0.0
2,669545,0.0
1,669569,0.0
1,669569,0.0
1,669569,0.0
1,669616,0.0
1,669616,0.0
1,669616,0.0
6,669737,Other
3,669813,0.0
3,669813,0.0
3,669813,0.0
3,669813,0.0
3,669813,0.0
Other,669860,0.0
Other,669860,Other
Other,669860,0.0
Other,669860,Other
3,669933,0.0
3,669933,0.0
3,669933,0.0
3,669933,0.0
6,669979,0.0
Other,669996,0.0
Other,669996,0.0
Other,669996,0.0
1,670020,0.0
1,670020,0.0
1,670028,0.0
1,670028,0.0
Other,670090,0.0
Other,670090,0.0
Other,670380,Other
Other,670380,0.0
3,670445,0.0
3,670445,0.0
1,670451,0.0
1,670451,0.0
1,670451,0.0
1,670451,0.0
6,670486,0.0
Other,670669,0.0
3,670784,0.0
3,670784,0.0
3,670784,0.0
1,670840,0.0
1,670840,0.0
1,670858,0.0
1,670858,0.0
2,670934,0.0
2,670934,0.0
2,670934,0.0
2,670934,0.0
1,670992,0.0
1,670992,0.0
1,670992,0.0
1,671138,0.0
1,671138,0.0
1,671138,0.0
1,671138,0.0
6,671142,0.0
Other,671148,0.0
1,671155,0.0
1,671155,0.0
1,671155,0.0
1,671205,Other
1,671205,Other
1,671205,0.0
1,671205,0.0
2,671255,0.0
2,671255,0.0
2,671255,0.0
2,671255,0.0
Other,671356,0.0
Other,671356,0.0
1,671372,0.0
1,671372,0.0
1,671372,0.0
1,671372,0.0
Other,671378,0.0
1,671431,Other
1,671431,Other
1,671512,0.0
1,671512,0.0
1,671512,0.0
2,671627,0.0
2,671627,0.0
2,671627,0.0
2,671627,0.0
2,671627,0.0
3,671654,0.0
3,671654,0.0
3,671654,0.0
6,671761,0.0
6,671768,Other
2,671786,Other
2,671786,0.0
6,671822,0.0
1,671896,Other
1,671896,Other
1,671924,0.0
1,671924,0.0
1,671924,0.0
1,671924,0.0
1,671924,0.0
1,671924,0.0
Other,671987,Other
Other,671998,0.0
Other,671998,0.0
3,672013,0.0
3,672013,0.0
1,672016,0.0
1,672016,0.0
1,672016,0.0
6,672045,0.0
3,672049,0.0
3,672049,0.0
1,672088,0.0
1,672088,0.0
Other,672114,Other
Other,672114,0.0
1,672153,0.0
1,672153,0.0
1,672153,0.0
1,672153,0.0
1,672153,0.0
Other,672243,Other
Other,672243,0.0
1,672254,0.0
1,672254,Other
3,672347,0.0
3,672347,0.0
Other,672432,0.0
Other,672439,0.0
Other,672439,0.0
6,672708,0.0
6,672735,0.0
3,672781,0.0
3,672781,0.0
1,672806,0.0
1,672806,0.0
Other,672809,0.0
1,672861,0.0
1,672861,0.0
Other,673055,Other
Other,673055,0.0
Other,673140,0.0
3,673179,0.0
3,673179,0.0
3,673179,0.0
3,673179,0.0
3,673179,0.0
Other,673248,Other
1,673259,0.0
1,673259,Other
1,673259,0.0
1,673259,0.0
1,673259,0.0
1,673259,0.0
6,673260,0.0
1,673291,0.0
1,673291,0.0
1,673314,Other
1,673314,0.0
1,673314,0.0
Other,673321,0.0
1,673406,0.0
1,673406,0.0
1,673406,0.0
1,673406,0.0
1,673406,0.0
1,673406,0.0
1,673406,0.0
6,673412,0.0
3,673533,0.0
3,673533,0.0
3,673533,0.0
1,673567,0.0
1,673567,0.0
1,673567,0.0
1,673567,0.0
3,673614,0.0
3,673614,0.0
3,673614,0.0
1,673733,0.0
1,673733,0.0
1,673733,0.0
1,673733,0.0
1,673733,0.0
1,673765,0.0
1,673765,0.0
1,673765,0.0
1,673765,0.0
6,673943,0.0
1,674117,0.0
1,674117,0.0
1,674117,0.0
1,674117,0.0
Other,674142,0.0
6,674149,Other
6,674187,0.0
6,674201,0.0
1,674248,0.0
1,674248,Other
2,674326,0.0
2,674326,0.0
3,674429,0.0
3,674429,0.0
6,674463,0.0
1,674483,0.0
1,674483,0.0
Other,674627,Other
6,674705,0.0
3,674936,0.0
3,674936,0.0
1,674960,Other
1,674960,Other
1,674960,0.0
1,674960,0.0
1,675079,0.0
1,675079,0.0
1,675079,0.0
1,675079,0.0
1,675079,0.0
1,675159,Other
1,675159,0.0
1,675273,0.0
1,675273,0.0
Other,675314,0.0
1,675423,0.0
1,675423,0.0
1,675508,0.0
1,675508,0.0
1,675508,0.0
1,675508,0.0
1,675514,Other
1,675514,Other
1,675514,0.0
1,675514,0.0
1,675514,0.0
1,675514,Other
Other,675556,0.0
Other,675556,0.0
1,675565,0.0
1,675565,0.0
1,675565,0.0
1,675619,0.0
1,675619,0.0
1,675619,0.0
1,675713,0.0
1,675713,0.0
1,675713,0.0
1,675713,0.0
1,675713,Other
1,675746,0.0
1,675746,0.0
1,675746,0.0
Other,675793,0.0
Other,675793,0.0
Other,675809,0.0
Other,675843,Other
Other,675843,0.0
3,675917,0.0
3,675917,0.0
1,675953,0.0
1,675953,0.0
1,675953,0.0
1,675953,0.0
1,675953,0.0
1,675953,0.0
1,675953,0.0
1,675995,0.0
1,675995,0.0
2,676021,0.0
2,676021,0.0
2,676021,0.0
Other,676071,0.0
Other,676071,0.0
Other,676071,0.0
1,676136,Other
1,676136,Other
1,676136,0.0
1,676136,0.0
Other,676228,0.0
1,676254,0.0
1,676254,0.0
1,676254,0.0
1,676254,0.0
6,676258,Other
6,676334,Other
1,676476,0.0
1,676476,0.0
1,676476,0.0
Other,676529,0.0
Other,676630,0.0
1,676658,0.0
1,676658,0.0
3,676660,0.0
3,676660,0.0
3,676660,0.0
1,676675,Other
1,676675,Other
1,676675,0.0
1,676675,0.0
1,676686,0.0
1,676686,0.0
1,676686,0.0
Other,676694,0.0
Other,676694,0.0
6,676722,0.0
1,676738,Other
1,676738,0.0
6,676774,Other
1,676802,0.0
1,676802,0.0
1,676802,0.0
1,676828,0.0
1,676828,0.0
6,676966,Other
2,677050,Other
2,677050,0.0
6,677085,Other
Other,677122,0.0
Other,677289,0.0
Other,677289,0.0
1,677303,0.0
1,677303,0.0
1,677334,0.0
1,677334,0.0
1,677334,0.0
1,677334,0.0
1,677334,0.0
1,677334,0.0
6,677348,0.0
1,677362,0.0
1,677362,0.0
Other,677417,Other
Other,677445,0.0
1,677474,0.0
1,677474,0.0
1,677498,0.0
1,677498,0.0
1,677498,0.0
1,677498,0.0
1,677498,0.0
1,677509,0.0
1,677509,0.0
Other,677524,0.0
Other,677524,0.0
Other,677582,Other
3,677608,0.0
3,677608,0.0
1,677659,0.0
1,677659,0.0
1,677664,0.0
1,677664,0.0
1,677676,0.0
1,677676,0.0
1,677676,0.0
1,677768,0.0
1,677768,0.0
Other,677863,0.0
Other,677863,0.0
Other,677863,0.0
6,677894,0.0
3,677937,0.0
3,677937,0.0
1,677966,0.0
1,677966,0.0
1,677966,0.0
1,677966,0.0
Other,677976,0.0
Other,677976,0.0
1,677989,0.0
1,677989,0.0
1,677989,0.0
6,678007,0.0
1,678019,0.0
1,678019,0.0
1,678019,0.0
6,678022,0.0
2,678208,0.0
2,678208,0.0
2,678208,0.0
2,678208,0.0
Other,678211,0.0
1,678222,0.0
1,678222,0.0
1,678222,0.0
1,678222,0.0
1,678222,0.0
1,678222,0.0
2,678233,0.0
2,678233,0.0
2,678233,0.0
2,678233,0.0
Other,678256,0.0
1,678441,0.0
1,678441,0.0
1,678441,0.0
1,678441,0.0
1,678441,0.0
1,678441,0.0
1,678441,0.0
1,678480,0.0
1,678480,0.0
1,678613,Other
1,678613,0.0
1,678613,0.0
1,678613,Other
Other,678638,0.0
Other,678643,0.0
1,678753,0.0
1,678753,0.0
1,678753,0.0
1,678774,0.0
1,678774,0.0
2,678798,0.0
2,678798,0.0
Other,678819,0.0
1,678863,Other
1,678863,0.0
3,678869,0.0
3,678869,0.0
1,678918,0.0
1,678918,0.0
1,678918,Other
1,678918,0.0
1,679013,0.0
1,679013,0.0
1,679013,0.0
1,679013,0.0
1,679013,0.0
1,679013,0.0
1,679013,0.0
1,679013,0.0
6,679031,0.0
Other,679053,0.0
Other,679053,0.0
1,679240,0.0
1,679240,0.0
1,679240,0.0
1,679240,0.0
1,679240,0.0
2,679310,0.0
2,679310,0.0
6,679350,0.0
1,679380,0.0
1,679380,0.0
1,679380,0.0
1,679380,0.0
1,679380,0.0
3,679403,0.0
3,679403,0.0
3,679403,0.0
3,679403,0.0
6,679444,0.0
6,679501,0.0
Other,679504,0.0
Other,679504,0.0
1,679536,0.0
1,679536,0.0
6,679561,0.0
2,679567,Other
2,679567,0.0
1,679635,0.0
1,679635,0.0
6,679641,0.0
Other,679668,Other
1,679675,0.0
1,679675,0.0
1,679675,0.0
1,679677,0.0
1,679677,0.0
3,679705,0.0
3,679705,0.0
6,679723,0.0
3,679751,Other
3,679751,0.0
3,679751,0.0
6,679771,0.0
3,679772,0.0
3,679772,0.0
Other,679858,Other
1,680007,0.0
1,680007,0.0
1,680012,0.0
1,680012,0.0
1,680012,0.0
1,680012,0.0
1,680012,0.0
Other,680052,0.0
3,680053,0.0
3,680053,0.0
3,680053,0.0
1,680100,0.0
1,680100,0.0
1,680100,0.0
1,680100,0.0
1,680100,0.0
3,680166,Other
3,680166,0.0
3,680166,0.0
1,680184,0.0
1,680184,0.0
1,680184,0.0
1,680184,0.0
1,680251,0.0
1,680251,0.0
1,680588,0.0
1,680588,0.0
1,680588,0.0
1,680588,0.0
1,680588,0.0
1,680588,0.0
1,680588,0.0
6,680591,Other
Other,680597,0.0
Other,680597,0.0
Other,680597,0.0
Other,680597,0.0
Other,680648,0.0
Other,680648,0.0
6,680656,Other
Other,680695,0.0
Other,680695,0.0
6,680733,0.0
6,680734,Other
6,680793,0.0
1,680801,0.0
1,680801,0.0
1,680801,0.0
1,680801,0.0
1,680801,0.0
1,680801,0.0
1,680801,0.0
1,680801,0.0
1,680801,0.0
1,680801,0.0
1,680801,0.0
1,680801,0.0
1,680836,Other
1,680836,Other
Other,680858,0.0
1,680924,Other
1,680924,0.0
1,680924,0.0
3,680927,0.0
3,680927,0.0
3,680927,0.0
3,680927,0.0
6,680941,0.0
Other,680954,0.0
Other,681082,0.0
1,681219,0.0
1,681219,Other
1,681219,0.0
1,681219,0.0
3,681249,0.0
3,681249,0.0
3,681249,0.0
1,681289,0.0
1,681289,0.0
1,681289,0.0
1,681289,0.0
3,681314,0.0
3,681314,0.0
3,681314,0.0
1,681381,0.0
1,681381,0.0
1,681381,0.0
1,681546,0.0
1,681546,0.0
1,681546,0.0
1,681546,0.0
1,681546,0.0
1,681546,0.0
Other,681597,Other
1,681677,0.0
1,681677,0.0
6,681789,0.0
Other,681921,0.0
Other,681921,0.0
Other,681921,0.0
Other,681921,0.0
1,681951,0.0
1,681951,0.0
1,681951,0.0
1,681951,0.0
6,682006,0.0
1,682041,0.0
1,682041,0.0
1,682041,0.0
1,682041,0.0
1,682041,0.0
1,682041,0.0
1,682128,0.0
1,682128,0.0
1,682165,0.0
1,682165,0.0
1,682181,0.0
1,682181,0.0
1,682181,0.0
1,682198,0.0
1,682198,0.0
1,682198,0.0
Other,682287,0.0
6,682369,Other
3,682703,0.0
3,682497,0.0
3,682497,0.0
3,682497,0.0
1,682530,0.0
1,682530,0.0
1,682530,0.0
1,682530,0.0
1,682541,0.0
1,682541,0.0
Other,682561,0.0
Other,682561,0.0
1,682567,0.0
1,682567,0.0
1,682567,0.0
1,682567,0.0
1,682578,Other
1,682578,Other
1,682578,Other
6,682656,0.0
3,682703,0.0
3,682703,0.0
3,682703,0.0
3,682703,0.0
3,682703,0.0
1,682786,0.0
1,682786,0.0
1,682786,0.0
1,682786,0.0
Other,682989,Other
Other,683052,0.0
Other,683052,Other
Other,683052,0.0
1,683111,0.0
1,683111,0.0
1,683111,0.0
1,683185,0.0
1,683185,0.0
1,683240,0.0
1,683240,0.0
1,683240,0.0
6,683254,0.0
1,683422,0.0
1,683422,0.0
1,683422,0.0
6,683471,0.0
3,683490,Other
3,683490,0.0
3,683490,0.0
3,683490,0.0
1,683504,Other
1,683504,Other
3,683526,Other
3,683526,0.0
3,683526,Other
Other,683528,Other
6,683535,0.0
6,683575,0.0
1,683590,Other
1,683590,0.0
Other,683598,0.0
Other,683598,0.0
1,683603,0.0
1,683603,0.0
1,683652,0.0
1,683652,0.0
1,683652,0.0
1,683652,0.0
1,683652,0.0
1,683652,0.0
1,683652,0.0
1,683690,0.0
1,683690,0.0
1,683700,0.0
1,683700,0.0
1,683700,0.0
1,683700,0.0
1,683837,Other
1,683837,0.0
1,683837,0.0
1,683837,0.0
1,683837,0.0
1,683837,0.0
1,683837,0.0
1,683837,0.0
1,683837,0.0
Other,683838,0.0
2,683843,0.0
2,683843,0.0
1,683870,0.0
1,683870,0.0
1,683870,0.0
6,683903,0.0
1,683914,0.0
1,683914,0.0
6,684113,Other
Other,684132,0.0
1,684138,0.0
1,684138,0.0
1,684138,0.0
1,684138,0.0
1,684138,0.0
1,684152,Other
1,684152,Other
6,684180,0.0
3,684182,0.0
3,684182,0.0
3,684187,0.0
3,684187,0.0
3,684197,0.0
3,684197,0.0
1,684231,0.0
1,684231,0.0
3,684278,0.0
3,684278,0.0
1,684302,0.0
1,684302,0.0
1,684437,0.0
1,684437,0.0
1,684437,0.0
1,684437,0.0
1,684460,0.0
1,684460,0.0
1,684460,0.0
3,684465,0.0
3,684465,0.0
3,684465,0.0
3,684465,0.0
3,684465,0.0
1,684468,Other
1,684468,0.0
1,684468,0.0
1,684468,0.0
1,684677,0.0
1,684677,0.0
1,684697,0.0
1,684697,0.0
1,684697,0.0
Other,684701,0.0
Other,684701,0.0
Other,684874,0.0
3,684920,0.0
3,684920,0.0
3,684920,0.0
6,684942,0.0
3,685005,0.0
3,685005,0.0
3,685005,0.0
1,685016,0.0
1,685016,0.0
1,685016,0.0
1,685016,0.0
1,685016,0.0
3,685017,0.0
3,685017,0.0
1,685022,Other
1,685022,0.0
1,685022,0.0
Other,685062,0.0
1,685171,0.0
1,685171,0.0
1,685171,0.0
6,685179,Other
3,685185,Other
3,685185,0.0
3,685185,0.0
3,685185,0.0
1,685215,0.0
1,685215,0.0
1,685215,0.0
1,685215,0.0
1,685225,Other
1,685225,0.0
1,685225,0.0
Other,685231,Other
1,685292,0.0
1,685292,0.0
3,685367,0.0
3,685367,0.0
3,685367,0.0
3,685367,0.0
2,685505,Other
2,685505,0.0
2,685505,Other
2,685505,0.0
1,685510,0.0
1,685510,0.0
6,685524,0.0
Other,685614,0.0
Other,685666,0.0
3,685692,0.0
3,685692,0.0
3,685755,0.0
3,685755,0.0
3,685755,0.0
3,685755,0.0
3,685803,0.0
3,685803,0.0
6,685836,0.0
1,685848,Other
1,685848,Other
Other,685911,0.0
1,686040,0.0
1,686040,0.0
Other,686055,0.0
Other,686067,0.0
Other,686067,0.0
Other,686067,0.0
Other,686093,0.0
Other,686093,0.0
Other,686168,0.0
Other,686168,0.0
Other,686168,0.0
Other,686168,0.0
1,686257,Other
1,686257,Other
1,686299,0.0
1,686299,0.0
1,686299,0.0
1,686299,0.0
1,686302,0.0
1,686302,0.0
1,686362,0.0
1,686362,0.0
1,686362,0.0
6,686450,0.0
1,686459,0.0
1,686459,0.0
1,686459,0.0
6,686489,0.0
Other,686570,0.0
6,686650,0.0
1,686827,0.0
1,686827,0.0
Other,686829,0.0
6,686894,0.0
6,686997,0.0
6,687039,0.0
1,687130,0.0
1,687130,0.0
1,687130,0.0
1,687130,0.0
Other,687157,0.0
1,687173,Other
1,687173,0.0
2,687239,0.0
2,687239,0.0
2,687239,0.0
2,687254,0.0
2,687254,0.0
2,687254,0.0
1,687281,0.0
1,687281,0.0
1,687281,0.0
1,687281,0.0
1,687281,0.0
Other,687305,0.0
6,687404,0.0
1,687653,0.0
1,687653,0.0
1,687653,0.0
Other,687749,0.0
6,687753,0.0
6,687786,Other
Other,687820,0.0
Other,687851,Other
1,687899,0.0
1,687899,0.0
1,687899,0.0
1,687899,0.0
1,687899,0.0
1,687899,0.0
1,687930,Other
1,687930,0.0
1,687930,0.0
1,687932,Other
1,687932,0.0
1,687932,0.0
1,687932,0.0
1,687970,0.0
1,687970,0.0
1,687970,0.0
1,687973,0.0
1,687973,0.0
1,687973,0.0
1,688005,Other
1,688005,0.0
Other,688208,Other
6,688219,0.0
Other,688239,0.0
2,688319,0.0
2,688319,Other
3,688508,0.0
3,688508,0.0
Other,688545,0.0
Other,688599,0.0
1,688637,0.0
1,688637,0.0
6,688650,Other
6,688696,0.0
Other,688701,0.0
3,688720,0.0
3,688720,0.0
Other,688747,0.0
3,688754,0.0
3,688754,0.0
Other,688770,0.0
Other,688770,0.0
Other,688881,0.0
Other,688881,0.0
Other,688881,0.0
6,688961,0.0
1,688979,0.0
1,688979,0.0
1,688979,0.0
3,688990,0.0
3,688990,0.0
3,688990,0.0
3,688990,0.0
3,688990,0.0
3,688990,0.0
Other,689007,0.0
1,689013,0.0
1,689013,0.0
1,689013,0.0
1,689013,0.0
2,689024,0.0
2,689024,0.0
2,689024,0.0
2,689024,0.0
1,689087,0.0
1,689087,0.0
1,689087,0.0
1,689087,0.0
1,689087,0.0
1,689087,0.0
1,689087,0.0
1,689104,Other
1,689104,0.0
1,689104,0.0
3,689388,0.0
3,689388,0.0
3,689388,0.0
1,689468,0.0
1,689468,0.0
1,689468,0.0
1,689468,0.0
3,689514,0.0
3,689514,0.0
3,689514,0.0
3,689514,0.0
3,689514,0.0
3,689514,0.0
3,689514,0.0
1,689567,0.0
1,689567,0.0
1,689567,0.0
1,689567,0.0
3,689569,0.0
3,689569,0.0
3,689569,0.0
3,689569,0.0
3,689569,0.0
2,689578,0.0
2,689578,0.0
1,689652,0.0
1,689652,0.0
1,689660,0.0
1,689660,0.0
1,689660,0.0
1,689663,0.0
1,689663,Other
1,689663,0.0
1,689663,0.0
1,689670,0.0
1,689670,Other
1,689670,0.0
1,689670,0.0
1,689670,0.0
Other,689767,0.0
Other,689767,0.0
3,689769,0.0
3,689769,0.0
3,689820,0.0
3,689820,0.0
1,689852,0.0
1,689852,0.0
1,689852,0.0
1,689852,0.0
1,689883,0.0
1,689883,0.0
1,689883,0.0
1,689883,0.0
1,689890,0.0
1,689890,0.0
1,689890,0.0
1,689890,0.0
1,689890,0.0
1,707595,0.0
1,689890,0.0
1,689929,Other
1,689929,0.0
1,689929,0.0
6,690098,Other
1,690187,0.0
1,690187,0.0
1,690187,0.0
1,690187,0.0
1,690218,0.0
1,690218,0.0
3,690270,0.0
3,690270,0.0
3,690270,0.0
3,690270,0.0
3,690270,0.0
3,690311,0.0
3,690311,0.0
Other,690312,0.0
6,690346,Other
1,690353,0.0
1,690353,0.0
1,690353,0.0
1,690353,0.0
1,690353,0.0
Other,690370,0.0
Other,690370,0.0
Other,690370,0.0
Other,690370,0.0
2,690478,0.0
2,690478,0.0
2,690478,0.0
6,690531,0.0
1,690575,Other
1,690575,Other
1,690575,0.0
Other,690604,Other
1,690633,0.0
1,690633,0.0
1,690661,0.0
1,690661,Other
1,690661,0.0
1,690661,0.0
Other,690690,0.0
Other,690690,0.0
2,690768,0.0
2,690768,0.0
2,690768,0.0
2,690768,0.0
2,690768,0.0
2,690768,0.0
1,690811,0.0
1,690811,0.0
1,690811,0.0
1,690811,0.0
1,690811,0.0
Other,690824,0.0
Other,690824,0.0
Other,690824,Other
1,690915,0.0
1,690915,0.0
Other,690964,0.0
Other,690964,Other
Other,690970,Other
3,691033,0.0
3,691033,0.0
6,691056,0.0
Other,691066,0.0
Other,691066,0.0
Other,691066,0.0
1,691156,0.0
1,691156,0.0
1,691196,0.0
1,691196,0.0
1,691196,0.0
2,691218,0.0
2,691218,0.0
2,691218,0.0
Other,691219,Other
3,691322,0.0
3,691322,0.0
3,691322,0.0
1,691353,0.0
1,691353,0.0
1,691353,0.0
1,691353,0.0
1,691353,0.0
1,691353,0.0
1,691415,Other
1,691415,Other
3,691424,0.0
3,691424,0.0
3,691424,0.0
3,691424,0.0
3,691424,0.0
3,691424,0.0
3,691424,0.0
1,691489,Other
1,691489,Other
1,691489,0.0
Other,691514,0.0
1,691525,Other
1,691525,0.0
1,691525,0.0
1,691525,0.0
1,691623,Other
1,691623,0.0
1,691623,0.0
1,691623,0.0
1,691661,0.0
1,691661,0.0
1,691661,0.0
1,691661,0.0
1,691661,0.0
1,691687,0.0
1,691687,0.0
1,691687,0.0
6,691716,Other
1,691913,0.0
1,691913,0.0
1,691913,0.0
6,691997,0.0
1,692061,Other
1,692061,0.0
1,692061,0.0
1,692062,0.0
1,692062,0.0
1,692062,0.0
1,692062,0.0
1,692155,Other
1,692155,Other
1,692155,0.0
1,692155,0.0
2,692201,0.0
2,692201,0.0
2,692201,0.0
2,692201,0.0
Other,692202,0.0
Other,692218,0.0
2,692221,0.0
2,692221,0.0
6,692361,Other
Other,692367,0.0
3,692441,0.0
3,692441,0.0
3,692486,0.0
3,692486,0.0
3,692491,0.0
3,692491,Other
3,692491,0.0
1,692555,0.0
1,692555,0.0
1,692555,0.0
1,692555,0.0
6,692561,Other
Other,692603,0.0
Other,692603,0.0
2,692642,0.0
2,692642,0.0
2,692642,0.0
2,692642,0.0
1,692673,0.0
1,692673,0.0
1,692673,0.0
1,692673,0.0
1,692708,0.0
1,692708,0.0
1,692708,0.0
Other,692735,0.0
Other,692735,0.0
6,692758,Other
1,692810,Other
1,692810,0.0
1,692810,0.0
6,692819,0.0
3,692842,0.0
3,692842,0.0
3,692842,0.0
3,692842,0.0
3,692842,0.0
3,692842,0.0
3,692868,0.0
3,692868,0.0
3,692868,0.0
1,692871,0.0
1,692871,0.0
1,692871,0.0
1,692956,0.0
1,692956,Other
1,692992,Other
1,692992,Other
1,693111,0.0
1,693111,0.0
1,693111,0.0
1,693111,0.0
3,693115,0.0
3,693115,0.0
1,693211,Other
1,693211,0.0
1,693211,0.0
1,693211,0.0
1,693230,0.0
1,693230,0.0
1,693230,0.0
1,693230,0.0
1,693230,0.0
1,693230,0.0
1,693230,0.0
1,693230,0.0
1,693275,0.0
1,693275,0.0
1,693275,0.0
1,693275,0.0
3,693331,0.0
3,693331,0.0
3,693331,0.0
3,693331,0.0
3,693331,0.0
3,693331,0.0
1,693340,0.0
1,693340,0.0
1,693340,0.0
1,693340,0.0
Other,693356,0.0
3,693371,0.0
3,693371,0.0
3,693371,0.0
3,693371,0.0
3,693393,0.0
3,693393,0.0
3,693393,0.0
3,693441,0.0
3,693441,0.0
3,693441,0.0
1,693537,0.0
1,693537,0.0
1,693537,0.0
1,693537,0.0
Other,693602,0.0
Other,693602,0.0
Other,693602,0.0
6,693629,0.0
3,693654,0.0
3,693654,0.0
3,693654,0.0
3,693654,0.0
1,693690,0.0
1,693690,0.0
1,693690,0.0
1,693690,0.0
1,693751,0.0
1,693751,0.0
1,693751,0.0
1,693751,0.0
2,693843,0.0
2,693843,0.0
1,693851,0.0
1,693851,0.0
1,693851,0.0
1,693851,0.0
Other,693852,0.0
6,693861,0.0
1,693921,0.0
1,693921,0.0
1,693921,0.0
1,693921,0.0
3,693936,0.0
3,693936,0.0
3,693936,0.0
3,693936,0.0
1,694000,Other
1,694000,0.0
Other,694045,Other
Other,694146,0.0
Other,694146,0.0
6,694167,0.0
1,694257,0.0
1,694257,0.0
1,694257,0.0
3,694299,0.0
3,694299,0.0
Other,694341,0.0
2,694568,0.0
2,694568,0.0
1,694791,0.0
1,694791,0.0
1,694791,0.0
3,694839,0.0
3,694839,0.0
2,694840,0.0
2,694840,0.0
2,694840,0.0
3,694953,0.0
3,694953,0.0
3,694953,0.0
Other,694955,Other
Other,694955,Other
Other,695024,Other
1,695058,0.0
1,695058,0.0
6,695091,0.0
1,695136,0.0
1,695136,0.0
1,695136,0.0
1,695136,0.0
1,695136,0.0
1,695136,0.0
3,695221,0.0
3,695221,0.0
3,695221,0.0
1,695356,0.0
1,695356,0.0
1,695364,0.0
1,695364,0.0
1,695364,0.0
1,695364,0.0
1,695447,0.0
1,695447,0.0
6,695560,Other
1,695668,0.0
1,695668,0.0
1,695668,0.0
3,695686,0.0
3,695686,0.0
3,695686,0.0
1,695731,0.0
1,695731,0.0
1,695731,0.0
1,695731,0.0
1,695796,Other
1,695796,0.0
1,695829,0.0
1,695829,0.0
Other,695844,0.0
Other,695844,0.0
Other,695844,0.0
1,695846,0.0
1,695846,0.0
1,695846,0.0
Other,695885,0.0
3,695903,0.0
3,695903,0.0
Other,695933,0.0
1,696019,0.0
1,696019,0.0
1,696019,0.0
6,696079,0.0
1,696107,Other
1,696107,0.0
1,696107,0.0
1,696107,0.0
1,696156,0.0
1,696156,0.0
1,696156,0.0
1,696156,0.0
1,696228,0.0
1,696228,0.0
1,696228,0.0
1,696228,0.0
1,696228,0.0
Other,696445,0.0
Other,696449,0.0
Other,696449,0.0
6,696456,Other
6,696470,0.0
1,696516,Other
1,696516,Other
6,696677,Other
3,696679,0.0
3,696679,0.0
Other,696815,Other
6,696834,0.0
1,696846,Other
1,696846,Other
6,696916,Other
3,696938,0.0
3,696938,0.0
3,696938,0.0
1,697083,0.0
1,697083,0.0
1,697275,0.0
1,697275,0.0
1,697275,0.0
1,697275,0.0
3,697293,0.0
3,697293,0.0
1,697334,0.0
1,697334,0.0
1,697334,0.0
1,697334,0.0
1,697336,0.0
1,697336,Other
1,697474,0.0
1,697474,0.0
6,697529,0.0
1,697551,Other
1,697551,0.0
1,697551,0.0
1,697614,0.0
1,697614,0.0
1,697614,0.0
1,697614,0.0
3,697658,0.0
3,697658,0.0
3,697658,0.0
3,697658,0.0
1,697692,0.0
1,697692,Other
6,697740,0.0
Other,697761,0.0
Other,697761,0.0
3,698047,0.0
3,698047,0.0
3,698047,0.0
3,698047,0.0
3,698047,0.0
3,698047,0.0
Other,698114,0.0
Other,698114,0.0
2,733798,0.0
1,698170,0.0
1,698170,0.0
1,698292,0.0
1,698292,0.0
Other,698343,0.0
Other,698343,0.0
1,698473,0.0
1,698473,0.0
1,698473,0.0
1,698473,0.0
Other,698645,0.0
1,698705,0.0
1,698705,0.0
1,698705,0.0
1,698705,0.0
1,698705,0.0
1,698705,0.0
1,698705,0.0
1,698705,0.0
1,698705,0.0
1,698705,0.0
1,698731,0.0
1,698731,0.0
1,698731,Other
Other,698758,0.0
3,698767,0.0
3,698767,0.0
6,698773,0.0
3,698902,0.0
3,698902,0.0
3,698902,0.0
3,698902,0.0
1,698913,Other
1,698913,0.0
Other,698924,0.0
Other,698924,0.0
Other,698924,0.0
Other,698943,0.0
1,698960,0.0
1,698960,0.0
1,698960,0.0
1,698960,0.0
2,699052,0.0
2,699052,0.0
Other,699057,0.0
1,699079,0.0
1,699079,0.0
3,699106,0.0
3,699106,0.0
3,699106,0.0
6,699136,0.0
2,699206,0.0
2,699206,0.0
1,699211,0.0
1,699211,0.0
1,699329,0.0
1,699329,Other
Other,699341,0.0
6,699350,0.0
Other,699424,0.0
3,699465,0.0
3,699465,0.0
3,699465,0.0
3,699473,0.0
3,699473,0.0
2,699488,0.0
2,699488,0.0
1,699605,0.0
1,699605,0.0
1,699739,Other
1,699739,Other
1,699739,Other
1,699739,Other
3,699765,0.0
3,699765,0.0
3,700030,0.0
3,700030,0.0
3,700030,0.0
3,700030,0.0
1,700087,0.0
1,700087,0.0
1,700087,0.0
1,700087,0.0
1,700087,0.0
1,700087,0.0
1,700087,0.0
1,700102,Other
1,700102,Other
1,700102,0.0
3,700115,0.0
3,700115,0.0
Other,700132,0.0
Other,700132,0.0
Other,700144,0.0
1,700298,0.0
1,700298,0.0
1,700298,0.0
1,700298,0.0
2,700365,0.0
2,700365,0.0
6,700397,0.0
Other,700475,Other
1,700504,0.0
1,700504,0.0
1,700504,0.0
1,700504,0.0
1,700504,0.0
1,700504,0.0
1,700504,0.0
Other,700526,0.0
Other,700562,0.0
3,700667,0.0
3,700667,0.0
3,700667,0.0
1,700738,0.0
1,700738,0.0
1,700738,0.0
1,700738,0.0
1,700740,0.0
1,700740,0.0
1,700740,0.0
1,700756,0.0
1,700756,0.0
Other,700766,0.0
Other,700766,0.0
3,700783,0.0
3,700783,0.0
3,700783,0.0
1,700798,0.0
1,700798,0.0
1,700798,0.0
6,700905,0.0
1,700951,Other
1,700951,0.0
6,700989,Other
6,701104,Other
1,701110,0.0
1,701110,0.0
1,701110,0.0
1,701110,0.0
1,701110,0.0
2,701129,0.0
2,701129,0.0
6,701242,0.0
Other,701249,0.0
1,701263,Other
1,701263,0.0
1,701263,0.0
3,701310,0.0
3,701310,0.0
1,701357,0.0
1,701357,0.0
1,701357,0.0
1,701357,0.0
1,701357,0.0
1,701400,Other
1,701400,Other
1,701410,0.0
1,701410,0.0
1,701466,Other
1,701466,0.0
1,701466,0.0
1,701466,0.0
1,701466,0.0
1,701466,0.0
Other,701539,0.0
Other,701539,0.0
1,701725,0.0
1,701725,0.0
1,701725,0.0
1,701725,0.0
1,701758,Other
1,701758,0.0
1,701763,0.0
1,701763,0.0
1,701822,0.0
1,701822,0.0
1,701822,0.0
1,701877,0.0
1,701877,Other
3,701916,0.0
3,701916,0.0
3,702081,0.0
3,702081,0.0
1,702111,0.0
1,702111,0.0
1,702111,0.0
Other,702130,0.0
1,702172,0.0
1,702172,0.0
1,702178,0.0
1,702178,0.0
1,702178,0.0
1,702178,0.0
6,702215,0.0
Other,702216,0.0
2,702353,0.0
2,702353,0.0
2,702353,0.0
2,702353,0.0
1,702404,0.0
1,702404,0.0
1,702424,0.0
1,702424,Other
1,702424,0.0
1,702424,0.0
Other,702435,Other
Other,702435,0.0
1,702476,0.0
1,702476,0.0
1,702476,0.0
1,702476,0.0
1,702476,0.0
1,702476,0.0
1,702514,Other
1,702514,0.0
1,702514,0.0
1,702514,0.0
Other,702542,0.0
1,702554,0.0
1,702554,0.0
1,702564,0.0
1,702564,0.0
3,702586,0.0
3,702586,0.0
3,702586,0.0
3,702586,0.0
1,702634,0.0
1,702634,0.0
1,702634,0.0
1,702634,0.0
Other,702681,0.0
Other,702681,Other
1,702827,0.0
1,702827,0.0
1,702847,0.0
1,702847,0.0
1,702847,0.0
2,702881,0.0
2,702881,0.0
1,702978,Other
1,702978,Other
3,703170,0.0
3,703170,0.0
3,703170,0.0
1,703187,Other
1,703187,Other
1,703196,0.0
1,703196,Other
1,703196,0.0
1,703196,0.0
Other,703391,0.0
1,703464,0.0
1,703464,0.0
3,703483,0.0
3,703483,0.0
3,703483,0.0
3,703491,0.0
3,703491,0.0
3,703491,0.0
1,703506,0.0
1,703506,0.0
1,703506,0.0
1,703506,0.0
3,703539,0.0
3,703539,0.0
3,703539,0.0
3,703539,0.0
Other,703604,0.0
3,703608,0.0
3,703608,0.0
3,703702,0.0
3,703702,0.0
3,703702,0.0
3,703816,0.0
3,703816,0.0
1,703908,0.0
1,703908,0.0
1,703908,0.0
1,703917,0.0
1,703917,0.0
1,703917,0.0
1,703917,0.0
Other,703964,Other
Other,703964,0.0
6,704026,0.0
1,704084,0.0
1,704084,0.0
1,704084,0.0
Other,704085,Other
1,704169,0.0
1,704169,0.0
1,704190,0.0
1,704190,0.0
1,704190,0.0
1,704190,0.0
Other,704241,Other
1,704245,Other
1,704245,Other
Other,704247,0.0
1,704277,0.0
1,704277,0.0
1,704277,0.0
1,704277,0.0
1,704277,0.0
1,704277,0.0
3,704344,0.0
3,704344,0.0
3,704344,0.0
1,704349,0.0
1,704349,0.0
1,704357,0.0
1,704357,0.0
1,704357,0.0
1,704357,0.0
1,704376,0.0
1,704376,0.0
1,704376,0.0
1,704465,0.0
1,704465,0.0
3,704486,0.0
3,704486,0.0
3,704486,0.0
1,704532,Other
1,704532,Other
3,704557,0.0
3,704557,0.0
3,704557,0.0
Other,704561,0.0
Other,704569,0.0
1,704588,0.0
1,704588,0.0
1,704588,0.0
1,704588,0.0
1,704641,0.0
1,704641,0.0
1,704641,0.0
1,704641,0.0
1,704641,0.0
1,704641,0.0
1,704641,0.0
1,704641,0.0
3,704746,0.0
3,704746,0.0
3,704751,0.0
3,704751,0.0
3,704751,0.0
3,704751,0.0
3,704751,Other
3,704751,0.0
3,704751,0.0
Other,704830,0.0
6,704832,0.0
6,704892,Other
1,704939,0.0
1,704939,0.0
1,704939,0.0
2,704947,0.0
2,704947,0.0
3,705062,0.0
3,705062,0.0
3,705062,0.0
6,705138,0.0
6,705200,0.0
1,705283,0.0
1,705283,0.0
1,705283,0.0
1,705283,0.0
1,705356,0.0
1,705356,0.0
1,705356,0.0
1,705356,0.0
1,705381,Other
1,705381,Other
1,705381,0.0
1,705381,0.0
Other,705466,Other
Other,705466,0.0
1,705492,0.0
1,705492,0.0
1,705492,0.0
1,705492,0.0
1,705526,0.0
1,705526,0.0
1,705526,0.0
1,705526,0.0
6,705553,0.0
1,705631,0.0
1,705631,0.0
1,705631,0.0
1,705647,0.0
1,705647,0.0
6,705698,0.0
Other,705757,0.0
Other,705757,Other
6,705762,0.0
1,705803,0.0
1,705803,0.0
Other,705823,Other
Other,705823,0.0
6,705842,Other
6,706032,0.0
1,706253,0.0
1,706253,0.0
1,706253,0.0
1,706253,0.0
1,706261,0.0
1,706261,0.0
1,706261,0.0
1,706261,0.0
3,706299,0.0
3,706299,0.0
3,706299,0.0
2,706356,0.0
2,706356,0.0
2,706356,0.0
2,706356,0.0
2,706356,0.0
6,706378,Other
1,706386,0.0
1,706386,0.0
1,706386,0.0
1,706386,0.0
1,706527,0.0
1,706527,0.0
1,706617,0.0
1,706617,0.0
1,706617,0.0
1,706617,0.0
Other,706679,0.0
Other,706679,0.0
3,706761,0.0
3,706761,0.0
3,706815,0.0
3,706815,0.0
1,706831,0.0
1,706831,0.0
1,706831,0.0
1,706831,0.0
1,706918,Other
1,706918,0.0
1,706918,0.0
1,706918,0.0
1,706937,0.0
1,706937,0.0
1,706987,0.0
1,706987,0.0
Other,706988,0.0
1,707065,0.0
1,707065,0.0
3,707117,Other
3,707117,Other
Other,707135,Other
1,707155,0.0
1,707155,0.0
1,707155,0.0
1,707155,0.0
1,707202,0.0
1,707202,Other
1,707202,0.0
1,707202,0.0
1,707202,0.0
1,707202,0.0
1,707202,0.0
1,707202,0.0
6,707247,0.0
3,707334,0.0
3,707334,0.0
3,707334,0.0
3,707334,0.0
1,707344,0.0
1,707344,0.0
Other,707378,0.0
6,707394,0.0
6,707429,0.0
3,707534,0.0
3,707534,0.0
3,707534,0.0
3,707534,0.0
3,707534,0.0
3,707534,0.0
1,707595,0.0
1,707595,0.0
1,707595,0.0
Other,707624,0.0
Other,707624,0.0
3,707666,0.0
3,707666,0.0
3,707666,0.0
6,707671,0.0
Other,707735,0.0
Other,707735,0.0
1,707750,0.0
1,707750,0.0
1,707750,0.0
1,707750,0.0
1,707750,0.0
1,707750,0.0
1,707750,0.0
1,707750,0.0
1,707750,0.0
1,707750,0.0
3,707753,0.0
3,707753,0.0
3,707793,0.0
3,707793,0.0
3,707793,0.0
6,707896,0.0
2,707905,Other
2,707905,0.0
2,707936,0.0
2,707936,0.0
3,708010,0.0
3,708010,0.0
3,708010,0.0
3,708010,0.0
1,708035,0.0
1,708035,0.0
1,708035,0.0
6,708143,0.0
Other,708190,0.0
Other,708190,Other
1,708202,0.0
1,708202,0.0
1,708202,0.0
1,708202,0.0
Other,708232,0.0
3,708310,0.0
3,708310,0.0
6,708311,0.0
1,708349,Other
1,708349,Other
2,708608,0.0
2,708608,0.0
2,708608,Other
2,708608,0.0
2,708614,Other
2,708614,0.0
2,708614,0.0
1,708695,0.0
1,708695,0.0
1,708695,0.0
1,708708,0.0
1,708708,0.0
1,708719,0.0
1,708719,0.0
1,708719,0.0
1,708719,0.0
1,708719,0.0
Other,708755,0.0
Other,708755,0.0
3,708764,0.0
3,708764,0.0
3,708764,0.0
3,708764,0.0
3,708764,0.0
1,708778,0.0
1,708778,0.0
1,708837,Other
1,708837,Other
1,708837,0.0
1,708837,0.0
1,708837,Other
6,708841,0.0
6,708845,0.0
1,708901,0.0
1,708901,0.0
6,708910,0.0
1,708941,0.0
1,708941,0.0
1,709048,0.0
1,709048,0.0
1,709048,0.0
1,709107,0.0
1,709107,0.0
1,709108,0.0
1,709108,0.0
1,709108,0.0
1,709108,0.0
1,709177,0.0
1,709177,0.0
1,709177,0.0
1,709177,0.0
1,709177,0.0
6,709188,0.0
Other,709200,0.0
1,709210,0.0
1,709210,0.0
1,709210,0.0
1,709210,0.0
1,709210,0.0
1,709210,0.0
1,709210,0.0
1,709210,0.0
1,709210,0.0
Other,709289,0.0
Other,709289,0.0
1,709360,0.0
1,709360,0.0
1,709360,0.0
1,709408,0.0
1,709408,0.0
1,709408,0.0
1,709444,0.0
1,709444,0.0
1,709444,0.0
1,709444,0.0
1,709444,0.0
3,709450,0.0
3,709450,0.0
3,709450,0.0
3,709645,0.0
3,709645,0.0
Other,709677,0.0
Other,709705,0.0
Other,709705,0.0
1,709783,0.0
1,709783,0.0
1,709783,0.0
1,709783,0.0
6,709916,0.0
3,709982,0.0
3,709982,0.0
3,709982,0.0
3,709982,0.0
6,710015,0.0
Other,710139,0.0
Other,710139,0.0
1,710254,Other
1,710254,0.0
1,710259,0.0
1,710259,0.0
1,710259,0.0
1,710259,0.0
Other,710275,0.0
Other,710326,0.0
Other,710326,0.0
1,710329,0.0
1,710329,0.0
1,710329,0.0
1,710329,0.0
1,710329,0.0
1,710329,0.0
1,710329,0.0
1,710329,0.0
1,710329,0.0
1,710329,0.0
3,710423,0.0
3,710423,0.0
6,710506,0.0
Other,710535,0.0
Other,710535,0.0
Other,710535,0.0
Other,710535,0.0
1,710595,Other
1,710595,0.0
1,710595,0.0
1,710595,0.0
1,710595,0.0
1,710595,0.0
6,710617,Other
2,710757,Other
2,710757,0.0
6,710786,0.0
1,710920,Other
1,710920,0.0
1,710920,0.0
3,711006,0.0
3,711006,0.0
3,711006,Other
1,711092,0.0
1,711092,0.0
1,711127,0.0
1,711127,0.0
1,711127,0.0
1,711127,0.0
1,711127,0.0
1,711127,0.0
1,711153,0.0
1,711153,0.0
1,711153,0.0
3,711167,0.0
3,711167,0.0
1,711189,0.0
1,711189,0.0
Other,711330,0.0
6,711338,Other
6,711354,0.0
1,711371,0.0
1,711371,0.0
1,711371,0.0
1,711371,0.0
1,711371,0.0
1,711371,0.0
6,711375,0.0
6,711383,0.0
6,711414,Other
6,711452,0.0
1,711454,Other
1,711454,0.0
1,711454,0.0
Other,711507,Other
3,711510,0.0
3,711510,0.0
1,711553,0.0
1,711553,0.0
1,711553,0.0
1,711675,0.0
1,711675,0.0
1,711675,0.0
1,711726,0.0
1,711726,0.0
1,711726,0.0
1,711726,0.0
1,711726,0.0
1,711726,0.0
1,711726,0.0
2,711767,0.0
2,711767,0.0
1,711796,Other
1,711796,0.0
3,711840,0.0
3,711840,0.0
6,711868,0.0
Other,711943,0.0
6,711947,0.0
Other,711954,0.0
Other,711954,0.0
1,712014,0.0
1,712014,0.0
3,712066,0.0
3,712066,0.0
2,712127,0.0
2,712127,0.0
2,712127,0.0
2,712127,0.0
2,712127,0.0
1,712155,0.0
1,712155,0.0
1,712155,0.0
3,712178,0.0
3,712178,0.0
3,712178,0.0
3,712178,0.0
3,712178,0.0
1,712394,0.0
1,712394,0.0
1,712394,0.0
1,712397,0.0
1,712397,0.0
1,712397,0.0
1,712397,0.0
1,712397,0.0
3,712431,0.0
3,712431,0.0
1,712551,Other
1,712551,0.0
6,712570,0.0
6,712581,0.0
Other,712692,0.0
Other,712692,0.0
3,712772,0.0
3,712772,0.0
3,712846,Other
3,712846,0.0
3,712846,0.0
3,712846,0.0
3,712846,0.0
3,712846,0.0
3,712846,0.0
6,712889,0.0
Other,712919,0.0
Other,712919,0.0
2,713026,0.0
2,713026,0.0
2,713026,0.0
2,713026,0.0
2,713026,0.0
6,713109,Other
Other,713195,Other
Other,713195,0.0
6,713215,0.0
3,713222,0.0
3,713222,Other
1,713239,Other
1,713239,Other
1,713239,0.0
1,713239,0.0
1,713290,0.0
1,713290,0.0
1,713290,0.0
1,713290,0.0
Other,713396,0.0
Other,713396,0.0
3,713425,0.0
3,713425,0.0
3,713425,0.0
1,713550,0.0
1,713550,0.0
1,713550,0.0
1,713550,0.0
1,713600,0.0
1,713600,0.0
1,713600,0.0
1,713693,Other
1,713693,Other
1,713777,0.0
1,713777,0.0
1,713777,0.0
1,713777,0.0
1,713777,0.0
1,713777,0.0
Other,713877,0.0
Other,713877,0.0
Other,713877,0.0
Other,713877,0.0
Other,714021,0.0
6,714073,Other
1,714081,0.0
1,714081,0.0
Other,714487,Other
3,714501,0.0
3,714501,0.0
3,714501,0.0
3,714586,0.0
3,714586,0.0
3,714586,0.0
1,714590,Other
1,714590,Other
3,714634,0.0
3,714634,0.0
1,714787,0.0
1,714787,0.0
6,714839,0.0
Other,714843,0.0
6,714872,0.0
Other,714984,0.0
1,715083,0.0
1,715083,0.0
1,715135,Other
1,715135,0.0
1,715135,0.0
1,715135,Other
1,715144,Other
1,715144,Other
1,715196,Other
1,715196,0.0
1,715223,0.0
1,715223,0.0
2,715261,0.0
2,715261,0.0
1,715281,0.0
1,715281,0.0
1,715281,0.0
1,715281,0.0
1,715281,0.0
6,715339,0.0
3,715358,0.0
3,715358,0.0
3,715358,0.0
Other,715397,0.0
Other,715454,0.0
Other,715507,0.0
Other,715507,0.0
Other,715507,0.0
Other,715507,0.0
Other,715507,0.0
Other,715553,0.0
Other,715553,0.0
1,715675,0.0
1,715675,0.0
1,715675,0.0
1,715733,0.0
1,715733,0.0
Other,715758,0.0
1,715860,0.0
1,715860,0.0
1,715974,Other
1,715974,Other
1,716198,0.0
1,716198,0.0
1,716210,Other
1,716210,Other
Other,716273,0.0
Other,716273,0.0
Other,716273,0.0
Other,716273,0.0
Other,716309,Other
Other,716309,0.0
Other,716319,0.0
Other,716319,Other
1,716445,Other
1,716445,0.0
1,716445,0.0
1,716445,0.0
1,716445,0.0
1,716445,0.0
1,716445,0.0
1,716484,0.0
1,716484,0.0
1,716484,0.0
1,716484,0.0
Other,716546,0.0
Other,716546,0.0
1,716589,Other
1,716589,0.0
1,716589,0.0
1,716589,0.0
1,716651,0.0
1,716651,0.0
3,716732,0.0
3,716732,0.0
1,716753,0.0
1,716753,0.0
1,716810,0.0
1,716810,0.0
1,716858,Other
1,716858,0.0
1,716858,0.0
1,717032,0.0
1,717032,0.0
1,717032,0.0
1,717032,0.0
6,717103,0.0
6,717155,0.0
Other,717287,Other
6,717392,Other
2,717495,0.0
2,717495,0.0
1,717501,Other
1,717501,0.0
1,717501,0.0
1,717501,0.0
Other,717505,0.0
6,717701,0.0
1,717830,0.0
1,717830,0.0
1,717830,0.0
1,717830,0.0
1,717941,Other
1,717941,0.0
Other,717959,Other
Other,717959,0.0
3,717991,0.0
3,717991,0.0
3,718021,0.0
3,718021,0.0
1,718030,0.0
1,718030,0.0
3,718103,0.0
3,718103,0.0
6,718112,0.0
1,718128,0.0
1,718128,0.0
1,718128,0.0
1,718128,0.0
3,718160,0.0
3,718160,0.0
3,718160,0.0
1,718161,Other
1,718161,Other
Other,718235,Other
1,718276,0.0
1,718276,0.0
1,718360,0.0
1,718360,0.0
1,718360,0.0
1,718374,0.0
1,718374,0.0
1,718374,0.0
1,718374,0.0
1,718421,0.0
1,718421,0.0
1,718421,0.0
1,718421,0.0
1,718421,0.0
3,718478,0.0
3,718478,0.0
3,718478,0.0
3,718478,0.0
6,718545,0.0
1,718565,0.0
1,718565,0.0
1,718592,0.0
1,718592,0.0
1,718592,0.0
1,718592,0.0
1,718701,0.0
1,718701,0.0
6,718742,0.0
Other,718763,Other
Other,718804,Other
Other,718804,Other
6,719141,0.0
2,719250,0.0
2,719250,0.0
2,719250,0.0
2,719250,0.0
1,719330,Other
1,719330,0.0
1,719330,0.0
1,719330,0.0
6,719340,0.0
1,719477,0.0
1,719477,0.0
1,719508,0.0
1,719508,0.0
1,719508,0.0
1,719508,0.0
6,719525,Other
1,719687,0.0
1,719687,Other
Other,719705,Other
6,719707,Other
2,719711,0.0
2,719711,0.0
Other,719729,0.0
2,719834,0.0
2,719834,0.0
2,719834,0.0
2,719834,0.0
2,719834,0.0
2,719834,0.0
2,719834,0.0
6,719981,Other
1,720060,0.0
1,720060,0.0
1,720060,0.0
1,720060,0.0
1,720097,0.0
1,720097,0.0
1,720097,0.0
1,720097,0.0
1,720122,0.0
1,720122,0.0
1,720122,0.0
6,720124,0.0
6,720147,Other
1,720210,0.0
1,720210,0.0
1,720210,0.0
6,720292,0.0
1,720406,0.0
1,720406,0.0
1,720406,0.0
1,720406,0.0
1,720410,Other
1,720410,0.0
1,720410,0.0
Other,720438,0.0
Other,720438,0.0
1,720454,0.0
1,720454,0.0
1,720454,0.0
1,720454,0.0
Other,720585,0.0
Other,720585,Other
Other,720630,0.0
Other,720630,0.0
3,720675,Other
3,720675,0.0
3,720675,0.0
2,720683,0.0
2,720683,0.0
2,720683,0.0
2,720683,0.0
2,720683,0.0
3,720851,0.0
3,720851,0.0
3,720851,0.0
3,720851,0.0
3,720851,0.0
Other,720892,0.0
3,720956,0.0
3,720956,0.0
1,720961,0.0
1,720961,0.0
6,720981,Other
Other,721054,0.0
1,721089,0.0
1,721089,0.0
1,721089,0.0
1,721089,0.0
Other,721115,0.0
Other,721204,0.0
2,721254,0.0
2,721254,0.0
2,721254,0.0
Other,721306,0.0
3,721468,0.0
3,721468,0.0
Other,721476,Other
Other,721534,0.0
Other,721555,0.0
Other,721563,0.0
3,721564,0.0
3,721564,0.0
1,721599,0.0
1,721599,0.0
1,721599,0.0
6,721614,Other
1,721645,0.0
1,721645,0.0
1,721654,0.0
1,721654,0.0
2,721656,0.0
2,721656,0.0
2,721656,0.0
2,721656,0.0
Other,721718,Other
Other,721782,0.0
Other,721782,0.0
1,721886,0.0
1,721886,0.0
Other,721926,0.0
Other,722040,0.0
3,722133,0.0
3,722133,0.0
3,722133,0.0
2,722183,Other
2,722183,0.0
1,722214,0.0
1,722214,0.0
1,722214,0.0
1,722214,0.0
Other,722262,Other
Other,722262,Other
1,722282,0.0
1,722282,Other
1,722309,0.0
1,722309,0.0
1,722340,0.0
1,722340,Other
1,722364,0.0
1,722364,0.0
1,722364,0.0
1,722364,0.0
1,722364,0.0
1,722364,0.0
2,722384,0.0
2,722384,0.0
2,722384,0.0
2,722384,0.0
1,722390,0.0
1,722390,0.0
1,722402,0.0
1,722402,0.0
1,722402,0.0
1,722406,Other
1,722406,0.0
3,722453,Other
3,722453,0.0
3,722453,0.0
1,722455,0.0
1,722455,0.0
1,722477,0.0
1,722477,0.0
1,722477,0.0
1,722477,0.0
1,722477,0.0
1,722566,0.0
1,722566,0.0
1,722651,0.0
1,722651,0.0
1,722651,0.0
1,722651,0.0
1,722673,0.0
1,722673,0.0
1,722673,0.0
1,722673,0.0
1,722673,0.0
3,722721,Other
3,722721,0.0
Other,722733,0.0
1,722748,Other
1,722748,0.0
3,722793,0.0
3,722793,0.0
3,722793,0.0
3,722793,0.0
3,722793,0.0
Other,722878,0.0
Other,722890,0.0
Other,722890,0.0
6,722979,0.0
6,722991,0.0
1,723013,Other
1,723013,0.0
6,723122,0.0
Other,723250,Other
6,723305,0.0
6,723340,Other
3,723344,0.0
3,723344,0.0
Other,723351,0.0
1,723382,Other
1,723382,Other
1,723382,0.0
Other,723421,0.0
6,723468,0.0
2,723638,0.0
2,723638,0.0
2,723638,0.0
2,723638,0.0
2,723638,0.0
6,723641,0.0
6,723680,0.0
1,723698,0.0
1,723698,0.0
1,723698,0.0
1,723698,0.0
1,723698,0.0
1,723698,0.0
Other,723743,0.0
Other,723743,0.0
1,723754,0.0
1,723754,0.0
1,723754,0.0
1,723754,0.0
6,723778,0.0
1,723837,0.0
1,723837,0.0
1,723859,0.0
1,723859,0.0
1,723859,0.0
1,723859,0.0
Other,723878,Other
1,723899,Other
1,723899,Other
1,723968,0.0
1,723968,0.0
3,724003,0.0
3,724003,0.0
3,724003,0.0
Other,724007,Other
Other,724015,0.0
Other,724015,0.0
6,724017,0.0
1,724023,0.0
1,724023,0.0
1,724023,0.0
1,724023,0.0
6,724106,0.0
Other,724156,0.0
Other,724156,0.0
1,724160,Other
1,724160,Other
6,724239,0.0
Other,724246,0.0
Other,724246,0.0
1,724342,Other
1,724342,0.0
1,724342,0.0
1,724342,0.0
1,724342,0.0
1,724397,0.0
1,724397,0.0
1,724397,0.0
1,724397,0.0
1,724397,0.0
3,724580,Other
3,724580,0.0
3,724580,Other
1,724584,0.0
1,724584,0.0
1,724584,0.0
1,724584,0.0
1,724625,Other
1,724625,0.0
1,724791,Other
1,724791,0.0
Other,724799,0.0
1,724838,0.0
1,724838,0.0
2,724891,0.0
2,724891,0.0
Other,724944,Other
1,725029,0.0
1,725029,0.0
6,725047,Other
1,725063,Other
1,725063,Other
1,725089,0.0
1,725089,0.0
1,725089,0.0
1,725089,0.0
1,725089,0.0
1,725089,0.0
6,725111,0.0
6,725184,Other
1,725289,0.0
1,725289,0.0
1,725289,0.0
1,725289,0.0
1,725289,0.0
1,725289,0.0
Other,725297,0.0
Other,725297,0.0
2,725436,0.0
2,725436,0.0
1,725465,0.0
1,725465,0.0
1,725465,0.0
1,725465,0.0
1,725465,0.0
3,725513,0.0
3,725513,0.0
3,725513,0.0
3,725513,0.0
Other,725587,0.0
1,725626,0.0
1,725626,0.0
1,725626,0.0
3,725635,0.0
3,725635,0.0
1,725676,0.0
1,725676,0.0
1,725676,0.0
1,725676,0.0
1,725676,0.0
1,725676,0.0
Other,725700,Other
1,725702,0.0
1,725702,0.0
1,725702,0.0
1,725702,0.0
1,725702,0.0
1,725823,0.0
1,725823,0.0
1,725823,0.0
1,725835,0.0
1,725835,0.0
1,725835,0.0
6,725837,0.0
1,725917,0.0
1,725917,Other
1,725917,0.0
1,725917,0.0
1,725929,0.0
1,725929,0.0
1,725929,0.0
6,725934,0.0
3,725961,0.0
3,725961,0.0
1,725966,Other
1,725966,Other
1,725993,0.0
1,725993,0.0
1,725993,0.0
Other,726032,0.0
Other,726032,0.0
1,726146,Other
1,726146,0.0
1,726146,0.0
1,726146,Other
1,726146,0.0
1,726146,Other
3,726154,0.0
3,726154,0.0
6,726170,0.0
Other,726188,0.0
Other,726188,0.0
Other,726188,0.0
Other,726200,0.0
Other,726200,0.0
1,726234,0.0
1,726234,0.0
1,726234,0.0
1,726254,0.0
1,726254,0.0
1,726254,0.0
1,726254,0.0
6,726262,0.0
3,726264,0.0
3,726264,0.0
6,726311,0.0
Other,726341,0.0
Other,726341,0.0
Other,726341,0.0
6,726344,0.0
3,726382,0.0
3,726382,0.0
3,726382,0.0
Other,726511,Other
1,726513,0.0
1,726513,0.0
1,726513,0.0
Other,726609,0.0
Other,726691,0.0
6,726720,0.0
Other,726729,Other
Other,726729,0.0
Other,726729,0.0
1,726755,0.0
1,726755,0.0
1,726755,0.0
1,726807,0.0
1,726807,0.0
1,726807,0.0
1,726807,0.0
1,726807,0.0
1,726807,0.0
1,726807,0.0
Other,726884,0.0
Other,726884,0.0
Other,726884,0.0
Other,726884,0.0
1,726919,0.0
1,726919,0.0
1,726926,0.0
1,726926,0.0
1,726926,0.0
1,726926,0.0
1,726926,0.0
6,726952,0.0
Other,727011,0.0
Other,727011,0.0
6,727022,Other
6,727069,0.0
Other,727083,0.0
Other,727084,0.0
Other,727084,0.0
Other,727084,0.0
Other,727084,0.0
3,727091,0.0
3,727091,0.0
1,727179,Other
1,727179,0.0
1,727179,0.0
3,727287,0.0
3,727287,0.0
3,727287,0.0
3,727287,0.0
2,727398,0.0
2,727398,0.0
2,727398,0.0
2,727398,0.0
2,727398,0.0
1,727437,0.0
1,727437,Other
1,727437,0.0
1,727437,0.0
1,727437,0.0
1,727437,0.0
1,727437,0.0
1,727437,0.0
1,727437,0.0
1,727437,0.0
1,727437,0.0
3,727540,0.0
3,727540,0.0
3,727540,0.0
3,727540,0.0
1,727699,0.0
1,727699,0.0
3,727715,0.0
3,727715,0.0
Other,727720,0.0
2,727769,Other
2,727769,0.0
2,727769,0.0
2,727769,0.0
2,727769,0.0
2,727769,0.0
6,727804,Other
1,727938,Other
1,727938,0.0
6,727949,Other
2,727955,0.0
2,727955,0.0
6,727993,0.0
6,728023,0.0
6,728025,Other
6,728051,0.0
3,728060,0.0
3,728060,0.0
3,728060,0.0
3,728060,0.0
3,728073,0.0
3,728073,0.0
6,728125,0.0
6,728177,0.0
2,728238,0.0
2,728238,0.0
2,728238,0.0
6,728293,0.0
3,728310,0.0
3,728310,0.0
3,728310,0.0
1,728444,0.0
1,728444,0.0
1,728444,0.0
1,728444,0.0
1,728466,0.0
1,728466,0.0
1,728466,0.0
1,728466,0.0
1,728551,Other
1,728551,Other
Other,728593,Other
2,728632,0.0
2,728632,0.0
2,728632,0.0
2,728632,0.0
Other,728662,Other
1,728677,0.0
1,728677,0.0
1,728687,Other
1,728687,0.0
1,728687,0.0
1,728687,0.0
6,728709,0.0
1,728714,Other
1,728714,0.0
1,728714,0.0
1,728714,0.0
1,728757,0.0
1,728757,0.0
1,728757,0.0
1,728757,0.0
3,728797,0.0
3,728797,0.0
3,728797,0.0
3,728797,0.0
6,728805,0.0
1,728882,0.0
1,728882,0.0
1,728882,0.0
1,728882,0.0
6,728976,0.0
Other,729053,0.0
1,729101,Other
1,729101,0.0
1,729101,0.0
1,729101,0.0
1,729101,0.0
1,729101,0.0
1,729119,0.0
1,729119,0.0
1,729123,0.0
1,729123,0.0
1,729123,0.0
1,729123,0.0
1,729123,0.0
1,729123,0.0
1,729123,0.0
1,729123,0.0
1,729138,0.0
1,729138,0.0
1,729138,0.0
Other,729247,0.0
Other,729247,0.0
Other,729255,0.0
2,729262,0.0
2,729262,0.0
2,729262,0.0
2,729262,0.0
1,729341,0.0
1,729341,0.0
3,729346,0.0
3,729346,0.0
Other,729468,0.0
1,729513,0.0
1,729513,0.0
1,729513,0.0
6,729521,0.0
1,729531,Other
1,729531,0.0
1,729531,0.0
1,729531,0.0
1,729531,0.0
1,729531,0.0
6,729563,0.0
3,729669,0.0
3,729669,0.0
3,729669,0.0
1,729701,0.0
1,729701,0.0
1,729721,0.0
1,729721,0.0
2,729729,0.0
2,729729,0.0
2,729729,0.0
2,729729,0.0
2,729729,0.0
1,729799,0.0
1,729799,0.0
1,729799,0.0
1,729799,0.0
1,729865,0.0
1,729865,0.0
1,729865,0.0
1,729865,0.0
1,729865,0.0
1,729865,0.0
1,729865,0.0
2,729948,0.0
2,729948,0.0
1,729967,0.0
1,729967,0.0
1,729967,0.0
1,729986,Other
1,729986,0.0
1,730195,0.0
1,730195,0.0
1,730195,0.0
1,730279,Other
1,730279,Other
6,730339,0.0
6,730380,0.0
1,730449,0.0
1,730449,0.0
1,730449,0.0
1,730449,0.0
Other,730475,0.0
1,730535,0.0
1,730535,0.0
1,730535,0.0
1,730535,0.0
Other,730638,0.0
3,730703,0.0
3,730703,0.0
3,730703,0.0
3,730703,0.0
3,730703,0.0
Other,730782,Other
6,730794,0.0
2,730872,0.0
2,730872,0.0
3,730924,0.0
3,730924,0.0
3,730924,0.0
3,730924,0.0
1,730940,0.0
1,730940,0.0
1,730940,0.0
1,730940,0.0
1,730940,0.0
1,730940,0.0
1,730940,0.0
1,730940,0.0
1,730946,0.0
1,730946,0.0
1,730946,0.0
1,730946,0.0
1,730946,0.0
1,730946,0.0
1,730946,0.0
6,731065,0.0
Other,731095,Other
Other,731095,0.0
Other,731095,0.0
Other,731095,0.0
1,731190,0.0
1,731190,0.0
1,731190,0.0
1,731190,0.0
1,731190,0.0
3,731198,0.0
3,731198,0.0
6,731229,0.0
1,731267,0.0
1,731267,0.0
1,731267,0.0
1,731267,0.0
1,731291,0.0
1,731291,0.0
3,731326,0.0
3,731326,0.0
1,731329,0.0
1,731329,0.0
1,731329,0.0
1,731333,Other
1,731333,0.0
1,731346,Other
1,731346,0.0
1,731346,Other
1,731351,Other
1,731351,Other
1,731351,0.0
1,731351,0.0
6,731400,0.0
1,731549,0.0
1,731549,0.0
1,731549,0.0
1,731549,0.0
1,731549,0.0
1,731549,0.0
1,731549,0.0
1,731549,0.0
1,731565,0.0
1,731565,0.0
Other,731634,Other
1,731793,Other
1,731793,0.0
1,731793,0.0
1,731825,0.0
1,731825,Other
1,731825,0.0
1,731825,Other
1,731946,0.0
1,731946,0.0
1,731946,0.0
1,731946,0.0
6,731965,0.0
Other,732050,0.0
Other,732050,0.0
Other,732050,0.0
Other,732074,Other
Other,732150,0.0
Other,732150,0.0
Other,732150,0.0
Other,732150,0.0
1,732287,0.0
1,732287,0.0
1,732287,0.0
1,732355,Other
1,732355,Other
1,732355,0.0
1,732395,0.0
1,732395,0.0
3,732420,0.0
3,732420,0.0
6,732516,0.0
6,732549,0.0
1,732552,0.0
1,732552,Other
1,732554,Other
1,732554,0.0
Other,732647,0.0
1,732724,0.0
1,732724,0.0
1,732724,0.0
1,732759,0.0
1,732759,0.0
1,732759,0.0
1,732759,0.0
1,732759,0.0
6,732793,0.0
1,732838,0.0
1,732838,0.0
1,732934,0.0
1,732934,0.0
2,732953,0.0
2,732953,0.0
2,732953,0.0
2,732953,0.0
2,732953,0.0
3,732998,0.0
3,732998,0.0
3,732998,0.0
Other,733007,0.0
1,733032,0.0
1,733032,0.0
1,733032,0.0
1,733032,0.0
1,733037,0.0
1,733037,0.0
6,733098,0.0
3,733174,0.0
3,733174,0.0
3,733174,0.0
3,733174,0.0
1,733241,0.0
1,733241,Other
Other,733296,0.0
Other,733307,Other
3,733346,0.0
3,733346,0.0
2,733347,Other
2,733347,0.0
2,733347,Other
2,733347,0.0
1,733431,Other
1,733431,0.0
1,733431,0.0
1,733431,0.0
1,733431,0.0
1,733453,Other
1,733453,0.0
3,733554,0.0
3,733554,0.0
Other,733598,0.0
Other,733598,0.0
Other,733690,0.0
Other,733690,0.0
3,733721,0.0
3,733721,0.0
3,733721,0.0
Other,733748,0.0
Other,733748,0.0
Other,733761,0.0
Other,733761,0.0
1,733785,0.0
1,733785,0.0
1,733785,0.0
1,733785,0.0
1,733785,0.0
1,733785,0.0
2,733798,0.0
2,733798,0.0
2,733798,0.0
2,733798,0.0
2,733798,0.0
2,733798,0.0
2,733798,0.0
3,733803,0.0
3,733803,0.0
3,733803,0.0
3,733803,0.0
3,733921,0.0
3,733921,0.0
3,733921,0.0
3,733921,0.0
6,733922,Other
1,733952,0.0
1,733952,0.0
1,733952,0.0
1,733952,0.0
1,733957,0.0
1,733957,0.0
Other,734012,Other
Other,734025,Other
3,734032,0.0
3,734032,0.0
3,734032,0.0
1,734197,0.0
1,734197,0.0
1,734226,0.0
1,734226,0.0
6,734238,0.0
3,734307,0.0
3,734307,0.0
Other,734309,0.0
Other,734314,0.0
Other,734314,0.0
3,734324,0.0
3,734324,0.0
3,734324,0.0
1,734356,0.0
1,734356,0.0
1,734356,0.0
1,734356,0.0
1,734356,0.0
3,734462,0.0
3,734462,0.0
1,734507,0.0
1,734507,0.0
1,734507,0.0
1,734507,0.0
1,734614,0.0
1,734614,0.0
1,734614,0.0
1,734614,0.0
3,734626,0.0
3,734626,0.0
1,734671,0.0
1,734671,0.0
1,734671,0.0
1,734671,0.0
1,734671,0.0
1,734671,0.0
1,734671,0.0
1,734683,0.0
1,734683,0.0
1,734683,0.0
6,734739,Other
1,734919,0.0
1,734919,0.0
1,734919,0.0
1,734919,0.0
1,734919,0.0
Other,734947,0.0
1,734981,Other
1,734981,0.0
1,734981,0.0
1,734981,0.0
6,734987,0.0
Other,734995,0.0
Other,734995,0.0
1,735004,0.0
1,735004,0.0
1,735004,0.0
1,735004,0.0
Other,735025,Other
1,735042,0.0
1,735042,0.0
1,735042,0.0
1,735042,0.0
1,735042,0.0
3,735091,0.0
3,735091,0.0
3,735091,0.0
3,735098,0.0
3,735098,0.0
3,735098,0.0
Other,735144,Other
1,735212,Other
1,735212,0.0
1,735212,0.0
1,735212,0.0
1,735266,Other
1,735266,0.0
1,735266,0.0
1,735266,0.0
1,735266,0.0
Other,735267,0.0
2,735283,0.0
2,735283,0.0
3,735284,0.0
3,735284,0.0
6,735295,0.0
3,735415,0.0
3,735415,0.0
3,735415,0.0
2,735417,0.0
2,735417,0.0
3,735448,0.0
3,735448,0.0
3,735448,0.0
1,735558,0.0
1,735558,0.0
1,735558,0.0
Other,735640,0.0
Other,735640,0.0
1,735650,0.0
1,735650,0.0
1,735650,0.0
1,735650,0.0
3,735748,0.0
3,735748,0.0
6,735808,0.0
3,735850,Other
3,735850,0.0
3,735850,0.0
6,735862,0.0
1,735886,0.0
1,735886,0.0
1,735886,0.0
Other,735897,Other
Other,735925,0.0
Other,735925,0.0
3,735963,Other
3,735963,0.0
3,735963,0.0
3,735963,0.0
6,736042,0.0
6,736069,0.0
3,736167,0.0
3,736167,0.0
3,736300,0.0
3,736300,0.0
1,736307,Other
1,736307,Other
1,736307,0.0
1,736307,0.0
1,736307,0.0
1,736313,0.0
1,736313,0.0
1,736313,0.0
1,736313,0.0
1,736313,0.0
Other,736314,0.0
1,736369,0.0
1,736369,0.0
6,736393,Other
1,736426,0.0
1,736426,0.0
1,736426,0.0
1,736426,0.0
Other,736513,0.0
Other,736513,0.0
Other,736513,0.0
1,736550,0.0
1,736550,0.0
1,736550,0.0
1,736550,0.0
1,736554,0.0
1,736554,0.0
1,736554,0.0
1,736555,0.0
1,736555,0.0
1,736555,0.0
3,736576,0.0
3,736576,0.0
3,736576,0.0
3,736576,0.0
3,736576,0.0
Other,736608,0.0
Other,736608,0.0
3,736728,Other
3,736728,0.0
3,736728,0.0
3,736728,0.0
Other,736750,0.0
1,736799,Other
1,736799,Other
1,736799,0.0
6,736830,0.0
3,736885,Other
3,736885,Other
3,736885,0.0
3,736885,0.0
3,736920,0.0
3,736920,0.0
1,736981,Other
1,736981,Other
Other,736983,0.0
Other,736983,0.0
6,737002,0.0
1,737013,0.0
1,737013,0.0
1,737013,0.0
1,737034,0.0
1,737034,0.0
6,737040,0.0
6,737113,Other
3,737125,0.0
3,737125,0.0
3,737125,0.0
1,737199,0.0
1,737199,0.0
1,737199,0.0
6,737215,0.0
1,737239,0.0
1,737239,0.0
1,737241,Other
1,737241,Other
Other,737298,0.0
Other,737298,0.0
6,737325,0.0
1,737346,Other
1,737346,0.0
1,737430,0.0
1,737430,0.0
1,737485,Other
1,737485,Other
1,737485,0.0
6,737644,0.0
2,737672,0.0
2,737672,0.0
2,737672,0.0
2,737672,0.0
3,737679,0.0
3,737679,0.0
3,737679,0.0
3,737679,0.0
3,737679,0.0
3,737679,0.0
3,737679,0.0
3,737679,0.0
6,737721,0.0
6,737762,0.0
1,737776,0.0
1,737776,0.0
1,737783,0.0
1,737783,0.0
3,737793,0.0
3,737793,0.0
3,737793,0.0
6,737843,0.0
3,737951,0.0
3,737951,0.0
1,737954,0.0
1,737954,0.0
1,737954,0.0
1,737954,0.0
1,737977,Other
1,737977,Other
1,737977,0.0
1,737977,0.0
6,737987,0.0
3,738011,0.0
3,738011,0.0
3,738011,0.0
3,738011,0.0
3,738011,0.0
3,738011,0.0
3,738011,0.0
1,738101,0.0
1,738101,Other
1,738101,0.0
1,738101,0.0
Other,738206,0.0
3,738222,0.0
3,738222,0.0
3,738222,0.0
3,738222,0.0
Other,738264,Other
Other,738264,0.0
3,738327,0.0
3,738327,0.0
3,738327,0.0
3,738327,0.0
3,738327,0.0
6,738336,0.0
1,738390,0.0
1,738390,0.0
1,738390,0.0
1,738390,0.0
1,738391,Other
1,738391,0.0
1,738391,0.0
1,738391,0.0
3,738399,0.0
3,738399,0.0
Other,738537,0.0
Other,738722,0.0
Other,738722,Other
Other,738770,0.0
1,738812,Other
1,738812,0.0
1,738812,0.0
1,738812,0.0
1,738812,0.0
1,738925,Other
1,738925,Other
1,738925,0.0
Other,738958,0.0
Other,738977,0.0
3,739046,Other
3,739046,Other
6,739062,0.0
1,739247,Other
1,739247,0.0
Other,739303,0.0
3,739309,0.0
3,739309,0.0
3,739309,0.0
1,739343,0.0
1,739343,0.0
1,739343,0.0
2,739344,Other
2,739344,Other
2,739344,0.0
Other,739451,0.0
Other,739451,0.0
6,739534,0.0
1,739546,Other
1,739546,Other
1,739627,0.0
1,739627,0.0
1,739659,Other
1,739659,0.0
1,739666,0.0
1,739666,0.0
1,739666,0.0
1,739718,0.0
1,739718,0.0
Other,739819,0.0
1,739911,0.0
1,739911,0.0
1,739911,0.0
1,739911,0.0
1,739922,Other
1,739922,0.0
1,739922,0.0
1,739922,0.0
1,739941,0.0
1,739941,0.0
1,739941,0.0
1,739941,0.0
Other,739955,0.0
Other,739955,0.0
3,740075,0.0
3,740075,0.0
1,740084,Other
1,740084,Other
1,740136,Other
1,740136,Other
Other,740217,Other
6,740236,Other
1,740306,0.0
1,740306,0.0
1,740306,0.0
1,740306,0.0
1,740306,0.0
3,740368,Other
3,740368,0.0
3,740368,0.0
Other,740587,Other
6,740615,0.0
1,740628,0.0
1,740628,0.0
1,740628,0.0
1,740628,0.0
1,740628,0.0
1,740628,0.0
1,740628,0.0
1,740628,0.0
1,740628,0.0
1,740628,0.0
1,740786,0.0
1,740786,0.0
1,740786,0.0
1,740786,0.0
1,740786,0.0
1,740786,0.0
1,740786,0.0
Other,740806,Other
2,740820,Other
2,740820,0.0
2,740820,0.0
1,740853,0.0
1,740853,Other
1,740862,0.0
1,740862,0.0
1,740862,0.0
1,740886,Other
1,740886,Other
Other,740906,Other
Other,740906,Other
6,740952,Other
Other,741020,0.0
6,741074,0.0
3,741090,0.0
3,741090,0.0
3,741090,0.0
3,741090,0.0
3,741090,0.0
3,741090,0.0
3,741090,0.0
Other,741120,0.0
3,741173,0.0
3,741173,0.0
3,741173,0.0
3,741173,0.0
1,741180,0.0
1,741180,0.0
1,741180,0.0
1,741180,0.0
3,741195,Other
3,741195,0.0
3,741195,0.0
Other,741207,0.0
Other,741207,0.0
Other,741207,0.0
Other,741207,0.0
6,741217,Other
3,741220,0.0
3,741220,0.0
3,741236,0.0
3,741236,0.0
6,741255,0.0
1,741256,Other
1,741256,Other
1,741256,0.0
1,741256,0.0
1,741256,0.0
1,741292,0.0
1,741292,0.0
1,741315,0.0
1,741315,0.0
1,741315,0.0
1,741349,Other
1,741349,0.0
1,741349,0.0
Other,741397,0.0
3,741430,0.0
3,741430,0.0
3,741430,0.0
3,741430,0.0
3,741430,0.0
3,741430,0.0
1,741505,0.0
1,741505,0.0
1,741572,0.0
1,741572,0.0
1,741572,0.0
1,741572,0.0
2,741615,0.0
2,741615,0.0
2,741615,0.0
1,741683,Other
1,741683,0.0
1,741683,0.0
3,741730,0.0
3,741730,0.0
3,741730,0.0
3,741730,0.0
3,741730,0.0
3,741730,0.0
6,741766,0.0
2,741822,0.0
2,741822,0.0
2,741822,0.0
2,741822,0.0
2,741822,0.0
1,741946,0.0
1,741946,0.0
1,741946,0.0
1,741946,0.0
1,741946,0.0
1,741946,0.0
3,742043,Other
3,742043,0.0
3,742043,0.0
3,742043,0.0
2,742167,0.0
2,742167,0.0
Other,742183,0.0
1,742209,0.0
1,742209,0.0
1,742209,Other
1,742456,0.0
1,742456,0.0
6,742520,0.0
6,742618,0.0
1,742718,0.0
1,742718,0.0
1,742718,0.0
1,742718,0.0
6,742804,Other
6,742805,Other
1,742813,0.0
1,742813,0.0
1,742813,0.0
6,742938,Other
Other,743032,0.0
Other,743032,0.0
1,743084,0.0
1,743084,0.0
1,743084,0.0
1,743084,0.0
1,743084,0.0
1,743084,0.0
1,743088,0.0
1,743088,0.0
1,743088,0.0
1,743088,0.0
1,743142,0.0
1,743142,0.0
1,743142,0.0
6,743160,Other
1,743175,0.0
1,743175,0.0
1,743175,0.0
1,743175,0.0
1,743175,0.0
1,743191,0.0
1,743191,0.0
1,743205,0.0
1,743205,0.0
Other,743273,0.0
1,743351,0.0
1,743351,0.0
1,743351,0.0
Other,743398,0.0
Other,743515,0.0
Other,743515,0.0
3,743542,0.0
3,743542,0.0
3,743542,0.0
Other,743568,0.0
Other,743568,0.0
Other,743568,0.0
Other,743664,0.0
Other,743664,0.0
Other,743733,0.0
Other,743733,0.0
1,743764,0.0
1,743764,0.0
1,743764,0.0
1,743764,0.0
1,743764,0.0
6,743768,0.0
Other,743849,0.0
Other,743849,0.0
3,744022,0.0
3,744022,0.0
3,744022,0.0
3,744022,0.0
3,744022,0.0
2,744029,0.0
2,744029,0.0
1,744045,Other
1,744045,Other
1,744368,Other
1,744368,0.0
2,744436,0.0
2,744436,0.0
2,744436,0.0
2,744436,0.0
2,744436,0.0
2,744436,0.0
2,744436,0.0
2,744436,0.0
2,744436,0.0
2,744436,0.0
2,744436,0.0
2,744436,0.0
Other,744512,0.0
Other,744528,Other
1,744553,0.0
1,744553,0.0
1,744553,0.0
1,744553,0.0
1,744553,0.0
1,744553,0.0
Other,744561,0.0
Other,744561,0.0
6,744825,0.0
3,744869,0.0
3,744869,0.0
3,744903,0.0
3,744903,0.0
1,744969,0.0
1,744969,0.0
1,744969,0.0
1,744969,0.0
1,744969,0.0
1,744969,0.0
1,744969,0.0
1,744969,0.0
Other,745108,Other
1,745254,0.0
1,745254,0.0
1,745254,0.0
1,745254,0.0
1,745254,0.0
1,745254,0.0
1,745254,0.0
1,745254,0.0
1,745254,0.0
1,745319,0.0
1,745319,0.0
1,745335,0.0
1,745335,0.0
1,745335,0.0
1,745335,0.0
1,745335,0.0
1,745431,0.0
1,745431,0.0
1,745449,0.0
1,745449,0.0
1,745449,0.0
1,745449,0.0
1,745622,Other
1,745622,Other
1,745655,0.0
1,745655,0.0
1,745655,0.0
1,745655,0.0
3,745795,0.0
3,745795,0.0
3,745795,0.0
6,745828,0.0
6,745858,0.0
3,746037,0.0
3,746037,0.0
Other,746047,0.0
Other,746047,0.0
6,746054,Other
1,746084,Other
1,746084,0.0
1,746087,Other
1,746087,Other
1,746087,0.0
1,746087,0.0
1,746087,0.0
1,746087,0.0
1,746099,0.0
1,746099,0.0
1,746099,0.0
Other,746113,0.0
1,746119,0.0
1,746119,0.0
1,746119,0.0
1,746119,0.0
1,746128,0.0
1,746128,0.0
1,746128,0.0
1,746128,0.0
1,746128,0.0
1,746128,0.0
1,746128,0.0
Other,746135,0.0
1,746277,0.0
1,746277,Other
1,746340,0.0
1,746340,0.0
1,746340,0.0
3,746346,Other
3,746346,0.0
3,746346,0.0
3,746346,0.0
Other,746353,0.0
Other,746353,0.0
3,746375,0.0
3,746375,0.0
3,746375,0.0
3,746375,0.0
Other,746404,0.0
Other,746404,0.0
Other,746412,Other
Other,746412,Other
6,746415,0.0
1,746550,0.0
1,746550,0.0
1,746550,0.0
1,746550,0.0
Other,746652,0.0
Other,746657,0.0
Other,746657,0.0
Other,746679,0.0
Other,746679,0.0
1,746690,0.0
1,746690,0.0
6,746803,0.0
6,746829,Other
6,746860,0.0
1,746945,0.0
1,746945,0.0
1,746945,0.0
1,747056,0.0
1,747056,0.0
Other,747203,Other
1,747247,0.0
1,747247,0.0
1,747247,0.0
1,747247,0.0
3,747248,Other
3,747248,0.0
3,747248,Other
3,747248,0.0
3,747248,0.0
3,747248,0.0
3,747248,Other
Other,747283,Other
1,747308,0.0
1,747308,0.0
1,747308,0.0
1,747308,0.0
1,747395,0.0
1,747395,0.0
6,747514,Other
Other,747535,0.0
Other,747535,0.0
Other,747573,0.0
Other,747573,0.0
1,747643,Other
1,747643,Other
3,747658,0.0
3,747658,0.0
6,747719,0.0
Other,747721,Other
Other,747721,0.0
Other,747839,0.0
Other,747854,0.0
6,747937,0.0
1,747938,0.0
1,747938,0.0
1,747938,0.0
1,747938,0.0
1,747948,Other
1,747948,Other
3,747983,0.0
3,747983,0.0
3,747983,0.0
6,748079,0.0
1,748085,Other
1,748085,0.0
1,748085,0.0
3,748131,0.0
3,748131,0.0
3,748131,0.0
3,748131,0.0
1,748199,0.0
1,748199,0.0
1,748199,0.0
6,748240,0.0
1,748301,0.0
1,748301,0.0
1,748307,0.0
1,748307,0.0
1,748363,0.0
1,748363,0.0
1,748363,0.0
1,748363,0.0
1,748363,0.0
1,748363,0.0
1,748363,0.0
6,748364,0.0
Other,748366,0.0
Other,748366,0.0
3,748407,0.0
3,748407,0.0
1,748458,0.0
1,748458,0.0
1,748595,0.0
1,748595,0.0
Other,748612,Other
Other,748619,0.0
1,748714,Other
1,748714,Other
1,748714,0.0
1,748714,0.0
1,748839,0.0
1,748839,0.0
6,748858,0.0
Other,748884,Other
1,748904,0.0
1,748904,Other
Other,748970,0.0
Other,748970,0.0
1,748972,Other
1,748972,0.0
1,748972,Other
1,748972,Other
6,749094,0.0
1,749101,Other
1,749101,Other
6,749116,0.0
3,749118,0.0
3,749118,0.0
3,749137,0.0
3,749137,0.0
3,749137,0.0
Other,749182,0.0
Other,749183,0.0
3,749214,0.0
3,749214,0.0
3,749214,0.0
1,749329,0.0
1,749329,0.0
1,749329,0.0
1,749329,Other
6,749335,Other
3,749339,0.0
3,749339,0.0
Other,749416,0.0
6,749465,0.0
Other,749745,0.0
Other,749745,0.0
1,749823,0.0
1,749823,0.0
1,749947,0.0
1,749947,Other
1,749947,0.0
1,749947,Other
Other,750037,0.0
1,750080,Other
1,750080,0.0
1,750107,0.0
1,750107,0.0
Other,750113,Other
Other,750113,Other
3,750133,0.0
3,750133,0.0
3,750133,0.0
3,750133,0.0
Other,750146,0.0
6,750176,0.0
6,750178,0.0
1,750228,0.0
1,750228,0.0
1,750228,0.0
1,750280,0.0
1,750280,0.0
1,750280,0.0
1,750280,0.0
Other,750348,0.0
Other,750376,0.0
Other,750376,0.0
3,750535,0.0
3,750535,0.0
6,750536,0.0
6,750578,0.0
3,750635,0.0
3,750635,0.0
3,750635,0.0
Other,750703,0.0
Other,750703,0.0
Other,750703,0.0
1,750827,Other
1,750827,0.0
1,750827,0.0
1,750827,0.0
6,750842,0.0
1,750886,0.0
1,750886,0.0
1,750886,0.0
1,750886,0.0
1,750886,0.0
1,750886,0.0
1,750886,0.0
6,750937,0.0
1,750943,Other
1,750943,0.0
1,750943,0.0
Other,750961,Other
1,751021,0.0
1,751021,0.0
1,751021,0.0
1,751021,0.0
1,751021,0.0
3,751032,0.0
3,751032,0.0
3,751032,0.0
3,751037,0.0
3,751037,0.0
3,751037,0.0
3,751037,0.0
Other,751201,0.0
Other,751206,Other
1,751272,0.0
1,751272,0.0
1,751436,0.0
1,751436,0.0
1,751436,0.0
1,751436,0.0
1,751446,0.0
1,751446,0.0
1,751446,0.0
1,751446,0.0
1,751446,0.0
Other,751597,0.0
Other,751597,0.0
6,751628,0.0
1,751734,0.0
1,751734,0.0
1,751781,0.0
1,751781,0.0
1,751781,0.0
1,751781,0.0
1,751781,0.0
6,751794,0.0
1,751847,0.0
1,751847,0.0
1,751847,0.0
1,751873,0.0
1,751873,0.0
1,751891,0.0
1,751891,0.0
1,751891,0.0
3,751907,Other
3,751907,0.0
3,751907,0.0
3,751907,0.0
6,751912,0.0
1,751939,0.0
1,751939,0.0
1,751939,0.0
1,751939,0.0
1,751939,0.0
1,751950,0.0
1,751950,0.0
3,751983,0.0
3,751983,0.0
3,751983,0.0
3,751983,0.0
1,752049,0.0
1,752049,0.0
1,752049,0.0
1,752049,0.0
3,752094,0.0
3,752094,0.0
1,752132,0.0
1,752132,Other
1,752132,0.0
1,752132,0.0
1,752148,0.0
1,752148,Other
1,752148,0.0
1,752148,0.0
1,752148,0.0
6,752231,Other
1,752395,0.0
1,752395,0.0
6,752448,0.0
Other,752488,Other
Other,752488,0.0
1,752542,0.0
1,752542,0.0
3,752563,0.0
3,752563,0.0
3,752563,0.0
6,752741,0.0
6,752762,0.0
6,752792,0.0
6,752805,Other
1,752813,0.0
1,752813,0.0
1,752813,0.0
Other,752843,0.0
Other,752843,0.0
Other,752843,0.0
Other,752843,0.0
Other,752843,0.0
Other,752970,0.0
Other,752970,0.0
Other,752970,0.0
Other,752970,0.0
Other,752970,0.0
6,753105,0.0
Other,753118,0.0
Other,753118,Other
6,753156,0.0
1,753175,0.0
1,753175,0.0
1,753175,0.0
1,753175,0.0
3,753265,0.0
3,753265,0.0
3,753265,0.0
3,753265,0.0
1,753283,0.0
1,753283,0.0
1,753283,0.0
1,753283,0.0
3,753339,0.0
3,753339,0.0
1,753362,Other
1,753362,0.0
6,753363,0.0
Other,753401,Other
Other,753401,0.0
Other,753481,0.0
Other,753481,0.0
3,753616,0.0
3,753616,0.0
3,753616,0.0
3,753616,0.0
3,753616,0.0
Other,753661,0.0
Other,753661,0.0
Other,753661,0.0
Other,753691,0.0
6,753699,0.0
1,753754,0.0
1,753754,0.0
1,753754,0.0
1,753754,0.0
1,753754,0.0
1,753754,0.0
Other,753780,Other
1,753863,0.0
1,753863,0.0
1,753863,0.0
1,753863,0.0
1,753967,Other
1,753967,0.0
1,753967,0.0
2,754040,0.0
2,754040,0.0
2,754040,0.0
1,754115,0.0
1,754115,0.0
3,754168,0.0
3,754168,0.0
3,754168,0.0
Other,754240,0.0
1,754265,0.0
1,754265,0.0
1,754265,0.0
1,754265,0.0
1,754300,0.0
1,754300,0.0
1,754300,0.0
1,754337,0.0
1,754337,0.0
1,754347,0.0
1,754347,0.0
1,754347,0.0
1,754347,0.0
3,754408,0.0
3,754408,0.0
Other,754525,0.0
1,754621,Other
1,754621,0.0
1,754621,0.0
1,754621,0.0
Other,754628,Other
Other,754628,0.0
1,754681,0.0
1,754681,0.0
1,754681,0.0
1,754750,Other
1,754750,Other
1,754750,0.0
1,754754,0.0
1,754754,0.0
1,754754,Other
1,754754,0.0
1,754754,0.0
1,754760,Other
1,754760,Other
Other,754774,Other
3,754808,0.0
3,754808,0.0
6,754847,0.0
6,754892,0.0
1,755002,0.0
1,755002,0.0
1,755002,0.0
Other,755046,0.0
1,755208,0.0
1,755208,0.0
1,755208,0.0
Other,755215,0.0
Other,755215,0.0
3,755290,0.0
3,755290,0.0
1,755292,0.0
1,755292,0.0
1,755385,0.0
1,755385,0.0
3,755401,0.0
3,755401,0.0
1,755530,Other
1,755530,Other
1,755577,0.0
1,755577,0.0
1,755577,0.0
1,755577,0.0
3,755604,Other
3,755604,0.0
6,755636,0.0
6,755657,0.0
1,755721,Other
1,755721,0.0
1,755721,Other
1,755721,0.0
6,755819,0.0
1,755824,0.0
1,755824,0.0
1,755824,0.0
Other,755829,0.0
6,755908,0.0
3,755918,0.0
3,755918,0.0
3,756058,0.0
3,756058,0.0
3,756058,0.0
3,756071,Other
3,756071,Other
1,756150,0.0
1,756150,0.0
6,756160,0.0
Other,756187,0.0
Other,756187,0.0
Other,756187,0.0
6,756236,0.0
3,756324,0.0
3,756324,0.0
3,756324,0.0
6,756350,0.0
1,756407,0.0
1,756407,0.0
1,756407,0.0
1,756407,0.0
1,756407,0.0
1,756503,Other
1,756503,0.0
1,756503,0.0
1,756503,0.0
Other,756507,0.0
Other,756507,0.0
Other,756507,0.0
Other,756507,0.0
6,756525,0.0
1,756590,0.0
1,756590,0.0
1,756590,0.0
1,756590,0.0
1,756590,0.0
1,756590,0.0
1,756590,0.0
1,756590,0.0
1,756672,0.0
1,756672,0.0
1,756672,0.0
1,756672,0.0
1,756672,0.0
1,756672,0.0
3,756686,0.0
3,756686,0.0
6,756711,Other
1,756730,0.0
1,756730,0.0
1,756730,0.0
1,756730,0.0
1,756737,0.0
1,756737,0.0
6,756745,0.0
3,756748,0.0
3,756748,0.0
1,756758,0.0
1,756758,0.0
1,756758,0.0
1,756758,0.0
3,756822,0.0
3,756822,0.0
3,756822,0.0
6,756960,0.0
1,756966,0.0
1,756966,0.0
1,756966,0.0
1,756995,0.0
1,756995,0.0
1,756995,0.0
1,756995,0.0
1,756995,0.0
1,756995,0.0
1,756995,0.0
1,757013,0.0
1,757013,0.0
1,757013,0.0
1,757013,0.0
1,757013,0.0
1,757013,0.0
3,757018,0.0
3,757018,0.0
2,757061,Other
2,757061,0.0
2,757061,0.0
2,757061,0.0
1,757491,0.0
2,757061,Other
1,757087,0.0
1,757087,0.0
6,757116,0.0
6,757134,0.0
Other,757239,0.0
3,757262,0.0
3,757262,0.0
3,757262,0.0
3,757262,0.0
3,757262,0.0
3,757262,0.0
1,757377,0.0
1,757377,0.0
1,757377,0.0
1,757383,Other
1,757383,0.0
3,757388,Other
3,757388,0.0
1,757477,0.0
1,757477,0.0
1,757477,0.0
1,757491,0.0
1,757491,0.0
1,757500,0.0
1,757500,0.0
1,757506,0.0
1,757506,0.0
3,757563,0.0
3,757563,0.0
3,757658,0.0
3,757658,0.0
3,757658,0.0
1,757732,0.0
1,757732,0.0
1,757732,0.0
1,757737,0.0
1,757737,0.0
1,757737,0.0
1,757737,0.0
3,757763,0.0
3,757763,0.0
3,757763,0.0
Other,757796,Other
Other,757796,0.0
Other,757796,0.0
1,757928,0.0
1,757928,0.0
1,757928,0.0
6,757953,0.0
1,758017,0.0
1,758017,0.0
1,758017,0.0
1,758017,0.0
1,758017,0.0
1,758017,0.0
3,758032,Other
3,758032,0.0
3,758032,0.0
3,758032,0.0
3,758032,0.0
3,758032,0.0
3,758032,0.0
3,758032,0.0
3,758032,0.0
3,758032,0.0
1,758046,0.0
1,758046,0.0
1,758046,0.0
1,758046,0.0
3,758092,0.0
3,758092,0.0
3,758092,0.0
3,758092,0.0
3,758098,0.0
3,758098,0.0
6,758109,0.0
Other,758170,0.0
1,758215,0.0
1,758215,0.0
1,758215,0.0
1,758269,0.0
1,758269,0.0
3,758372,0.0
3,758372,0.0
1,758380,0.0
1,758380,0.0
1,758380,0.0
1,758380,0.0
1,758380,0.0
1,758380,0.0
1,758443,0.0
1,758443,0.0
3,758451,0.0
3,758451,0.0
3,758451,0.0
Other,758465,0.0
6,758505,0.0
6,758518,0.0
Other,758598,0.0
Other,758598,0.0
3,758639,0.0
3,758639,0.0
3,758639,0.0
Other,758728,0.0
1,758763,0.0
1,758763,0.0
1,758790,0.0
1,758790,0.0
1,758790,0.0
Other,758899,0.0
3,758905,0.0
3,758905,0.0
1,758914,Other
1,758914,Other
Other,759025,0.0
Other,759025,0.0
1,759122,0.0
1,759122,0.0
3,759245,Other
3,759245,0.0
3,759245,0.0
3,759245,0.0
3,759250,0.0
3,759250,0.0
3,759250,0.0
3,759250,0.0
3,759253,0.0
3,759253,0.0
1,759275,0.0
1,759275,0.0
1,759275,0.0
1,759353,0.0
1,759353,0.0
1,759353,0.0
1,759353,0.0
2,759621,0.0
2,759621,0.0
2,759621,0.0
2,759621,0.0
6,759640,0.0
1,759643,Other
1,759643,0.0
1,759643,0.0
1,759721,Other
1,759721,Other
1,759737,Other
1,759737,0.0
1,759737,0.0
Other,759760,Other
Other,759760,0.0
1,759767,0.0
1,759767,0.0
1,759774,Other
1,759774,0.0
1,759774,0.0
1,759774,0.0
1,759774,0.0
6,759829,0.0
Other,759884,0.0
6,759981,0.0
1,760122,0.0
1,760122,0.0
Other,760265,0.0
Other,760265,0.0
1,760267,0.0
1,760267,Other
1,760267,0.0
1,760267,0.0
1,760267,0.0
1,760267,0.0
6,760282,0.0
6,760584,0.0
1,760613,0.0
1,760613,0.0
1,760613,0.0
1,760613,0.0
6,760657,0.0
Other,760732,0.0
Other,760732,0.0
1,760766,Other
1,760766,0.0
1,760766,0.0
3,760917,0.0
3,760917,0.0
3,760917,0.0
2,760989,0.0
2,760989,0.0
Other,761017,0.0
3,761092,0.0
3,761092,0.0
6,761351,0.0
1,761410,0.0
1,761410,0.0
Other,761461,Other
Other,761461,0.0
Other,761461,0.0
1,761494,0.0
1,761494,0.0
1,761512,0.0
1,761512,0.0
1,761512,0.0
1,761512,0.0
1,761512,Other
1,761541,0.0
1,761541,0.0
1,761541,0.0
1,761541,0.0
6,761550,0.0
1,761552,0.0
1,761552,0.0
1,761552,0.0
1,761552,0.0
Other,761589,0.0
1,761592,0.0
1,761592,0.0
1,761592,0.0
1,761592,0.0
6,761667,Other
6,761680,0.0
1,761799,0.0
1,761799,0.0
1,761799,0.0
Other,761895,0.0
3,761938,0.0
3,761938,0.0
3,761938,0.0
6,761998,0.0
2,762007,0.0
2,762007,0.0
2,762007,0.0
1,762086,Other
1,762086,Other
Other,762184,Other
3,762316,0.0
3,762316,0.0
2,762334,0.0
2,762334,0.0
2,762334,0.0
2,762334,0.0
2,762334,0.0
6,762572,0.0
3,762579,0.0
3,762579,0.0
Other,762628,0.0
Other,762648,0.0
Other,762648,0.0
1,762682,0.0
1,762682,0.0
1,762682,0.0
6,762741,Other
1,762767,0.0
1,762767,0.0
1,762767,0.0
1,762767,0.0
1,762823,0.0
1,762823,0.0
3,762895,0.0
3,762895,0.0
3,762895,0.0
3,762895,0.0
3,762895,0.0
3,762895,0.0
1,762901,0.0
1,762901,0.0
1,762937,0.0
1,762937,0.0
1,762950,0.0
1,762950,0.0
1,762950,0.0
1,762950,0.0
1,763005,Other
1,763005,Other
1,763005,0.0
1,763005,0.0
1,763005,0.0
1,763017,0.0
1,763017,0.0
1,763017,0.0
1,763017,0.0
1,763017,0.0
6,763053,0.0
3,763091,0.0
3,763091,0.0
3,763091,0.0
3,763091,0.0
1,763149,Other
1,763149,0.0
1,763149,0.0
Other,763203,0.0
1,763245,Other
1,763245,Other
1,763245,Other
Other,763354,0.0
1,763362,0.0
1,763362,0.0
1,763378,0.0
1,763378,0.0
1,763378,0.0
1,763457,0.0
1,763457,0.0
1,763457,0.0
1,763457,0.0
6,763472,0.0
Other,763538,Other
1,763595,Other
1,763595,Other
3,763736,0.0
3,763736,0.0
1,763756,0.0
1,763756,0.0
1,763756,0.0
1,763760,0.0
1,763760,0.0
1,763760,0.0
1,763760,0.0
1,763801,0.0
1,763801,0.0
1,763801,0.0
1,763801,0.0
1,763849,0.0
1,763849,0.0
1,763948,0.0
1,763948,0.0
1,763948,0.0
1,763948,0.0
1,763948,0.0
1,764151,0.0
1,764151,0.0
1,764151,0.0
1,764151,0.0
1,764151,0.0
6,764370,0.0
3,764373,0.0
3,764373,0.0
Other,764398,Other
Other,764460,0.0
1,764476,Other
1,764476,Other
1,764476,0.0
1,764476,0.0
1,764702,0.0
1,764702,0.0
1,764723,0.0
1,764723,Other
1,764868,Other
1,764868,0.0
1,764868,0.0
Other,764883,0.0
6,764896,0.0
3,764900,0.0
3,764900,0.0
3,764900,0.0
Other,764956,0.0
Other,764956,0.0
Other,764956,0.0
Other,764956,0.0
Other,765027,0.0
2,765107,0.0
2,765107,0.0
2,765107,0.0
1,765135,0.0
1,765135,0.0
6,765142,0.0
6,765163,0.0
Other,765211,0.0
Other,765422,0.0
2,765516,0.0
2,765516,0.0
6,765689,0.0
Other,765737,0.0
6,765744,0.0
1,765829,Other
1,765829,0.0
2,765874,0.0
2,765874,0.0
2,765874,0.0
2,765874,0.0
2,765874,0.0
2,765874,0.0
2,765874,0.0
1,765889,0.0
1,765889,0.0
6,765890,0.0
1,765921,0.0
1,765921,0.0
1,765921,0.0
1,765953,0.0
1,765953,0.0
1,765953,0.0
1,765953,0.0
1,765953,0.0
1,765953,0.0
1,765953,0.0
1,765953,0.0
2,766025,Other
2,766025,0.0
1,766120,Other
1,766120,Other
6,766144,0.0
6,766151,Other
1,766231,0.0
1,766231,0.0
3,766292,0.0
3,766292,0.0
3,766292,0.0
1,766373,Other
1,766373,Other
Other,766400,0.0
Other,766400,0.0
3,766416,0.0
3,766416,0.0
3,766416,0.0
3,766416,0.0
Other,766503,0.0
3,766550,0.0
3,766550,0.0
Other,766584,0.0
3,766627,0.0
3,766627,0.0
3,766627,0.0
3,766659,0.0
3,766659,0.0
3,766659,0.0
3,766659,0.0
1,766674,Other
1,766674,0.0
Other,766677,Other
3,766688,0.0
3,766688,0.0
3,766688,0.0
3,766688,0.0
3,766688,0.0
1,766693,0.0
1,766693,0.0
1,766693,0.0
1,766693,0.0
1,766693,0.0
1,766751,0.0
1,766751,0.0
1,766751,0.0
1,766751,0.0
1,766751,0.0
1,766751,0.0
1,766751,0.0
1,766751,0.0
1,766751,0.0
1,766751,Other
1,766774,Other
1,766774,0.0
1,766774,0.0
6,766822,0.0
1,766835,0.0
1,766835,0.0
1,766835,Other
1,766859,0.0
1,766859,0.0
3,766943,0.0
3,766943,0.0
3,766943,0.0
3,766943,0.0
6,766946,Other
6,766995,0.0
Other,767150,0.0
1,767226,Other
1,767226,Other
1,767226,0.0
Other,767272,0.0
Other,767272,Other
2,767280,0.0
2,767280,0.0
1,767297,0.0
1,767297,0.0
1,767297,0.0
1,767297,0.0
Other,767413,0.0
Other,767413,0.0
2,767588,0.0
2,767588,0.0
3,767635,0.0
3,767635,0.0
3,767635,0.0
6,767708,0.0
3,767794,0.0
3,767794,0.0
3,767794,0.0
3,767794,0.0
3,767794,0.0
Other,767799,0.0
Other,767843,0.0
3,767920,0.0
3,767920,0.0
3,767920,0.0
3,767920,0.0
3,767920,0.0
Other,767964,0.0
3,768108,0.0
3,768108,0.0
1,768237,0.0
1,768237,0.0
Other,768357,0.0
Other,768357,0.0
1,768416,0.0
1,768416,0.0
1,768416,0.0
1,768421,Other
3,768753,0.0
1,768421,Other
6,768443,0.0
3,768489,0.0
3,768489,0.0
1,768498,0.0
1,768498,0.0
1,768498,0.0
3,768499,0.0
3,768499,0.0
3,768499,0.0
3,768499,0.0
Other,768505,Other
Other,768505,0.0
Other,768670,0.0
Other,768670,0.0
1,768706,Other
1,768706,0.0
1,768706,0.0
1,768706,0.0
2,768750,Other
2,768750,0.0
3,768753,0.0
1,768791,0.0
1,768791,0.0
1,768820,0.0
1,768820,0.0
1,768820,0.0
1,768820,0.0
1,768820,0.0
1,768820,0.0
1,768820,0.0
1,768889,0.0
1,768889,0.0
3,768921,0.0
3,768921,0.0
6,768997,0.0
Other,769200,0.0
Other,769200,0.0
1,769239,0.0
1,769239,0.0
1,769239,0.0
3,769280,0.0
3,769280,0.0
1,769316,0.0
1,769316,0.0
1,769316,0.0
1,769316,0.0
1,769331,0.0
1,769331,0.0
1,769457,0.0
1,769457,0.0
1,769457,0.0
1,769457,0.0
6,769463,0.0
1,769497,0.0
1,769497,0.0
1,769497,0.0
1,769497,0.0
1,769522,Other
1,769522,0.0
1,769541,0.0
1,769541,0.0
Other,769600,0.0
Other,769600,0.0
Other,769600,0.0
1,769635,0.0
1,769635,0.0
Other,769658,0.0
6,769694,Other
Other,769713,0.0
6,769734,Other
3,769738,0.0
3,769738,0.0
6,769751,0.0
1,769762,0.0
1,769762,0.0
1,769779,Other
1,769779,0.0
6,769833,0.0
6,769841,0.0
1,769860,0.0
1,769860,0.0
Other,769865,0.0
Other,769933,0.0
6,769947,0.0
1,769993,0.0
1,769993,0.0
1,769993,0.0
3,770018,0.0
3,770018,0.0
3,770018,0.0
3,770018,0.0
3,770018,0.0
3,770018,0.0
3,770018,0.0
3,770018,0.0
3,770096,0.0
3,770096,0.0
1,770130,0.0
1,770130,0.0
1,770130,0.0
1,770130,0.0
1,770242,Other
1,770242,0.0
1,770286,0.0
1,770286,0.0
1,770286,0.0
1,770286,0.0
1,770286,0.0
1,770286,0.0
1,770286,0.0
Other,770300,Other
3,770380,0.0
3,770380,0.0
3,770380,0.0
3,770380,0.0
1,770420,Other
1,770420,Other
1,770435,Other
1,770435,0.0
1,770463,0.0
1,770463,Other
Other,770464,0.0
Other,770464,0.0
6,770476,0.0
6,770504,0.0
6,770514,0.0
Other,770533,Other
Other,770533,0.0
6,770559,0.0
Other,770574,0.0
Other,770574,0.0
Other,770687,Other
3,770728,0.0
3,770728,0.0
3,770728,0.0
3,770728,0.0
Other,770731,0.0
Other,770736,0.0
Other,770736,0.0
6,770781,0.0
6,770807,0.0
Other,770892,0.0
Other,770903,0.0
3,770941,0.0
3,770941,0.0
1,771148,0.0
1,771148,0.0
3,771201,Other
3,771201,0.0
3,771201,0.0
3,771201,0.0
3,771201,0.0
3,771201,0.0
3,771201,0.0
2,771258,0.0
2,771258,0.0
1,771268,Other
1,771268,0.0
1,771310,0.0
1,771310,0.0
1,771310,0.0
Other,771319,0.0
1,771323,0.0
1,771323,0.0
1,771366,0.0
1,771366,0.0
6,771387,0.0
3,771404,0.0
3,771404,0.0
3,771404,0.0
1,771525,0.0
1,771525,0.0
Other,771624,0.0
6,771883,Other
Other,771889,0.0
1,771922,Other
1,771922,0.0
1,771923,0.0
1,771923,0.0
1,771923,0.0
1,772061,Other
1,772061,0.0
1,772061,0.0
1,772061,0.0
1,772061,0.0
1,772108,0.0
1,772108,0.0
1,772108,Other
1,772108,0.0
1,772108,0.0
1,772123,0.0
1,772123,0.0
1,772123,0.0
1,772168,0.0
1,772168,0.0
1,772168,0.0
1,772168,0.0
Other,772329,Other
Other,772329,0.0
Other,772329,0.0
3,772370,0.0
3,772370,0.0
3,772370,0.0
3,772370,0.0
2,772449,0.0
2,772449,0.0
3,772508,0.0
3,772508,0.0
1,772512,0.0
1,772512,0.0
1,772512,0.0
1,772512,0.0
3,772587,0.0
3,772587,0.0
3,772587,0.0
1,772602,0.0
1,772602,0.0
1,772602,0.0
1,772602,0.0
Other,772605,0.0
Other,772605,0.0
1,772636,Other
1,772636,0.0
1,772636,0.0
1,772636,0.0
3,772677,0.0
3,772677,0.0
3,772677,0.0
1,772707,0.0
1,772707,0.0
1,772710,Other
1,772710,Other
1,772710,0.0
1,772710,0.0
1,772710,0.0
1,772710,0.0
3,772731,0.0
3,772731,0.0
3,772731,0.0
1,772819,0.0
1,772819,0.0
1,772819,0.0
3,772861,0.0
3,772861,0.0
1,772918,Other
1,772918,Other
1,772947,0.0
1,772947,0.0
1,772947,0.0
1,772947,0.0
1,772947,0.0
3,773007,0.0
3,773007,0.0
1,773111,0.0
1,773111,0.0
1,773111,0.0
1,773111,0.0
1,773111,0.0
1,773111,0.0
1,773111,0.0
Other,773121,0.0
Other,773121,0.0
Other,773121,0.0
1,773176,0.0
1,773176,0.0
1,773176,0.0
1,773176,0.0
Other,773251,0.0
1,773262,0.0
1,773262,0.0
1,773262,0.0
1,773262,0.0
1,773262,0.0
1,773262,0.0
6,773368,0.0
2,773540,0.0
2,773540,0.0
Other,773595,0.0
Other,773595,0.0
Other,773622,0.0
1,773662,0.0
1,773662,0.0
1,773662,0.0
1,773662,0.0
1,773704,0.0
1,773704,0.0
Other,773801,Other
Other,773801,Other
3,773807,Other
3,773807,0.0
3,773836,Other
3,773836,0.0
3,773836,0.0
3,773836,0.0
3,773836,Other
Other,773934,Other
1,773951,0.0
1,773951,0.0
1,773951,0.0
3,774002,Other
3,774002,0.0
1,774007,0.0
1,774007,0.0
Other,774043,0.0
Other,774043,0.0
3,774100,0.0
3,774100,0.0
1,774174,Other
1,774174,Other
1,774174,0.0
1,774174,0.0
1,774209,0.0
1,774209,0.0
1,774209,0.0
1,774209,0.0
1,774209,0.0
Other,774227,0.0
Other,774227,0.0
Other,774227,0.0
Other,774229,0.0
Other,774229,0.0
1,774279,Other
1,774279,0.0
Other,774498,0.0
2,774561,Other
2,774561,0.0
6,774582,0.0
3,774587,0.0
3,774587,0.0
3,774587,0.0
1,774765,Other
1,774765,0.0
6,774768,0.0
6,774829,Other
1,774853,0.0
1,774853,0.0
1,774853,0.0
1,774853,0.0
Other,774867,Other
6,774901,0.0
6,774945,0.0
Other,775023,0.0
6,775076,0.0
1,775154,Other
1,775154,Other
Other,775161,0.0
2,775195,0.0
2,775195,0.0
Other,775219,Other
3,775289,0.0
3,775289,0.0
1,775294,0.0
1,775294,0.0
1,775294,0.0
1,775332,Other
1,775332,0.0
1,775332,0.0
1,775332,0.0
Other,775399,0.0
Other,775399,0.0
6,775410,0.0
1,775426,Other
1,775426,0.0
1,775426,0.0
1,775426,0.0
1,775426,0.0
1,775518,0.0
1,775518,Other
1,775518,0.0
1,775518,0.0
1,775518,0.0
1,775576,0.0
1,775576,Other
1,775576,0.0
1,775576,0.0
1,775576,0.0
1,775576,0.0
1,775576,0.0
1,775576,0.0
1,775621,Other
1,775621,0.0
1,775621,0.0
1,775621,0.0
Other,775631,0.0
6,775710,Other
Other,775780,0.0
Other,775919,0.0
Other,775919,0.0
Other,775919,0.0
1,775964,0.0
1,775964,0.0
1,775964,0.0
1,775964,0.0
1,775964,0.0
1,775964,0.0
6,776077,Other
Other,776140,0.0
Other,776140,0.0
Other,776140,0.0
Other,776140,0.0
6,776144,0.0
6,776297,0.0
Other,776362,0.0
Other,776362,0.0
1,776469,0.0
1,776469,0.0
1,776469,0.0
1,776469,0.0
1,776469,0.0
6,776475,0.0
Other,776499,0.0
3,776569,0.0
3,776569,0.0
3,776569,0.0
1,776690,Other
1,776690,0.0
1,776690,0.0
1,776762,0.0
1,776762,0.0
1,776762,0.0
1,776762,0.0
1,776762,0.0
Other,776890,0.0
Other,776890,0.0
6,776892,0.0
6,776908,0.0
6,777148,0.0
1,777194,0.0
1,777194,0.0
1,777194,0.0
1,777194,0.0
1,777194,Other
1,777213,0.0
1,777213,0.0
6,777218,Other
1,777270,0.0
1,777270,0.0
1,777270,0.0
1,777270,0.0
6,777362,0.0
2,777364,0.0
2,777364,0.0
2,777364,0.0
2,777364,0.0
1,777393,Other
1,777393,0.0
3,777432,0.0
3,777432,0.0
1,777526,0.0
1,777526,0.0
3,777542,0.0
3,777542,0.0
1,777570,Other
1,777570,0.0
1,777570,0.0
1,777657,0.0
1,777657,0.0
Other,777664,Other
1,777694,Other
1,777694,Other
Other,777770,0.0
Other,777770,Other
6,777871,0.0
3,777986,0.0
3,777986,0.0
3,777986,0.0
6,778039,0.0
Other,778051,0.0
3,778053,0.0
3,778053,0.0
Other,778071,0.0
Other,778071,0.0
Other,778071,0.0
Other,778097,0.0
Other,778139,0.0
1,778144,Other
1,778144,0.0
6,778160,0.0
6,778185,0.0
1,778263,0.0
1,778263,0.0
1,778263,0.0
3,778302,0.0
3,778302,0.0
1,778468,0.0
1,778468,0.0
3,778592,0.0
3,778592,0.0
3,778592,0.0
3,778592,0.0
Other,778598,0.0
Other,778625,0.0
6,778637,Other
3,778714,0.0
3,778714,0.0
Other,778724,Other
Other,778766,0.0
Other,778872,Other
3,778978,0.0
3,778978,0.0
3,779059,0.0
3,779059,0.0
1,779097,0.0
1,779097,0.0
1,779102,Other
1,779102,Other
1,779134,Other
1,779134,0.0
1,779134,0.0
1,779134,0.0
Other,779174,0.0
Other,779174,0.0
3,779226,0.0
3,779226,0.0
6,779231,0.0
Other,779397,0.0
1,779502,0.0
1,779502,0.0
1,779502,0.0
1,779502,0.0
1,779502,0.0
1,779509,0.0
1,779509,0.0
1,779585,0.0
1,779585,Other
1,779585,0.0
1,779585,0.0
1,779585,0.0
Other,779608,Other
Other,779608,Other
3,779622,0.0
3,779622,0.0
3,779622,0.0
3,779622,0.0
3,779622,0.0
3,779622,0.0
3,779673,Other
3,779673,0.0
3,779673,0.0
3,779673,0.0
3,779673,0.0
1,779685,Other
1,779685,0.0
3,779697,0.0
3,779697,0.0
3,779697,0.0
3,779697,0.0
3,779697,0.0
1,779815,Other
1,779815,0.0
6,779839,0.0
Other,779879,0.0
Other,779879,0.0
Other,779879,0.0
3,780047,0.0
3,780047,0.0
3,780047,0.0
3,780085,0.0
3,780085,0.0
1,780125,0.0
1,780125,0.0
1,780125,0.0
Other,780201,0.0
Other,780201,0.0
1,780261,Other
1,780261,0.0
1,780261,0.0
1,780261,0.0
1,780261,0.0
1,780261,0.0
1,780261,0.0
6,780309,Other
1,780339,0.0
1,780339,0.0
1,780339,0.0
1,780339,0.0
1,780358,Other
1,780358,0.0
1,780358,0.0
1,780433,0.0
1,780433,0.0
1,780433,0.0
1,780479,0.0
1,780479,0.0
1,780518,Other
1,780518,0.0
1,780518,0.0
1,780518,0.0
Other,780651,0.0
1,780679,Other
1,780679,Other
6,780690,0.0
1,780819,0.0
1,780819,0.0
Other,780911,0.0
Other,780911,0.0
Other,780911,0.0
1,780961,0.0
1,780961,0.0
1,780961,0.0
1,780961,0.0
1,780961,0.0
1,780961,0.0
1,781104,0.0
1,781104,0.0
1,781104,0.0
1,781183,Other
1,781183,0.0
1,781183,0.0
1,781183,0.0
1,781183,0.0
6,781191,Other
6,781204,0.0
1,781275,0.0
1,781275,0.0
6,781287,0.0
3,781290,0.0
3,781290,0.0
1,781292,0.0
1,781292,0.0
1,781357,Other
1,781357,Other
1,781357,Other
1,781357,0.0
1,781357,0.0
3,781450,0.0
3,781450,0.0
3,781450,0.0
3,781450,0.0
3,781450,0.0
1,781597,Other
1,781597,Other
1,781706,0.0
1,781706,0.0
1,781706,0.0
1,781706,0.0
1,781706,0.0
1,781706,0.0
1,781706,0.0
6,781820,0.0
1,781864,Other
1,781864,Other
1,781864,0.0
6,781887,0.0
1,781921,0.0
1,781921,0.0
1,781994,0.0
1,781994,0.0
1,781994,0.0
1,782006,0.0
1,782006,0.0
1,782006,0.0
1,782006,0.0
6,782021,Other
1,782099,0.0
1,782099,0.0
1,782099,0.0
1,782130,0.0
1,782130,0.0
1,782130,0.0
1,782130,0.0
1,782177,Other
1,782177,Other
3,782190,0.0
3,782190,0.0
3,782190,0.0
3,782190,0.0
1,782245,0.0
1,782245,0.0
Other,782261,Other
1,782266,0.0
1,782266,0.0
1,782266,0.0
1,782266,0.0
1,782325,0.0
1,782325,0.0
1,782325,0.0
6,782346,Other
1,782350,0.0
1,782350,0.0
1,782350,0.0
1,782350,0.0
1,782350,0.0
1,782350,0.0
3,782412,0.0
3,782412,0.0
2,782431,0.0
2,782431,0.0
2,782431,0.0
2,782431,0.0
2,782431,0.0
6,782539,0.0
1,782546,0.0
1,782546,0.0
Other,782665,0.0
Other,782675,0.0
Other,782675,Other
Other,782675,0.0
Other,782675,0.0
Other,782675,0.0
Other,782675,0.0
Other,782675,0.0
Other,782675,0.0
Other,782675,0.0
1,782679,0.0
1,782679,0.0
6,782684,0.0
1,782735,0.0
1,782735,0.0
1,782735,0.0
6,782755,0.0
Other,782758,0.0
1,782891,0.0
1,782891,0.0
1,782891,0.0
1,782891,0.0
6,782952,Other
1,782968,Other
1,782968,0.0
1,783045,0.0
1,783045,0.0
1,783045,0.0
6,783182,0.0
6,783235,Other
1,783281,Other
1,783281,0.0
1,783291,Other
1,783291,Other
6,783350,Other
Other,783392,0.0
Other,783392,0.0
2,783414,0.0
2,783414,0.0
1,783509,0.0
1,783509,0.0
1,783538,0.0
1,783538,0.0
1,783538,0.0
1,783613,0.0
1,783613,0.0
1,783613,0.0
1,783613,0.0
1,783613,0.0
6,783634,0.0
Other,783635,0.0
Other,783635,0.0
Other,783635,0.0
6,783807,0.0
6,783860,Other
6,783932,Other
6,784029,0.0
1,784104,0.0
1,784104,0.0
1,784104,0.0
1,784104,0.0
1,784104,0.0
1,784104,0.0
1,784104,0.0
1,784104,0.0
Other,784113,0.0
Other,784130,Other
1,784204,Other
1,784204,0.0
Other,784503,0.0
Other,784503,0.0
1,784517,0.0
1,784517,0.0
1,784517,0.0
1,784517,0.0
1,784517,0.0
1,784517,0.0
1,784559,0.0
1,784559,0.0
1,784559,0.0
1,784559,0.0
1,784599,Other
1,784599,Other
Other,784681,0.0
Other,784681,0.0
2,784684,0.0
2,784684,0.0
2,784684,0.0
2,784684,0.0
2,784684,0.0
6,784707,0.0
1,784731,0.0
1,784731,0.0
1,784731,0.0
1,785050,0.0
1,785050,0.0
1,785050,0.0
1,785050,0.0
Other,785117,0.0
Other,785117,0.0
Other,785117,0.0
Other,785171,0.0
3,785173,0.0
3,785173,0.0
3,785173,0.0
3,785173,0.0
3,785173,0.0
3,785173,0.0
Other,785178,0.0
Other,785178,0.0
Other,785178,0.0
6,785197,Other
1,785386,0.0
1,785386,Other
1,785386,0.0
Other,785580,Other
Other,785580,0.0
3,785635,0.0
3,785635,0.0
3,785635,0.0
1,785649,0.0
1,785649,0.0
1,785649,0.0
Other,785668,0.0
6,785688,0.0
Other,785701,0.0
Other,785701,0.0
1,785768,0.0
1,785768,Other
3,785794,0.0
3,785794,0.0
1,785810,Other
1,785810,0.0
1,785834,0.0
1,785834,0.0
1,785834,0.0
1,785834,0.0
Other,785858,0.0
3,785874,0.0
3,785874,0.0
3,785898,0.0
3,785898,0.0
3,785898,0.0
3,785898,0.0
3,785924,0.0
3,785924,0.0
3,785924,0.0
Other,785996,0.0
Other,785996,0.0
1,786008,Other
1,786008,0.0
1,786080,Other
1,786080,0.0
1,786080,0.0
1,786080,0.0
1,786080,0.0
1,786092,0.0
1,786092,0.0
1,786146,0.0
1,786146,0.0
1,786155,0.0
1,786155,0.0
1,786255,0.0
1,786255,0.0
3,786507,Other
3,786507,0.0
3,786507,0.0
Other,786575,0.0
Other,786627,Other
Other,786627,0.0
3,786655,0.0
3,786655,0.0
6,786663,0.0
6,786678,0.0
Other,786688,0.0
Other,786688,0.0
6,786695,0.0
1,786781,Other
1,786781,0.0
Other,786808,0.0
6,786832,0.0
3,786861,0.0
3,786861,0.0
3,786861,0.0
3,786861,0.0
2,786903,0.0
2,786903,0.0
2,786903,0.0
2,786903,0.0
2,786903,0.0
6,786970,Other
1,787011,0.0
1,787011,0.0
1,787011,0.0
1,787011,0.0
2,787018,Other
2,787018,Other
2,787018,Other
1,787158,Other
1,787158,0.0
1,787158,0.0
1,787226,0.0
1,787226,0.0
1,787226,0.0
3,787233,0.0
3,787233,0.0
3,787233,0.0
3,787233,0.0
6,787235,0.0
6,787299,0.0
1,787335,0.0
1,787335,0.0
1,787335,0.0
Other,787413,Other
Other,787413,0.0
3,787554,0.0
3,787554,0.0
6,787559,0.0
6,787570,0.0
1,787575,0.0
1,787575,0.0
1,787575,0.0
1,787575,0.0
Other,787686,0.0
Other,787686,0.0
1,787710,Other
1,787710,Other
Other,787773,Other
1,787786,0.0
1,787786,0.0
1,787786,0.0
1,787854,0.0
1,787854,0.0
1,787854,0.0
6,787880,Other
6,787895,0.0
Other,787938,0.0
Other,787960,0.0
Other,787960,0.0
2,787970,0.0
2,787970,0.0
1,788038,Other
1,788038,0.0
1,788038,0.0
1,788038,0.0
Other,788101,0.0
Other,788101,0.0
1,788142,0.0
1,788142,0.0
1,788142,0.0
1,788142,0.0
1,788142,0.0
1,788176,Other
1,788176,0.0
1,788229,0.0
1,788229,0.0
1,788291,0.0
1,788291,0.0
1,788338,0.0
1,788338,0.0
1,788338,0.0
1,788371,Other
1,788371,0.0
1,788432,Other
1,788432,0.0
1,788550,Other
1,788550,0.0
1,788550,0.0
1,788550,0.0
1,788551,0.0
1,788551,0.0
1,788551,0.0
1,788551,0.0
1,788551,0.0
1,788551,0.0
1,788551,0.0
1,788764,0.0
1,788764,0.0
1,788764,0.0
1,788764,0.0
3,788818,Other
3,788818,0.0
3,788818,Other
3,788818,Other
2,788834,0.0
2,788834,0.0
3,788900,0.0
3,788900,0.0
3,788900,0.0
3,788900,0.0
Other,788901,0.0
6,788919,0.0
6,788930,Other
6,789029,Other
1,789080,0.0
1,789080,0.0
1,789080,0.0
1,789080,0.0
1,789080,0.0
Other,789189,0.0
Other,789189,0.0
Other,789271,Other
1,789280,Other
1,789280,Other
1,789331,0.0
1,789331,0.0
1,789331,0.0
1,789331,0.0
1,789331,0.0
1,789331,0.0
Other,789570,0.0
Other,789576,0.0
3,789640,0.0
3,789640,0.0
3,789640,0.0
1,789669,0.0
1,789669,0.0
1,789669,0.0
1,789669,0.0
1,789669,0.0
1,789669,0.0
1,789669,0.0
1,789669,0.0
1,789669,0.0
3,789707,0.0
3,789707,0.0
3,789707,0.0
3,789707,0.0
3,789707,0.0
3,789707,0.0
Other,789950,0.0
1,790010,Other
1,790010,0.0
1,790045,Other
1,790045,0.0
1,790045,0.0
3,790092,0.0
3,790092,0.0
3,790092,0.0
3,790092,0.0
1,790131,0.0
1,790131,0.0
1,790131,0.0
1,790131,0.0
1,790131,0.0
1,790131,0.0
1,790177,Other
1,790177,0.0
1,790177,0.0
1,790264,0.0
1,790264,0.0
1,790289,Other
1,790289,0.0
1,790289,0.0
3,790300,0.0
3,790300,0.0
3,790383,0.0
3,790383,0.0
3,790383,0.0
3,790383,0.0
1,790472,0.0
1,790472,0.0
1,790472,0.0
1,790480,0.0
1,790480,0.0
6,790521,0.0
1,790543,0.0
1,790543,0.0
1,790543,0.0
6,790643,0.0
1,790710,0.0
1,790710,0.0
1,790710,0.0
1,790710,0.0
1,790710,0.0
6,790822,0.0
Other,790824,0.0
Other,790824,0.0
Other,790824,0.0
6,790891,0.0
3,790971,0.0
3,790971,0.0
3,790971,0.0
3,791053,0.0
3,791053,0.0
Other,791060,0.0
1,791117,Other
1,791117,0.0
1,791117,0.0
1,791294,0.0
1,791294,0.0
1,791294,0.0
1,791294,0.0
1,791331,Other
1,791331,0.0
Other,791345,0.0
3,791515,0.0
3,791515,0.0
3,791515,0.0
Other,791531,0.0
6,791560,0.0
6,791561,0.0
1,791564,0.0
1,791564,0.0
1,791664,0.0
1,791664,0.0
1,791664,0.0
1,791664,0.0
1,791698,0.0
1,791698,0.0
1,791943,0.0
1,791943,0.0
Other,792009,0.0
Other,792009,0.0
1,792064,0.0
1,792064,Other
Other,792132,Other
Other,792132,0.0
Other,792132,0.0
1,792147,0.0
1,792147,Other
1,792147,0.0
3,792228,0.0
3,792228,0.0
3,792252,Other
3,792252,0.0
3,792252,0.0
3,792337,0.0
3,792337,0.0
3,792337,0.0
3,792337,0.0
Other,792382,0.0
1,792438,0.0
1,792438,0.0
6,792503,0.0
6,792560,Other
3,792573,0.0
3,792573,0.0
3,792573,0.0
1,792585,Other
1,792585,0.0
1,792585,0.0
1,792585,0.0
1,792624,0.0
1,792624,0.0
1,792624,0.0
1,792624,0.0
1,792624,0.0
1,792624,0.0
Other,792631,0.0
1,792694,0.0
1,792694,0.0
3,792751,0.0
3,792751,0.0
1,792766,0.0
1,792766,0.0
6,792778,0.0
1,792818,0.0
1,792818,0.0
1,792818,0.0
1,792818,0.0
6,792840,Other
3,792875,0.0
3,792875,0.0
3,792875,0.0
1,792898,0.0
1,792898,0.0
1,792902,0.0
1,792902,0.0
1,792902,0.0
1,792902,0.0
1,792902,0.0
3,792915,0.0
3,792915,0.0
3,792915,0.0
Other,792933,0.0
Other,792933,0.0
1,793040,0.0
1,793040,0.0
1,793040,0.0
1,793040,0.0
1,793040,0.0
1,793040,0.0
1,793041,0.0
1,793041,0.0
1,793041,0.0
1,793041,0.0
1,793041,0.0
1,793056,0.0
1,793056,0.0
1,793056,0.0
3,793135,0.0
3,793135,0.0
6,793150,0.0
1,793325,Other
1,793325,0.0
1,793325,0.0
1,793325,0.0
1,793325,0.0
1,793325,0.0
6,793400,0.0
1,793492,0.0
1,793492,0.0
1,793492,0.0
6,793551,Other
3,793624,0.0
3,793624,0.0
1,793678,Other
1,793678,0.0
1,793678,0.0
1,793678,0.0
3,793727,0.0
3,793727,0.0
3,793727,0.0
1,793756,0.0
1,793756,0.0
1,793756,0.0
1,793756,0.0
1,793756,0.0
1,793756,0.0
1,793764,0.0
1,793764,0.0
1,793764,0.0
1,793764,0.0
1,793858,0.0
1,793858,0.0
3,793899,0.0
3,793899,0.0
1,793915,0.0
1,793915,0.0
1,793915,0.0
1,793915,0.0
1,793915,0.0
1,793950,0.0
1,793950,0.0
1,793950,0.0
1,793950,0.0
1,794025,0.0
1,794025,0.0
6,794039,0.0
Other,794103,Other
Other,794287,0.0
Other,794287,0.0
Other,794300,0.0
Other,794300,0.0
1,794311,0.0
1,794311,0.0
6,794354,0.0
1,794423,0.0
1,794423,0.0
3,794456,0.0
3,794456,0.0
3,794456,0.0
3,794456,0.0
3,794687,0.0
3,794687,0.0
3,794687,0.0
3,794687,0.0
3,794687,0.0
3,794687,0.0
3,794687,0.0
1,794740,Other
1,794740,Other
1,794740,0.0
1,794740,0.0
1,794740,0.0
1,794779,Other
1,794779,Other
1,794906,0.0
1,794906,Other
1,794947,0.0
1,794947,0.0
1,795078,0.0
1,795078,0.0
1,795078,0.0
1,795078,0.0
1,795078,0.0
1,795078,0.0
1,795078,0.0
1,795078,0.0
1,795078,0.0
1,795078,0.0
1,795078,0.0
1,795078,0.0
Other,795117,0.0
Other,795141,0.0
1,795199,Other
1,795199,0.0
Other,795217,0.0
Other,795217,0.0
3,795247,0.0
3,795247,0.0
Other,795268,0.0
6,795270,0.0
6,795303,0.0
6,795335,0.0
Other,795471,0.0
6,795487,Other
1,795505,0.0
1,795505,Other
Other,795552,0.0
Other,795552,0.0
Other,795562,0.0
Other,795659,0.0
1,795662,0.0
1,795662,0.0
1,795662,0.0
1,795662,0.0
2,795692,0.0
2,795692,0.0
1,795754,0.0
1,795754,0.0
1,795832,0.0
1,795832,0.0
1,795832,0.0
1,795965,0.0
1,795965,0.0
1,795965,0.0
1,795965,0.0
1,795965,0.0
1,795965,0.0
Other,796033,0.0
2,796071,0.0
2,796071,0.0
2,796071,0.0
1,796143,0.0
1,796143,0.0
1,796273,0.0
1,796273,0.0
1,796302,0.0
1,796302,0.0
1,796302,0.0
1,796302,0.0
1,796303,0.0
1,796303,0.0
1,796320,Other
1,796320,0.0
1,796397,0.0
1,796397,0.0
1,796397,0.0
1,796397,0.0
1,796397,0.0
1,796397,0.0
Other,796402,Other
Other,796403,0.0
Other,796403,0.0
3,796531,0.0
3,796531,0.0
3,796531,0.0
1,796570,0.0
1,796570,0.0
1,796667,0.0
1,796667,0.0
1,796667,0.0
1,796667,0.0
1,796667,0.0
1,796696,0.0
1,796696,0.0
1,796696,0.0
1,796696,0.0
1,796696,0.0
1,796696,0.0
1,796696,0.0
1,796696,0.0
6,796705,0.0
3,796773,0.0
3,796773,0.0
3,796773,0.0
3,796864,0.0
3,796864,0.0
3,796864,0.0
1,796979,0.0
1,796979,0.0
1,796979,0.0
1,796979,0.0
3,797019,Other
3,797019,0.0
3,797019,0.0
3,797019,0.0
3,797019,0.0
3,797019,0.0
3,797019,0.0
3,797019,0.0
3,797019,0.0
3,797019,0.0
3,797019,0.0
6,797041,0.0
3,797065,0.0
3,797065,0.0
3,797065,0.0
3,797065,0.0
Other,797114,0.0
Other,797114,0.0
1,797117,0.0
1,797117,0.0
1,797117,0.0
6,797131,0.0
1,797203,0.0
1,797203,0.0
1,797203,0.0
1,797203,0.0
1,797343,0.0
1,797343,0.0
1,797401,Other
1,797401,0.0
Other,797424,0.0
3,797606,0.0
3,797606,0.0
3,797606,0.0
3,797606,0.0
3,797606,0.0
3,797606,0.0
1,797645,0.0
1,797645,0.0
1,797645,0.0
1,797645,0.0
2,797722,0.0
2,797722,0.0
2,797722,0.0
1,797774,0.0
1,797774,0.0
3,797796,0.0
3,797796,0.0
Other,797820,0.0
Other,797854,0.0
1,797899,0.0
1,797899,0.0
1,797899,0.0
3,797917,0.0
3,797917,0.0
3,797917,0.0
3,797917,0.0
3,797917,0.0
3,797917,0.0
1,797918,0.0
1,797918,0.0
1,797918,0.0
1,797918,0.0
1,797931,0.0
1,797931,0.0
1,797931,0.0
1,797931,0.0
1,798042,0.0
1,798042,0.0
1,798042,0.0
1,798102,0.0
1,798102,0.0
3,798126,0.0
3,798126,0.0
3,798126,0.0
1,798145,0.0
1,798145,0.0
1,798145,0.0
1,798145,0.0
1,798145,0.0
1,798227,0.0
1,798227,0.0
1,798227,0.0
1,798265,0.0
1,798265,0.0
1,798265,0.0
1,798265,0.0
1,798265,0.0
1,798515,0.0
1,798515,0.0
3,798532,0.0
3,798532,0.0
1,798596,0.0
1,798596,0.0
Other,798659,0.0
1,798691,Other
1,798691,Other
1,798770,0.0
1,798770,0.0
1,798770,0.0
1,798808,0.0
1,798808,0.0
1,798808,0.0
1,798808,0.0
1,798845,0.0
1,798845,0.0
1,798845,0.0
1,798845,0.0
1,798845,0.0
1,798845,0.0
6,799019,0.0
3,799092,0.0
3,799092,0.0
3,799092,0.0
3,799092,0.0
3,799151,0.0
3,799151,0.0
1,799155,0.0
1,799155,0.0
1,799155,0.0
1,799155,0.0
1,799290,0.0
1,799290,0.0
1,799290,0.0
6,799342,0.0
3,799354,0.0
3,799354,0.0
3,799354,0.0
3,799354,0.0
3,799354,0.0
2,799357,0.0
2,799357,0.0
6,799359,0.0
1,799412,0.0
1,799412,0.0
3,799414,0.0
3,799414,0.0
2,799471,0.0
2,799471,0.0
1,799480,0.0
1,799480,0.0
1,799480,0.0
1,799480,0.0
1,799480,0.0
1,799480,0.0
1,799480,0.0
1,799480,0.0
1,799480,0.0
Other,799587,0.0
3,799723,0.0
3,799723,0.0
3,799723,0.0
1,799997,0.0
1,799997,0.0
6,800017,0.0
1,800039,0.0
1,800039,0.0
1,800039,0.0
6,800072,0.0
3,800104,0.0
3,800104,0.0
3,800104,0.0
1,800111,0.0
1,800111,0.0
1,800111,0.0
1,800111,0.0
1,800111,0.0
1,800111,0.0
1,800134,0.0
1,800134,0.0
1,800134,0.0
1,800134,0.0
1,800134,0.0
1,800134,0.0
6,800188,0.0
1,800231,0.0
1,800231,0.0
1,800231,0.0
1,800231,0.0
1,800231,0.0
1,800231,0.0
1,800313,0.0
1,800313,0.0
Other,800322,0.0
1,800401,0.0
1,800401,0.0
1,800401,0.0
1,800466,0.0
1,800466,0.0
3,800636,0.0
3,800636,0.0
6,800639,0.0
Other,800653,0.0
Other,800660,0.0
Other,800660,0.0
1,800711,0.0
1,800711,0.0
1,800711,0.0
1,800711,0.0
1,800711,0.0
1,800711,0.0
3,800738,0.0
3,800738,0.0
3,800756,0.0
3,800756,0.0
1,800866,Other
1,800866,0.0
1,800866,0.0
1,800874,0.0
1,800874,0.0
1,800874,0.0
1,800874,0.0
1,800874,0.0
1,800879,0.0
1,800879,0.0
1,800879,0.0
1,800879,0.0
1,800879,0.0
Other,800895,0.0
Other,800895,0.0
Other,800919,0.0
Other,800919,0.0
Other,800919,0.0
Other,800941,0.0
1,801032,0.0
1,801032,0.0
1,801093,0.0
1,801093,0.0
1,801093,0.0
1,801093,0.0
1,801106,0.0
1,801106,0.0
1,801106,0.0
1,801106,0.0
1,801122,0.0
1,801122,0.0
1,801122,0.0
1,801236,0.0
1,801236,0.0
1,801236,0.0
1,801236,0.0
1,801273,0.0
1,801273,0.0
1,801273,0.0
1,801299,0.0
1,801299,0.0
1,801299,0.0
1,801299,0.0
3,801431,0.0
3,801431,0.0
6,801434,0.0
Other,801521,0.0
Other,801521,0.0
1,801533,0.0
1,801533,0.0
Other,801755,Other
Other,801797,0.0
6,801852,Other
3,801913,0.0
3,801913,0.0
1,801918,Other
1,801918,Other
2,801933,Other
2,801933,0.0
2,801933,0.0
1,802095,0.0
1,802095,0.0
1,802095,0.0
1,802095,0.0
2,802116,0.0
2,802116,0.0
2,802116,0.0
2,802116,0.0
2,802116,0.0
Other,802305,Other
3,802334,0.0
3,802334,0.0
3,802334,0.0
3,802334,0.0
3,802334,0.0
Other,802378,0.0
1,802407,0.0
1,802407,0.0
1,802407,0.0
1,802437,0.0
1,802437,0.0
1,802437,0.0
1,802483,0.0
1,802483,0.0
1,802483,0.0
2,802528,0.0
2,802528,0.0
2,802528,0.0
2,802528,0.0
2,802528,0.0
6,802672,0.0
Other,802693,0.0
Other,802693,0.0
Other,802693,0.0
Other,802784,Other
Other,802816,0.0
2,802838,0.0
2,802838,0.0
2,802838,0.0
1,802847,0.0
1,802847,0.0
1,802847,0.0
1,802910,Other
1,802910,Other
1,802910,0.0
1,802910,0.0
1,802910,0.0
1,802910,0.0
2,802920,0.0
2,802920,0.0
6,802938,0.0
1,802946,Other
1,802946,0.0
1,802946,0.0
1,802946,0.0
1,802946,0.0
1,802946,0.0
6,802953,0.0
6,802969,0.0
Other,802994,Other
1,803029,0.0
1,803029,0.0
1,803029,0.0
1,803029,0.0
1,803029,0.0
6,803109,0.0
3,803138,Other
3,803138,0.0
3,803232,0.0
3,803232,0.0
3,803232,0.0
Other,803310,0.0
3,803421,0.0
3,803421,0.0
Other,803460,0.0
6,803481,0.0
1,803488,0.0
1,803488,0.0
1,803488,0.0
1,803488,0.0
Other,803600,0.0
Other,803600,0.0
Other,803603,Other
2,803614,0.0
2,803614,0.0
2,803614,0.0
Other,803618,Other
2,803645,0.0
2,803645,0.0
2,803645,0.0
1,803717,0.0
1,803717,0.0
1,803717,0.0
1,803733,0.0
1,803733,0.0
1,803778,0.0
1,803778,0.0
3,803789,0.0
3,803789,0.0
3,803789,0.0
Other,803803,0.0
Other,803803,0.0
Other,803803,0.0
Other,803882,0.0
Other,803882,0.0
6,804022,0.0
3,804062,0.0
3,804062,0.0
3,804062,0.0
3,804062,0.0
3,804062,0.0
3,804062,0.0
3,804062,0.0
3,804062,0.0
3,804062,0.0
1,804082,0.0
1,804082,0.0
1,804082,0.0
6,804198,0.0
Other,804209,0.0
Other,804209,Other
Other,804209,0.0
2,804345,Other
2,804345,0.0
1,804355,0.0
1,804355,0.0
1,804355,0.0
1,804355,0.0
2,804358,0.0
2,804358,0.0
2,804358,0.0
2,804358,0.0
2,804358,0.0
1,804419,0.0
1,804419,0.0
1,804419,0.0
1,804419,0.0
1,804419,0.0
1,804419,0.0
1,804419,0.0
1,804419,0.0
1,804419,0.0
1,804419,0.0
1,804419,0.0
6,804478,0.0
3,804519,0.0
3,804519,0.0
3,804519,0.0
3,804519,0.0
3,804519,0.0
2,804638,0.0
2,804638,0.0
2,804638,0.0
2,804638,0.0
6,804665,0.0
3,804702,0.0
3,804702,0.0
1,804708,Other
1,804708,0.0
1,804708,0.0
1,804745,0.0
1,804745,0.0
1,804817,0.0
1,804817,0.0
1,804899,0.0
1,804899,0.0
3,804993,0.0
3,804993,0.0
6,805004,0.0
3,805101,0.0
3,805101,0.0
3,805101,0.0
1,805111,Other
1,805111,Other
1,805186,0.0
1,805186,0.0
1,805186,0.0
1,805186,0.0
1,805218,Other
1,805218,0.0
1,805218,0.0
1,805291,0.0
1,805291,0.0
1,805291,0.0
1,805291,0.0
1,805291,0.0
1,805291,0.0
3,805292,0.0
3,805292,0.0
3,805448,0.0
3,805448,Other
3,805448,0.0
3,805448,0.0
3,805448,0.0
3,805448,0.0
3,805448,0.0
3,805448,0.0
3,805448,0.0
3,805448,0.0
3,805448,0.0
3,805448,0.0
3,805448,0.0
1,805499,Other
1,805499,0.0
1,805499,0.0
1,805499,0.0
1,805499,0.0
Other,805613,0.0
3,805646,0.0
3,805646,0.0
3,805646,0.0
Other,805656,0.0
3,805678,0.0
3,805678,0.0
6,805804,Other
Other,805819,Other
1,805837,Other
1,805837,Other
1,805837,0.0
1,805931,0.0
1,805931,0.0
1,805931,0.0
1,805931,0.0
1,805931,0.0
1,805954,0.0
1,805954,0.0
1,805954,0.0
1,805954,0.0
1,805954,0.0
1,805954,0.0
2,805971,0.0
2,805971,0.0
2,805971,0.0
1,806033,0.0
1,806033,0.0
1,806033,0.0
1,806033,0.0
Other,806070,0.0
Other,806070,0.0
Other,806087,0.0
Other,806087,0.0
1,806145,0.0
1,806145,0.0
1,806145,0.0
3,806234,0.0
3,806234,0.0
1,806239,0.0
1,806239,0.0
Other,806244,0.0
1,806329,0.0
1,806329,0.0
1,806329,0.0
1,806329,0.0
1,806329,0.0
1,806333,0.0
1,806333,0.0
6,806379,0.0
1,806497,0.0
1,806497,0.0
1,806497,0.0
1,806497,0.0
1,806507,0.0
1,806507,0.0
1,806613,0.0
1,806613,0.0
1,806630,0.0
1,806630,0.0
1,806630,0.0
1,806630,0.0
1,806630,0.0
6,806646,0.0
3,806767,0.0
3,806767,0.0
6,806837,Other
3,806852,0.0
3,806852,0.0
3,806852,0.0
3,806852,0.0
6,806857,0.0
1,806865,0.0
1,806865,0.0
1,806865,0.0
1,806865,0.0
6,806872,0.0
1,806889,Other
1,806889,0.0
1,806889,0.0
1,806889,0.0
Other,806958,Other
1,806985,0.0
1,806985,0.0
1,807098,0.0
1,807098,Other
1,807139,0.0
1,807139,0.0
1,807139,0.0
1,807139,0.0
1,807139,0.0
2,807141,Other
2,807141,0.0
2,807141,0.0
1,807181,0.0
1,807181,0.0
1,807201,Other
1,807201,0.0
6,807240,0.0
1,807293,0.0
1,807293,0.0
1,807355,0.0
1,807355,0.0
1,807355,0.0
1,807355,0.0
1,807355,0.0
1,807355,0.0
1,807355,0.0
6,807384,Other
1,807528,0.0
1,807528,0.0
1,807528,0.0
1,807528,0.0
Other,807539,0.0
Other,807559,0.0
2,807674,0.0
2,807674,0.0
2,807674,0.0
Other,807837,0.0
Other,807854,Other
1,808111,0.0
1,808111,0.0
1,808111,0.0
1,808124,0.0
1,808124,0.0
1,808124,0.0
1,808124,0.0
6,808224,0.0
3,808269,0.0
3,808269,0.0
3,808269,0.0
1,808403,0.0
1,808403,0.0
1,808403,0.0
Other,808430,0.0
6,808488,0.0
2,808489,0.0
2,808489,0.0
6,808614,0.0
1,808673,0.0
1,808673,0.0
1,808685,Other
1,808685,0.0
Other,808789,0.0
Other,808789,0.0
Other,808902,0.0
3,808992,0.0
3,808992,0.0
3,808992,0.0
6,809001,0.0
1,809017,Other
1,809017,0.0
1,809017,0.0
1,809017,0.0
1,809017,0.0
1,809017,0.0
1,809036,0.0
1,809036,0.0
1,809165,0.0
1,809165,0.0
6,809171,0.0
2,809229,0.0
2,809229,0.0
2,809229,0.0
3,809301,0.0
3,809301,0.0
3,809301,0.0
3,809301,0.0
3,809301,0.0
1,809372,0.0
1,809372,0.0
1,809372,0.0
1,809372,0.0
Other,809397,0.0
1,809438,0.0
1,809438,0.0
1,809476,0.0
1,809476,0.0
1,809476,0.0
3,809577,0.0
3,809577,0.0
6,809627,0.0
1,809761,0.0
1,809761,0.0
1,809761,0.0
1,809761,0.0
1,809862,0.0
1,809862,0.0
1,809862,0.0
1,809862,0.0
6,809865,0.0
6,809869,0.0
3,809961,0.0
3,809961,0.0
1,810009,Other
1,810009,Other
1,810052,Other
1,810052,0.0
1,810052,0.0
6,810071,Other
6,810114,0.0
2,810177,0.0
2,810177,0.0
1,810207,Other
1,810207,0.0
Other,810254,0.0
Other,810275,0.0
Other,810275,0.0
2,810419,0.0
2,810419,0.0
2,810419,0.0
2,810419,0.0
2,810426,0.0
2,810426,0.0
2,810426,0.0
1,810460,Other
1,810460,Other
1,810460,0.0
1,810460,0.0
1,810479,0.0
1,810479,0.0
1,810479,0.0
1,810493,Other
1,810493,Other
Other,810502,0.0
Other,810502,0.0
2,810661,0.0
2,810661,0.0
1,810787,0.0
1,810787,0.0
1,810787,0.0
6,810825,Other
3,810846,0.0
3,810846,0.0
3,810960,0.0
3,810960,0.0
3,810960,0.0
1,811146,Other
1,811146,0.0
6,811147,0.0
2,811226,0.0
2,811226,0.0
2,811226,0.0
2,811226,0.0
1,811423,0.0
1,811423,Other
1,811423,0.0
1,811423,0.0
1,811423,0.0
1,811423,0.0
1,811423,0.0
3,811427,0.0
3,811427,0.0
1,811477,Other
1,811477,Other
1,811477,0.0
6,811489,0.0
1,811491,Other
1,811491,Other
1,811504,0.0
1,811504,0.0
1,811504,0.0
1,811504,0.0
1,811504,0.0
1,811577,0.0
1,811577,0.0
1,811577,0.0
1,811577,0.0
6,811594,0.0
3,811632,0.0
3,811632,0.0
1,811961,Other
1,811961,Other
1,811967,0.0
1,811967,0.0
1,811967,0.0
1,811967,0.0
1,812105,Other
1,812105,0.0
1,812105,0.0
1,812105,0.0
1,812105,0.0
1,812105,0.0
Other,812125,0.0
Other,812125,0.0
Other,812125,0.0
3,812314,0.0
3,812314,0.0
3,812314,0.0
2,812356,0.0
2,812356,0.0
2,812356,0.0
3,812491,0.0
3,812491,0.0
3,812491,0.0
3,812491,0.0
1,812582,0.0
1,812582,0.0
1,812582,0.0
1,812582,0.0
1,812582,0.0
3,812602,0.0
3,812602,0.0
3,812602,0.0
3,812602,0.0
Other,812711,0.0
6,812767,0.0
1,812962,0.0
1,812962,0.0
1,812976,0.0
1,812976,0.0
Other,813076,Other
1,813101,0.0
1,813101,0.0
Other,813185,0.0
6,813269,0.0
3,813286,0.0
3,813286,0.0
3,813286,0.0
6,813297,0.0
6,813303,Other
Other,813315,0.0
Other,813315,0.0
1,813324,0.0
1,813324,0.0
1,813324,0.0
6,813387,Other
Other,813445,0.0
Other,813445,0.0
1,813451,0.0
1,813451,0.0
3,813532,0.0
3,813532,0.0
3,813532,0.0
3,813532,0.0
3,813532,0.0
Other,813587,0.0
6,813630,0.0
3,813643,0.0
3,813643,0.0
3,813643,0.0
3,813643,0.0
1,813655,0.0
1,813655,0.0
6,813707,0.0
1,813712,0.0
1,813712,0.0
1,813712,0.0
1,813712,0.0
Other,813795,0.0
Other,813795,0.0
Other,813926,0.0
Other,813926,0.0
Other,813957,0.0
Other,813957,0.0
Other,813957,0.0
Other,814114,0.0
6,814150,0.0
6,814152,0.0
1,814333,0.0
1,814333,0.0
1,814333,0.0
1,814333,0.0
1,814464,0.0
1,814464,0.0
1,814464,0.0
1,814464,0.0
1,814464,0.0
1,814472,0.0
1,814472,0.0
1,814472,0.0
1,814549,Other
1,814549,0.0
Other,814566,Other
Other,814566,0.0
1,814573,0.0
1,814573,Other
1,814573,0.0
3,814639,0.0
3,814639,0.0
1,814958,Other
1,814958,Other
Other,814971,0.0
Other,814971,0.0
1,815078,0.0
1,815078,0.0
Other,815127,0.0
Other,815127,0.0
Other,815127,0.0
2,815170,0.0
2,815170,0.0
2,815170,0.0
1,815529,0.0
1,815529,0.0
1,815552,0.0
1,815552,0.0
6,815584,0.0
1,815704,0.0
1,815704,0.0
3,815754,0.0
3,815754,0.0
2,815758,0.0
2,815758,0.0
1,815764,0.0
1,815764,0.0
3,815774,0.0
3,815774,0.0
3,815830,0.0
3,815830,0.0
3,815830,0.0
1,815880,0.0
1,815880,0.0
1,815880,0.0
1,815880,0.0
1,815880,0.0
Other,815886,0.0
Other,815886,0.0
6,816036,Other
1,816041,0.0
1,816041,0.0
1,816247,Other
1,816247,Other
Other,816258,0.0
6,816262,0.0
Other,816278,0.0
3,816292,0.0
3,816292,0.0
3,816292,0.0
3,816292,0.0
3,816292,0.0
3,816292,0.0
3,816292,0.0
3,816412,0.0
3,816412,0.0
3,816412,0.0
3,816420,0.0
3,816420,0.0
1,816485,0.0
1,816485,0.0
1,816485,0.0
1,816485,0.0
1,816485,0.0
1,816485,0.0
3,816603,0.0
3,816603,0.0
6,816754,0.0
1,816900,Other
1,816900,0.0
1,816933,0.0
1,816933,0.0
1,816933,0.0
1,816953,0.0
1,816953,Other
3,817160,0.0
3,817160,0.0
3,817160,0.0
3,817183,0.0
3,817183,0.0
1,817483,Other
1,817483,0.0
1,817483,0.0
Other,817487,0.0
Other,817487,0.0
3,817498,0.0
3,817498,0.0
1,817687,0.0
1,817687,0.0
3,817726,0.0
3,817726,0.0
3,817726,0.0
1,817735,0.0
1,817735,0.0
1,817786,0.0
1,817786,0.0
1,817786,0.0
Other,817793,0.0
Other,817803,0.0
1,817823,0.0
1,817823,0.0
6,817930,0.0
Other,818016,0.0
1,818024,0.0
1,818024,0.0
3,818028,0.0
3,818028,0.0
3,818028,0.0
2,818032,0.0
2,818032,0.0
2,818032,0.0
6,818159,Other
1,818201,0.0
1,818201,0.0
Other,818203,0.0
Other,818203,0.0
Other,818206,0.0
Other,818206,0.0
3,818262,0.0
3,818262,0.0
3,818262,0.0
Other,818265,0.0
Other,818265,0.0
Other,818265,0.0
6,818348,0.0
1,818385,0.0
1,818385,0.0
1,818385,0.0
1,818385,0.0
1,818468,0.0
1,818468,0.0
1,818468,0.0
1,818468,0.0
3,818481,0.0
3,818481,0.0
1,818482,Other
1,818482,0.0
1,818482,0.0
Other,818522,0.0
Other,818522,0.0
6,818566,0.0
1,818658,0.0
1,818658,0.0
1,818658,0.0
1,818658,0.0
1,818761,0.0
1,818761,0.0
1,818761,0.0
1,818783,0.0
1,818783,0.0
3,818917,0.0
3,818917,0.0
3,818917,0.0
1,818940,0.0
1,818940,0.0
1,818940,0.0
Other,819004,0.0
Other,819047,0.0
3,819122,0.0
3,819122,0.0
Other,819123,0.0
Other,819123,0.0
Other,819123,0.0
6,819131,0.0
Other,819185,0.0
6,819220,0.0
1,819231,0.0
1,819231,0.0
1,819296,Other
1,819296,Other
1,819366,0.0
1,819366,0.0
1,819366,0.0
1,819366,0.0
1,819366,0.0
1,819366,0.0
2,819369,0.0
2,819369,0.0
Other,819491,0.0
1,819495,0.0
1,819495,0.0
1,819495,0.0
1,819559,0.0
1,819559,0.0
1,819559,0.0
Other,819571,0.0
Other,819615,Other
6,819682,0.0
1,819722,0.0
1,819722,0.0
1,819722,0.0
2,819764,0.0
2,819764,0.0
Other,819779,0.0
Other,819814,Other
Other,819814,0.0
Other,819814,0.0
Other,819814,0.0
Other,819814,0.0
Other,819814,0.0
Other,819814,0.0
Other,819814,0.0
1,819841,0.0
1,819841,0.0
3,819843,0.0
3,819843,0.0
3,819843,0.0
3,819843,0.0
3,819843,0.0
6,819896,0.0
Other,819963,Other
1,820096,0.0
1,820096,0.0
3,820127,0.0
3,820127,0.0
3,820127,0.0
3,820127,0.0
3,820127,0.0
3,820127,0.0
6,820166,0.0
6,820182,0.0
3,820211,0.0
3,820211,0.0
1,820252,0.0
1,820252,Other
1,820261,0.0
1,820261,0.0
1,820261,0.0
1,820261,0.0
1,820261,0.0
1,820312,0.0
1,820312,0.0
1,820312,0.0
Other,820359,Other
6,820379,Other
1,820382,0.0
1,820382,0.0
Other,820384,0.0
Other,820384,0.0
1,820431,0.0
1,820431,0.0
1,820431,0.0
1,820431,0.0
1,820515,0.0
1,820515,0.0
1,820515,0.0
1,820515,0.0
1,820626,0.0
1,820626,0.0
1,820626,0.0
1,820626,0.0
1,820685,0.0
1,820685,0.0
1,820685,0.0
1,820685,0.0
3,820706,0.0
3,820706,0.0
1,820768,0.0
1,820768,0.0
1,820832,0.0
1,820832,0.0
1,820832,0.0
Other,820849,0.0
2,820884,0.0
2,820884,0.0
1,820950,0.0
1,820950,0.0
1,820950,0.0
1,820969,0.0
1,820969,0.0
1,820969,0.0
1,820977,0.0
1,820977,0.0
1,820977,0.0
1,820977,0.0
1,820977,0.0
1,820977,0.0
6,821000,0.0
Other,821022,0.0
Other,821022,0.0
Other,821022,0.0
Other,821128,0.0
1,821132,0.0
1,821132,0.0
1,821235,0.0
1,821235,0.0
1,821235,0.0
Other,821252,0.0
6,821309,Other
3,821482,0.0
3,821482,0.0
1,821510,Other
1,821510,0.0
Other,821539,0.0
Other,821539,0.0
Other,821539,0.0
Other,821552,Other
6,821630,0.0
6,821693,Other
Other,821699,0.0
Other,821699,0.0
Other,821807,0.0
Other,821807,0.0
Other,821841,0.0
Other,821861,0.0
Other,821861,0.0
3,821895,0.0
3,821895,0.0
3,821895,0.0
3,821895,0.0
3,821895,0.0
3,821895,0.0
Other,821901,Other
Other,821901,0.0
1,821996,0.0
1,821996,Other
1,821996,0.0
1,822067,0.0
1,822067,0.0
6,822188,0.0
1,822200,0.0
1,822200,0.0
Other,822209,0.0
Other,822209,0.0
Other,822308,Other
Other,822308,Other
1,822449,0.0
1,822449,0.0
1,822467,Other
1,822467,0.0
3,822488,0.0
3,822488,0.0
1,822541,0.0
1,822541,0.0
1,822544,0.0
1,822544,0.0
1,822544,0.0
1,822544,0.0
1,822544,0.0
1,822578,0.0
1,822578,0.0
1,822590,0.0
1,822590,0.0
1,822590,0.0
1,822590,0.0
3,822648,0.0
3,822648,0.0
3,822648,0.0
Other,822664,0.0
1,822715,Other
1,822715,0.0
1,822715,0.0
1,822715,0.0
1,822715,0.0
1,822715,0.0
1,822715,0.0
1,822715,0.0
1,822715,0.0
1,822715,0.0
Other,822750,0.0
1,822791,0.0
1,822791,0.0
3,822828,0.0
3,822828,0.0
3,822925,0.0
3,822925,0.0
3,822938,0.0
3,822938,0.0
1,823003,0.0
1,823003,0.0
Other,823015,0.0
3,823031,0.0
3,823031,0.0
3,823031,0.0
6,823035,0.0
1,823073,0.0
1,823073,0.0
1,823073,0.0
1,823112,0.0
1,823112,0.0
1,823112,0.0
2,823132,0.0
2,823132,0.0
2,823132,0.0
2,823132,0.0
2,823132,0.0
2,823132,0.0
2,823132,0.0
1,823321,0.0
1,823321,0.0
1,823321,0.0
1,823321,0.0
1,823321,0.0
1,823357,Other
1,823357,Other
1,823431,0.0
1,823431,0.0
1,823431,0.0
Other,823449,0.0
2,823745,0.0
2,823745,Other
Other,823791,0.0
3,823845,0.0
3,823845,0.0
6,823857,0.0
Other,823949,0.0
Other,823949,0.0
1,824128,0.0
1,824128,0.0
1,824128,0.0
1,824128,0.0
3,824158,0.0
3,824158,0.0
6,824283,0.0
3,824290,0.0
3,824290,0.0
3,824290,0.0
1,824304,0.0
1,824304,0.0
1,824304,0.0
1,824463,0.0
1,824463,0.0
1,824537,0.0
1,824537,0.0
1,824537,0.0
1,824537,0.0
1,824537,0.0
6,824654,0.0
1,824908,Other
1,824908,Other
1,824908,0.0
1,825057,0.0
1,825057,0.0
1,825057,0.0
1,825104,0.0
1,825104,0.0
1,825149,0.0
1,825149,0.0
1,825151,0.0
1,825151,0.0
1,825151,Other
1,825151,Other
1,825151,0.0
3,825169,0.0
3,825169,0.0
3,825169,0.0
3,825344,0.0
3,825344,0.0
3,825344,0.0
3,825344,0.0
3,825361,0.0
3,825361,0.0
3,825361,0.0
3,825397,Other
3,825397,Other
1,825433,0.0
1,825433,0.0
1,825433,0.0
1,825433,0.0
1,825433,0.0
3,825464,0.0
3,825464,0.0
3,825464,0.0
3,825464,0.0
3,825464,0.0
Other,825479,Other
1,825665,0.0
1,825665,0.0
1,825665,0.0
1,825665,0.0
1,825665,0.0
1,825665,0.0
1,825734,0.0
1,825734,0.0
1,825734,0.0
1,825734,0.0
1,825734,0.0
1,825734,0.0
1,825734,0.0
1,825734,0.0
Other,825787,0.0
1,825819,0.0
1,825819,0.0
1,825819,0.0
1,825838,0.0
1,825838,0.0
1,825838,0.0
1,825838,0.0
1,825844,0.0
1,825844,0.0
Other,825866,0.0
Other,825866,0.0
Other,825917,0.0
Other,825917,0.0
Other,825917,0.0
Other,825917,0.0
Other,825919,0.0
Other,825919,0.0
Other,825919,0.0
3,825948,0.0
3,825948,0.0
3,825993,0.0
3,825993,0.0
1,826062,Other
1,826062,Other
1,826096,Other
1,826096,Other
1,826096,0.0
1,826096,0.0
1,826115,0.0
1,826115,0.0
1,826115,0.0
1,826115,0.0
Other,826132,0.0
6,826193,0.0
3,826234,0.0
3,826234,0.0
3,826234,0.0
6,826261,0.0
1,826266,0.0
1,826266,0.0
1,826266,0.0
1,826266,0.0
1,826266,0.0
1,826280,0.0
1,826280,0.0
1,826280,0.0
1,826280,0.0
1,826392,0.0
1,826392,0.0
1,826392,0.0
1,826392,0.0
1,826401,0.0
1,826401,0.0
1,826401,0.0
1,826401,0.0
Other,826416,0.0
Other,826416,0.0
Other,826416,0.0
Other,826416,0.0
2,826459,0.0
2,826459,0.0
2,826459,0.0
2,826459,0.0
2,826459,0.0
2,826459,0.0
2,826459,0.0
3,826544,0.0
3,826544,0.0
3,826544,0.0
1,826643,0.0
1,826643,0.0
1,826673,0.0
1,826673,0.0
3,826700,0.0
3,826700,0.0
1,826750,0.0
1,826750,0.0
1,826750,0.0
2,826757,0.0
2,826757,0.0
2,826757,0.0
1,826922,0.0
1,826922,0.0
1,826922,0.0
6,826975,0.0
1,827065,Other
1,827065,0.0
1,827065,0.0
Other,827085,Other
Other,827085,0.0
2,827210,0.0
2,827210,0.0
2,827210,0.0
2,827210,0.0
Other,827242,0.0
6,827362,0.0
Other,827580,0.0
Other,827642,0.0
1,827670,0.0
1,827670,0.0
1,827670,0.0
3,827704,0.0
3,827704,0.0
3,827704,0.0
3,827704,0.0
3,827704,0.0
3,827704,0.0
1,827923,0.0
1,827923,Other
Other,827965,0.0
Other,827965,0.0
6,828037,0.0
1,828109,0.0
1,828109,0.0
1,828136,0.0
1,828136,0.0
1,828136,0.0
1,828136,0.0
6,828140,0.0
Other,828145,0.0
Other,828145,0.0
6,828252,0.0
Other,828263,Other
6,828377,0.0
Other,828535,0.0
Other,828549,Other
Other,828549,0.0
Other,828549,0.0
Other,828549,0.0
Other,828549,0.0
Other,828549,0.0
1,828697,0.0
1,828697,0.0
Other,828752,0.0
3,828925,0.0
3,828925,0.0
3,828925,0.0
3,828925,Other
6,828960,0.0
1,829071,0.0
1,829071,Other
1,829148,0.0
1,829148,Other
1,829148,Other
2,829326,0.0
2,829326,0.0
2,829326,0.0
2,829326,0.0
2,829326,0.0
2,829326,0.0
6,829427,0.0
1,829516,0.0
1,829516,0.0
1,829516,0.0
2,829575,0.0
2,829575,0.0
Other,829628,0.0
1,829631,0.0
1,829631,0.0
Other,829694,0.0
Other,829694,0.0
Other,829703,0.0
Other,829703,0.0
1,829728,Other
1,829728,0.0
1,829728,0.0
1,829728,0.0
1,829729,0.0
1,829729,0.0
1,829755,0.0
1,829755,0.0
1,829755,0.0
1,829760,Other
1,829760,Other
1,829760,0.0
3,829792,Other
3,829792,0.0
3,829792,0.0
3,829792,0.0
3,829792,Other
3,829967,0.0
3,829967,0.0
1,829988,0.0
1,829988,0.0
1,829988,0.0
1,829988,0.0
1,829988,0.0
1,829988,0.0
1,830053,0.0
1,830053,0.0
1,830053,0.0
6,830113,0.0
1,830118,0.0
1,830118,0.0
1,830118,0.0
1,830118,0.0
1,830118,0.0
1,830118,0.0
6,830132,Other
2,830157,0.0
2,830157,0.0
2,830157,0.0
1,830269,Other
1,830269,Other
2,830277,0.0
2,830277,0.0
2,830277,0.0
2,830277,0.0
3,830316,0.0
3,830316,0.0
3,830316,0.0
3,830316,0.0
3,830316,0.0
3,830316,0.0
3,830316,0.0
3,830316,0.0
6,830387,0.0
6,830406,0.0
Other,830489,0.0
Other,830489,0.0
2,830491,0.0
2,830491,0.0
1,830508,0.0
1,830508,0.0
1,830508,0.0
1,830508,0.0
1,830553,0.0
1,830553,0.0
1,830553,0.0
1,830553,0.0
1,830553,0.0
1,830586,0.0
1,830586,0.0
1,830586,0.0
1,830586,0.0
6,830699,Other
1,830707,0.0
1,830707,0.0
3,830785,0.0
3,830785,0.0
3,830785,0.0
3,830785,0.0
3,830785,0.0
3,830824,0.0
3,830824,0.0
6,831012,0.0
6,831048,Other
1,831053,0.0
1,831053,0.0
1,831138,0.0
1,831138,0.0
1,831138,0.0
1,831138,0.0
Other,831140,0.0
Other,831140,0.0
Other,831140,0.0
Other,831235,0.0
Other,831235,0.0
Other,831235,0.0
6,831304,0.0
1,831307,0.0
1,831307,0.0
1,831307,0.0
1,831307,0.0
6,831332,0.0
1,831363,0.0
1,831363,0.0
1,831363,0.0
1,831363,0.0
1,831363,0.0
1,831363,0.0
1,831372,Other
1,831372,0.0
Other,831401,Other
1,831426,0.0
1,831426,0.0
1,831426,0.0
Other,831469,0.0
3,831493,0.0
3,831493,0.0
6,831704,0.0
1,831749,0.0
1,831749,0.0
Other,831827,0.0
6,831863,0.0
1,831879,0.0
1,831879,0.0
3,831924,0.0
3,831924,0.0
3,831924,0.0
1,831935,0.0
1,831935,0.0
1,831935,0.0
1,831940,Other
1,831940,Other
3,831947,0.0
3,831947,0.0
1,831965,0.0
1,831965,0.0
1,831965,0.0
1,831988,0.0
1,831988,0.0
1,831988,0.0
1,831988,0.0
1,831988,0.0
1,831988,0.0
3,832015,Other
3,832015,0.0
3,832015,0.0
3,832015,0.0
3,832015,0.0
3,832093,0.0
3,832093,0.0
3,832093,0.0
3,832093,0.0
6,832136,0.0
6,832153,0.0
6,832200,0.0
1,832232,0.0
1,832232,0.0
1,832232,0.0
1,832232,0.0
1,832232,0.0
1,832232,0.0
6,832238,0.0
1,832329,Other
1,832329,0.0
1,832370,Other
1,832370,Other
1,832398,0.0
1,832398,0.0
3,832404,0.0
3,832404,0.0
3,832404,0.0
3,832404,0.0
Other,832439,Other
1,832605,Other
1,832605,0.0
1,832605,0.0
1,832605,0.0
1,832605,0.0
1,832633,0.0
1,832633,0.0
3,832692,0.0
3,832692,0.0
1,832718,0.0
1,832718,0.0
1,832718,0.0
3,832782,0.0
3,832782,0.0
3,832782,0.0
3,832808,0.0
3,832808,0.0
3,832808,0.0
3,832809,0.0
3,832809,0.0
Other,832885,0.0
Other,832933,0.0
3,832966,Other
3,832966,0.0
6,832982,0.0
Other,833059,0.0
Other,833059,0.0
1,833171,0.0
1,833171,0.0
1,833171,0.0
1,833171,0.0
1,833171,0.0
6,833179,0.0
6,833235,0.0
6,833301,0.0
1,833384,0.0
1,833384,0.0
1,833484,0.0
1,833484,0.0
1,833484,0.0
1,833484,0.0
1,833484,0.0
Other,833486,0.0
1,833488,0.0
1,833488,0.0
1,833488,0.0
1,833488,0.0
6,833508,0.0
Other,833589,0.0
Other,833589,0.0
3,833593,0.0
3,833593,0.0
3,833593,0.0
1,833640,Other
1,833640,0.0
1,833640,0.0
1,833640,0.0
1,833640,0.0
3,833708,0.0
3,833708,0.0
1,833732,0.0
1,833732,0.0
1,833732,0.0
1,833732,0.0
1,833732,0.0
Other,833754,0.0
Other,833754,0.0
1,833767,Other
1,833767,0.0
1,833777,0.0
1,833777,0.0
1,833777,0.0
1,833777,0.0
1,833982,0.0
1,833982,0.0
1,834108,0.0
1,834108,0.0
1,834108,0.0
1,834108,0.0
1,834108,0.0
1,834167,0.0
1,834167,0.0
6,834243,0.0
3,834273,0.0
3,834273,0.0
1,834279,0.0
1,834279,0.0
1,834279,0.0
1,834279,0.0
1,834279,0.0
1,834279,0.0
1,834279,0.0
6,834396,0.0
Other,834430,0.0
Other,834445,0.0
1,834453,0.0
1,834453,0.0
Other,834459,0.0
Other,834459,0.0
3,834559,Other
3,834559,0.0
3,834559,0.0
6,834570,0.0
1,834620,0.0
1,834620,0.0
1,834620,0.0
1,834620,0.0
1,834620,0.0
6,834636,0.0
6,834705,0.0
3,834712,0.0
3,834712,0.0
3,834712,0.0
1,834745,0.0
1,834745,0.0
1,834745,0.0
1,834745,0.0
1,834779,0.0
1,834779,0.0
1,834780,Other
1,834780,0.0
1,834780,0.0
1,834780,0.0
1,834780,0.0
1,835004,0.0
1,835004,0.0
1,835004,0.0
1,835004,0.0
Other,835029,0.0
1,835215,0.0
1,835215,0.0
1,835215,0.0
1,835215,0.0
1,835252,Other
1,835252,0.0
1,835252,0.0
1,835252,0.0
1,835345,0.0
1,835345,0.0
1,835345,0.0
1,835345,0.0
1,835345,Other
3,835353,0.0
3,835353,0.0
Other,835358,0.0
Other,835358,0.0
Other,835358,0.0
Other,835358,0.0
1,835365,0.0
1,835365,0.0
1,835365,0.0
1,835424,0.0
1,835424,0.0
1,835424,0.0
3,835497,0.0
3,835497,0.0
3,835497,0.0
3,835497,0.0
3,835497,0.0
1,835598,0.0
1,835598,0.0
1,835598,0.0
1,835598,0.0
6,835603,0.0
6,835635,0.0
1,835669,0.0
1,835669,0.0
2,835812,0.0
2,835812,0.0
1,835868,0.0
1,835868,0.0
1,835868,0.0
1,835868,0.0
6,835873,0.0
1,835966,Other
1,835966,0.0
6,836074,0.0
6,836075,0.0
1,836158,0.0
1,836158,0.0
2,836165,0.0
2,836165,0.0
2,836165,0.0
2,836165,0.0
2,836165,0.0
1,836175,Other
1,836175,0.0
1,836175,0.0
1,836175,0.0
1,836175,0.0
1,836175,0.0
3,836211,0.0
3,836211,0.0
3,836211,0.0
3,836223,0.0
3,836223,0.0
3,836223,0.0
3,836223,0.0
3,836223,0.0
1,836289,0.0
1,836289,0.0
1,836289,0.0
Other,836379,0.0
Other,836419,0.0
Other,836419,0.0
3,836452,0.0
3,836452,0.0
3,836452,0.0
3,836452,0.0
1,836501,0.0
1,836501,0.0
1,836513,0.0
1,836513,0.0
1,836513,0.0
1,836513,0.0
1,836605,0.0
1,836605,0.0
1,836679,0.0
1,836679,0.0
1,836679,0.0
6,836741,0.0
3,836761,0.0
3,836761,0.0
3,836852,0.0
3,836852,0.0
3,836852,0.0
1,836917,Other
1,836917,Other
1,836917,0.0
1,836917,0.0
3,837008,0.0
3,837008,0.0
2,837009,0.0
2,837009,0.0
2,837009,0.0
2,837009,0.0
2,837009,0.0
1,837015,0.0
1,837015,0.0
1,837015,0.0
1,837015,0.0
1,837015,0.0
1,837015,0.0
1,837015,0.0
1,837015,0.0
1,837015,0.0
1,837015,0.0
1,837015,0.0
1,837054,0.0
1,837054,0.0
1,837054,0.0
1,837074,0.0
1,837074,0.0
1,837081,0.0
1,837081,0.0
1,837081,0.0
1,837105,0.0
1,837105,0.0
Other,837125,0.0
6,837185,0.0
1,837224,0.0
1,837224,0.0
1,837224,0.0
1,837224,0.0
1,837224,0.0
1,837468,0.0
1,837468,0.0
1,837468,0.0
1,837468,0.0
1,837468,0.0
6,837488,Other
1,837544,0.0
1,837544,0.0
1,837544,0.0
Other,837569,0.0
3,837631,0.0
3,837631,0.0
3,837631,0.0
3,837631,0.0
1,837636,0.0
1,837636,0.0
1,837636,0.0
6,837639,Other
1,837790,0.0
1,837790,0.0
1,837790,0.0
1,837790,0.0
3,837800,0.0
3,837800,0.0
3,837800,0.0
Other,837877,0.0
1,837888,0.0
1,837888,0.0
1,837888,0.0
1,837888,0.0
1,837888,0.0
Other,838004,0.0
Other,838086,0.0
1,838154,0.0
1,838154,0.0
1,838154,0.0
1,838154,0.0
1,838207,Other
1,838207,0.0
1,838207,0.0
1,838207,Other
6,838254,0.0
1,838285,0.0
1,838285,0.0
1,838285,0.0
1,838285,0.0
6,838290,0.0
3,838412,0.0
3,838412,0.0
Other,838441,0.0
Other,838441,0.0
Other,838441,0.0
3,838610,0.0
3,838610,0.0
1,838684,0.0
1,838684,0.0
1,838684,0.0
1,838684,0.0
1,838761,0.0
1,838761,0.0
1,838761,0.0
1,838761,0.0
1,838840,0.0
1,838840,0.0
1,838840,0.0
6,838860,0.0
6,838873,0.0
1,838894,0.0
1,838894,0.0
1,838894,0.0
Other,838979,0.0
Other,838979,0.0
3,839098,Other
3,839098,0.0
Other,839150,0.0
Other,839170,Other
Other,839178,0.0
1,839240,0.0
1,839240,0.0
3,839241,0.0
3,839241,0.0
1,839276,0.0
1,839276,0.0
6,839350,0.0
3,839372,0.0
3,839372,0.0
Other,839440,Other
1,839517,0.0
1,839517,0.0
1,839544,Other
1,839544,0.0
1,839553,0.0
1,839553,0.0
6,839564,0.0
1,839604,0.0
1,839604,0.0
1,839604,0.0
1,839648,0.0
1,839648,0.0
1,839648,0.0
1,839648,0.0
1,839648,0.0
1,839648,0.0
6,839688,0.0
1,839742,0.0
1,839742,0.0
1,839742,0.0
1,839742,0.0
3,839849,0.0
3,839849,0.0
2,839908,0.0
2,839908,0.0
6,839989,Other
1,840019,Other
1,840019,Other
1,840019,0.0
1,840019,0.0
Other,840038,0.0
Other,840038,0.0
1,840083,0.0
1,840083,0.0
1,840083,0.0
1,840083,0.0
Other,840109,0.0
Other,840109,0.0
Other,840109,0.0
6,840154,Other
1,840157,0.0
1,840157,0.0
1,840157,0.0
3,840232,0.0
3,840232,0.0
1,840258,Other
1,840258,Other
1,840303,0.0
1,840303,0.0
1,840303,0.0
1,840303,0.0
1,840376,0.0
1,840376,0.0
1,840376,0.0
1,840376,0.0
Other,840389,0.0
1,840393,0.0
1,840393,0.0
1,840393,0.0
1,840409,0.0
1,840409,0.0
1,840409,0.0
1,840409,0.0
1,840413,Other
1,840413,0.0
Other,840473,0.0
1,840482,0.0
1,840482,0.0
3,840545,0.0
3,840545,0.0
Other,840564,0.0
3,840694,0.0
3,840694,0.0
3,840749,0.0
3,840749,0.0
3,840749,0.0
1,840868,0.0
1,840868,0.0
1,840868,0.0
1,840868,0.0
1,840868,0.0
1,840868,0.0
2,840939,0.0
2,840939,0.0
2,840939,0.0
1,841041,0.0
1,841041,0.0
1,841041,0.0
1,841041,0.0
1,841041,0.0
6,841129,Other
6,841152,0.0
3,841210,0.0
3,841210,0.0
6,841325,0.0
1,841388,Other
1,841388,0.0
1,841388,0.0
1,841388,0.0
1,841388,0.0
1,841388,0.0
3,841445,0.0
3,841445,0.0
3,841445,0.0
3,841445,0.0
1,841446,0.0
1,841446,0.0
1,841446,0.0
1,841446,0.0
Other,841465,0.0
Other,841465,0.0
3,841466,Other
3,841466,Other
1,841475,Other
1,841475,Other
1,841475,0.0
1,841475,0.0
1,841499,0.0
1,841499,0.0
1,841499,0.0
1,841638,0.0
1,841638,0.0
1,841729,0.0
1,841729,0.0
Other,841761,0.0
Other,841761,0.0
Other,841779,0.0
Other,841779,0.0
6,841831,0.0
6,841887,0.0
3,841902,0.0
3,841902,0.0
6,841975,Other
2,841983,Other
2,841983,0.0
2,841983,0.0
2,841983,0.0
2,841983,0.0
2,841983,0.0
2,841983,0.0
2,841983,0.0
2,841983,0.0
3,842093,0.0
3,842093,0.0
3,842093,0.0
3,842093,0.0
3,842093,0.0
3,842093,0.0
3,842093,0.0
3,842093,0.0
3,842093,0.0
3,842093,0.0
6,842098,0.0
3,842106,0.0
3,842106,0.0
3,842106,0.0
3,842106,0.0
Other,842125,0.0
Other,842125,0.0
Other,842161,0.0
3,842163,0.0
3,842163,0.0
3,842163,0.0
3,842209,0.0
3,842209,0.0
6,842244,0.0
3,842274,Other
3,842274,0.0
3,842274,0.0
3,842274,0.0
3,842274,0.0
3,842338,0.0
3,842338,0.0
3,842338,0.0
1,842341,Other
1,842341,0.0
1,842341,0.0
1,842341,0.0
2,842479,0.0
2,842479,0.0
2,842479,0.0
6,842517,0.0
3,842528,Other
3,842528,0.0
3,842528,0.0
1,842596,0.0
1,842596,0.0
1,842596,0.0
1,842596,0.0
1,842596,0.0
Other,842735,0.0
Other,842735,0.0
1,842793,0.0
1,842793,0.0
1,842877,0.0
1,842877,Other
1,843097,0.0
1,843097,0.0
6,843156,0.0
2,843158,0.0
2,843158,0.0
2,843158,0.0
6,843251,Other
Other,843501,0.0
6,843695,0.0
6,843701,Other
6,843888,0.0
1,843902,0.0
1,843902,0.0
1,843902,0.0
Other,843945,0.0
3,843951,0.0
3,843951,0.0
3,843951,0.0
3,843951,0.0
3,843951,0.0
2,844006,0.0
2,844006,0.0
2,844006,0.0
2,844006,0.0
2,844006,0.0
1,844067,0.0
1,844067,0.0
1,844067,0.0
1,844067,0.0
1,844067,0.0
1,844104,0.0
1,844104,0.0
1,844104,0.0
1,844104,0.0
1,844110,0.0
1,844110,0.0
1,844110,0.0
1,844110,0.0
1,844110,0.0
1,844110,0.0
1,844110,0.0
6,844126,0.0
1,844159,0.0
1,844159,0.0
1,844159,0.0
1,844159,0.0
1,844159,0.0
1,844159,0.0
1,844192,Other
1,844192,0.0
1,844192,0.0
6,844220,0.0
3,844254,0.0
3,844254,0.0
3,844254,0.0
3,844254,0.0
2,844263,0.0
2,844263,0.0
2,844263,0.0
2,844263,0.0
2,844263,0.0
2,844263,0.0
Other,844316,0.0
1,844367,Other
1,844367,0.0
1,844375,0.0
1,844375,0.0
1,844399,0.0
1,844399,0.0
1,844399,0.0
1,844411,0.0
1,844411,0.0
3,844453,0.0
3,844453,0.0
3,844453,0.0
3,844488,0.0
3,844488,0.0
1,844495,Other
1,844495,0.0
6,844596,0.0
1,844633,0.0
1,844633,0.0
Other,844660,0.0
3,844699,Other
3,844699,Other
Other,844756,0.0
Other,844756,0.0
2,844761,0.0
2,844761,0.0
2,844761,0.0
6,844811,0.0
1,844824,Other
1,844824,0.0
1,844824,0.0
1,844824,0.0
1,844824,0.0
Other,844869,0.0
Other,844875,0.0
Other,844875,0.0
1,844999,0.0
1,844999,0.0
1,844999,0.0
1,844999,0.0
1,845060,0.0
1,845060,0.0
1,845060,0.0
1,845060,0.0
1,845060,0.0
Other,845077,0.0
Other,845077,0.0
Other,845193,0.0
1,845198,0.0
1,845198,0.0
6,845213,Other
1,845244,0.0
1,845244,0.0
2,845306,0.0
2,845306,0.0
1,845321,0.0
1,845321,0.0
1,845476,0.0
1,845476,Other
1,845476,0.0
1,845476,0.0
1,845476,0.0
3,845489,0.0
3,845489,0.0
3,845510,0.0
3,845510,0.0
3,845510,0.0
Other,845527,0.0
Other,845527,0.0
Other,845527,0.0
1,845531,0.0
1,845531,0.0
1,845531,0.0
1,845531,0.0
1,845531,0.0
1,845625,0.0
1,845625,0.0
1,845625,0.0
1,845625,0.0
1,845644,0.0
1,845644,0.0
1,845644,0.0
1,845644,0.0
1,845644,0.0
1,845644,0.0
1,845644,0.0
6,845663,Other
Other,845835,0.0
1,845919,Other
1,845919,0.0
Other,845976,0.0
Other,845976,0.0
1,846062,Other
1,846062,0.0
1,846082,0.0
1,846082,0.0
1,846082,0.0
Other,846098,Other
Other,846098,0.0
3,846162,0.0
3,846162,0.0
3,846188,0.0
3,846188,0.0
1,846205,0.0
1,846205,0.0
Other,846216,0.0
3,846251,0.0
3,846251,0.0
1,846307,0.0
1,846307,0.0
1,846307,0.0
1,846307,0.0
1,846307,0.0
Other,846310,0.0
Other,846310,0.0
Other,846310,0.0
3,846321,0.0
3,846321,0.0
3,846321,0.0
3,846321,0.0
3,846321,0.0
3,846321,0.0
3,846321,0.0
1,846337,Other
1,846337,Other
1,846337,0.0
1,846337,0.0
6,846468,Other
3,846528,0.0
3,846528,0.0
1,846535,0.0
1,846535,0.0
1,846535,0.0
1,846535,0.0
1,846675,0.0
1,846675,0.0
1,846675,0.0
6,846683,0.0
1,846686,0.0
1,846686,0.0
1,846686,0.0
1,846686,0.0
1,846686,0.0
1,846786,0.0
1,846786,0.0
1,846786,0.0
1,846834,0.0
1,846834,Other
Other,846966,0.0
Other,846966,0.0
3,846978,0.0
3,846978,0.0
3,846978,0.0
1,847054,Other
1,847054,0.0
1,847054,0.0
1,847054,0.0
1,847054,0.0
1,847055,0.0
1,847055,0.0
1,847055,0.0
1,847055,0.0
Other,847152,0.0
1,847207,Other
1,847207,0.0
1,847215,0.0
1,847215,0.0
1,847215,0.0
1,847215,0.0
6,847231,Other
3,847260,0.0
3,847260,0.0
3,847260,0.0
1,847334,0.0
1,847334,Other
1,847334,0.0
1,847334,0.0
3,847340,0.0
3,847340,0.0
2,847392,0.0
2,847392,0.0
2,847392,0.0
1,847427,0.0
1,847427,0.0
1,847427,0.0
6,847546,Other
1,847595,0.0
1,847595,0.0
1,847595,0.0
1,847639,Other
1,847639,0.0
1,847639,0.0
1,847639,0.0
Other,847705,0.0
Other,847705,0.0
3,847721,0.0
3,847721,0.0
3,847721,0.0
3,847817,0.0
3,847817,0.0
3,847945,0.0
3,847945,0.0
3,847945,0.0
3,847945,0.0
3,847945,0.0
3,847945,0.0
3,847945,0.0
Other,847953,0.0
Other,847953,0.0
Other,847968,0.0
Other,847968,0.0
Other,848026,0.0
Other,848026,0.0
6,848043,0.0
1,848154,0.0
1,848154,0.0
1,848154,0.0
1,848154,0.0
1,848154,0.0
1,848157,Other
1,848157,0.0
1,848157,0.0
6,848205,0.0
1,848262,0.0
1,848262,0.0
1,848262,0.0
1,848262,0.0
1,848311,Other
1,848311,0.0
1,848311,0.0
1,848311,0.0
1,848311,0.0
1,848317,0.0
1,848317,0.0
1,848317,0.0
1,848317,0.0
1,848317,0.0
Other,848318,0.0
1,848395,0.0
1,848395,0.0
1,848421,0.0
1,848421,0.0
1,848421,0.0
1,848421,Other
1,848421,0.0
Other,848450,0.0
3,848479,0.0
3,848479,0.0
6,848499,0.0
1,848504,0.0
1,848504,0.0
1,848504,0.0
6,848548,Other
6,848572,0.0
Other,848623,0.0
6,848649,0.0
Other,848688,Other
1,848719,0.0
1,848719,0.0
1,848813,0.0
1,848813,0.0
6,848867,Other
Other,848915,0.0
1,848970,0.0
1,848970,0.0
1,848970,0.0
1,848970,0.0
6,849012,Other
2,849167,0.0
2,849167,0.0
2,849167,0.0
2,849167,0.0
Other,849198,0.0
3,849383,0.0
3,849383,Other
3,849383,Other
1,849454,0.0
1,849454,0.0
1,849454,0.0
1,849454,0.0
1,849454,0.0
1,849523,0.0
1,849523,0.0
1,849523,0.0
1,849523,0.0
Other,849538,0.0
Other,849538,0.0
Other,849538,0.0
1,849673,0.0
1,849673,0.0
Other,849706,0.0
Other,849706,0.0
3,849800,0.0
3,849800,0.0
6,849929,0.0
3,849937,0.0
3,849937,0.0
3,849937,0.0
1,849959,0.0
1,849959,0.0
3,849995,0.0
3,849995,0.0
3,849995,0.0
3,849995,0.0
Other,850017,Other
Other,850017,0.0
3,850057,0.0
3,850057,0.0
1,850130,Other
1,850130,0.0
6,850157,0.0
1,850176,0.0
1,850176,0.0
3,850185,0.0
3,850185,0.0
3,850185,0.0
3,850185,0.0
1,850189,Other
1,850189,0.0
1,850189,0.0
3,850233,0.0
3,850233,0.0
3,850276,0.0
3,850276,0.0
3,850276,0.0
3,850276,0.0
1,850278,0.0
1,850278,0.0
1,850278,0.0
1,850278,0.0
1,850278,0.0
1,850278,0.0
1,850278,0.0
Other,850330,0.0
6,850387,Other
6,850398,0.0
1,850489,0.0
1,850489,0.0
1,850489,0.0
1,850489,0.0
1,850489,0.0
1,850489,0.0
1,850489,0.0
1,850489,0.0
Other,850509,0.0
1,850561,Other
1,850561,0.0
1,850561,0.0
6,850603,0.0
1,850613,0.0
1,850613,0.0
1,850613,0.0
3,850686,0.0
3,850686,0.0
3,850686,0.0
Other,850710,0.0
Other,850710,0.0
1,850757,0.0
1,850757,0.0
1,850757,0.0
1,850858,0.0
1,850858,0.0
1,850858,0.0
1,850858,0.0
1,850858,0.0
1,850858,0.0
6,850906,0.0
2,850915,0.0
2,850915,0.0
2,850915,0.0
2,850915,0.0
1,850940,0.0
1,850940,0.0
1,850940,0.0
1,850940,0.0
1,851082,0.0
1,851082,0.0
1,851113,0.0
1,851113,0.0
1,851113,0.0
1,851113,0.0
1,851113,0.0
Other,851119,0.0
1,851153,0.0
1,851153,0.0
1,851153,0.0
1,851169,0.0
1,851169,0.0
1,851279,Other
1,851279,0.0
1,851279,Other
Other,851311,0.0
Other,851311,0.0
Other,851322,0.0
Other,851322,0.0
2,851348,0.0
2,851348,0.0
2,851348,0.0
2,851348,0.0
3,851354,0.0
3,851354,0.0
1,851427,0.0
1,851427,0.0
1,851427,0.0
1,851427,0.0
1,851427,0.0
1,851427,0.0
1,851427,0.0
1,851433,Other
1,851433,0.0
1,851455,0.0
1,851455,Other
1,851472,0.0
1,851472,0.0
1,851472,0.0
1,851472,0.0
1,851472,0.0
Other,851557,0.0
1,851647,Other
1,851647,0.0
3,851673,0.0
3,851673,0.0
Other,851777,0.0
Other,851777,0.0
6,851786,0.0
1,851822,0.0
1,851822,0.0
1,851822,0.0
1,851822,0.0
Other,851857,0.0
Other,851857,0.0
Other,851857,0.0
Other,851857,0.0
2,851889,0.0
2,851889,0.0
2,851914,Other
2,851914,0.0
Other,852020,0.0
Other,852103,0.0
1,852169,0.0
1,852169,0.0
1,852169,0.0
1,852264,0.0
1,852264,0.0
1,852264,0.0
1,852264,0.0
1,852264,0.0
Other,852291,0.0
Other,852291,Other
Other,852291,0.0
Other,852292,0.0
Other,852292,Other
Other,852371,0.0
Other,852371,0.0
6,852525,0.0
2,852539,0.0
2,852539,0.0
Other,852648,0.0
Other,852648,0.0
1,852694,0.0
1,852694,0.0
1,852694,0.0
1,852694,0.0
3,852712,0.0
3,852712,0.0
3,852712,0.0
3,852712,0.0
Other,852877,Other
3,852949,0.0
3,852949,0.0
3,852949,0.0
3,852949,0.0
Other,853015,0.0
3,853029,0.0
3,853029,0.0
3,853029,0.0
3,853029,0.0
Other,853045,0.0
Other,853045,0.0
3,853108,0.0
3,853108,0.0
6,853114,Other
3,853154,0.0
3,853154,0.0
3,853154,0.0
3,853154,0.0
3,853154,0.0
Other,853202,Other
1,853226,Other
1,853226,0.0
1,853233,Other
1,853233,0.0
1,853233,0.0
1,853233,0.0
1,853233,0.0
1,853233,0.0
6,853279,0.0
1,853362,0.0
1,853362,0.0
1,853362,0.0
1,853362,0.0
1,853507,Other
1,853507,0.0
1,853507,0.0
1,853530,Other
1,853530,0.0
1,853530,0.0
1,853530,0.0
1,853530,0.0
1,853530,0.0
1,853568,0.0
1,853568,0.0
1,853568,0.0
1,853571,0.0
1,853571,0.0
1,853571,0.0
Other,853593,0.0
Other,853593,Other
1,853644,0.0
1,853644,0.0
1,853644,0.0
1,853644,0.0
Other,853754,0.0
Other,853754,0.0
1,853824,0.0
1,853824,0.0
1,853824,0.0
1,853824,0.0
1,853824,0.0
1,853865,0.0
1,853865,0.0
1,853865,0.0
6,853954,0.0
6,853974,Other
6,854029,0.0
1,854125,0.0
1,854125,0.0
1,854170,0.0
1,854170,0.0
1,854170,0.0
3,854235,0.0
3,854235,0.0
6,854253,0.0
6,854330,Other
3,854353,0.0
3,854353,0.0
3,854353,Other
3,854383,0.0
3,854383,0.0
3,854484,0.0
3,854484,0.0
3,854484,0.0
3,854484,0.0
3,854484,0.0
3,854484,0.0
3,854484,0.0
1,854507,0.0
1,854507,0.0
3,854534,0.0
3,854534,0.0
3,854534,0.0
3,854534,0.0
1,854542,0.0
1,854542,0.0
Other,854626,0.0
3,854660,0.0
3,854660,0.0
3,854660,0.0
3,854660,0.0
6,854759,Other
1,854765,0.0
1,854765,0.0
1,854765,0.0
Other,854785,0.0
Other,854785,0.0
Other,854785,0.0
2,854843,0.0
2,854843,0.0
2,854843,0.0
2,854843,0.0
2,854843,0.0
2,854843,0.0
2,854843,0.0
2,854843,0.0
2,854843,0.0
2,854843,0.0
2,854843,0.0
2,854843,0.0
2,854843,0.0
2,854843,0.0
1,854978,Other
1,854978,Other
1,854978,0.0
1,854978,0.0
1,854978,0.0
1,855001,Other
1,855001,Other
2,855108,0.0
2,855108,0.0
Other,855165,0.0
Other,855165,0.0
3,855169,0.0
3,855169,0.0
3,855169,0.0
3,855169,0.0
3,855192,0.0
3,855192,0.0
3,855192,0.0
3,855192,0.0
2,855193,0.0
2,855193,0.0
2,855193,0.0
2,855193,0.0
1,855260,0.0
1,855260,0.0
Other,855263,0.0
Other,855263,0.0
1,855264,0.0
1,855264,0.0
1,855297,0.0
1,855297,0.0
1,855326,0.0
1,855326,0.0
Other,855348,0.0
Other,855348,0.0
1,855387,Other
1,855387,Other
6,855425,0.0
3,855489,0.0
3,855489,0.0
3,855489,0.0
3,855489,0.0
3,855491,Other
3,855491,Other
3,855518,0.0
3,855518,0.0
3,855518,0.0
3,855518,0.0
3,855518,0.0
3,855518,0.0
1,855538,0.0
1,855538,0.0
1,855538,0.0
1,855538,0.0
1,855538,0.0
6,855551,0.0
3,855611,0.0
3,855611,0.0
3,855611,0.0
Other,855700,0.0
1,855726,Other
1,855726,Other
1,855726,0.0
1,855783,0.0
1,855783,0.0
1,855783,0.0
Other,855786,0.0
Other,855786,0.0
Other,855786,0.0
Other,855786,0.0
1,855792,0.0
1,855792,0.0
1,855792,0.0
1,855868,0.0
1,855868,0.0
3,856004,0.0
3,856004,0.0
3,856004,0.0
3,856004,0.0
3,856004,0.0
3,856004,0.0
1,856007,0.0
1,856007,0.0
1,856007,0.0
1,856007,0.0
1,856007,0.0
6,856070,0.0
1,856106,0.0
1,856106,0.0
1,856106,0.0
1,856106,0.0
1,856106,0.0
1,856122,0.0
1,856122,Other
1,856122,0.0
1,856122,0.0
3,856137,0.0
3,856137,0.0
3,856137,0.0
3,856137,0.0
3,856137,0.0
Other,856259,Other
3,856294,0.0
3,856294,0.0
3,856294,0.0
1,856398,0.0
1,856398,0.0
1,856398,0.0
1,856398,0.0
1,856398,0.0
1,856413,0.0
1,856413,0.0
1,856413,0.0
1,856558,0.0
1,856558,0.0
1,856579,Other
1,856579,0.0
1,856579,0.0
1,856642,0.0
1,856642,0.0
1,856642,0.0
1,856642,0.0
1,856642,0.0
1,856642,0.0
1,856683,0.0
1,856683,0.0
1,856683,0.0
1,856683,0.0
3,856771,0.0
3,856771,0.0
3,856771,0.0
3,856771,0.0
3,856771,0.0
3,856771,0.0
3,856771,0.0
3,856776,0.0
3,856776,0.0
Other,856779,0.0
Other,856779,0.0
1,856785,0.0
1,856785,0.0
1,856785,0.0
1,856785,0.0
1,856785,0.0
2,856793,Other
2,856793,Other
Other,856803,0.0
3,856874,0.0
3,856874,0.0
Other,856889,0.0
Other,856889,0.0
1,857007,0.0
1,857007,0.0
1,857007,0.0
1,857011,0.0
1,857011,0.0
1,857011,0.0
1,857011,0.0
1,857034,0.0
1,857034,0.0
1,857034,0.0
1,857034,0.0
1,857036,Other
1,857036,Other
3,857041,0.0
3,857041,0.0
3,857041,0.0
3,857041,0.0
6,857065,0.0
1,857125,0.0
1,857125,0.0
1,857136,0.0
1,857136,0.0
1,857136,0.0
1,857136,0.0
1,857136,0.0
1,857136,0.0
1,857182,Other
1,857182,0.0
1,857182,0.0
1,857182,0.0
1,857182,Other
1,857195,Other
1,857195,0.0
1,857195,0.0
1,857258,0.0
1,857258,0.0
1,857258,0.0
6,857471,Other
1,857488,0.0
1,857488,Other
1,857488,0.0
1,857488,0.0
Other,857534,0.0
6,857580,Other
1,857603,0.0
1,857603,0.0
Other,857608,0.0
1,857614,0.0
1,857614,0.0
1,857614,0.0
1,857614,0.0
1,857614,0.0
1,857643,Other
1,857643,Other
1,857643,0.0
Other,857656,Other
Other,857656,0.0
Other,857745,0.0
Other,857745,0.0
1,857797,0.0
1,857797,0.0
1,857797,0.0
2,857935,0.0
2,857935,0.0
2,857935,0.0
2,857935,0.0
2,857935,0.0
2,857935,0.0
Other,857987,0.0
6,858064,0.0
1,858114,Other
1,858114,0.0
1,858124,0.0
1,858124,Other
1,858124,0.0
Other,858294,0.0
1,858324,Other
1,858324,0.0
1,858324,0.0
1,858324,0.0
1,858324,0.0
1,858324,0.0
1,858324,0.0
1,858324,0.0
Other,858341,0.0
Other,858341,0.0
1,858376,0.0
1,858376,0.0
1,858376,0.0
1,858376,0.0
1,858376,0.0
1,858423,0.0
1,858423,0.0
6,858525,Other
Other,858651,Other
Other,858651,0.0
Other,858870,0.0
Other,858870,0.0
Other,858944,0.0
1,858949,0.0
1,858949,0.0
1,858949,0.0
1,859022,0.0
1,859022,0.0
1,859022,0.0
1,859022,0.0
1,859022,0.0
Other,859044,0.0
3,859055,0.0
3,859055,0.0
3,859055,0.0
1,859169,Other
1,859169,0.0
Other,859260,0.0
Other,859283,0.0
Other,859283,0.0
Other,859283,0.0
Other,859283,0.0
3,859284,0.0
3,859284,0.0
1,859304,0.0
1,859304,Other
1,859304,0.0
1,859304,0.0
1,859304,0.0
1,859304,0.0
1,859304,0.0
1,859304,0.0
1,859304,Other
1,859304,0.0
6,859365,0.0
1,859398,0.0
1,859398,0.0
1,859398,0.0
Other,859562,0.0
6,859605,0.0
3,859835,0.0
3,859835,0.0
1,859852,0.0
1,859852,0.0
3,859984,0.0
3,859984,0.0
Other,860039,0.0
Other,860039,0.0
1,860044,0.0
1,860044,Other
1,860117,0.0
1,860117,0.0
1,860117,0.0
1,860117,0.0
1,860117,0.0
1,860136,0.0
1,860136,0.0
Other,860159,0.0
1,860215,0.0
1,860215,0.0
1,860215,0.0
1,860215,0.0
6,860217,0.0
1,860287,0.0
1,860287,0.0
1,860287,0.0
1,860289,0.0
1,860289,Other
1,860311,0.0
1,860311,0.0
1,860397,0.0
1,860397,0.0
1,860397,0.0
1,860397,0.0
3,860405,0.0
3,860405,0.0
3,860405,0.0
3,860405,0.0
3,860405,0.0
1,860471,0.0
1,860471,0.0
1,860471,0.0
1,860471,0.0
1,860471,0.0
6,860606,Other
Other,860752,0.0
6,860772,Other
1,860835,0.0
1,860835,0.0
1,860835,0.0
1,860835,0.0
3,860860,0.0
3,860860,0.0
6,860893,0.0
3,860896,0.0
3,860896,0.0
3,860911,0.0
3,860911,0.0
6,860957,0.0
6,860984,Other
1,861015,0.0
1,861015,0.0
1,861073,Other
1,861073,0.0
1,861156,0.0
1,861156,0.0
1,861228,Other
1,861228,0.0
1,861228,0.0
1,861228,0.0
1,861228,0.0
1,861228,0.0
Other,861274,0.0
1,861416,0.0
1,861416,0.0
1,861416,0.0
1,861416,0.0
Other,861663,0.0
Other,861663,0.0
Other,861697,0.0
Other,861697,0.0
1,861718,0.0
1,861718,0.0
1,861737,0.0
1,861737,0.0
1,861737,0.0
1,861737,0.0
6,861758,0.0
1,861760,Other
1,861760,0.0
1,861760,0.0
1,861760,0.0
Other,861822,0.0
6,861961,0.0
1,862038,0.0
1,862038,0.0
1,862038,0.0
1,862038,0.0
Other,862058,0.0
6,862136,Other
6,862154,0.0
1,862159,Other
1,862159,Other
1,862171,0.0
1,862171,0.0
1,862171,0.0
1,862171,0.0
3,862261,0.0
3,862261,0.0
3,862261,0.0
Other,862375,0.0
Other,862375,0.0
Other,862515,0.0
6,862604,Other
3,862648,0.0
3,862648,0.0
3,862648,0.0
3,862648,0.0
1,862662,0.0
1,862662,0.0
1,862662,0.0
1,862662,0.0
1,862684,0.0
1,862684,0.0
1,862684,0.0
1,862684,0.0
1,862684,0.0
1,862684,0.0
Other,862724,0.0
3,862748,0.0
3,862748,0.0
6,862775,0.0
2,862793,0.0
2,862793,0.0
6,862802,0.0
2,862845,0.0
2,862845,0.0
2,862845,0.0
6,862863,0.0
3,862998,0.0
3,862998,0.0
3,862998,0.0
2,863058,0.0
2,863058,0.0
2,863058,0.0
2,863152,0.0
2,863152,0.0
3,863161,0.0
3,863161,0.0
3,863161,0.0
3,863161,0.0
3,863161,0.0
1,863172,0.0
1,863172,0.0
3,863216,0.0
3,863216,0.0
3,863216,0.0
3,863216,0.0
3,863216,0.0
3,863216,0.0
3,863216,0.0
3,863216,0.0
3,863216,0.0
6,863236,Other
6,863284,0.0
6,863493,0.0
3,863649,0.0
3,863649,0.0
3,863649,0.0
1,863679,0.0
1,863679,0.0
1,863679,0.0
1,863740,0.0
1,863740,0.0
1,863740,0.0
1,863740,0.0
1,863740,0.0
3,863919,0.0
3,863919,0.0
3,863919,0.0
1,863935,Other
1,863935,0.0
1,863935,0.0
1,863995,0.0
1,863995,0.0
1,863995,0.0
1,864001,0.0
1,864001,0.0
1,864001,0.0
1,864001,0.0
1,864051,0.0
1,864051,0.0
1,864051,0.0
3,864092,0.0
3,864092,Other
1,864138,0.0
1,864138,0.0
3,864170,0.0
3,864170,0.0
1,864207,0.0
1,864207,0.0
1,864207,0.0
6,864371,0.0
1,864448,0.0
1,864448,0.0
3,864453,0.0
3,864453,0.0
3,864453,0.0
1,864483,0.0
1,864483,0.0
1,864483,0.0
1,864483,0.0
1,864483,0.0
1,864483,0.0
Other,864521,0.0
Other,864521,0.0
Other,864521,0.0
1,864524,0.0
1,864524,Other
1,864524,0.0
1,864524,0.0
1,864524,0.0
1,864640,0.0
1,864640,Other
1,864708,0.0
1,864708,0.0
1,864708,0.0
1,864708,0.0
1,864891,Other
1,864891,0.0
1,864891,0.0
1,864906,0.0
1,864906,0.0
1,864906,0.0
Other,864910,0.0
Other,864910,0.0
Other,864929,0.0
6,864961,0.0
1,865041,0.0
1,865041,0.0
1,865041,0.0
1,865041,0.0
1,865041,0.0
1,865041,0.0
Other,865090,0.0
1,865118,0.0
1,865118,0.0
1,865118,0.0
1,865118,Other
1,865163,0.0
1,865163,0.0
1,865163,0.0
3,865336,0.0
3,865336,0.0
1,865349,0.0
1,865349,0.0
1,865349,0.0
1,865350,0.0
1,865350,0.0
1,865350,0.0
Other,865395,Other
3,865497,0.0
3,865497,0.0
6,865728,0.0
1,865811,0.0
1,865811,0.0
1,865811,0.0
1,865811,0.0
1,865811,0.0
1,865841,0.0
1,865841,0.0
1,865841,0.0
1,865841,0.0
1,865841,0.0
1,865841,0.0
1,865841,0.0
Other,865849,0.0
1,865865,0.0
1,865865,0.0
1,865865,0.0
1,865865,0.0
1,865865,0.0
2,865887,0.0
2,865887,0.0
2,865887,0.0
2,865887,0.0
3,865905,0.0
3,865905,0.0
3,865905,0.0
3,865905,0.0
3,865905,0.0
1,865940,Other
1,865940,0.0
1,865940,0.0
6,866050,0.0
3,866125,0.0
3,866125,0.0
3,866125,0.0
Other,866139,0.0
Other,866160,Other
Other,866160,0.0
Other,866222,0.0
Other,866222,0.0
Other,866252,Other
1,866308,0.0
1,866308,0.0
1,866308,0.0
1,866308,0.0
1,866308,0.0
1,866308,0.0
1,866308,0.0
1,866308,0.0
1,866308,0.0
6,866330,Other
6,866332,0.0
1,866339,Other
1,866339,0.0
1,866339,0.0
3,866452,0.0
3,866452,0.0
3,866452,0.0
6,866482,0.0
1,866567,Other
1,866567,0.0
1,866567,0.0
1,866567,0.0
1,866606,0.0
1,866606,0.0
1,866652,0.0
1,866652,0.0
Other,866739,0.0
Other,866755,Other
1,866806,Other
1,866806,Other
1,866835,0.0
1,866835,0.0
1,866835,0.0
1,866835,0.0
1,866835,0.0
1,866835,0.0
1,866835,0.0
Other,866837,0.0
Other,866837,0.0
1,866846,Other
1,866846,Other
1,866883,Other
1,866883,Other
1,866883,0.0
1,866883,0.0
1,866930,0.0
1,866930,0.0
6,866972,0.0
1,867118,0.0
1,867118,0.0
3,867128,0.0
3,867128,0.0
Other,867144,0.0
3,867328,0.0
3,867328,0.0
3,867328,0.0
3,867328,0.0
3,867328,0.0
3,867328,0.0
3,867328,0.0
3,867328,0.0
6,867382,0.0
3,867432,0.0
3,867432,0.0
3,867432,0.0
3,867450,Other
3,867450,0.0
3,867525,0.0
3,867525,0.0
3,867525,0.0
6,867527,0.0
1,867551,0.0
1,867551,0.0
1,867551,0.0
1,867551,0.0
1,867551,0.0
1,867551,0.0
1,867551,0.0
3,867565,0.0
3,867565,0.0
3,867565,0.0
3,867565,0.0
3,867565,0.0
1,867567,0.0
1,867567,0.0
1,867567,0.0
1,867610,0.0
1,867610,0.0
1,867610,0.0
1,867610,0.0
1,867610,0.0
1,867699,0.0
1,867699,0.0
1,867699,0.0
1,867699,0.0
1,867699,0.0
1,867699,0.0
1,867699,0.0
Other,867774,0.0
Other,867794,0.0
2,867801,0.0
2,867801,0.0
Other,867871,0.0
1,867929,0.0
1,867929,0.0
1,867929,0.0
1,867929,0.0
1,867929,0.0
1,867929,0.0
2,868118,0.0
2,868118,0.0
2,868118,0.0
2,868118,0.0
3,868337,0.0
3,868337,0.0
1,868339,0.0
1,868339,0.0
1,868339,0.0
1,868339,0.0
1,868345,0.0
1,868345,Other
6,868386,0.0
1,868684,Other
1,868684,0.0
1,868684,0.0
6,868696,0.0
Other,868716,0.0
Other,868716,0.0
Other,868739,0.0
Other,868739,0.0
Other,868739,0.0
1,868865,Other
1,868865,0.0
1,868865,0.0
1,868865,0.0
3,868902,Other
3,868902,0.0
6,868905,0.0
1,868961,Other
1,868961,0.0
1,868961,0.0
Other,868964,0.0
2,868968,0.0
2,868968,0.0
2,868968,0.0
2,868968,0.0
1,869011,0.0
1,869011,Other
1,869011,0.0
1,869011,0.0
1,869018,Other
1,869018,Other
1,869018,0.0
1,869018,0.0
1,869018,0.0
1,869102,0.0
1,869102,0.0
1,869102,0.0
1,869102,0.0
6,869131,0.0
1,869285,0.0
1,869285,0.0
Other,869327,0.0
Other,869327,0.0
6,869340,0.0
3,869349,0.0
3,869349,0.0
Other,869385,0.0
Other,869385,0.0
6,869410,0.0
Other,869423,0.0
6,869448,Other
3,869456,0.0
3,869456,0.0
3,869456,0.0
1,869513,0.0
1,869513,0.0
6,869520,0.0
1,869574,0.0
1,869574,0.0
1,869574,0.0
6,869615,Other
Other,869713,0.0
6,869722,0.0
1,869739,0.0
1,869739,0.0
1,869739,0.0
1,869739,0.0
1,869831,0.0
1,869831,0.0
1,869831,0.0
1,869921,Other
1,869921,0.0
1,869921,0.0
1,870118,0.0
1,870118,0.0
1,870118,0.0
1,870118,0.0
1,870118,0.0
1,870139,0.0
1,870139,0.0
3,870161,0.0
3,870161,0.0
Other,870242,0.0
1,870355,0.0
1,870355,0.0
1,870376,0.0
1,870376,0.0
1,870376,0.0
1,870376,0.0
3,870391,0.0
3,870391,0.0
3,870391,0.0
3,870391,0.0
1,870420,0.0
1,870420,0.0
1,870420,0.0
1,870420,0.0
1,870420,0.0
6,870447,0.0
1,870471,0.0
1,870471,0.0
2,870501,0.0
2,870501,0.0
2,870501,0.0
1,870695,0.0
1,870695,0.0
1,870695,0.0
1,870695,0.0
Other,870718,0.0
3,870767,0.0
3,870767,0.0
1,870856,0.0
1,870856,0.0
1,870856,0.0
1,870856,0.0
Other,870862,0.0
6,870904,0.0
3,870934,0.0
3,870934,0.0
1,870959,0.0
1,870959,Other
3,870985,0.0
3,870985,0.0
1,870992,0.0
1,870992,Other
1,870992,0.0
1,870992,0.0
1,870992,0.0
Other,870999,0.0
Other,870999,Other
Other,871014,Other
Other,871024,0.0
1,871112,0.0
1,871112,0.0
6,871118,0.0
1,871158,0.0
1,871158,0.0
1,871180,0.0
1,871180,Other
1,871180,Other
Other,871335,0.0
1,871455,0.0
1,871455,0.0
3,871521,0.0
3,871521,0.0
3,871521,0.0
Other,871566,0.0
1,871693,0.0
1,871693,0.0
1,871693,0.0
1,871693,0.0
1,871693,0.0
1,871693,0.0
1,871693,0.0
1,871693,0.0
6,871726,Other
3,871730,0.0
3,871730,0.0
1,871779,Other
1,871779,0.0
1,871779,0.0
1,871779,0.0
1,871784,0.0
1,871784,0.0
2,871902,0.0
2,871902,0.0
2,871902,0.0
1,871931,0.0
1,871931,0.0
1,871931,0.0
Other,872092,0.0
1,872096,0.0
1,872096,Other
1,872096,0.0
1,872132,0.0
1,872132,0.0
6,872147,0.0
6,872156,0.0
6,872192,Other
6,872255,Other
3,872274,0.0
3,872274,0.0
6,872312,0.0
Other,872320,0.0
3,872537,0.0
3,872537,0.0
2,872565,0.0
2,872565,0.0
1,872705,0.0
1,872705,0.0
1,872739,0.0
1,872739,0.0
1,872739,0.0
1,872739,0.0
1,872739,0.0
Other,872743,0.0
Other,872755,0.0
Other,872758,0.0
Other,872758,0.0
6,872832,Other
1,872860,Other
1,872860,0.0
3,872875,0.0
3,872875,0.0
3,872875,0.0
3,872875,0.0
3,872949,0.0
3,872949,0.0
1,873075,Other
1,873075,Other
1,873075,0.0
1,873075,0.0
3,873113,0.0
3,873113,0.0
Other,873114,0.0
Other,873114,0.0
6,873320,Other
1,873341,0.0
1,873341,0.0
1,873341,0.0
1,873341,0.0
1,873341,0.0
6,873422,0.0
1,873451,0.0
1,873451,0.0
3,873482,0.0
3,873482,0.0
3,873482,0.0
3,873482,0.0
1,873497,Other
1,873497,0.0
1,873497,0.0
1,873591,Other
1,873591,Other
1,873591,0.0
1,873591,0.0
1,873591,0.0
1,873612,0.0
1,873612,0.0
1,873612,0.0
1,873612,0.0
2,873647,Other
2,873647,0.0
1,873679,0.0
1,873679,0.0
1,873679,0.0
1,873679,0.0
6,873858,0.0
1,873874,0.0
1,873874,0.0
1,873896,0.0
1,873896,0.0
Other,873925,0.0
Other,873925,0.0
6,874027,0.0
3,874052,0.0
3,874052,0.0
3,874052,0.0
1,874116,Other
1,874116,0.0
1,874170,Other
1,874170,Other
6,874190,0.0
1,874209,0.0
1,874209,0.0
Other,874231,0.0
Other,874231,0.0
1,874241,0.0
1,874241,0.0
1,874241,0.0
Other,874494,0.0
Other,874531,0.0
3,874537,0.0
3,874537,0.0
3,874537,0.0
3,874537,0.0
1,874557,0.0
1,874557,Other
1,874557,0.0
Other,874579,0.0
1,874581,0.0
1,874581,0.0
1,874581,0.0
1,874581,0.0
1,874581,Other
1,874581,0.0
1,874581,0.0
Other,874588,0.0
3,874590,0.0
3,874590,0.0
3,874590,0.0
1,874649,0.0
1,874649,0.0
1,874649,0.0
3,874705,0.0
3,874705,0.0
1,874714,0.0
1,874714,Other
1,874714,0.0
1,874714,0.0
1,874714,0.0
3,874921,0.0
3,874921,0.0
3,874921,0.0
Other,874960,0.0
Other,874960,0.0
1,874982,Other
1,874982,0.0
Other,875010,0.0
Other,875010,0.0
1,875021,0.0
1,875021,0.0
1,875021,0.0
1,875021,0.0
6,875034,0.0
3,875040,0.0
3,875040,0.0
1,875052,0.0
1,875052,0.0
1,875052,0.0
1,875052,0.0
1,875052,0.0
1,875052,0.0
1,875052,0.0
1,875052,0.0
1,875052,0.0
1,875144,Other
1,875144,0.0
1,875147,0.0
1,875147,0.0
1,875147,0.0
3,875263,0.0
3,875263,0.0
3,875263,0.0
3,875263,0.0
3,875263,0.0
2,875367,0.0
2,875367,0.0
2,875367,0.0
1,875395,0.0
1,875395,0.0
1,875395,0.0
1,875435,0.0
1,875435,0.0
3,875451,0.0
3,875451,0.0
3,875451,0.0
2,875602,0.0
2,875602,0.0
2,875602,0.0
6,875623,Other
1,875653,0.0
1,875653,0.0
Other,875658,0.0
Other,875658,0.0
Other,875658,0.0
Other,875658,0.0
Other,875658,Other
Other,875658,0.0
Other,875658,Other
Other,875658,0.0
Other,875658,Other
Other,875658,0.0
Other,875658,0.0
Other,875658,0.0
Other,875658,0.0
Other,875658,0.0
Other,875658,0.0
Other,875661,0.0
Other,875661,0.0
1,875691,0.0
1,875691,0.0
1,875691,0.0
6,875807,0.0
1,875819,0.0
1,875819,0.0
6,875941,0.0
1,875999,0.0
1,875999,0.0
1,875999,0.0
1,875999,0.0
3,876068,0.0
3,876068,0.0
Other,876153,0.0
Other,876153,0.0
Other,876153,Other
Other,876153,0.0
Other,876153,0.0
1,876222,0.0
1,876222,0.0
1,876222,0.0
1,876330,Other
1,876330,0.0
1,876330,0.0
1,876354,0.0
1,876354,0.0
1,876354,0.0
1,876354,0.0
3,876395,0.0
3,876395,0.0
2,876406,0.0
2,876406,0.0
2,876406,0.0
2,876406,0.0
2,876406,0.0
1,876511,0.0
1,876511,0.0
1,876511,0.0
3,876619,0.0
3,876619,0.0
3,876619,0.0
3,876619,0.0
3,876740,0.0
3,876740,0.0
3,876740,0.0
3,876740,0.0
6,876848,0.0
1,876890,0.0
1,876890,0.0
1,876890,0.0
1,876890,0.0
1,876925,0.0
1,876925,0.0
1,876925,0.0
1,876925,0.0
2,876929,0.0
2,876929,0.0
2,876929,0.0
2,876929,0.0
2,876929,0.0
3,876953,0.0
3,876953,0.0
Other,877010,0.0
2,877085,0.0
2,877085,0.0
2,877085,0.0
2,877085,0.0
1,877111,0.0
1,877111,0.0
1,877111,0.0
1,877111,0.0
3,877112,0.0
3,877112,0.0
Other,877262,Other
Other,877262,0.0
1,877278,0.0
1,877278,0.0
1,877342,Other
1,877342,0.0
6,877363,0.0
1,877439,0.0
1,877439,0.0
2,877542,0.0
2,877542,0.0
1,877744,0.0
1,877744,0.0
1,877744,0.0
1,877744,0.0
1,877744,0.0
6,877858,0.0
6,877875,0.0
Other,877904,Other
Other,877904,0.0
2,878175,0.0
2,878175,0.0
Other,878253,0.0
Other,878253,0.0
Other,878284,0.0
Other,878284,0.0
3,878370,0.0
3,878370,0.0
Other,878465,0.0
1,878503,0.0
1,878503,0.0
Other,878572,0.0
Other,878572,0.0
1,878611,0.0
1,878611,0.0
1,878611,0.0
3,878637,0.0
3,878637,0.0
3,878637,0.0
Other,878795,0.0
Other,878795,0.0
1,878806,0.0
1,878806,0.0
1,878806,0.0
Other,878844,0.0
Other,878844,0.0
Other,878844,0.0
Other,878844,0.0
6,878885,0.0
1,878998,0.0
1,878998,0.0
1,878998,0.0
1,878998,0.0
1,878998,0.0
1,878998,0.0
6,879074,0.0
6,879247,0.0
1,879331,0.0
1,879331,0.0
Other,879380,0.0
Other,879380,0.0
3,879553,0.0
3,879553,0.0
1,879566,Other
1,879566,0.0
1,879566,0.0
1,879566,0.0
2,879568,Other
2,879568,0.0
Other,879596,0.0
Other,879596,0.0
1,879599,0.0
1,879599,0.0
1,879599,0.0
1,879599,0.0
6,879698,Other
6,879797,Other
3,879807,0.0
3,879807,0.0
3,879807,0.0
3,879807,0.0
3,879807,0.0
3,879807,0.0
1,879825,0.0
1,879825,0.0
1,879825,0.0
1,879825,0.0
1,879825,0.0
1,879825,0.0
1,879825,0.0
1,879825,0.0
1,879825,0.0
1,879854,0.0
1,879854,0.0
1,879854,0.0
1,879894,0.0
1,879894,0.0
1,879894,0.0
1,879894,0.0
1,879894,0.0
1,879894,0.0
1,879894,0.0
3,879921,0.0
3,879921,0.0
3,879921,0.0
Other,879933,Other
3,879961,0.0
3,879961,0.0
6,880042,Other
6,880133,0.0
1,880192,0.0
1,880192,0.0
1,880192,Other
Other,880238,0.0
1,880264,Other
1,880264,0.0
1,880264,0.0
1,880264,0.0
1,880305,0.0
1,880305,0.0
1,880305,0.0
1,880305,0.0
1,880312,Other
1,880312,Other
1,880312,0.0
1,880329,0.0
1,880329,0.0
1,880329,0.0
6,880351,0.0
Other,880384,Other
Other,880384,0.0
1,880490,0.0
1,880490,0.0
1,880525,Other
1,880525,0.0
1,880525,0.0
1,880525,0.0
Other,880741,0.0
Other,880741,0.0
3,880742,0.0
3,880742,0.0
Other,880751,0.0
1,880901,0.0
1,880901,0.0
1,880901,0.0
3,880930,0.0
3,880930,0.0
1,880945,0.0
1,880945,0.0
1,880945,0.0
1,880945,0.0
1,880959,0.0
1,880959,0.0
1,880959,0.0
1,880959,0.0
Other,880961,Other
Other,880961,0.0
3,880994,0.0
3,880994,0.0
1,881108,Other
1,881108,Other
1,881143,0.0
1,881143,0.0
1,881281,0.0
1,881281,0.0
1,881281,0.0
1,881281,0.0
1,881415,Other
1,881415,Other
6,881484,0.0
Other,881611,0.0
Other,881740,0.0
Other,881740,0.0
1,881762,Other
1,881762,0.0
6,881805,0.0
Other,881845,0.0
Other,881886,0.0
Other,881904,0.0
Other,881904,0.0
Other,881969,0.0
6,882011,0.0
6,882046,Other
1,882104,0.0
1,882104,0.0
1,882104,0.0
1,882106,0.0
1,882106,0.0
1,882129,0.0
1,882129,0.0
1,882129,0.0
1,882129,0.0
6,882224,0.0
1,882414,0.0
1,882414,0.0
6,882462,0.0
1,882476,Other
1,882476,0.0
1,882476,0.0
1,882476,0.0
1,882476,0.0
1,882481,0.0
1,882481,0.0
1,882481,0.0
1,882481,0.0
1,882614,0.0
1,882614,0.0
1,882614,0.0
1,882614,0.0
Other,882615,0.0
Other,882615,0.0
Other,882615,Other
6,882632,0.0
Other,882679,0.0
1,882732,0.0
1,882732,0.0
1,882732,0.0
1,882732,0.0
1,882732,0.0
1,882732,0.0
1,882732,0.0
1,882732,0.0
1,882732,0.0
1,882732,0.0
3,882743,0.0
3,882743,0.0
6,882836,Other
Other,882876,0.0
Other,882876,0.0
1,882934,0.0
1,882934,0.0
1,882934,0.0
1,882941,Other
1,882941,0.0
1,882941,0.0
1,882941,0.0
1,882941,0.0
1,882941,0.0
1,882941,0.0
1,882941,0.0
1,882968,0.0
1,882968,0.0
6,882973,Other
3,883038,0.0
3,883038,0.0
1,883083,0.0
1,883083,0.0
1,883083,0.0
Other,883115,Other
6,883123,0.0
3,883192,0.0
3,883192,0.0
Other,883224,0.0
Other,883233,0.0
3,883364,0.0
3,883364,0.0
3,883364,0.0
1,883394,0.0
1,883394,0.0
1,883412,Other
1,883412,0.0
1,883412,0.0
1,883418,0.0
1,883418,0.0
1,883418,0.0
1,883418,0.0
1,883418,0.0
1,883418,0.0
1,883418,0.0
3,883463,0.0
3,883463,0.0
3,883489,0.0
3,883489,0.0
1,883528,0.0
1,883528,Other
1,883528,0.0
1,883528,0.0
Other,883572,0.0
Other,883572,0.0
1,883598,Other
1,883598,0.0
1,883598,0.0
1,883598,0.0
1,883598,0.0
1,883772,0.0
1,883772,0.0
1,883772,0.0
1,883772,0.0
1,883772,0.0
1,883772,0.0
6,883845,0.0
1,883852,Other
1,883852,0.0
1,883890,0.0
1,883890,0.0
1,883951,0.0
1,883951,0.0
1,884030,0.0
1,884030,0.0
1,884184,0.0
1,884184,0.0
1,884267,0.0
1,884267,0.0
1,884267,0.0
1,884267,0.0
1,884267,0.0
1,884267,0.0
1,884267,0.0
1,884308,0.0
1,884308,0.0
1,884400,0.0
1,884400,0.0
1,884400,0.0
1,884417,Other
1,884417,Other
1,884417,0.0
1,884417,Other
1,884417,Other
1,884429,0.0
1,884429,0.0
1,884429,0.0
1,884429,0.0
1,884429,0.0
1,884429,0.0
1,884429,0.0
1,884446,0.0
1,884446,Other
Other,884452,0.0
Other,884452,0.0
3,884509,0.0
3,884509,0.0
3,884509,0.0
2,884543,0.0
2,884543,0.0
1,884556,0.0
1,884556,0.0
6,884632,0.0
3,884680,0.0
3,884680,0.0
1,884711,Other
1,884711,0.0
1,884711,0.0
6,884716,0.0
Other,884734,Other
3,884776,0.0
3,884776,0.0
3,884776,0.0
1,884785,0.0
1,884785,0.0
1,884785,0.0
1,884785,0.0
2,884811,0.0
2,884811,0.0
2,884811,0.0
2,884811,0.0
6,884879,Other
3,885092,0.0
3,885092,0.0
3,885092,0.0
3,885092,0.0
3,885092,0.0
1,885314,0.0
1,885314,0.0
1,885314,0.0
6,885364,0.0
Other,885477,Other
Other,885477,0.0
3,885488,0.0
3,885488,0.0
2,885497,0.0
2,885497,0.0
1,885510,0.0
1,885510,0.0
1,885529,0.0
1,885529,0.0
Other,885574,0.0
Other,885574,0.0
1,885676,Other
1,885676,Other
1,885676,0.0
1,885676,0.0
1,885676,0.0
Other,885793,0.0
Other,885803,0.0
Other,885803,0.0
1,885811,0.0
1,885811,0.0
1,885817,0.0
1,885817,0.0
1,885817,0.0
1,885831,0.0
1,885831,0.0
1,885831,0.0
1,885831,0.0
1,885966,0.0
1,885966,0.0
1,886062,0.0
1,886062,0.0
1,886062,0.0
Other,886075,0.0
Other,886075,0.0
1,886106,0.0
1,886106,0.0
1,886106,0.0
1,886106,0.0
1,886106,0.0
3,886124,0.0
3,886124,0.0
3,886124,0.0
3,886124,0.0
3,886124,0.0
3,886266,0.0
3,886266,0.0
1,886344,0.0
1,886344,0.0
1,886344,0.0
1,886344,0.0
1,886408,0.0
1,886408,0.0
1,886408,0.0
Other,886421,Other
1,886441,0.0
1,886441,0.0
2,886474,0.0
2,886474,0.0
2,886474,0.0
6,886477,0.0
2,886523,0.0
2,886523,0.0
6,886573,0.0
1,886631,0.0
1,886631,0.0
1,886631,0.0
6,886680,0.0
3,886898,0.0
3,886898,0.0
3,886898,0.0
3,886898,0.0
Other,886985,Other
3,886999,0.0
3,886999,0.0
3,886999,0.0
6,887065,Other
3,887155,0.0
3,887155,0.0
3,887155,0.0
1,887272,0.0
1,887272,Other
1,887272,0.0
1,887272,0.0
2,887376,0.0
2,887376,0.0
2,887376,0.0
3,887436,Other
3,887436,0.0
3,887436,0.0
Other,887446,Other
6,887454,0.0
1,887518,0.0
1,887518,0.0
1,887518,0.0
1,887518,0.0
6,887523,0.0
1,887552,0.0
1,887552,0.0
1,887552,0.0
6,887564,0.0
Other,887597,0.0
Other,887632,0.0
Other,887632,0.0
Other,887668,Other
Other,887668,0.0
3,887681,0.0
3,887681,0.0
3,887681,0.0
3,887681,0.0
2,887813,0.0
2,887813,0.0
6,887833,0.0
6,887884,0.0
1,887902,0.0
1,887902,0.0
6,887977,0.0
1,887985,0.0
1,887985,0.0
1,888118,0.0
1,888118,0.0
1,888118,0.0
3,888154,0.0
3,888154,0.0
3,888154,0.0
3,888154,0.0
1,888222,0.0
1,888222,0.0
1,888222,0.0
1,888222,0.0
6,888239,Other
Other,888269,0.0
Other,888319,0.0
Other,888319,0.0
Other,888319,0.0
Other,888390,Other
1,888392,0.0
1,888392,0.0
1,888392,0.0
1,888392,0.0
1,888392,0.0
1,888392,0.0
1,888392,0.0
6,888426,0.0
1,888473,0.0
1,888473,0.0
1,888473,0.0
3,888475,0.0
3,888475,0.0
3,888475,0.0
3,888475,0.0
3,888476,0.0
3,888476,0.0
3,888476,0.0
3,888476,0.0
Other,888566,0.0
Other,888566,0.0
1,888623,0.0
1,888623,0.0
1,888623,0.0
1,888623,0.0
3,888647,Other
3,888647,0.0
3,888647,0.0
3,888670,0.0
3,888670,0.0
1,888725,0.0
1,888725,0.0
1,888725,0.0
6,888755,0.0
Other,888787,Other
6,888795,0.0
3,888907,0.0
3,888907,0.0
3,888907,0.0
3,888907,0.0
3,888907,0.0
1,888927,0.0
1,888927,0.0
1,888927,0.0
1,888927,0.0
Other,888956,0.0
Other,888956,0.0
Other,888994,0.0
Other,888994,0.0
6,889087,0.0
1,889115,0.0
1,889115,0.0
6,889152,Other
1,889274,0.0
1,889274,0.0
1,889274,0.0
Other,889277,0.0
Other,889277,Other
Other,889277,0.0
1,889482,Other
1,889482,Other
1,889482,0.0
1,889482,0.0
1,889482,0.0
1,889482,0.0
1,889508,0.0
1,889508,Other
1,889508,0.0
1,889508,0.0
6,889561,0.0
Other,889580,0.0
Other,889596,Other
3,889697,0.0
3,889697,0.0
3,889697,0.0
3,889697,0.0
1,889728,0.0
1,889728,0.0
1,889728,0.0
1,889844,0.0
1,889844,0.0
1,889899,0.0
1,889899,0.0
3,889936,0.0
3,889936,0.0
3,889936,0.0
3,889936,0.0
2,889942,Other
2,889942,0.0
1,890020,Other
1,890020,0.0
3,890137,0.0
3,890137,0.0
Other,890169,0.0
1,890200,0.0
1,890200,0.0
1,890200,0.0
6,890234,Other
6,890252,Other
1,890265,0.0
1,890265,0.0
1,890265,0.0
1,890265,0.0
6,890289,0.0
1,890336,0.0
1,890336,0.0
2,890438,0.0
2,890438,0.0
2,890438,0.0
6,890547,Other
6,890559,0.0
3,890564,0.0
3,890564,0.0
1,890571,Other
1,890571,0.0
1,890600,Other
1,890600,Other
1,890600,0.0
1,890600,Other
1,890833,Other
1,890833,0.0
1,890833,0.0
1,890833,0.0
6,890849,0.0
3,890889,0.0
3,890889,0.0
Other,890936,0.0
Other,890957,0.0
Other,890957,0.0
3,891023,0.0
3,891023,0.0
3,891023,0.0
3,891023,0.0
3,891023,0.0
Other,891088,0.0
6,891124,0.0
1,891131,0.0
1,891131,0.0
1,891131,0.0
1,891131,0.0
1,891419,0.0
1,891419,0.0
1,891419,0.0
1,891433,0.0
1,891433,0.0
1,891433,0.0
1,891433,0.0
1,891542,0.0
1,891542,Other
1,891542,0.0
1,891542,0.0
1,891542,0.0
1,891542,0.0
3,891559,0.0
3,891559,0.0
3,891559,0.0
3,891823,0.0
3,891823,0.0
3,891823,0.0
Other,891906,0.0
1,891950,0.0
1,891950,0.0
1,891950,0.0
1,891950,0.0
6,891965,Other
3,892038,0.0
3,892038,0.0
6,892043,0.0
Other,892227,0.0
Other,892250,Other
6,892286,0.0
1,892371,0.0
1,892371,0.0
1,892400,0.0
1,892400,0.0
1,892400,0.0
1,892400,0.0
1,892400,0.0
Other,892417,0.0
Other,892428,0.0
6,892627,0.0
1,892695,0.0
1,892695,0.0
1,892695,0.0
1,892695,0.0
1,892766,0.0
1,892766,0.0
1,893100,0.0
1,893100,0.0
1,893100,0.0
1,893100,0.0
1,893114,Other
1,893114,Other
1,893258,Other
1,893258,0.0
1,893258,0.0
3,893268,0.0
3,893268,0.0
3,893268,0.0
3,893268,0.0
1,893296,0.0
1,893296,0.0
1,893308,0.0
1,893308,0.0
1,893389,0.0
1,893389,0.0
1,893389,0.0
1,893389,0.0
3,893492,0.0
3,893492,0.0
1,893499,0.0
1,893499,0.0
1,893499,0.0
1,893508,0.0
1,893508,0.0
1,893553,0.0
1,893553,0.0
3,893577,0.0
3,893577,0.0
3,893577,0.0
6,893584,0.0
Other,893836,Other
Other,893836,0.0
Other,893836,0.0
1,893838,0.0
1,893838,0.0
1,893838,0.0
1,893851,0.0
1,893851,0.0
1,893851,0.0
1,893875,0.0
1,893875,0.0
1,893875,0.0
3,893909,0.0
3,893909,0.0
3,893983,0.0
3,893983,0.0
1,894032,Other
1,894032,Other
1,894032,Other
1,894111,Other
1,894111,0.0
6,894197,0.0
1,894210,0.0
1,894210,0.0
1,894210,0.0
1,894233,Other
1,894233,0.0
1,894233,0.0
1,894233,0.0
2,894276,0.0
2,894276,0.0
2,894276,0.0
1,894384,0.0
1,894384,0.0
1,894384,0.0
1,894384,0.0
3,894419,0.0
3,894419,0.0
3,894463,0.0
3,894463,0.0
3,894463,0.0
3,894463,0.0
1,894550,0.0
1,894550,Other
1,894550,0.0
1,894550,0.0
1,894550,0.0
1,894550,Other
3,894555,0.0
3,894555,0.0
3,894563,0.0
3,894563,0.0
6,894651,Other
3,894667,0.0
3,894667,0.0
3,894667,0.0
6,894749,0.0
1,894848,0.0
1,894848,0.0
1,894848,0.0
1,894848,0.0
1,894877,0.0
1,894877,0.0
1,894877,0.0
1,894899,0.0
1,894899,0.0
1,894899,0.0
1,894899,0.0
1,894899,0.0
1,894946,Other
1,894946,0.0
1,894974,0.0
1,894974,0.0
1,895011,0.0
1,895011,0.0
1,895011,0.0
1,895011,0.0
1,895194,0.0
1,895194,0.0
1,895194,0.0
1,895194,0.0
1,895194,0.0
3,895352,0.0
3,895352,0.0
6,895402,0.0
1,895465,0.0
1,895465,0.0
1,895465,0.0
1,895465,0.0
1,895465,0.0
1,895465,0.0
1,895465,0.0
1,895465,0.0
1,895465,0.0
6,895662,0.0
2,895696,0.0
2,895696,0.0
2,895696,0.0
2,895696,0.0
2,895696,0.0
6,895747,Other
1,895782,0.0
1,895782,0.0
1,895782,0.0
1,895975,0.0
1,895975,0.0
6,896016,0.0
Other,896022,Other
Other,896047,Other
1,896094,0.0
1,896094,0.0
1,896094,0.0
3,896153,0.0
3,896153,0.0
3,896153,0.0
6,896228,Other
1,896343,0.0
1,896343,0.0
1,896343,0.0
1,896343,0.0
1,896343,0.0
1,896343,0.0
1,896343,0.0
1,896343,0.0
2,896352,0.0
2,896352,0.0
2,896352,0.0
2,896352,0.0
2,896352,0.0
1,896437,Other
1,896437,0.0
1,896437,0.0
1,896437,0.0
1,896513,Other
1,896513,0.0
1,896513,0.0
1,896513,0.0
1,896551,0.0
1,896551,0.0
1,896551,0.0
1,896563,0.0
1,896563,0.0
1,896563,0.0
1,896573,0.0
1,896573,0.0
1,896573,0.0
Other,896578,0.0
2,896615,0.0
2,896615,0.0
3,896804,0.0
3,896804,0.0
Other,896888,Other
Other,896888,Other
3,896904,0.0
3,896904,0.0
3,896904,0.0
3,896904,0.0
3,896906,0.0
3,896906,0.0
3,896906,0.0
Other,896962,0.0
3,897102,0.0
3,897102,0.0
3,897102,0.0
Other,897225,0.0
Other,897225,0.0
Other,897225,0.0
3,897322,0.0
3,897322,0.0
1,897355,0.0
1,897355,0.0
1,897355,0.0
1,897355,0.0
6,897432,0.0
1,897462,0.0
1,897462,0.0
1,897462,0.0
6,897480,Other
1,897620,0.0
1,897620,0.0
1,897620,0.0
1,897620,0.0
6,897629,0.0
6,897701,Other
6,897705,0.0
2,897800,0.0
2,897800,0.0
2,897800,0.0
2,897800,0.0
Other,897898,0.0
1,897913,0.0
1,897913,Other
Other,897949,0.0
3,897950,0.0
3,897950,0.0
1,898021,0.0
1,898021,0.0
1,898021,0.0
1,898021,0.0
1,898021,0.0
1,898021,0.0
Other,898108,0.0
3,898124,0.0
3,898124,0.0
3,898124,0.0
3,898124,0.0
1,898145,Other
1,898145,Other
1,898145,0.0
1,898188,0.0
1,898188,0.0
1,898188,0.0
Other,898196,Other
6,898204,0.0
Other,898274,0.0
1,898301,Other
1,898301,Other
Other,898390,Other
1,898420,0.0
1,898420,Other
1,898420,0.0
1,898420,0.0
Other,898443,0.0
Other,898443,0.0
1,898452,0.0
1,898452,0.0
Other,898465,0.0
Other,898465,0.0
Other,898499,Other
3,898502,0.0
3,898502,0.0
3,898502,0.0
3,898502,0.0
Other,898507,0.0
Other,898507,0.0
6,898574,0.0
1,898771,0.0
1,898771,0.0
1,898771,0.0
6,898833,0.0
6,898856,0.0
3,899004,Other
3,899004,0.0
3,899004,0.0
3,899004,0.0
3,899004,0.0
3,899004,0.0
Other,899221,0.0
Other,899221,0.0
1,899385,0.0
1,899385,Other
1,899413,0.0
1,899413,0.0
1,899413,0.0
1,899413,0.0
6,899431,0.0
Other,899442,0.0
Other,899442,0.0
Other,899442,0.0
6,899552,0.0
1,899560,Other
1,899560,0.0
1,899560,0.0
6,899812,0.0
1,899826,0.0
1,899826,0.0
1,899826,0.0
1,899826,0.0
1,899826,0.0
1,899893,Other
1,899893,0.0
2,899908,0.0
2,899908,0.0
2,899908,0.0
1,899983,0.0
1,899983,0.0
1,899983,0.0
Other,900009,0.0
3,900018,Other
3,900018,0.0
Other,900076,0.0
Other,900196,0.0
1,900200,Other
1,900200,0.0
1,900200,0.0
3,900229,Other
3,900229,0.0
2,900241,0.0
2,900241,0.0
6,900288,0.0
3,900333,0.0
3,900333,0.0
1,900335,0.0
1,900335,0.0
1,900335,0.0
1,900335,0.0
1,900335,0.0
1,900335,0.0
1,900335,0.0
1,900335,0.0
1,900335,0.0
1,900335,0.0
2,900494,0.0
2,900494,0.0
Other,900541,0.0
6,900605,Other
6,900618,Other
1,900656,Other
1,900656,0.0
1,900656,0.0
2,900663,0.0
2,900663,0.0
2,900663,0.0
2,900663,Other
6,900684,0.0
Other,900739,0.0
Other,900739,0.0
1,900741,0.0
1,900741,0.0
1,900741,0.0
6,900784,0.0
6,900803,0.0
1,900848,0.0
1,900848,0.0
1,900853,0.0
1,900853,0.0
1,900853,0.0
1,900853,0.0
1,900870,0.0
1,900870,0.0
1,900906,0.0
1,900906,0.0
1,900906,0.0
Other,900923,0.0
Other,900923,0.0
1,900980,0.0
1,900980,Other
1,900988,Other
1,900988,Other
1,901056,Other
1,901056,0.0
1,901118,0.0
1,901118,0.0
1,901118,0.0
1,901121,0.0
1,901121,0.0
3,901236,0.0
3,901236,0.0
2,901357,0.0
2,901357,0.0
Other,901376,0.0
Other,901376,0.0
1,901380,0.0
1,901380,0.0
1,901380,0.0
Other,901573,0.0
Other,901575,0.0
6,901715,0.0
3,901776,0.0
3,901776,0.0
1,901847,Other
1,901847,0.0
1,901847,0.0
1,901847,0.0
2,901857,0.0
2,901857,0.0
2,901857,0.0
2,901857,0.0
2,901857,0.0
Other,901895,0.0
3,901948,0.0
3,901948,0.0
6,902055,Other
6,902160,0.0
1,902230,0.0
1,902230,0.0
1,902230,0.0
1,902230,0.0
1,902230,0.0
1,902230,0.0
1,902230,0.0
1,902230,0.0
6,902246,0.0
6,902268,0.0
1,902334,0.0
1,902334,0.0
6,902389,0.0
Other,902436,0.0
1,902517,Other
1,902517,0.0
1,902535,Other
1,902535,Other
Other,902714,0.0
Other,902714,0.0
Other,902714,0.0
1,902882,0.0
1,902882,0.0
1,902882,0.0
1,902987,0.0
1,902987,0.0
Other,903130,0.0
1,903144,0.0
1,903144,0.0
1,903144,0.0
6,903220,0.0
1,903298,0.0
1,903298,0.0
1,903298,0.0
1,903381,0.0
1,903381,0.0
1,903399,0.0
1,903399,0.0
1,903445,0.0
1,903445,0.0
1,903518,0.0
1,903518,0.0
1,903518,0.0
1,903559,0.0
1,903559,0.0
3,903571,0.0
3,903571,0.0
3,903571,0.0
Other,903579,Other
Other,903584,0.0
6,903585,0.0
1,903595,Other
1,903595,0.0
1,903595,0.0
1,903606,Other
1,903606,Other
1,903606,0.0
1,903606,0.0
1,903679,0.0
1,903679,0.0
1,903679,Other
1,903679,0.0
1,903679,0.0
6,903684,0.0
Other,903702,Other
Other,903819,0.0
1,903873,0.0
1,903873,0.0
1,903873,0.0
1,903873,0.0
1,903873,0.0
1,903873,0.0
1,903873,0.0
1,903873,0.0
1,903873,0.0
3,903945,0.0
3,903945,0.0
1,903971,0.0
1,903971,0.0
6,904081,Other
1,904092,Other
1,904092,0.0
6,904133,0.0
1,904148,0.0
1,904148,0.0
6,904204,0.0
3,904292,0.0
3,904292,0.0
3,904292,0.0
3,904384,0.0
3,904384,0.0
3,904384,0.0
Other,904480,Other
Other,904480,0.0
Other,904480,0.0
6,904583,Other
1,904601,0.0
1,904601,0.0
1,904601,0.0
1,904601,0.0
1,904601,0.0
1,904601,0.0
1,904601,0.0
6,904620,0.0
6,904648,Other
Other,904653,0.0
6,904722,0.0
Other,904790,0.0
Other,904790,0.0
6,904806,0.0
6,904822,0.0
1,905105,0.0
1,905105,Other
1,905113,Other
1,905113,0.0
1,905113,0.0
1,905113,0.0
1,905150,0.0
1,905150,0.0
1,905150,0.0
1,905150,0.0
1,905150,0.0
1,905222,0.0
1,905222,0.0
6,905344,0.0
1,905386,0.0
1,905386,0.0
1,905386,0.0
1,905386,0.0
1,905386,0.0
1,905417,Other
1,905417,Other
1,905417,0.0
1,905437,0.0
1,905437,Other
1,905437,0.0
3,905446,0.0
3,905446,0.0
Other,905508,0.0
6,905611,Other
Other,905643,0.0
Other,905643,0.0
1,905762,0.0
1,905762,0.0
1,905762,0.0
1,905762,0.0
Other,905918,0.0
1,905976,0.0
1,905976,0.0
1,905976,0.0
Other,905986,0.0
2,906017,0.0
2,906017,0.0
1,906091,0.0
1,906091,0.0
1,906091,0.0
Other,906109,0.0
Other,906109,0.0
Other,906109,0.0
Other,906131,0.0
Other,906257,0.0
1,906270,Other
1,906270,0.0
1,906270,0.0
3,906274,0.0
3,906274,0.0
3,906274,0.0
3,906274,0.0
3,906274,0.0
3,906274,0.0
2,906321,0.0
2,906321,0.0
2,906321,0.0
1,906330,0.0
1,906330,0.0
1,906330,0.0
6,906443,Other
1,906467,0.0
1,906467,0.0
1,906467,0.0
1,906467,Other
1,906484,0.0
1,906484,0.0
1,906484,0.0
1,906534,Other
1,906534,0.0
1,906534,0.0
1,906534,0.0
1,906534,0.0
Other,906558,0.0
Other,906558,0.0
1,906648,0.0
1,906648,0.0
1,906655,Other
1,906655,Other
1,906694,0.0
1,906694,0.0
1,906694,0.0
6,906709,0.0
2,906751,0.0
2,906751,0.0
2,906751,0.0
2,906751,0.0
2,906774,0.0
2,906774,0.0
2,906774,0.0
2,906774,0.0
6,906805,0.0
Other,906806,0.0
2,906864,0.0
2,906864,0.0
2,906864,0.0
6,906867,Other
3,906868,0.0
3,906868,0.0
3,906868,0.0
3,906868,0.0
3,906868,0.0
1,906885,0.0
1,906885,0.0
1,906885,0.0
1,906885,0.0
1,906885,0.0
1,907118,0.0
1,907118,0.0
1,907118,0.0
1,907118,0.0
1,907194,0.0
1,907194,0.0
1,907194,0.0
1,907210,Other
1,907210,0.0
1,907210,0.0
1,907210,0.0
1,907210,0.0
1,907286,0.0
1,907286,0.0
Other,907335,0.0
Other,907335,0.0
6,907349,0.0
1,907420,0.0
1,907420,0.0
1,907420,0.0
1,907420,0.0
1,907420,0.0
1,907420,0.0
3,907440,0.0
3,907440,0.0
3,907446,0.0
3,907446,0.0
3,907446,0.0
1,907496,0.0
1,907496,0.0
1,907496,0.0
1,907496,0.0
1,907496,0.0
1,907582,0.0
1,907582,0.0
1,907582,0.0
Other,907620,0.0
Other,907620,0.0
2,907626,Other
2,907626,0.0
2,907626,0.0
Other,907644,0.0
Other,907644,0.0
3,907866,0.0
3,907866,0.0
1,907885,0.0
1,907885,0.0
1,907914,0.0
1,907914,0.0
1,907914,0.0
1,907914,0.0
1,907914,0.0
1,907914,0.0
3,907935,0.0
3,907935,0.0
6,908200,0.0
Other,908210,0.0
Other,908212,0.0
Other,908212,0.0
Other,908213,0.0
Other,908213,Other
Other,908213,Other
1,908270,0.0
1,908270,0.0
1,908270,0.0
1,908270,0.0
Other,908314,0.0
1,908479,0.0
1,908479,0.0
1,908597,0.0
1,908597,0.0
6,908654,0.0
1,908692,0.0
1,908692,0.0
Other,908747,Other
Other,908747,0.0
1,908808,0.0
1,908808,0.0
1,908808,0.0
1,908808,0.0
1,908808,0.0
Other,908854,0.0
Other,908854,0.0
2,908931,0.0
2,908931,0.0
6,908948,0.0
2,908955,0.0
2,908955,0.0
2,908955,0.0
2,908960,0.0
2,908960,0.0
Other,909030,0.0
Other,909040,0.0
3,909080,0.0
3,909080,0.0
3,909080,0.0
3,909080,0.0
Other,909154,0.0
1,909269,0.0
1,909269,0.0
3,909309,0.0
3,909309,0.0
1,909339,0.0
1,909339,0.0
3,909393,0.0
3,909393,0.0
1,909403,0.0
1,909403,0.0
Other,909410,0.0
1,909411,0.0
1,909411,0.0
1,909411,0.0
Other,909457,Other
1,909482,Other
1,909482,Other
1,909482,0.0
1,909482,0.0
1,909482,0.0
1,909482,0.0
Other,909526,0.0
1,909546,0.0
1,909546,0.0
1,909546,0.0
6,909611,0.0
1,909654,Other
1,909654,0.0
1,909711,0.0
1,909711,0.0
3,909742,0.0
3,909742,0.0
3,909742,0.0
3,909742,0.0
3,909742,0.0
3,909742,0.0
3,909742,0.0
3,909742,0.0
2,909753,0.0
2,909753,0.0
2,909753,0.0
2,909753,0.0
2,909753,0.0
2,909753,0.0
6,909808,0.0
6,909817,Other
1,909941,0.0
1,909941,0.0
1,909941,0.0
1,909941,0.0
1,909941,0.0
6,910000,0.0
6,910064,0.0
1,910161,0.0
1,910161,0.0
1,910166,0.0
1,910166,0.0
1,910166,0.0
1,910166,0.0
Other,910197,0.0
1,910314,Other
1,910314,0.0
1,910314,0.0
1,910314,0.0
1,910398,0.0
1,910398,0.0
1,910398,0.0
1,910398,0.0
1,910410,0.0
1,910410,0.0
1,910410,0.0
1,910434,0.0
1,910434,0.0
1,910434,0.0
1,910465,0.0
1,910465,0.0
1,910465,0.0
3,910497,0.0
3,910497,0.0
3,910497,0.0
3,910497,0.0
1,910515,Other
1,910515,0.0
3,910651,0.0
3,910651,0.0
1,910714,0.0
1,910714,0.0
1,910714,0.0
1,910714,0.0
1,910748,0.0
1,910748,0.0
1,910748,0.0
1,910748,0.0
1,910785,0.0
1,910785,0.0
1,910785,0.0
Other,910916,0.0
Other,910916,0.0
Other,910916,0.0
2,910929,0.0
2,910929,0.0
2,910929,0.0
3,910940,0.0
3,910940,0.0
3,910940,0.0
3,910940,0.0
3,910940,0.0
3,910940,0.0
3,910940,0.0
2,910941,0.0
2,910941,0.0
6,910980,0.0
1,910985,0.0
1,910985,0.0
1,910985,0.0
Other,911086,0.0
Other,911086,0.0
Other,911177,0.0
Other,911177,0.0
6,911206,0.0
6,911222,0.0
2,911254,Other
2,911254,0.0
2,911268,0.0
2,911268,0.0
1,911396,0.0
1,911396,0.0
1,911396,0.0
1,911396,0.0
6,911528,0.0
3,911593,0.0
3,911593,0.0
1,911603,Other
1,911603,0.0
1,911606,0.0
1,911606,0.0
1,911606,0.0
1,911606,0.0
1,911654,0.0
1,911654,0.0
1,911753,0.0
1,911753,0.0
1,911753,0.0
1,911753,0.0
1,911753,0.0
1,911753,0.0
1,911753,0.0
1,911753,0.0
1,911850,0.0
1,911850,Other
1,911850,0.0
1,911850,0.0
Other,912032,0.0
1,912077,0.0
1,912077,0.0
1,912077,0.0
3,912192,0.0
3,912192,0.0
3,912192,0.0
3,912199,0.0
3,912199,0.0
3,912199,0.0
Other,912308,0.0
1,912311,0.0
1,912311,0.0
1,912311,0.0
1,912356,0.0
1,912356,0.0
1,912356,0.0
1,912356,0.0
1,912356,0.0
1,912356,0.0
3,912374,0.0
3,912374,0.0
1,912397,Other
1,912397,Other
6,912445,0.0
1,912452,0.0
1,912452,0.0
Other,912664,0.0
Other,912664,0.0
1,912691,0.0
1,912691,0.0
1,912691,0.0
1,912693,Other
1,912693,0.0
6,912758,0.0
Other,912789,0.0
6,912907,Other
2,913001,0.0
2,913001,0.0
1,913121,0.0
1,913121,0.0
1,913250,0.0
1,913250,0.0
1,913250,0.0
1,913250,0.0
Other,913270,0.0
2,913306,0.0
2,913306,0.0
2,913306,0.0
2,913306,0.0
2,913306,0.0
Other,913313,0.0
6,913363,0.0
1,913390,0.0
1,913390,0.0
Other,913401,0.0
1,913442,0.0
1,913442,0.0
1,913442,0.0
6,913452,Other
1,913494,0.0
1,913494,0.0
3,913503,0.0
3,913503,0.0
3,913503,0.0
1,913511,0.0
1,913511,0.0
Other,913540,0.0
6,913554,0.0
6,913844,0.0
2,913941,0.0
2,913941,0.0
2,913941,0.0
1,914011,0.0
1,914011,0.0
Other,914040,Other
1,914256,0.0
1,914256,0.0
1,914256,0.0
1,914256,0.0
6,914292,0.0
1,914293,Other
1,914293,Other
1,914293,0.0
1,914293,0.0
1,914293,0.0
1,914435,0.0
1,914435,0.0
1,914790,0.0
1,914790,0.0
1,914790,0.0
1,914822,0.0
1,914822,0.0
1,914822,0.0
1,914822,0.0
1,914912,0.0
1,914912,0.0
6,914916,0.0
6,914924,0.0
1,915077,0.0
1,915077,0.0
1,915077,0.0
Other,915083,0.0
Other,915083,0.0
Other,915095,0.0
3,915113,0.0
3,915113,0.0
3,915113,0.0
3,915113,0.0
3,915139,0.0
3,915139,0.0
3,915139,0.0
3,915139,0.0
Other,915145,0.0
3,915177,0.0
3,915177,0.0
3,915177,0.0
3,915177,0.0
Other,915246,0.0
Other,915246,0.0
3,915450,0.0
3,915450,0.0
3,915450,0.0
6,915455,0.0
1,915480,Other
1,915480,0.0
6,915509,0.0
Other,915525,0.0
1,915556,Other
1,915556,0.0
3,915593,0.0
3,915593,0.0
3,915593,0.0
3,915593,0.0
1,915606,0.0
1,915606,0.0
1,915606,0.0
1,915606,0.0
1,915606,0.0
Other,915756,0.0
1,915762,0.0
1,915762,0.0
1,915762,0.0
1,915762,0.0
1,915762,0.0
3,915840,0.0
3,915840,0.0
3,915840,0.0
6,915883,Other
1,915900,Other
1,915900,0.0
Other,915961,0.0
3,915978,0.0
3,915978,0.0
1,916073,Other
1,916073,0.0
1,916073,Other
1,916128,0.0
1,916128,0.0
1,916128,0.0
1,916128,0.0
6,916155,0.0
Other,916167,0.0
Other,916167,0.0
Other,916167,0.0
6,916334,0.0
1,916381,0.0
1,916381,0.0
1,916531,0.0
1,916531,0.0
1,916670,0.0
1,916670,0.0
Other,916671,Other
Other,916671,0.0
1,916798,0.0
1,916798,0.0
3,917008,Other
3,917008,0.0
1,917134,0.0
1,917134,Other
6,917242,Other
1,917367,0.0
1,917367,Other
1,917367,0.0
1,917367,0.0
1,917388,Other
1,917388,0.0
1,917388,0.0
1,917388,0.0
1,917388,0.0
1,917418,0.0
1,917418,0.0
3,917551,0.0
3,917551,0.0
2,917577,0.0
2,917577,0.0
2,917577,0.0
3,917581,0.0
3,917581,0.0
3,917581,0.0
3,917581,0.0
3,917581,0.0
3,917581,0.0
1,917584,0.0
1,917584,0.0
1,917584,0.0
1,917584,0.0
1,917587,0.0
1,917587,0.0
6,917654,0.0
1,917660,0.0
1,917660,0.0
Other,917682,0.0
Other,917682,0.0
1,917727,Other
1,917727,0.0
1,917727,0.0
3,917824,0.0
3,917824,0.0
3,917824,0.0
Other,917868,0.0
1,917891,0.0
1,917891,0.0
1,917891,0.0
1,917891,0.0
1,917891,0.0
6,917893,0.0
6,917973,0.0
6,918002,0.0
1,918123,0.0
1,918123,0.0
Other,918152,Other
Other,918152,0.0
1,918235,0.0
1,918235,0.0
6,918261,0.0
3,918305,0.0
3,918305,0.0
3,918305,0.0
Other,918340,0.0
1,918413,0.0
1,918413,0.0
1,918413,0.0
Other,918520,0.0
Other,918520,0.0
1,918801,Other
1,918801,0.0
1,918801,Other
1,918813,0.0
1,918813,0.0
1,918813,0.0
1,918813,0.0
1,918813,0.0
1,918813,0.0
1,918813,0.0
Other,918815,0.0
Other,918815,0.0
1,919052,0.0
1,919052,0.0
1,919052,0.0
1,919052,0.0
1,919257,0.0
1,919257,0.0
1,919257,0.0
1,919257,0.0
1,919257,0.0
1,919257,0.0
1,919257,0.0
1,919370,0.0
1,919370,0.0
Other,919453,Other
Other,919453,Other
Other,919562,0.0
1,919614,0.0
1,919614,0.0
1,919614,0.0
1,919614,0.0
1,919632,0.0
1,919632,0.0
1,919632,0.0
1,919632,0.0
1,919632,0.0
1,919643,0.0
1,919643,0.0
1,919643,0.0
1,919643,0.0
1,919643,0.0
2,919644,0.0
2,919644,0.0
3,919663,0.0
3,919663,0.0
3,919663,0.0
6,919680,0.0
1,919727,0.0
1,919727,0.0
Other,919805,0.0
Other,919805,0.0
Other,919805,0.0
Other,919805,0.0
1,919831,Other
1,919831,0.0
1,919831,0.0
1,920261,0.0
1,920261,0.0
3,920266,Other
3,920266,0.0
3,920266,0.0
6,920278,0.0
Other,920301,0.0
Other,920301,0.0
1,920303,Other
1,920303,Other
1,920303,0.0
1,920303,0.0
Other,920322,0.0
1,920341,0.0
1,920341,0.0
1,920341,0.0
1,920341,0.0
6,920415,0.0
6,920510,0.0
1,920536,0.0
1,920536,0.0
1,920536,0.0
1,920536,0.0
3,920544,Other
3,920544,0.0
3,920544,0.0
3,920544,0.0
3,920544,0.0
1,920551,0.0
1,920551,0.0
6,920566,0.0
2,920871,0.0
2,920871,0.0
6,921057,0.0
1,921061,Other
1,921061,0.0
Other,921081,Other
Other,921081,0.0
Other,921081,Other
Other,921081,0.0
6,921089,0.0
1,921097,0.0
1,921097,0.0
1,921130,0.0
1,921130,0.0
1,921130,0.0
6,921157,0.0
1,921171,Other
1,921171,Other
1,921200,Other
1,921200,Other
1,921208,0.0
1,921208,0.0
Other,921236,0.0
Other,921249,0.0
6,921272,Other
Other,921342,0.0
1,921398,0.0
1,921398,0.0
1,921398,0.0
1,921398,0.0
1,921398,0.0
1,921398,0.0
1,921398,0.0
1,921398,0.0
1,921506,0.0
1,921506,0.0
1,921506,0.0
1,921506,0.0
1,921554,0.0
1,921554,0.0
1,921554,0.0
6,921584,0.0
3,921608,0.0
3,921608,0.0
3,921608,0.0
3,921608,0.0
2,921698,0.0
2,921698,0.0
2,921698,0.0
2,921698,0.0
6,921751,0.0
3,921763,0.0
3,921763,0.0
3,921763,0.0
2,921895,0.0
2,921895,Other
2,921895,Other
2,921895,0.0
6,921903,0.0
Other,922066,0.0
Other,922066,0.0
1,922084,Other
1,922084,0.0
1,922152,Other
1,922152,Other
1,922152,0.0
1,922152,0.0
1,922152,0.0
1,922152,0.0
1,922185,0.0
1,922185,0.0
1,922185,0.0
1,922185,0.0
1,922185,0.0
1,922194,0.0
1,922194,0.0
1,922194,0.0
2,922258,0.0
2,922258,0.0
1,922317,Other
1,922317,0.0
1,922384,0.0
1,922384,0.0
1,922422,0.0
1,922422,Other
1,922431,0.0
1,922431,0.0
1,922431,0.0
1,922431,0.0
1,922431,0.0
Other,922459,0.0
Other,922459,0.0
1,922579,0.0
1,922579,0.0
1,922579,0.0
1,922579,0.0
1,922580,0.0
1,922580,0.0
Other,922594,0.0
1,922605,0.0
1,922605,0.0
1,922605,0.0
1,922605,0.0
1,922668,Other
1,922668,0.0
1,922668,0.0
6,922669,0.0
1,922711,0.0
1,922711,0.0
6,922712,0.0
3,922735,0.0
3,922735,0.0
1,922914,0.0
1,922914,0.0
1,922914,0.0
1,922914,0.0
3,922947,0.0
3,922947,0.0
3,922947,0.0
3,922947,0.0
1,923114,0.0
1,923114,0.0
1,923114,0.0
1,923114,0.0
1,923114,0.0
6,923119,0.0
1,923144,0.0
1,923144,Other
1,923183,0.0
1,923183,0.0
1,923183,0.0
1,923183,0.0
1,923183,0.0
1,923221,Other
1,923221,Other
1,923221,0.0
1,923226,0.0
1,923226,0.0
1,923226,0.0
1,923226,0.0
1,923226,0.0
1,923314,Other
1,923314,Other
2,923320,Other
2,923320,0.0
2,923320,0.0
2,923320,0.0
2,923320,0.0
Other,923347,0.0
Other,923347,0.0
3,923371,0.0
3,923371,0.0
1,923554,0.0
1,923554,0.0
1,923590,0.0
1,923590,0.0
1,923590,0.0
1,923590,0.0
3,923743,0.0
3,923743,0.0
1,923760,0.0
1,923760,0.0
1,923760,0.0
1,923778,0.0
1,923778,0.0
1,923778,0.0
6,923815,0.0
2,923960,0.0
2,923960,0.0
6,924020,0.0
3,924037,0.0
3,924037,0.0
3,924037,0.0
3,924037,0.0
3,924037,0.0
1,924079,Other
1,924079,0.0
1,924090,0.0
1,924090,0.0
1,924095,0.0
1,924095,0.0
1,924095,0.0
1,924095,0.0
1,924095,0.0
1,924095,0.0
1,924095,0.0
1,924095,0.0
1,924109,0.0
1,924109,Other
1,924109,0.0
1,924169,0.0
1,924169,0.0
1,924169,0.0
1,924169,0.0
1,924169,0.0
1,924169,0.0
1,924169,0.0
1,924169,0.0
1,924169,0.0
2,924274,0.0
2,924274,0.0
2,924274,0.0
Other,924333,0.0
Other,924333,0.0
Other,924333,0.0
1,924349,0.0
1,924349,0.0
1,924349,0.0
1,924367,0.0
1,924367,0.0
6,924379,0.0
3,924404,0.0
3,924404,0.0
3,924404,0.0
6,924485,0.0
1,924521,0.0
1,924521,0.0
Other,924548,Other
1,924588,0.0
1,924588,0.0
6,924637,0.0
1,924645,0.0
1,924645,0.0
1,924645,0.0
1,924645,0.0
3,924737,0.0
3,924737,0.0
3,924737,0.0
2,924750,0.0
2,924750,0.0
1,924759,0.0
1,924759,0.0
1,924759,0.0
1,924759,Other
1,924759,0.0
6,924762,0.0
3,924882,0.0
3,924882,0.0
3,924882,0.0
Other,924906,Other
Other,924917,0.0
3,924921,Other
3,924921,Other
1,924943,0.0
1,924943,0.0
6,924995,0.0
1,925254,Other
1,925254,Other
1,925254,0.0
1,925254,0.0
1,925254,0.0
3,925350,0.0
3,925350,0.0
3,925409,0.0
3,925409,0.0
3,925409,0.0
6,925559,0.0
3,925585,0.0
3,925585,0.0
3,925585,0.0
6,925595,Other
Other,925626,Other
Other,925626,0.0
1,925679,0.0
1,925679,0.0
1,925688,0.0
1,925688,0.0
1,925688,0.0
1,925688,0.0
1,925688,0.0
1,925688,0.0
1,925688,0.0
6,925819,0.0
1,925906,Other
1,925906,0.0
1,925906,0.0
1,926005,Other
1,926005,0.0
6,926023,0.0
Other,926065,Other
6,926101,0.0
1,926114,Other
1,926114,0.0
1,926188,0.0
1,926188,0.0
1,926188,0.0
1,926188,0.0
1,926267,0.0
1,926267,0.0
Other,926301,0.0
Other,926301,0.0
Other,926301,0.0
Other,926598,0.0
1,926614,0.0
1,926614,0.0
1,926614,0.0
3,926641,0.0
3,926641,0.0
3,926641,0.0
Other,926681,0.0
Other,926681,0.0
3,926725,0.0
3,926725,0.0
3,926725,0.0
6,926741,0.0
1,926909,0.0
1,926909,0.0
2,926994,0.0
2,926994,0.0
2,926994,0.0
1,926996,0.0
1,926996,0.0
Other,927001,0.0
Other,927001,0.0
6,927100,0.0
2,927105,Other
2,927105,0.0
2,927105,0.0
2,927105,0.0
6,927109,0.0
6,927114,0.0
Other,927135,0.0
Other,927135,0.0
1,927141,0.0
1,927141,0.0
1,927197,0.0
1,927197,0.0
1,927197,0.0
3,927203,Other
3,927203,0.0
3,927203,0.0
3,927203,0.0
3,927203,0.0
Other,927216,0.0
Other,927216,0.0
Other,927216,0.0
Other,927216,0.0
Other,927216,0.0
6,927298,Other
1,927491,0.0
1,927491,0.0
1,927491,0.0
Other,927584,0.0
Other,927584,0.0
Other,927611,0.0
Other,927611,0.0
Other,927684,0.0
Other,927693,0.0
6,927752,0.0
1,927773,0.0
1,927773,0.0
1,927821,0.0
1,927821,0.0
1,927821,0.0
1,927821,0.0
1,927838,Other
1,927838,Other
1,927838,Other
1,927838,0.0
1,927838,0.0
1,927922,0.0
1,927922,0.0
3,927926,0.0
3,927926,0.0
3,927926,0.0
1,927992,0.0
1,927992,0.0
1,927992,0.0
1,927992,0.0
1,927992,0.0
1,927992,0.0
1,928043,Other
1,928043,Other
1,928043,0.0
1,928056,0.0
1,928056,0.0
1,928056,0.0
3,928096,0.0
3,928096,0.0
6,928110,Other
1,928178,0.0
1,928178,0.0
1,928209,0.0
1,928209,0.0
Other,928246,0.0
Other,928338,0.0
Other,928338,0.0
6,928373,0.0
6,928378,0.0
3,928404,Other
3,928404,0.0
3,928404,0.0
1,928428,Other
1,928428,0.0
1,928428,0.0
1,928428,0.0
6,928474,Other
3,928613,0.0
3,928613,0.0
3,928613,0.0
1,928681,0.0
1,928681,0.0
1,928707,0.0
1,928707,0.0
1,928707,0.0
1,928707,0.0
1,928707,0.0
1,928707,0.0
1,928707,0.0
1,928709,0.0
1,928709,0.0
1,928709,0.0
1,928709,0.0
1,928719,0.0
1,928719,0.0
1,928719,0.0
1,928719,0.0
1,928925,0.0
1,928925,0.0
1,928925,0.0
1,929142,0.0
1,929142,0.0
1,929142,0.0
1,929142,0.0
3,929177,0.0
3,929177,0.0
3,929177,0.0
3,929177,0.0
1,929275,0.0
1,929275,0.0
1,929275,0.0
1,929275,0.0
1,929275,0.0
1,929300,0.0
1,929300,0.0
3,929314,0.0
3,929314,0.0
3,929314,0.0
1,929411,0.0
1,929411,0.0
1,929411,0.0
1,929411,0.0
1,929441,Other
1,929441,0.0
1,929441,0.0
1,929448,0.0
1,929448,0.0
1,929448,0.0
3,929520,0.0
3,929520,0.0
6,929547,0.0
Other,929626,0.0
3,929731,0.0
3,929731,0.0
3,929731,0.0
3,929731,0.0
3,929731,0.0
6,929760,0.0
2,929862,Other
2,929862,Other
6,929869,Other
1,929888,0.0
1,929888,0.0
1,929888,0.0
1,929888,0.0
1,929888,0.0
1,929888,0.0
6,930022,0.0
Other,930065,0.0
Other,930065,0.0
6,930126,0.0
3,930146,0.0
3,930146,0.0
6,930164,0.0
6,930202,0.0
6,930224,0.0
1,930264,0.0
1,930264,0.0
1,930281,0.0
1,930281,0.0
1,930466,0.0
1,930466,0.0
1,930466,0.0
1,930466,0.0
1,930482,0.0
1,930482,Other
6,930588,0.0
Other,930610,0.0
Other,930610,0.0
Other,930610,0.0
6,930617,0.0
6,930727,0.0
1,930807,0.0
1,930807,0.0
1,930807,0.0
1,930807,0.0
1,930807,0.0
1,930807,0.0
1,930807,0.0
1,930807,0.0
1,930807,0.0
1,930807,0.0
1,930825,0.0
1,930825,0.0
1,930838,0.0
1,930838,0.0
1,930838,0.0
1,930838,0.0
1,930838,0.0
1,931031,0.0
1,931031,0.0
1,931031,0.0
1,931031,0.0
Other,931034,0.0
Other,931140,0.0
Other,931140,Other
3,931164,0.0
3,931164,0.0
3,931164,0.0
3,931164,0.0
Other,931182,Other
6,931211,Other
3,931290,0.0
3,931290,0.0
3,931290,0.0
3,931353,0.0
3,931353,0.0
3,931353,0.0
1,931411,0.0
1,931411,0.0
1,931411,0.0
1,931411,0.0
6,931463,0.0
1,931532,Other
1,931532,Other
1,931624,0.0
1,931624,0.0
1,931665,0.0
1,931665,0.0
3,931666,0.0
3,931666,0.0
6,931779,0.0
1,931790,0.0
1,931790,0.0
1,931790,0.0
1,931792,Other
1,931792,0.0
1,931792,0.0
Other,931853,0.0
2,931938,0.0
2,931938,0.0
2,931938,0.0
2,931938,0.0
Other,931942,Other
Other,931952,0.0
Other,931952,0.0
1,931988,0.0
1,931988,Other
6,932041,Other
Other,932064,0.0
Other,932064,0.0
1,932149,0.0
1,932149,0.0
1,932248,0.0
1,932248,0.0
1,932248,0.0
1,932248,0.0
1,932248,0.0
1,932507,0.0
1,932507,0.0
1,932507,0.0
3,932737,0.0
3,932737,0.0
Other,932783,0.0
Other,932783,0.0
Other,932783,0.0
3,932852,0.0
3,932852,0.0
3,933000,0.0
3,933000,0.0
3,933000,0.0
3,933000,0.0
3,933000,0.0
3,933000,0.0
3,933000,0.0
3,933000,0.0
3,933000,0.0
3,933000,0.0
3,933000,0.0
6,933001,0.0
1,933060,Other
1,933060,0.0
Other,933071,0.0
1,933073,0.0
1,933073,0.0
1,933073,0.0
1,933081,Other
1,933081,Other
1,933108,0.0
1,933108,0.0
2,933130,0.0
2,933130,0.0
3,933246,0.0
3,933246,0.0
3,933246,0.0
3,933246,0.0
3,933246,0.0
1,933393,0.0
1,933393,0.0
1,933393,0.0
1,933403,0.0
1,933403,0.0
6,933557,0.0
1,933618,0.0
1,933618,0.0
1,933644,0.0
1,933644,0.0
1,933644,0.0
6,933654,0.0
2,933689,0.0
2,933689,0.0
2,933689,0.0
2,933689,0.0
2,933689,0.0
1,933759,0.0
1,933759,0.0
1,933759,0.0
1,933759,0.0
1,933759,0.0
3,933778,0.0
3,933778,0.0
1,933842,Other
1,933842,0.0
1,933842,0.0
1,933842,0.0
1,933979,0.0
1,933979,0.0
1,933979,0.0
1,933979,0.0
6,933992,0.0
1,934004,0.0
1,934004,0.0
1,934004,0.0
6,934065,0.0
6,934095,Other
1,934099,0.0
1,934099,0.0
1,934099,0.0
1,934099,0.0
1,934220,0.0
1,934220,0.0
1,934220,0.0
1,934220,0.0
1,934220,0.0
3,934371,0.0
3,934371,0.0
3,934371,0.0
Other,934545,0.0
Other,934545,0.0
Other,934545,0.0
3,934712,0.0
3,934712,0.0
3,934712,0.0
1,934743,Other
1,934743,0.0
1,934743,0.0
1,934743,0.0
1,934791,0.0
1,934791,0.0
Other,934792,0.0
Other,934874,Other
Other,934874,0.0
6,934896,0.0
1,934998,0.0
1,934998,0.0
Other,935042,Other
1,935096,Other
1,935096,0.0
1,935096,0.0
1,935096,0.0
1,935096,0.0
6,935192,0.0
1,935331,Other
1,935331,0.0
1,935370,0.0
1,935370,0.0
1,935443,0.0
1,935443,0.0
1,935443,0.0
1,935443,0.0
1,935522,0.0
1,935522,0.0
1,935522,0.0
1,935522,0.0
1,935659,0.0
1,935659,0.0
1,935659,0.0
1,935659,0.0
1,935659,0.0
1,935659,0.0
2,935949,0.0
2,935949,0.0
2,935949,0.0
2,935949,0.0
Other,935953,Other
Other,935953,0.0
3,935955,Other
3,935955,0.0
3,935955,0.0
1,935960,0.0
1,935960,0.0
1,935960,0.0
1,935960,0.0
1,935960,0.0
Other,935999,0.0
Other,935999,0.0
3,936008,0.0
3,936008,0.0
3,936008,0.0
1,936112,0.0
1,936112,0.0
1,936112,0.0
1,936112,0.0
6,936167,0.0
3,936221,0.0
3,936221,0.0
2,936316,0.0
2,936316,0.0
2,936316,0.0
2,936316,0.0
2,936316,0.0
2,936346,Other
2,936346,0.0
2,936346,0.0
Other,936437,0.0
Other,936437,0.0
6,936470,0.0
1,936574,0.0
1,936574,0.0
1,936574,0.0
1,936590,Other
1,936590,0.0
Other,936592,Other
6,936690,0.0
1,936709,0.0
1,936709,0.0
1,936709,0.0
1,936709,0.0
2,936777,Other
2,936777,Other
2,936777,Other
6,936856,0.0
Other,936903,0.0
Other,936921,0.0
Other,936921,Other
Other,936921,0.0
1,936973,0.0
1,936973,0.0
1,936973,0.0
1,936973,0.0
1,937000,0.0
1,937000,0.0
Other,937018,0.0
Other,937018,0.0
6,937024,Other
6,937042,0.0
1,937078,0.0
1,937078,0.0
1,937078,0.0
3,937141,0.0
3,937141,0.0
1,937142,0.0
1,937142,Other
2,937304,0.0
2,937304,0.0
1,937393,0.0
1,937393,0.0
1,937393,0.0
1,937393,0.0
1,937393,0.0
1,937393,0.0
3,937480,0.0
3,937480,0.0
3,937480,0.0
3,937480,0.0
3,937480,0.0
6,937484,0.0
3,937614,0.0
3,937614,0.0
3,937614,0.0
3,937614,0.0
Other,937640,Other
1,937673,0.0
1,937673,0.0
1,937673,0.0
1,937673,0.0
1,937725,0.0
1,937725,0.0
1,937725,0.0
1,937725,0.0
Other,937730,0.0
Other,937730,0.0
3,937794,0.0
3,937794,0.0
3,937794,0.0
3,937794,0.0
1,937833,0.0
1,937833,0.0
3,937899,0.0
3,937899,0.0
Other,937911,0.0
3,937924,0.0
3,937924,0.0
3,937924,0.0
Other,938011,0.0
Other,938011,0.0
Other,938011,0.0
1,938017,0.0
1,938017,0.0
1,938017,0.0
1,938017,0.0
6,938152,0.0
1,938309,0.0
1,938309,0.0
1,938369,Other
1,938369,Other
1,938372,0.0
1,938372,0.0
Other,938377,0.0
1,938475,0.0
1,938475,0.0
1,938475,0.0
1,938475,0.0
1,938516,0.0
1,938516,0.0
1,938516,0.0
1,938516,0.0
Other,938529,Other
1,938750,0.0
1,938750,0.0
1,938750,0.0
1,938750,0.0
1,938769,0.0
1,938769,0.0
1,938769,0.0
1,938769,0.0
1,938769,0.0
1,938805,Other
1,938805,0.0
1,938805,0.0
1,938805,0.0
1,938805,0.0
1,938807,0.0
1,938807,0.0
1,938807,0.0
1,938807,0.0
Other,938866,0.0
1,938908,0.0
1,938908,0.0
1,938908,0.0
1,938908,0.0
Other,938931,Other
Other,938931,0.0
1,938962,0.0
1,938962,0.0
1,938962,0.0
3,938971,0.0
3,938971,0.0
3,938971,0.0
1,939027,0.0
1,939027,0.0
1,939027,0.0
3,939058,0.0
3,939058,0.0
3,939058,0.0
3,939058,0.0
Other,939196,Other
6,939218,0.0
2,939310,0.0
2,939310,0.0
2,939310,0.0
6,939335,0.0
2,939344,Other
2,939344,0.0
2,939344,0.0
1,939366,0.0
1,939366,0.0
1,939366,0.0
6,939455,0.0
1,939570,Other
1,939570,0.0
1,939570,0.0
3,939628,0.0
3,939628,0.0
3,939628,0.0
2,939659,0.0
2,939659,0.0
2,939659,0.0
2,939659,0.0
2,939659,0.0
6,939667,0.0
6,939717,0.0
1,939757,0.0
1,939757,0.0
1,939757,0.0
1,939757,0.0
1,939757,0.0
1,939757,0.0
1,939757,0.0
3,939760,0.0
3,939760,0.0
3,939760,0.0
3,939760,0.0
1,939861,0.0
1,939861,0.0
1,939861,0.0
1,939861,0.0
1,939912,0.0
1,939912,0.0
2,939953,0.0
2,939953,0.0
Other,939996,Other
6,939998,0.0
1,940014,Other
1,940014,Other
3,940131,0.0
3,940131,0.0
3,940131,0.0
1,940214,Other
1,940214,Other
1,940214,Other
1,940214,Other
1,940327,0.0
1,940327,0.0
1,940327,0.0
1,940357,0.0
1,940357,0.0
1,940379,0.0
1,940379,0.0
1,940379,0.0
1,940379,0.0
1,940379,0.0
1,940379,0.0
6,940489,0.0
1,940600,0.0
1,940600,0.0
3,940606,0.0
3,940606,0.0
3,940606,0.0
3,940606,0.0
3,940606,0.0
1,940631,Other
1,940631,0.0
1,940631,0.0
1,940631,0.0
1,940631,0.0
1,940631,0.0
1,940631,0.0
1,940631,0.0
1,940676,Other
1,940676,Other
Other,940694,0.0
Other,940695,0.0
Other,940695,0.0
Other,940695,0.0
Other,940695,0.0
Other,940723,0.0
Other,940723,0.0
Other,940723,0.0
6,940740,0.0
1,940767,Other
1,940767,0.0
1,940767,0.0
1,940809,0.0
1,940809,0.0
1,940868,Other
1,940868,0.0
1,940868,0.0
Other,940901,0.0
Other,940901,0.0
6,940926,0.0
6,941095,Other
1,941127,Other
1,941127,0.0
1,941127,0.0
1,941127,0.0
1,941127,0.0
6,941132,0.0
Other,941263,0.0
Other,941263,0.0
1,941279,Other
1,941279,Other
2,941363,0.0
2,941363,0.0
1,941375,0.0
1,941375,0.0
1,941375,0.0
1,941375,0.0
1,941375,0.0
6,941437,0.0
1,941533,0.0
1,941533,0.0
1,941533,0.0
6,941545,0.0
1,941574,0.0
1,941574,0.0
1,941574,0.0
1,941574,0.0
1,941574,0.0
6,941637,Other
Other,941786,0.0
Other,941839,0.0
Other,941839,0.0
1,941840,0.0
1,941840,0.0
1,941840,0.0
1,941840,0.0
1,941840,0.0
1,941840,0.0
2,941883,0.0
2,941883,0.0
2,941883,0.0
2,941883,0.0
3,941946,Other
3,941946,Other
2,942061,0.0
2,942061,0.0
2,942061,0.0
1,942074,0.0
1,942074,0.0
6,942083,0.0
3,942095,0.0
3,942095,0.0
3,942095,0.0
3,942095,0.0
3,942095,0.0
3,942095,0.0
3,942095,0.0
6,942108,0.0
1,942121,0.0
1,942121,0.0
1,942121,0.0
6,942320,0.0
Other,942346,0.0
1,942361,0.0
1,942361,0.0
6,942402,0.0
1,942495,0.0
1,942495,0.0
1,942495,0.0
Other,942510,0.0
2,942527,0.0
2,942527,0.0
2,942527,0.0
2,942527,0.0
2,942527,0.0
6,942866,Other
6,942918,Other
3,942984,0.0
3,942984,0.0
2,943133,0.0
2,943133,0.0
1,943196,0.0
1,943196,0.0
Other,943240,Other
6,943293,0.0
Other,943302,0.0
1,943345,Other
1,943345,0.0
1,943345,0.0
1,943345,0.0
3,943361,0.0
3,943361,0.0
3,943361,0.0
6,943420,Other
3,943440,0.0
3,943440,0.0
1,943494,0.0
1,943494,0.0
1,943494,0.0
1,943494,0.0
1,943494,0.0
3,943518,0.0
3,943518,0.0
1,943680,0.0
1,943680,0.0
1,943680,0.0
1,943680,0.0
Other,943696,0.0
3,943730,0.0
3,943730,0.0
1,943789,0.0
1,943789,0.0
3,943949,Other
3,943949,0.0
3,943949,0.0
1,944051,Other
1,944051,0.0
6,944081,0.0
1,944117,0.0
1,944117,0.0
1,944117,0.0
Other,944231,0.0
1,944269,0.0
1,944269,0.0
1,944269,0.0
1,944269,0.0
1,944269,0.0
Other,944364,0.0
Other,944364,0.0
Other,944364,0.0
1,944453,Other
1,944453,0.0
1,944453,0.0
1,944460,Other
1,944460,Other
1,944464,0.0
1,944464,0.0
1,944464,0.0
1,944464,0.0
1,944464,0.0
1,944464,0.0
1,944482,Other
1,944482,0.0
1,944482,0.0
1,944482,0.0
1,944598,0.0
1,944598,0.0
1,944598,0.0
1,944636,0.0
1,944636,0.0
1,944636,0.0
1,944678,0.0
1,944678,0.0
3,944707,0.0
3,944707,0.0
3,944707,0.0
3,944707,0.0
3,944707,0.0
1,944761,Other
1,944761,0.0
1,944761,0.0
Other,944778,Other
2,944827,Other
2,944827,0.0
2,944827,0.0
1,944974,0.0
1,944974,0.0
1,944974,0.0
1,944974,0.0
Other,944986,Other
Other,944986,0.0
Other,945017,0.0
3,945168,0.0
3,945168,0.0
3,945168,0.0
Other,945324,0.0
6,945390,Other
6,945458,0.0
1,945463,0.0
1,945463,0.0
6,945531,0.0
6,945557,0.0
Other,945632,0.0
Other,945660,0.0
Other,945660,0.0
Other,945660,0.0
2,945707,0.0
2,945707,0.0
2,945707,0.0
3,945772,0.0
3,945772,0.0
3,945772,0.0
3,945772,0.0
3,945772,0.0
1,945822,0.0
1,945822,0.0
1,945822,0.0
1,945858,Other
1,945858,0.0
1,945877,0.0
1,945877,0.0
1,945877,0.0
1,945877,0.0
1,945883,Other
1,945883,Other
6,945942,Other
1,945980,0.0
1,945980,Other
1,945980,0.0
1,945980,0.0
1,945980,0.0
3,945996,0.0
3,945996,0.0
3,946018,Other
3,946018,0.0
Other,946155,0.0
Other,946155,0.0
Other,946169,Other
3,946199,0.0
3,946199,0.0
3,946199,0.0
3,946199,0.0
3,946199,0.0
1,946245,0.0
1,946245,0.0
1,946245,0.0
1,946245,0.0
1,946245,0.0
6,946345,0.0
1,946398,0.0
1,946398,0.0
Other,946400,0.0
3,946413,0.0
3,946413,0.0
3,946413,0.0
3,946413,0.0
1,946419,0.0
1,946419,0.0
3,946424,0.0
3,946424,0.0
1,946494,0.0
1,946494,0.0
1,946494,0.0
1,946494,0.0
1,946494,0.0
1,946494,0.0
1,946494,0.0
3,946542,Other
3,946542,0.0
Other,946638,Other
6,946648,0.0
3,946655,0.0
3,946655,0.0
3,946655,0.0
3,946727,0.0
3,946727,0.0
3,946727,0.0
6,946792,0.0
3,946794,0.0
3,946794,0.0
3,946794,0.0
Other,946885,0.0
Other,946908,0.0
Other,946908,0.0
2,946926,0.0
2,946926,0.0
1,946936,0.0
1,946936,0.0
1,946936,0.0
1,946936,0.0
Other,946978,0.0
Other,946978,0.0
1,946989,0.0
1,946989,0.0
1,946992,0.0
1,946992,0.0
1,946992,0.0
3,947078,0.0
3,947078,0.0
3,947078,0.0
3,947078,0.0
3,947078,0.0
3,947078,0.0
1,947106,0.0
1,947106,0.0
1,947106,0.0
1,947117,0.0
1,947117,0.0
3,947162,Other
3,947162,0.0
1,947185,0.0
1,947185,0.0
Other,947199,0.0
1,947228,0.0
1,947228,0.0
1,947228,0.0
1,947228,0.0
1,947228,0.0
3,947241,0.0
3,947241,0.0
3,947241,0.0
1,947267,0.0
1,947267,0.0
1,947284,Other
1,947284,0.0
1,947284,0.0
1,947284,0.0
6,947352,0.0
1,947524,0.0
1,947524,0.0
6,947684,0.0
6,947723,0.0
1,947821,Other
1,947821,0.0
Other,947824,0.0
Other,947824,0.0
Other,947824,0.0
3,947923,0.0
3,947923,0.0
1,947960,Other
1,947960,0.0
1,947967,0.0
1,947967,0.0
1,947967,0.0
1,947992,0.0
1,947992,0.0
1,947992,0.0
1,947992,0.0
1,948029,0.0
1,948029,0.0
1,948029,0.0
1,948029,0.0
1,948029,0.0
Other,948069,0.0
Other,948069,0.0
Other,948069,0.0
Other,948069,0.0
Other,948069,0.0
Other,948069,0.0
6,948113,0.0
6,948159,0.0
Other,948332,0.0
Other,948332,0.0
6,948340,0.0
3,948347,0.0
3,948347,0.0
3,948347,0.0
3,948347,0.0
1,948488,0.0
1,948488,0.0
1,948488,0.0
6,948504,0.0
1,948509,0.0
1,948509,0.0
1,948509,0.0
1,948509,0.0
1,948509,0.0
1,948522,0.0
1,948522,0.0
1,948535,0.0
1,948535,0.0
1,948549,0.0
1,948549,0.0
1,948549,0.0
1,948549,0.0
1,948550,0.0
1,948550,0.0
6,948857,0.0
1,948889,0.0
1,948889,0.0
1,948889,0.0
1,948889,0.0
6,948920,0.0
3,948984,0.0
3,948984,0.0
3,948984,0.0
3,948984,0.0
3,948984,0.0
3,948984,0.0
6,949006,Other
6,949051,0.0
1,949100,0.0
1,949100,0.0
1,949100,0.0
1,949100,0.0
1,949100,0.0
3,949132,0.0
3,949132,0.0
Other,949233,0.0
1,949285,Other
1,949285,Other
1,949298,0.0
1,949298,0.0
1,949298,0.0
1,949298,0.0
1,949298,0.0
1,949298,0.0
6,949305,0.0
2,949357,0.0
2,949357,0.0
2,949357,0.0
2,949357,0.0
6,949359,Other
6,949411,0.0
Other,949469,0.0
1,949480,0.0
1,949480,0.0
1,949480,0.0
1,949480,0.0
1,949480,0.0
1,949607,0.0
1,949607,0.0
1,949607,0.0
1,949607,0.0
1,949622,0.0
1,949622,0.0
6,949627,0.0
3,949631,Other
3,949631,0.0
6,949671,0.0
6,949739,0.0
3,949786,0.0
3,949786,0.0
3,949786,0.0
3,949786,0.0
3,949806,0.0
3,949806,0.0
1,949813,0.0
1,949813,0.0
1,949813,0.0
1,949813,0.0
6,949820,0.0
3,949843,0.0
3,949843,0.0
3,949843,0.0
3,949843,0.0
1,949850,0.0
1,949850,0.0
1,949850,0.0
Other,949890,0.0
6,949924,0.0
Other,949947,0.0
Other,949947,0.0
6,949950,0.0
1,949981,0.0
1,949981,0.0
Other,950001,0.0
2,950153,0.0
2,950153,0.0
2,950153,0.0
3,950330,0.0
3,950330,0.0
Other,950359,0.0
1,950361,0.0
1,950361,0.0
1,950421,0.0
1,950421,0.0
1,950421,0.0
1,950421,0.0
1,950421,0.0
1,950422,0.0
1,950422,0.0
1,950422,0.0
Other,950481,0.0
Other,950481,0.0
1,950522,0.0
1,950522,0.0
1,950522,0.0
3,950555,0.0
3,950555,0.0
3,950555,0.0
3,950555,0.0
3,950555,0.0
1,950572,0.0
1,950572,0.0
1,950572,0.0
Other,950594,0.0
3,950610,0.0
3,950610,0.0
3,950610,0.0
3,950610,0.0
3,950610,0.0
3,950610,0.0
3,950610,0.0
3,950610,0.0
3,950610,0.0
3,950613,0.0
3,950613,0.0
1,950652,0.0
1,950652,0.0
Other,950744,0.0
6,950758,Other
1,950917,0.0
1,950917,0.0
1,950917,0.0
1,950917,0.0
1,950917,0.0
6,950945,0.0
3,950959,Other
3,950959,0.0
6,951087,0.0
3,951282,0.0
3,951282,0.0
3,951282,0.0
3,951282,0.0
Other,951302,0.0
6,951347,0.0
1,951373,0.0
1,951373,0.0
1,951373,0.0
1,951373,0.0
3,951379,Other
3,951379,0.0
6,951537,0.0
6,951557,0.0
1,951649,0.0
1,951649,0.0
1,951649,0.0
1,951649,0.0
6,951650,0.0
6,951655,0.0
Other,951733,0.0
Other,951733,0.0
1,951737,Other
1,951737,Other
1,951737,0.0
1,951746,0.0
1,951746,0.0
1,951746,0.0
1,951746,0.0
1,951746,0.0
1,951746,0.0
1,951746,0.0
1,951746,0.0
1,951746,0.0
1,951746,0.0
1,951746,0.0
1,951850,0.0
1,951850,0.0
1,951871,0.0
1,951871,0.0
1,951871,0.0
1,951871,0.0
1,951871,0.0
1,951871,0.0
1,951871,0.0
1,951952,0.0
1,951952,0.0
1,951952,0.0
1,951952,0.0
1,951963,0.0
1,951963,0.0
1,952006,0.0
1,952006,0.0
1,952006,0.0
1,952006,0.0
Other,952067,0.0
6,952121,0.0
Other,952274,Other
1,952344,0.0
1,952344,0.0
1,952347,0.0
1,952347,0.0
1,952347,0.0
1,952347,0.0
3,952399,0.0
3,952399,0.0
Other,952400,0.0
Other,952432,0.0
Other,952432,0.0
3,952663,0.0
3,952663,0.0
3,952737,0.0
3,952737,0.0
1,952779,0.0
1,952779,0.0
1,952831,Other
1,952831,0.0
1,952831,Other
2,952886,0.0
2,952886,0.0
1,952941,0.0
1,952941,0.0
1,952941,0.0
1,952941,0.0
1,952941,0.0
1,952941,0.0
1,952941,0.0
1,953002,0.0
1,953002,0.0
1,953002,0.0
1,953069,0.0
1,953069,0.0
1,953069,0.0
2,953096,0.0
2,953096,0.0
3,953135,0.0
3,953135,0.0
3,953135,0.0
3,953143,0.0
3,953143,0.0
1,953189,Other
1,953189,0.0
6,953291,0.0
1,953364,0.0
1,953364,0.0
1,953364,0.0
1,953364,0.0
1,953364,0.0
1,953397,Other
1,953397,0.0
1,953397,0.0
1,953397,0.0
1,953486,0.0
1,953486,0.0
1,953584,0.0
1,953584,0.0
1,953584,0.0
1,953584,0.0
1,953584,0.0
1,953584,0.0
1,953584,0.0
Other,953750,0.0
Other,953750,0.0
Other,953750,0.0
3,953790,0.0
3,953790,0.0
3,953790,0.0
Other,953977,Other
Other,953977,0.0
1,954027,0.0
1,954027,0.0
1,954027,0.0
1,954042,Other
1,954042,0.0
1,954042,0.0
1,954042,0.0
1,954074,0.0
1,954074,0.0
1,954074,0.0
1,954243,0.0
1,954243,0.0
1,954243,0.0
3,954247,0.0
3,954247,0.0
3,954247,0.0
Other,954248,0.0
3,954283,0.0
3,954283,0.0
3,954283,0.0
3,954346,0.0
3,954346,0.0
6,954526,0.0
1,954540,0.0
1,954540,0.0
1,954540,0.0
1,954540,0.0
1,954540,0.0
1,954540,0.0
1,954540,0.0
1,954540,0.0
1,954558,0.0
1,954558,0.0
1,954558,0.0
1,954558,0.0
Other,954609,0.0
Other,954609,0.0
Other,954609,0.0
Other,954820,0.0
6,954875,0.0
Other,954902,Other
Other,954902,Other
1,954909,0.0
1,954909,0.0
1,954909,0.0
1,954909,0.0
1,954975,0.0
1,954975,0.0
1,954975,0.0
1,954975,0.0
1,955009,0.0
1,955009,0.0
1,955009,0.0
3,955015,0.0
3,955015,0.0
3,955015,0.0
3,955015,0.0
6,955327,Other
1,955368,0.0
1,955368,0.0
6,955392,0.0
2,955419,0.0
2,955419,0.0
2,955419,0.0
Other,955527,0.0
Other,955590,0.0
1,955636,0.0
1,955636,0.0
1,955636,0.0
1,955636,0.0
1,955636,0.0
6,955655,0.0
6,955677,Other
1,955727,0.0
1,955727,0.0
1,955727,0.0
Other,955762,0.0
1,955781,0.0
1,955781,0.0
1,955800,0.0
1,955800,0.0
1,955800,0.0
1,955800,0.0
1,955933,0.0
1,955933,0.0
6,955980,0.0
1,955990,0.0
1,955990,0.0
Other,955996,0.0
6,956066,0.0
Other,956252,0.0
2,956328,0.0
2,956328,0.0
2,956328,0.0
3,956362,0.0
3,956362,0.0
3,956362,0.0
3,956390,0.0
3,956390,0.0
3,956390,0.0
1,956464,0.0
1,956464,0.0
1,956464,0.0
1,956464,0.0
1,956625,0.0
1,956625,0.0
1,956625,0.0
1,956625,0.0
2,956696,0.0
2,956696,0.0
2,956696,0.0
2,956696,0.0
3,956701,0.0
3,956701,0.0
1,956751,0.0
1,956751,0.0
1,956751,0.0
1,956755,0.0
1,956755,0.0
1,956755,0.0
1,956755,0.0
1,956755,0.0
1,956755,0.0
1,956755,0.0
1,956794,0.0
1,956794,0.0
1,956794,0.0
1,956796,0.0
1,956796,0.0
1,956796,0.0
6,956828,Other
Other,956843,0.0
Other,956843,0.0
1,956909,0.0
1,956909,0.0
Other,956954,0.0
Other,956954,0.0
1,956977,0.0
1,956977,0.0
1,957108,0.0
1,957108,0.0
1,957181,0.0
1,957181,0.0
1,957181,0.0
1,957193,Other
1,957193,0.0
3,957364,0.0
3,957364,0.0
1,957390,0.0
1,957390,0.0
Other,957477,Other
Other,957477,0.0
Other,957491,0.0
1,957508,0.0
1,957508,0.0
3,957524,0.0
3,957524,0.0
3,957524,0.0
3,957524,0.0
3,957524,0.0
1,957666,Other
1,957666,0.0
6,957698,0.0
3,957761,0.0
3,957761,0.0
3,957761,0.0
6,957778,0.0
Other,957825,0.0
Other,957825,0.0
6,958006,Other
3,958131,0.0
3,958131,0.0
6,958222,Other
1,958263,0.0
1,958263,0.0
6,958408,Other
3,958521,0.0
3,958521,0.0
1,958530,Other
1,958530,0.0
6,958771,0.0
1,958829,0.0
1,958829,0.0
1,958829,0.0
1,958829,0.0
1,958829,0.0
1,958829,0.0
1,958829,0.0
1,958829,0.0
1,958829,0.0
1,958829,0.0
1,958829,0.0
1,958829,0.0
1,958858,0.0
1,958858,0.0
1,958858,0.0
1,959021,0.0
1,959021,0.0
1,959021,0.0
1,959021,0.0
1,959021,0.0
1,959021,0.0
1,959021,0.0
1,959021,0.0
1,959021,0.0
1,959085,0.0
1,959085,0.0
1,959103,Other
1,959103,0.0
Other,959113,0.0
1,959176,0.0
1,959176,0.0
1,959176,0.0
1,959176,0.0
1,959194,0.0
1,959194,0.0
1,959194,0.0
1,959194,0.0
1,959194,0.0
1,959194,0.0
1,959194,0.0
1,959194,0.0
1,959194,0.0
3,959203,0.0
3,959203,0.0
3,959203,0.0
Other,959219,0.0
Other,959219,0.0
1,959473,0.0
1,959473,0.0
1,959473,0.0
1,959473,0.0
1,959473,0.0
3,959499,0.0
3,959499,0.0
Other,959554,0.0
Other,959600,0.0
Other,959600,0.0
1,959621,0.0
1,959621,0.0
Other,959693,0.0
Other,959693,0.0
Other,959704,0.0
Other,959704,0.0
3,959846,0.0
3,959846,0.0
1,959861,Other
1,959861,Other
6,959889,0.0
1,959961,Other
1,959961,Other
1,960006,0.0
1,960006,0.0
1,960006,0.0
1,960006,0.0
3,960037,0.0
3,960037,0.0
3,960037,0.0
1,960183,0.0
1,960183,0.0
1,960339,0.0
1,960339,0.0
1,960339,0.0
Other,960355,Other
Other,960355,0.0
1,960367,0.0
1,960367,0.0
1,960367,0.0
1,960426,0.0
1,960426,0.0
3,960439,0.0
3,960439,0.0
3,960439,0.0
3,960439,0.0
3,960439,0.0
2,960497,0.0
2,960497,0.0
3,960572,0.0
3,960572,0.0
3,960572,0.0
1,960668,Other
1,960668,Other
1,960700,0.0
1,960700,0.0
1,960736,0.0
1,960736,0.0
1,960736,0.0
1,960736,0.0
1,960736,0.0
1,960736,0.0
1,960736,0.0
1,960736,0.0
1,960736,0.0
1,960736,0.0
Other,960871,0.0
1,960957,Other
1,960957,0.0
1,960957,0.0
1,960957,0.0
1,960977,Other
1,960977,0.0
1,960977,0.0
1,960977,0.0
1,960977,0.0
2,961087,0.0
2,961087,0.0
2,961087,0.0
2,961087,0.0
2,961087,0.0
2,961087,0.0
2,961102,0.0
2,961102,0.0
2,961102,0.0
3,961493,0.0
3,961493,0.0
3,961493,0.0
3,961493,0.0
3,961493,0.0
3,961493,0.0
3,961527,0.0
3,961527,0.0
3,961527,0.0
3,961527,0.0
1,961563,0.0
1,961563,0.0
1,961563,0.0
1,961563,0.0
1,961563,0.0
1,961563,0.0
1,961608,0.0
1,961608,0.0
1,961608,0.0
1,961608,0.0
1,961608,0.0
1,961608,0.0
6,961615,0.0
6,961727,0.0
1,961761,0.0
1,961761,0.0
1,961761,0.0
1,961761,0.0
1,961787,Other
1,961787,0.0
1,961826,0.0
1,961826,0.0
3,961863,0.0
3,961863,0.0
3,961863,0.0
6,962014,0.0
3,962070,Other
3,962070,Other
3,962070,Other
3,962070,Other
1,962073,0.0
1,962073,0.0
Other,962249,0.0
Other,962249,0.0
1,962309,0.0
1,962309,0.0
1,962309,0.0
Other,962326,0.0
6,962368,0.0
3,962519,0.0
3,962519,0.0
1,962543,0.0
1,962543,0.0
1,962543,0.0
6,962565,0.0
1,962622,Other
1,962622,Other
Other,962775,0.0
1,962888,0.0
1,962888,0.0
2,962889,0.0
2,962889,0.0
2,962889,0.0
1,963114,0.0
1,963114,0.0
1,963114,0.0
1,963114,0.0
1,963114,0.0
1,963182,0.0
1,963182,0.0
Other,963241,0.0
1,963366,Other
1,963366,Other
1,963373,0.0
1,963373,0.0
1,963373,0.0
1,963373,0.0
1,963434,0.0
1,963434,0.0
1,963434,0.0
1,963434,0.0
1,963434,0.0
1,963434,0.0
1,963554,0.0
1,963554,0.0
1,963554,0.0
1,963554,0.0
1,963587,0.0
1,963587,0.0
1,963587,0.0
1,963587,0.0
1,963588,0.0
1,963588,0.0
1,963588,0.0
1,963588,0.0
Other,963603,0.0
Other,963603,0.0
3,963721,0.0
3,963721,0.0
6,963783,0.0
1,963797,Other
1,963797,0.0
3,963916,Other
3,963916,0.0
6,963966,0.0
1,963969,Other
1,963969,Other
3,964044,0.0
3,964044,0.0
3,964044,0.0
1,964100,0.0
1,964100,0.0
1,964100,0.0
1,964100,0.0
1,964100,0.0
1,964100,0.0
1,964184,0.0
1,964184,0.0
1,964250,0.0
1,964250,0.0
1,964355,0.0
1,964355,0.0
1,964355,0.0
Other,964404,0.0
Other,964404,0.0
1,964407,0.0
1,964407,0.0
1,964407,0.0
1,964407,0.0
1,964502,0.0
1,964502,0.0
6,964513,Other
1,964597,0.0
1,964597,0.0
1,964606,0.0
1,964606,0.0
1,964606,0.0
Other,964729,Other
1,964759,0.0
1,964759,0.0
1,964840,0.0
1,964840,0.0
1,964840,0.0
1,964840,0.0
1,964840,0.0
1,964840,0.0
1,964840,0.0
3,964913,0.0
3,964913,0.0
1,964935,0.0
1,964935,0.0
1,964935,0.0
1,964935,0.0
1,964935,0.0
6,965008,0.0
3,965072,0.0
3,965072,0.0
3,965072,0.0
3,965072,0.0
1,965105,0.0
1,965105,0.0
1,965105,0.0
1,965105,0.0
1,965105,0.0
1,965106,0.0
1,965106,0.0
1,965106,0.0
1,965106,0.0
Other,965110,Other
Other,965110,0.0
2,965143,0.0
2,965143,0.0
1,965150,Other
1,965150,Other
6,965218,Other
1,965237,0.0
1,965237,0.0
1,965492,0.0
1,965492,0.0
1,965507,0.0
1,965507,0.0
1,965507,0.0
1,965507,0.0
1,965507,0.0
3,965528,0.0
3,965528,0.0
3,965528,0.0
3,965528,0.0
1,965588,0.0
1,965588,0.0
1,965588,0.0
1,965588,0.0
1,965623,0.0
1,965623,Other
1,965637,0.0
1,965637,Other
1,965637,0.0
1,965637,0.0
1,965637,0.0
6,965705,0.0
1,965715,0.0
1,965715,0.0
1,965715,0.0
1,965715,0.0
1,965745,Other
1,965745,0.0
1,965746,0.0
1,965746,0.0
3,965753,0.0
3,965753,0.0
3,965753,0.0
6,966024,Other
1,966048,0.0
1,966048,0.0
6,966059,0.0
Other,966140,0.0
Other,966140,0.0
3,966185,0.0
3,966185,Other
1,966205,Other
1,966205,Other
3,966219,0.0
3,966219,0.0
3,966219,0.0
3,966219,0.0
Other,966235,0.0
3,966283,Other
3,966283,0.0
1,966403,0.0
1,966403,0.0
1,966403,0.0
1,966403,0.0
1,966520,0.0
1,966520,0.0
1,966520,0.0
1,966520,0.0
1,966520,0.0
1,966530,0.0
1,966530,0.0
1,966530,0.0
1,966530,0.0
1,966530,0.0
6,966531,0.0
6,966534,0.0
Other,966551,0.0
Other,966551,0.0
1,966596,0.0
1,966596,0.0
1,966596,0.0
1,966596,0.0
6,966601,0.0
Other,966618,0.0
Other,966618,0.0
1,966648,0.0
1,966648,0.0
6,966674,0.0
6,966710,Other
3,966807,0.0
3,966807,0.0
3,966807,0.0
3,966807,0.0
Other,966954,0.0
Other,966954,0.0
Other,966977,0.0
6,967013,0.0
3,967071,0.0
3,967071,0.0
3,967071,0.0
3,967071,0.0
1,967170,0.0
1,967170,0.0
1,967170,0.0
1,967170,0.0
1,967216,Other
1,967216,0.0
1,967216,0.0
1,967216,0.0
2,967232,0.0
2,967232,0.0
2,967232,0.0
1,967239,Other
1,967239,0.0
6,967258,0.0
3,967259,0.0
3,967259,0.0
3,967259,0.0
3,967259,0.0
6,967351,0.0
1,967362,0.0
1,967362,0.0
1,967362,0.0
3,967383,0.0
3,967383,0.0
3,967383,0.0
Other,967583,0.0
1,967584,0.0
1,967584,0.0
1,967584,0.0
1,967584,0.0
3,967637,0.0
3,967637,0.0
3,967637,0.0
6,967664,Other
6,967807,0.0
1,967821,0.0
1,967821,0.0
3,967846,0.0
3,967846,0.0
2,967863,0.0
2,967863,0.0
2,967863,0.0
2,967863,0.0
6,967918,0.0
3,967981,0.0
3,967981,0.0
6,967985,0.0
6,968224,Other
1,968309,Other
1,968309,0.0
Other,968316,0.0
Other,968336,0.0
Other,968336,0.0
6,968364,0.0
1,968368,0.0
1,968368,0.0
1,968368,0.0
1,968368,0.0
1,968368,0.0
1,968368,0.0
1,968368,0.0
1,968398,0.0
1,968398,0.0
1,968454,Other
1,968454,0.0
3,968491,0.0
3,968491,0.0
3,968491,0.0
1,968533,0.0
1,968533,0.0
1,968533,0.0
1,968533,0.0
1,968533,0.0
3,968538,0.0
3,968538,0.0
3,968538,0.0
3,968538,0.0
6,968542,0.0
6,968817,0.0
Other,968840,0.0
1,968883,0.0
1,968883,0.0
1,968883,0.0
1,968883,0.0
1,968891,0.0
1,968891,0.0
1,968891,0.0
1,968945,0.0
1,968945,0.0
3,968965,0.0
3,968965,0.0
2,969063,0.0
2,969063,0.0
Other,969121,0.0
Other,969121,0.0
Other,969121,0.0
Other,969132,Other
Other,969132,Other
6,969139,Other
6,969149,0.0
Other,969185,0.0
6,969198,0.0
3,969203,0.0
3,969203,0.0
Other,969214,0.0
Other,969214,0.0
Other,969214,0.0
3,969227,0.0
3,969227,0.0
1,969310,Other
1,969310,0.0
1,969310,0.0
1,969310,0.0
1,969310,0.0
1,969310,0.0
Other,969313,Other
1,969354,0.0
1,969354,0.0
1,969354,0.0
1,969354,0.0
1,969354,0.0
1,969388,Other
1,969388,Other
1,969396,0.0
1,969396,0.0
2,969435,0.0
2,969435,0.0
1,969524,0.0
1,969524,0.0
1,969524,0.0
1,969524,0.0
Other,969546,Other
Other,969546,Other
Other,969553,0.0
Other,969553,0.0
1,969624,0.0
1,969624,0.0
1,969624,0.0
1,969624,0.0
1,969855,0.0
1,969855,0.0
2,970090,0.0
2,970090,0.0
1,970127,0.0
1,970127,0.0
1,970128,0.0
1,970128,0.0
1,970134,0.0
1,970134,0.0
1,970134,0.0
2,970152,0.0
2,970152,0.0
2,970152,0.0
2,970152,0.0
2,970152,Other
6,970222,0.0
1,970287,Other
1,970287,0.0
1,970324,Other
1,970324,Other
1,970324,0.0
Other,970354,0.0
Other,970354,0.0
Other,970446,0.0
1,970507,0.0
1,970507,0.0
Other,970549,0.0
1,970562,Other
1,970562,Other
1,970562,0.0
1,970562,0.0
Other,970831,Other
3,970929,0.0
3,970929,0.0
1,971014,0.0
1,971014,0.0
1,971014,0.0
1,971040,0.0
1,971040,0.0
1,971040,0.0
1,971040,0.0
6,971046,Other
1,971109,0.0
1,971109,0.0
1,971109,0.0
1,971109,0.0
1,971109,0.0
1,971252,0.0
1,971252,0.0
1,971270,0.0
1,971270,0.0
3,971296,0.0
3,971296,0.0
Other,971416,0.0
Other,971416,0.0
3,971521,0.0
3,971521,0.0
2,971555,0.0
2,971555,0.0
3,971623,0.0
3,971623,0.0
3,971623,0.0
1,971625,Other
1,971625,Other
1,971625,0.0
1,971625,0.0
Other,971653,0.0
2,971693,0.0
2,971693,0.0
1,971725,0.0
1,971725,0.0
1,971725,0.0
1,971725,0.0
1,971752,0.0
1,971752,0.0
1,971752,0.0
1,971752,0.0
1,971752,0.0
6,971800,Other
1,971801,0.0
1,971801,0.0
3,971805,0.0
3,971805,Other
3,971805,0.0
3,971805,Other
3,971805,Other
Other,971815,0.0
Other,971828,0.0
Other,971828,0.0
6,971864,0.0
1,971877,0.0
1,971877,0.0
1,971877,0.0
1,971877,0.0
1,971877,0.0
3,971930,0.0
3,971930,0.0
3,971930,0.0
3,971930,0.0
3,971930,0.0
3,971930,0.0
1,971993,Other
1,971993,Other
1,971993,0.0
1,971993,Other
1,972061,0.0
1,972061,0.0
6,972073,Other
Other,972152,0.0
3,972263,0.0
3,972263,0.0
Other,972291,0.0
1,972294,0.0
1,972294,0.0
1,972294,0.0
1,972304,0.0
1,972304,0.0
1,972304,0.0
1,972304,0.0
1,972304,0.0
1,972304,0.0
Other,972319,0.0
Other,972319,0.0
3,972331,0.0
3,972331,0.0
3,972331,0.0
1,972399,Other
1,972399,0.0
1,972399,0.0
1,972399,0.0
6,972409,0.0
Other,972411,0.0
6,972503,Other
1,972569,Other
1,972569,0.0
1,972648,0.0
1,972648,0.0
1,972709,0.0
1,972709,0.0
1,972709,0.0
1,972723,0.0
1,972723,0.0
1,972723,0.0
1,972723,0.0
1,972723,0.0
3,972761,0.0
3,972761,0.0
3,972761,0.0
3,972761,0.0
3,972761,0.0
1,972773,0.0
1,972773,0.0
1,972773,0.0
1,972773,0.0
1,972773,0.0
1,972806,0.0
1,972806,0.0
1,972806,0.0
1,972824,0.0
1,972824,0.0
1,972824,0.0
1,972824,0.0
3,972877,0.0
3,972877,0.0
1,972956,0.0
1,972956,0.0
1,972956,0.0
1,972956,0.0
Other,973099,0.0
1,973147,0.0
1,973147,0.0
1,973147,0.0
Other,973157,Other
1,973163,0.0
1,973163,0.0
1,973163,0.0
Other,973208,0.0
Other,973363,0.0
Other,973363,0.0
1,973390,0.0
1,973390,0.0
2,973412,0.0
2,973412,0.0
1,973434,0.0
1,973434,0.0
1,973434,0.0
1,973531,0.0
1,973531,0.0
1,973531,0.0
1,973531,0.0
1,973566,0.0
1,973566,0.0
1,973566,0.0
1,973566,0.0
1,973566,0.0
Other,973584,0.0
Other,973584,0.0
Other,973592,Other
Other,973592,0.0
6,973610,0.0
Other,973616,0.0
6,973622,0.0
3,973654,0.0
3,973654,0.0
3,973654,0.0
6,973671,0.0
6,973812,0.0
1,973881,0.0
1,973881,0.0
1,973881,0.0
1,973887,0.0
1,973887,0.0
3,973975,0.0
3,973975,0.0
1,974061,0.0
1,974061,0.0
6,974074,Other
1,974088,0.0
1,974088,0.0
1,974088,0.0
1,974088,0.0
Other,974149,Other
Other,974149,Other
1,974160,0.0
1,974160,0.0
Other,974273,0.0
Other,974273,0.0
1,974352,0.0
1,974352,0.0
3,974380,0.0
3,974380,0.0
1,974520,0.0
1,974520,0.0
1,974520,0.0
1,974586,Other
1,974586,0.0
1,974586,0.0
1,974586,0.0
1,974586,0.0
1,974586,0.0
3,974589,0.0
3,974589,0.0
3,974589,0.0
1,974708,0.0
1,974708,0.0
1,974708,0.0
6,974713,0.0
1,974849,0.0
1,974849,0.0
1,974849,0.0
1,974849,0.0
1,974911,0.0
1,974911,0.0
1,974994,0.0
1,974994,0.0
1,974994,0.0
1,974994,0.0
1,974995,0.0
1,974995,0.0
1,974995,0.0
3,975044,0.0
3,975044,0.0
3,975044,0.0
3,975044,0.0
3,975044,0.0
Other,975074,0.0
Other,975107,0.0
Other,975112,0.0
1,975115,0.0
1,975115,0.0
1,975163,0.0
1,975163,0.0
6,975226,0.0
3,975231,0.0
3,975231,0.0
3,975231,0.0
6,975250,0.0
3,975285,0.0
3,975285,0.0
3,975508,Other
3,975508,Other
1,975556,0.0
1,975556,Other
1,975556,0.0
1,975556,0.0
1,975556,0.0
Other,975594,0.0
1,975688,0.0
1,975688,0.0
1,975688,0.0
1,975688,0.0
1,975764,0.0
1,975764,0.0
1,975764,0.0
1,975764,0.0
1,975809,0.0
1,975809,0.0
1,975809,0.0
1,975809,0.0
1,975809,0.0
1,975809,0.0
1,975809,0.0
6,975813,0.0
1,975861,Other
1,975861,0.0
1,975861,0.0
1,975861,0.0
Other,975878,0.0
2,975950,0.0
2,975950,0.0
2,975950,0.0
Other,976046,0.0
1,976164,Other
1,976164,0.0
1,976164,0.0
1,976338,0.0
1,976338,0.0
Other,976346,0.0
Other,976346,0.0
1,976405,0.0
1,976405,0.0
Other,976445,0.0
1,976519,0.0
1,976519,0.0
1,976519,0.0
2,976538,0.0
2,976538,0.0
1,976554,0.0
1,976554,0.0
1,976554,0.0
1,976615,0.0
1,976615,0.0
1,976615,0.0
1,976615,0.0
1,976660,0.0
1,976660,0.0
1,976660,0.0
1,976702,0.0
1,976702,0.0
1,976702,0.0
1,976702,0.0
3,976841,0.0
3,976841,0.0
3,976855,0.0
3,976855,0.0
6,976935,0.0
1,976937,0.0
1,976937,0.0
1,976937,0.0
1,976937,0.0
1,976937,0.0
1,976937,0.0
1,976937,0.0
1,976937,0.0
1,976937,0.0
1,976937,0.0
1,976937,0.0
1,976957,0.0
1,976957,0.0
6,976997,0.0
3,977083,0.0
3,977083,0.0
3,977083,0.0
Other,977124,0.0
3,977126,0.0
3,977126,0.0
Other,977183,0.0
Other,977183,0.0
1,977257,0.0
1,977257,0.0
1,977257,0.0
Other,977286,0.0
Other,977286,0.0
3,977410,Other
3,977410,0.0
3,977410,Other
Other,977437,0.0
Other,977437,0.0
1,977566,0.0
1,977566,Other
1,977566,0.0
1,977566,0.0
1,977566,0.0
6,977612,0.0
Other,977637,0.0
Other,977637,0.0
Other,977637,0.0
6,977685,0.0
1,977730,0.0
1,977730,0.0
1,977730,0.0
1,977730,0.0
1,977852,0.0
1,977852,0.0
1,977852,0.0
1,977852,0.0
1,977856,Other
1,977856,0.0
1,977856,0.0
3,977894,0.0
3,977894,0.0
3,977894,0.0
Other,977934,0.0
3,978027,Other
3,978027,0.0
1,978055,0.0
1,978055,0.0
1,978055,0.0
1,978055,0.0
1,978055,0.0
Other,978127,0.0
1,978140,0.0
1,978140,0.0
3,978179,0.0
3,978179,0.0
3,978179,0.0
1,978185,0.0
1,978185,0.0
1,978185,0.0
1,978185,0.0
1,978201,0.0
1,978201,0.0
1,978201,0.0
1,978362,0.0
1,978362,0.0
1,978362,0.0
1,978362,0.0
3,978495,0.0
3,978495,0.0
2,978516,Other
2,978516,Other
2,978516,0.0
2,978516,0.0
3,978770,0.0
3,978770,0.0
3,978770,0.0
3,978770,0.0
3,978770,0.0
Other,978790,0.0
2,978845,0.0
2,978845,0.0
2,978845,0.0
2,978845,0.0
2,978845,0.0
2,978845,0.0
2,978845,0.0
2,978845,0.0
2,978845,0.0
2,978953,Other
2,978953,0.0
1,978984,0.0
1,978984,0.0
6,979093,Other
1,979259,0.0
1,979259,0.0
1,979259,0.0
1,979259,0.0
1,979533,0.0
1,979533,0.0
1,979533,0.0
1,979569,Other
1,979569,Other
1,979591,0.0
1,979591,0.0
1,979591,0.0
Other,979766,Other
Other,979778,0.0
3,979795,0.0
3,979795,Other
3,979795,0.0
1,979802,Other
1,979802,0.0
Other,979813,Other
6,979866,Other
1,979892,Other
1,979892,0.0
1,979892,0.0
3,979910,0.0
3,979910,0.0
3,979910,0.0
3,979910,0.0
1,979923,0.0
1,979923,0.0
1,980022,0.0
1,980022,0.0
1,980022,0.0
1,980022,0.0
1,980022,0.0
1,980022,0.0
1,980045,0.0
1,980045,0.0
1,980045,0.0
1,980045,0.0
3,980135,0.0
3,980135,0.0
3,980135,0.0
3,980135,0.0
6,980157,0.0
1,980174,Other
1,980174,Other
1,980385,0.0
1,980385,0.0
1,980385,0.0
1,980385,0.0
1,980385,0.0
1,980562,0.0
1,980562,0.0
1,980562,0.0
1,980562,0.0
1,980580,0.0
1,980580,0.0
Other,980686,0.0
1,980688,0.0
1,980688,0.0
1,980688,0.0
1,980688,0.0
1,980688,0.0
1,980733,0.0
1,980733,0.0
1,980810,0.0
1,980810,0.0
1,980856,0.0
1,980856,0.0
3,980874,Other
3,980874,0.0
2,980950,0.0
2,980950,0.0
Other,981229,0.0
1,981426,Other
1,981426,Other
1,981426,0.0
1,981426,0.0
2,981432,Other
2,981432,0.0
2,981432,0.0
2,981432,0.0
2,981432,0.0
2,981432,0.0
2,981432,0.0
6,981679,0.0
1,981691,0.0
1,981691,0.0
1,981691,0.0
1,981691,0.0
1,981746,Other
1,981746,0.0
Other,981815,0.0
Other,981846,0.0
Other,981846,0.0
6,981859,Other
1,981889,Other
1,981889,0.0
1,981890,0.0
1,981890,0.0
1,981890,0.0
1,981890,0.0
Other,982089,0.0
6,982115,0.0
6,982117,0.0
1,982154,0.0
1,982154,0.0
1,982154,0.0
1,982154,0.0
1,982154,0.0
1,982154,0.0
1,982154,0.0
1,982154,0.0
1,982154,0.0
1,982212,Other
1,982212,Other
6,982220,0.0
1,982268,0.0
1,982268,Other
1,982268,0.0
6,982322,0.0
1,982446,0.0
1,982446,0.0
1,982509,0.0
1,982509,0.0
1,982509,0.0
6,982537,0.0
6,982630,Other
Other,982678,Other
Other,982678,Other
Other,982684,0.0
3,982785,0.0
3,982785,0.0
3,982785,0.0
3,982785,0.0
3,982785,0.0
3,982785,0.0
2,982902,0.0
2,982902,0.0
2,982923,0.0
2,982923,0.0
2,982923,0.0
2,982923,0.0
1,982950,0.0
1,982950,0.0
1,982965,0.0
1,982965,0.0
3,983036,Other
3,983036,0.0
3,983036,0.0
Other,983053,0.0
Other,983068,Other
1,983079,0.0
1,983079,0.0
1,983079,0.0
Other,983093,Other
6,983126,0.0
6,983159,0.0
6,983202,0.0
1,983266,0.0
1,983266,0.0
1,983266,0.0
1,983266,0.0
1,983278,0.0
1,983278,0.0
1,983278,0.0
1,983278,0.0
1,983278,0.0
1,983278,0.0
1,983279,0.0
1,983279,0.0
1,983279,0.0
1,983279,0.0
Other,983291,0.0
Other,983291,0.0
3,983305,0.0
3,983305,0.0
1,983327,0.0
1,983327,0.0
1,983327,0.0
1,983410,0.0
1,983410,0.0
Other,983517,0.0
1,983522,0.0
1,983522,0.0
3,983534,0.0
3,983534,0.0
1,983628,0.0
1,983628,0.0
1,983644,0.0
1,983644,0.0
1,983644,0.0
1,983644,0.0
1,983644,0.0
Other,983670,0.0
Other,983684,0.0
Other,983684,0.0
1,983699,0.0
1,983699,0.0
1,983699,0.0
1,983699,0.0
1,983699,0.0
Other,983701,0.0
1,983755,0.0
1,983755,0.0
1,983755,0.0
Other,983812,0.0
Other,983812,0.0
1,983934,Other
1,983934,0.0
1,983934,0.0
1,983935,0.0
1,983935,0.0
1,983935,0.0
1,983935,0.0
6,983946,0.0
6,983962,Other
6,984027,0.0
1,984133,0.0
1,984133,0.0
1,984133,0.0
1,984133,0.0
1,984133,0.0
1,984133,0.0
6,984192,Other
Other,984196,0.0
Other,984196,0.0
1,984304,0.0
1,984304,0.0
Other,984307,0.0
3,984314,0.0
3,984314,0.0
3,984314,0.0
3,984348,0.0
3,984348,0.0
3,984348,0.0
Other,984358,Other
1,984467,0.0
1,984467,0.0
1,984467,0.0
1,984467,0.0
6,984638,0.0
1,984680,0.0
1,984680,0.0
3,984728,0.0
3,984728,0.0
3,984728,0.0
1,984749,Other
1,984749,0.0
3,984825,0.0
3,984825,0.0
1,984898,0.0
1,984898,0.0
1,984898,0.0
1,984910,0.0
1,984910,0.0
1,984910,0.0
1,984910,0.0
1,985089,0.0
1,985089,0.0
1,985089,0.0
1,985089,0.0
1,985105,0.0
1,985105,0.0
Other,985204,0.0
1,985312,0.0
1,985312,0.0
1,985340,0.0
1,985340,0.0
1,985340,0.0
1,985340,0.0
1,985340,0.0
1,985340,0.0
1,985340,0.0
1,985340,0.0
1,985340,0.0
1,985340,0.0
1,985340,0.0
1,985340,0.0
1,985340,0.0
1,985340,0.0
1,985348,0.0
1,985348,0.0
1,985348,0.0
1,985348,0.0
1,985348,0.0
1,985357,Other
1,985357,0.0
1,985357,0.0
1,985357,0.0
Other,985436,0.0
3,985536,0.0
3,985536,0.0
3,985536,0.0
3,985536,0.0
Other,985657,0.0
3,985682,0.0
3,985682,0.0
3,985682,0.0
3,985682,0.0
3,985682,0.0
3,985682,0.0
3,985747,0.0
3,985747,0.0
1,985851,0.0
1,985851,0.0
1,985851,0.0
1,985851,0.0
Other,985861,0.0
1,986059,0.0
1,986059,0.0
1,986059,0.0
6,986061,0.0
6,986070,0.0
1,986108,0.0
1,986108,0.0
1,986108,0.0
6,986170,Other
Other,986281,0.0
Other,986313,Other
2,986539,0.0
2,986539,0.0
2,986539,0.0
2,986539,0.0
Other,986583,0.0
6,986720,0.0
1,986729,0.0
1,986729,0.0
1,986729,0.0
1,986729,0.0
1,986729,Other
2,986738,0.0
2,986738,0.0
2,986756,0.0
2,986756,0.0
3,986798,0.0
3,986798,0.0
3,986798,0.0
3,986798,0.0
3,986798,0.0
3,986798,0.0
1,986840,0.0
1,986840,0.0
1,987042,0.0
1,987042,0.0
1,987042,0.0
1,987042,0.0
1,987042,0.0
1,987042,0.0
1,987042,0.0
1,987042,0.0
1,987042,0.0
1,987042,0.0
1,987042,0.0
6,987063,Other
3,987082,0.0
3,987082,0.0
1,987103,0.0
1,987103,0.0
1,987103,0.0
1,987103,0.0
1,987103,0.0
3,987195,0.0
3,987195,0.0
2,987352,0.0
2,987352,0.0
2,987352,0.0
2,987352,Other
2,987352,0.0
2,987352,0.0
3,987358,0.0
3,987358,0.0
3,987369,0.0
3,987369,0.0
3,987369,0.0
3,987369,0.0
1,987374,0.0
1,987374,0.0
1,987374,0.0
2,987390,0.0
2,987390,0.0
1,987419,Other
1,987419,Other
3,987450,0.0
3,987450,0.0
3,987450,0.0
3,987450,0.0
6,987454,0.0
1,987478,0.0
1,987478,0.0
1,987478,0.0
1,987478,0.0
Other,987494,0.0
Other,987607,Other
Other,987607,Other
1,987776,Other
1,987776,Other
3,987783,0.0
3,987783,0.0
3,987783,0.0
1,987886,0.0
1,987886,0.0
3,987904,0.0
3,987904,0.0
3,987904,0.0
3,987904,0.0
3,987926,0.0
3,987926,0.0
1,987981,0.0
1,987981,0.0
1,987981,0.0
1,987981,0.0
1,987981,0.0
1,987981,0.0
1,987981,0.0
1,987981,0.0
1,987981,0.0
1,987998,0.0
1,987998,0.0
1,987998,0.0
1,988078,0.0
1,988078,0.0
1,988078,0.0
1,988078,0.0
1,988078,0.0
1,988133,Other
1,988133,Other
1,988133,0.0
1,988251,0.0
1,988251,0.0
1,988251,0.0
1,988251,0.0
Other,988275,0.0
Other,988275,0.0
1,988403,0.0
1,988403,0.0
1,988425,Other
1,988425,Other
1,988442,Other
1,988442,Other
1,988482,0.0
1,988482,0.0
1,988482,0.0
1,988482,0.0
1,988482,0.0
2,988701,0.0
2,988701,0.0
6,988766,0.0
6,988828,0.0
1,988830,0.0
1,988830,0.0
1,988830,0.0
1,988830,0.0
6,988871,0.0
6,988884,0.0
3,989165,0.0
3,989165,0.0
3,989165,Other
6,989204,0.0
Other,989223,0.0
Other,989223,0.0
3,989254,0.0
3,989254,0.0
3,989254,0.0
3,989254,0.0
1,989271,Other
1,989271,0.0
6,989373,Other
3,989385,0.0
3,989385,0.0
3,989385,0.0
6,989437,0.0
Other,989494,0.0
1,989533,Other
1,989533,0.0
Other,989658,0.0
3,989810,0.0
3,989810,0.0
3,989810,0.0
Other,989815,0.0
1,989849,0.0
1,989849,0.0
1,989849,0.0
1,989849,0.0
1,989879,0.0
1,989879,0.0
1,989879,0.0
Other,989956,0.0
Other,989956,0.0
Other,989956,0.0
6,989983,Other
Other,990003,Other
6,990037,0.0
1,990124,0.0
1,990124,0.0
1,990124,0.0
1,990124,0.0
1,990124,0.0
1,990132,Other
1,990132,0.0
1,990199,0.0
1,990199,0.0
Other,990284,0.0
Other,990284,0.0
Other,990284,0.0
Other,990284,0.0
Other,990284,0.0
1,990391,0.0
1,990391,0.0
1,990391,0.0
1,990391,0.0
1,990417,0.0
1,990417,Other
1,990417,0.0
1,990417,0.0
1,990428,0.0
1,990428,0.0
1,990428,0.0
6,990442,0.0
Other,990449,0.0
1,990455,0.0
1,990455,0.0
1,990455,0.0
3,990555,0.0
3,990555,0.0
3,990573,0.0
3,990573,0.0
1,990690,0.0
1,990690,0.0
1,990690,0.0
1,990690,0.0
1,990690,0.0
Other,990726,0.0
Other,990726,0.0
1,990798,Other
1,990798,Other
1,990798,0.0
1,990798,0.0
1,990809,0.0
1,990809,0.0
1,990809,0.0
1,990809,0.0
3,990827,Other
3,990827,0.0
3,990827,0.0
3,990827,0.0
1,990829,0.0
1,990829,0.0
1,990829,0.0
1,990829,0.0
Other,990858,0.0
1,991080,0.0
1,991080,0.0
1,991112,Other
1,991112,0.0
1,991112,0.0
1,991112,0.0
6,991116,0.0
1,991167,0.0
1,991167,0.0
1,991167,0.0
1,991167,0.0
1,991178,0.0
1,991178,0.0
1,991178,0.0
1,991178,0.0
1,991241,0.0
1,991241,0.0
1,991310,0.0
1,991310,0.0
1,991310,0.0
1,991310,0.0
1,991310,0.0
Other,991316,0.0
3,991328,0.0
3,991328,0.0
2,991479,0.0
2,991479,0.0
2,991479,0.0
2,991479,0.0
1,991492,0.0
1,991492,0.0
1,991492,0.0
1,991492,0.0
1,991492,0.0
1,991538,0.0
1,991538,0.0
1,991538,0.0
1,991538,0.0
1,991570,0.0
1,991570,0.0
1,991570,0.0
1,991598,0.0
1,991598,0.0
1,991598,0.0
1,991598,0.0
1,991673,Other
1,991673,0.0
1,991673,0.0
1,991688,0.0
1,991688,0.0
1,991688,0.0
1,991688,0.0
Other,991765,0.0
Other,991765,0.0
Other,991765,0.0
1,991786,0.0
1,991786,0.0
6,991819,0.0
Other,991826,0.0
1,991852,0.0
1,991852,0.0
1,991852,0.0
1,991888,0.0
1,991888,0.0
Other,991918,0.0
3,991957,0.0
3,991957,0.0
6,992255,Other
Other,992362,0.0
Other,992362,0.0
Other,992362,0.0
1,992380,0.0
1,992380,0.0
1,992380,0.0
1,992380,0.0
1,992380,0.0
1,992416,0.0
1,992416,0.0
1,992416,0.0
1,992416,0.0
1,992417,Other
1,992417,Other
Other,992424,0.0
1,992477,Other
1,992477,Other
Other,992565,0.0
1,992653,0.0
1,992653,0.0
Other,992684,0.0
1,992707,0.0
1,992707,0.0
3,992738,0.0
3,992738,0.0
3,992738,0.0
1,992739,0.0
1,992739,0.0
1,992739,0.0
1,992776,0.0
1,992776,0.0
1,992776,0.0
3,992809,0.0
3,992809,0.0
6,992863,Other
1,992944,0.0
1,992944,0.0
1,992944,0.0
1,992944,0.0
1,992944,0.0
1,992944,0.0
1,992944,0.0
1,992944,0.0
1,992944,0.0
6,992976,0.0
1,992983,0.0
1,992983,0.0
1,992983,0.0
Other,993040,0.0
1,993043,Other
1,993043,0.0
1,993043,0.0
1,993155,Other
1,993155,Other
1,993155,0.0
1,993155,0.0
1,993564,0.0
1,993564,0.0
Other,993667,Other
Other,993764,0.0
Other,993764,0.0
2,993780,0.0
2,993780,0.0
2,993780,0.0
Other,993790,0.0
1,993814,0.0
1,993814,0.0
1,993814,0.0
1,993814,0.0
1,993814,0.0
1,993814,0.0
1,993814,0.0
1,993814,0.0
1,993814,0.0
Other,993952,0.0
Other,994077,0.0
Other,994077,0.0
Other,994077,0.0
3,994211,0.0
3,994211,0.0
3,994211,0.0
3,994211,0.0
3,994211,0.0
3,994211,0.0
3,994211,0.0
3,994211,0.0
3,994211,0.0
3,994211,0.0
3,994226,0.0
3,994226,0.0
1,994236,0.0
1,994236,0.0
6,994320,0.0
3,994332,0.0
3,994332,0.0
3,994359,0.0
3,994359,0.0
3,994359,0.0
1,994373,0.0
1,994373,0.0
3,994381,0.0
3,994381,0.0
3,994381,0.0
3,994381,0.0
Other,994510,Other
1,994610,Other
1,994610,0.0
1,994610,0.0
1,994610,0.0
1,994617,Other
1,994617,0.0
1,994626,Other
1,994626,0.0
1,995099,0.0
1,995099,0.0
1,995099,0.0
1,995099,0.0
1,995099,0.0
1,995099,0.0
1,995101,0.0
1,995101,0.0
1,995101,0.0
1,995101,0.0
1,995122,0.0
1,995122,0.0
1,995122,0.0
6,995220,0.0
3,995268,0.0
3,995268,0.0
3,995268,0.0
3,995268,0.0
3,995268,0.0
3,995268,0.0
1,995309,0.0
1,995309,0.0
1,995309,0.0
3,995498,0.0
3,995498,0.0
3,995498,0.0
3,995498,0.0
3,995515,Other
3,995515,0.0
3,995515,0.0
3,995515,0.0
Other,995536,0.0
6,995619,Other
6,995661,0.0
1,995715,0.0
1,995715,0.0
1,995715,0.0
1,995715,0.0
1,995715,0.0
1,995715,0.0
1,995715,0.0
1,995854,0.0
1,995854,0.0
1,995854,0.0
1,996175,0.0
1,996175,0.0
1,996185,0.0
1,996185,0.0
1,996185,0.0
1,996221,0.0
1,996221,0.0
3,996228,0.0
3,996228,0.0
3,996228,0.0
3,996228,0.0
Other,996233,Other
6,996303,0.0
2,996344,Other
2,996344,0.0
2,996344,0.0
6,996350,0.0
1,996426,0.0
1,996426,0.0
1,996426,0.0
1,996448,0.0
1,996448,0.0
1,996455,0.0
1,996455,0.0
1,996455,0.0
1,996455,0.0
1,996464,Other
1,996464,0.0
6,996477,0.0
1,996503,0.0
1,996503,0.0
1,996503,0.0
Other,996552,0.0
3,996595,Other
3,996595,0.0
3,996595,0.0
Other,996677,Other
Other,996725,Other
6,996806,0.0
3,996887,0.0
3,996887,0.0
3,996887,0.0
1,996896,0.0
1,996896,0.0
1,996896,0.0
1,996908,Other
1,996908,Other
2,996933,0.0
2,996933,0.0
2,996933,0.0
6,996981,0.0
1,997047,0.0
1,997047,0.0
1,997047,0.0
1,997047,0.0
1,997047,0.0
1,997047,0.0
1,997047,0.0
1,997047,0.0
1,997115,0.0
1,997115,0.0
1,997115,0.0
6,997146,Other
6,997152,0.0
Other,997188,0.0
Other,997188,0.0
1,997200,0.0
1,997200,0.0
2,997225,Other
2,997225,0.0
1,997249,0.0
1,997249,0.0
1,997249,0.0
1,997368,0.0
1,997368,0.0
1,997423,0.0
1,997423,0.0
Other,997474,0.0
Other,997474,0.0
1,997522,0.0
1,997522,0.0
1,997522,0.0
2,997541,Other
2,997541,0.0
Other,997542,Other
Other,997606,0.0
1,997733,0.0
1,997733,0.0
1,997733,0.0
1,997733,0.0
1,997733,0.0
1,997733,0.0
Other,997848,0.0
1,997908,0.0
1,997908,0.0
1,997908,0.0
1,997908,0.0
1,997979,0.0
1,997979,0.0
1,997979,0.0
1,997979,0.0
1,997979,0.0
1,998031,0.0
1,998031,0.0
1,998031,0.0
1,998031,0.0
1,998031,0.0
Other,998061,0.0
Other,998061,0.0
3,998098,0.0
3,998098,0.0
1,998114,Other
1,998114,Other
1,998114,0.0
3,998124,0.0
3,998124,0.0
3,998124,0.0
3,998124,0.0
1,998253,0.0
1,998253,0.0
1,998253,0.0
1,998253,0.0
6,998290,0.0
3,998343,0.0
3,998343,0.0
1,998409,Other
1,998409,0.0
6,998474,0.0
2,998484,0.0
2,998484,0.0
2,998484,0.0
2,998484,0.0
3,998517,0.0
3,998517,0.0
3,998517,0.0
3,998517,0.0
3,998517,0.0
3,998517,0.0
3,998517,0.0
3,998517,0.0
3,998517,0.0
Other,998580,Other
Other,998580,0.0
Other,998580,0.0
1,998623,Other
1,998623,Other
Other,998635,0.0
3,998671,Other
3,998671,0.0
3,998693,0.0
3,998693,0.0
2,998715,Other
2,998715,0.0
3,998817,0.0
3,998817,0.0
3,998817,0.0
1,998822,0.0
1,998822,0.0
1,998822,0.0
1,998880,0.0
1,998880,0.0
1,998880,0.0
1,998880,0.0
Other,998957,0.0
Other,998957,0.0
6,999007,0.0
Other,999097,0.0
Other,999097,0.0
6,999109,Other
Other,999122,0.0
Other,999122,0.0
Other,999202,0.0
Other,999202,0.0
1,999268,Other
1,999268,Other
1,999268,0.0
1,999268,0.0
2,999353,0.0
2,999353,0.0
2,999426,0.0
2,999426,0.0
2,999426,0.0
2,999426,0.0
1,999515,0.0
1,999515,0.0
1,999515,Other
3,999543,0.0
3,999543,0.0
Other,999706,0.0
3,999724,0.0
3,999724,0.0
3,999724,0.0
3,999769,Other
3,999769,0.0
6,999781,0.0
1,999785,0.0
1,999785,0.0
1,999785,0.0
1,999785,0.0
1,999785,0.0
Other,999786,0.0
6,999801,Other
1,999829,0.0
1,999829,0.0
1,999976,0.0
1,999976,0.0
1,1000033,0.0
1,1000033,0.0
1,1000058,Other
1,1000058,0.0
1,1000058,0.0
6,1000135,0.0
Other,1000175,0.0
6,1000180,0.0
Other,1000244,0.0
1,1000297,0.0
1,1000297,0.0
1,1000297,0.0
1,1000297,0.0
Other,1000313,0.0
Other,1000313,0.0
3,1000322,0.0
3,1000322,0.0
Other,1000346,0.0
Other,1000346,0.0
1,1000469,0.0
1,1000469,0.0
1,1000469,0.0
1,1000483,0.0
1,1000483,0.0
Other,1000501,0.0
Other,1000501,Other
6,1000508,Other
1,1000635,0.0
1,1000635,0.0
6,1000673,0.0
Other,1000681,0.0
Other,1000681,0.0
6,1000778,0.0
1,1000801,0.0
1,1000801,0.0
1,1000801,0.0
Other,1000835,0.0
6,1000854,0.0
Other,1000877,0.0
Other,1000877,0.0
Other,1000882,0.0
Other,1000882,0.0
Other,1000882,0.0
Other,1000882,0.0
Other,1000882,0.0
Other,1000882,0.0
Other,1000882,0.0
Other,1000882,0.0
1,1000905,0.0
1,1000905,0.0
1,1000905,0.0
1,1000987,Other
1,1000987,Other
1,1000987,0.0
Other,1001024,0.0
3,1001043,0.0
3,1001043,0.0
3,1001043,0.0
1,1001154,0.0
1,1001154,0.0
1,1001154,0.0
6,1001160,0.0
Other,1001179,Other
1,1001204,Other
1,1001204,Other
1,1001257,0.0
1,1001257,0.0
Other,1001285,Other
1,1001290,0.0
1,1001290,0.0
1,1001290,0.0
1,1001290,0.0
Other,1001309,0.0
Other,1001309,0.0
1,1001425,0.0
1,1001425,0.0
1,1001425,0.0
Other,1001544,Other
6,1001553,Other
6,1001599,0.0
6,1001629,0.0
6,1001665,0.0
Other,1001686,0.0
3,1001728,0.0
3,1001728,0.0
3,1001847,0.0
3,1001847,0.0
3,1001847,0.0
3,1001847,0.0
2,1001915,0.0
2,1001915,0.0
2,1001915,0.0
Other,1001951,0.0
1,1001959,Other
1,1001959,0.0
1,1001959,0.0
3,1001960,0.0
3,1001960,0.0
3,1001960,0.0
1,1001982,0.0
1,1001982,0.0
1,1001982,0.0
1,1001982,0.0
1,1001982,0.0
6,1002142,0.0
3,1002200,0.0
3,1002200,0.0
3,1002200,0.0
3,1002200,0.0
3,1002200,0.0
3,1002200,0.0
6,1002258,0.0
1,1002417,0.0
1,1002417,0.0
1,1002430,0.0
1,1002430,Other
1,1002430,0.0
6,1002471,0.0
6,1002491,0.0
1,1002496,0.0
1,1002496,0.0
1,1002496,0.0
1,1002496,0.0
1,1002496,0.0
1,1002515,0.0
1,1002515,0.0
1,1002515,0.0
3,1002523,0.0
3,1002523,0.0
3,1002523,0.0
3,1002523,0.0
3,1002547,0.0
3,1002547,0.0
1,1002599,0.0
1,1002599,0.0
6,1002628,0.0
1,1002662,0.0
1,1002662,0.0
1,1002662,0.0
1,1002662,0.0
1,1002662,0.0
3,1002664,0.0
3,1002664,0.0
6,1002687,0.0
1,1002692,Other
1,1002692,0.0
1,1002712,0.0
1,1002712,0.0
1,1002712,0.0
1,1002712,0.0
1,1002712,0.0
6,1002751,0.0
6,1002773,0.0
6,1002802,0.0
1,1002953,Other
1,1002953,Other
1,1002953,0.0
1,1002953,0.0
1,1002953,0.0
6,1002960,0.0
Other,1002961,0.0
Other,1002961,0.0
1,1003094,0.0
1,1003094,0.0
1,1003094,0.0
Other,1003129,0.0
1,1003142,0.0
1,1003142,0.0
Other,1003205,0.0
1,1003283,0.0
1,1003283,0.0
1,1003283,0.0
1,1003283,0.0
Other,1003328,0.0
6,1003382,0.0
1,1003549,0.0
1,1003549,0.0
1,1003554,0.0
1,1003554,0.0
1,1003554,0.0
1,1003554,0.0
1,1003554,0.0
1,1003595,0.0
1,1003595,0.0
3,1003621,0.0
3,1003621,0.0
3,1003621,0.0
Other,1003648,0.0
6,1003656,0.0
1,1003681,Other
1,1003681,0.0
1,1003700,0.0
1,1003700,0.0
1,1003700,0.0
1,1003700,0.0
1,1003702,0.0
1,1003702,0.0
1,1003702,0.0
1,1003713,0.0
1,1003713,0.0
1,1003713,0.0
1,1003713,0.0
1,1003713,0.0
1,1003735,0.0
1,1003735,0.0
6,1003762,0.0
1,1003966,0.0
1,1003966,0.0
1,1004058,0.0
1,1004058,0.0
1,1004058,0.0
1,1004058,0.0
2,1004188,0.0
2,1004188,0.0
1,1004299,0.0
1,1004299,0.0
1,1004306,0.0
1,1004306,0.0
1,1004306,0.0
Other,1004314,0.0
6,1004439,0.0
1,1004491,0.0
1,1004491,0.0
1,1004491,0.0
1,1004491,0.0
1,1004522,0.0
1,1004522,0.0
1,1004522,0.0
1,1004574,0.0
1,1004574,0.0
1,1004574,0.0
1,1004574,0.0
1,1004692,0.0
1,1004692,0.0
1,1004692,0.0
1,1004692,0.0
1,1004692,0.0
1,1004692,0.0
1,1004692,0.0
3,1004702,0.0
3,1004702,0.0
3,1004702,0.0
3,1004708,0.0
3,1004708,0.0
6,1004836,0.0
1,1004854,Other
1,1004854,Other
1,1004854,0.0
1,1004903,0.0
1,1004903,0.0
1,1004903,0.0
1,1004903,0.0
1,1004903,0.0
1,1004903,0.0
1,1004903,0.0
1,1004903,0.0
1,1004903,0.0
Other,1004957,0.0
6,1005073,0.0
1,1005266,0.0
1,1005266,0.0
1,1005302,0.0
1,1005302,0.0
1,1005302,0.0
6,1005337,0.0
Other,1005351,0.0
Other,1005351,0.0
6,1005365,0.0
1,1005398,0.0
1,1005398,0.0
1,1005398,0.0
1,1005482,Other
1,1005482,0.0
1,1005482,0.0
1,1005531,0.0
1,1005531,0.0
1,1005531,0.0
1,1005539,0.0
1,1005539,0.0
1,1005539,0.0
Other,1005560,0.0
1,1005570,0.0
1,1005570,0.0
1,1005570,0.0
1,1005715,0.0
1,1005715,0.0
1,1005715,0.0
6,1005732,0.0
2,1005752,0.0
2,1005752,0.0
3,1005759,0.0
3,1005759,0.0
6,1005844,0.0
6,1005885,Other
Other,1005973,Other
3,1005995,0.0
3,1005995,0.0
3,1005995,0.0
1,1006068,0.0
1,1006068,0.0
1,1006068,0.0
1,1006068,0.0
1,1006068,Other
Other,1006115,0.0
Other,1006115,0.0
Other,1006115,0.0
Other,1006236,0.0
6,1006284,0.0
Other,1006363,0.0
Other,1006363,0.0
6,1006399,Other
1,1006430,0.0
1,1006430,0.0
3,1006465,Other
3,1006465,0.0
3,1006511,0.0
3,1006511,0.0
3,1006511,0.0
3,1006511,0.0
3,1006511,0.0
3,1006511,0.0
3,1006511,0.0
1,1006725,0.0
1,1006725,0.0
1,1006729,0.0
1,1006729,0.0
1,1006729,0.0
1,1006729,0.0
1,1006825,0.0
1,1006825,0.0
1,1006825,0.0
1,1006825,0.0
1,1006911,0.0
1,1006911,0.0
1,1006911,0.0
6,1006915,0.0
1,1006998,0.0
1,1006998,0.0
1,1006998,0.0
1,1006998,0.0
1,1006998,Other
3,1007225,0.0
3,1007225,0.0
1,1007229,0.0
1,1007229,0.0
6,1007347,0.0
1,1007414,0.0
1,1007414,0.0
1,1007414,0.0
1,1007414,0.0
6,1007516,0.0
1,1007522,Other
1,1007522,Other
Other,1007564,Other
1,1007627,0.0
1,1007627,0.0
1,1007627,0.0
6,1007645,0.0
3,1007652,0.0
3,1007652,0.0
1,1007658,0.0
1,1007658,0.0
1,1007658,0.0
Other,1007722,0.0
Other,1007768,0.0
Other,1007768,0.0
Other,1007768,0.0
1,1007862,0.0
1,1007862,0.0
1,1007862,0.0
1,1007862,0.0
1,1007862,0.0
1,1007880,0.0
1,1007880,0.0
1,1007880,0.0
1,1007880,0.0
Other,1007907,Other
1,1007912,0.0
1,1007912,0.0
1,1007912,0.0
6,1007952,Other
1,1007970,0.0
1,1007970,0.0
1,1007970,0.0
1,1007970,0.0
1,1007978,0.0
1,1007978,0.0
1,1007978,0.0
1,1007978,0.0
Other,1007988,Other
1,1008070,Other
1,1008070,0.0
1,1008070,0.0
1,1008070,0.0
1,1008070,0.0
6,1008122,0.0
1,1008145,0.0
1,1008145,0.0
1,1008145,0.0
1,1008145,0.0
1,1008159,0.0
1,1008159,0.0
1,1008159,0.0
1,1008159,0.0
1,1008159,0.0
Other,1008295,0.0
Other,1008295,0.0
6,1008304,Other
3,1008412,0.0
3,1008412,0.0
Other,1008447,0.0
1,1008543,0.0
1,1008543,0.0
1,1008543,0.0
1,1008614,0.0
1,1008614,0.0
6,1008618,0.0
3,1008664,0.0
3,1008664,0.0
3,1008664,0.0
6,1008725,0.0
1,1008776,0.0
1,1008776,0.0
1,1008776,0.0
6,1008831,0.0
1,1008852,0.0
1,1008852,0.0
1,1008852,0.0
1,1008852,0.0
Other,1008885,0.0
Other,1008885,0.0
Other,1008885,0.0
6,1008946,Other
3,1009055,0.0
3,1009055,0.0
1,1009065,0.0
1,1009065,0.0
1,1009065,0.0
1,1009065,0.0
1,1009065,0.0
1,1009127,Other
1,1009127,Other
6,1009146,Other
1,1009235,0.0
1,1009235,0.0
1,1009235,0.0
1,1009235,0.0
1,1009235,0.0
6,1009286,0.0
1,1009387,0.0
1,1009387,0.0
Other,1009483,0.0
1,1009503,0.0
1,1009503,0.0
1,1009503,0.0
1,1009577,Other
1,1009577,Other
1,1009660,0.0
1,1009660,0.0
1,1009660,0.0
1,1009660,0.0
1,1009660,0.0
1,1009660,0.0
1,1009660,0.0
1,1009808,Other
1,1009808,0.0
1,1009808,0.0
1,1009895,0.0
1,1009895,0.0
1,1009895,0.0
1,1009895,0.0
1,1009895,0.0
1,1009916,Other
1,1009916,Other
1,1009939,0.0
1,1009939,0.0
1,1009939,0.0
1,1009939,0.0
1,1009939,0.0
1,1009974,Other
1,1009974,0.0
1,1009995,0.0
1,1009995,Other
1,1010009,0.0
1,1010009,0.0
Other,1010114,Other
1,1010116,0.0
1,1010116,0.0
Other,1010127,0.0
3,1010196,0.0
3,1010196,0.0
Other,1010214,0.0
3,1010225,0.0
3,1010225,0.0
3,1010225,0.0
3,1010225,0.0
6,1010230,0.0
1,1010274,0.0
1,1010274,0.0
1,1010274,0.0
1,1010285,0.0
1,1010285,Other
1,1010285,0.0
6,1010336,0.0
Other,1010433,Other
Other,1010433,0.0
1,1010438,0.0
1,1010438,0.0
1,1010438,0.0
Other,1010440,Other
1,1010480,0.0
1,1010480,0.0
1,1010480,0.0
Other,1010650,0.0
Other,1010650,0.0
Other,1010650,0.0
3,1010653,0.0
3,1010653,0.0
Other,1010692,0.0
1,1010755,0.0
1,1010755,0.0
1,1010755,0.0
1,1010755,0.0
2,1010773,Other
2,1010773,Other
Other,1010832,0.0
6,1010836,0.0
Other,1010850,0.0
3,1010860,Other
3,1010860,0.0
3,1010860,0.0
1,1010924,Other
1,1010924,0.0
1,1010924,0.0
1,1011006,Other
1,1011006,0.0
1,1011006,0.0
1,1011006,0.0
1,1011006,0.0
1,1011006,0.0
1,1011006,0.0
3,1011016,Other
3,1011016,0.0
3,1011016,0.0
1,1011119,0.0
1,1011119,0.0
2,1011150,0.0
2,1011150,0.0
1,1011249,Other
1,1011249,Other
1,1011283,0.0
1,1011283,0.0
Other,1011309,0.0
Other,1011312,0.0
Other,1011312,0.0
Other,1011312,0.0
Other,1011312,0.0
1,1011375,0.0
1,1011375,0.0
1,1011375,0.0
1,1011375,0.0
Other,1011402,0.0
6,1011428,0.0
3,1011444,0.0
3,1011444,0.0
3,1011478,0.0
3,1011478,0.0
3,1011478,0.0
3,1011478,0.0
1,1011511,0.0
1,1011511,0.0
1,1011511,0.0
1,1011511,0.0
1,1011511,0.0
Other,1011518,0.0
Other,1011670,0.0
Other,1011670,0.0
Other,1011713,0.0
1,1011742,0.0
1,1011742,0.0
1,1011742,0.0
Other,1011855,Other
Other,1011855,0.0
Other,1011855,0.0
1,1011945,0.0
1,1011945,0.0
1,1011945,0.0
1,1011945,0.0
1,1011945,Other
1,1011945,Other
1,1011945,0.0
1,1011945,Other
1,1011970,Other
1,1011970,0.0
1,1011974,0.0
1,1011974,0.0
1,1011974,0.0
1,1011974,0.0
1,1012076,Other
1,1012076,Other
1,1012079,Other
1,1012079,0.0
1,1012079,0.0
1,1012079,0.0
1,1012079,0.0
1,1012183,0.0
1,1012183,0.0
1,1012183,0.0
Other,1012249,0.0
Other,1012249,0.0
Other,1012259,0.0
1,1012355,0.0
1,1012355,0.0
1,1012355,0.0
Other,1012392,0.0
Other,1012392,0.0
Other,1012392,0.0
Other,1012392,0.0
Other,1012392,0.0
Other,1012452,0.0
6,1012454,0.0
6,1012486,0.0
Other,1012511,0.0
Other,1012511,0.0
2,1012540,0.0
2,1012540,0.0
2,1012540,0.0
Other,1012547,0.0
Other,1012547,0.0
6,1012603,0.0
1,1012665,0.0
1,1012665,0.0
1,1012706,0.0
1,1012706,0.0
1,1012706,0.0
1,1012760,0.0
1,1012760,0.0
1,1012760,0.0
1,1012760,0.0
Other,1012791,0.0
1,1012895,Other
1,1012895,Other
1,1012962,0.0
1,1012962,0.0
6,1012974,Other
3,1012996,0.0
3,1012996,0.0
3,1012996,0.0
3,1012996,0.0
3,1012996,0.0
1,1013013,0.0
1,1013013,0.0
1,1013049,0.0
1,1013049,0.0
1,1013049,0.0
1,1013049,0.0
3,1013110,0.0
3,1013110,0.0
1,1013320,0.0
1,1013320,0.0
1,1013364,0.0
1,1013364,0.0
1,1013364,0.0
1,1013364,0.0
1,1013364,0.0
1,1013364,0.0
1,1013364,0.0
Other,1013425,0.0
1,1013451,0.0
1,1013451,0.0
1,1013460,Other
1,1013460,Other
1,1013484,0.0
1,1013484,0.0
2,1013489,0.0
2,1013489,0.0
6,1013514,0.0
6,1013534,0.0
1,1013541,0.0
1,1013541,0.0
1,1013541,0.0
Other,1013548,0.0
1,1013588,0.0
1,1013588,0.0
1,1013603,0.0
1,1013603,Other
1,1013603,0.0
1,1013697,0.0
1,1013697,0.0
1,1013697,0.0
6,1013739,0.0
1,1013745,0.0
1,1013745,0.0
1,1013745,0.0
1,1013745,0.0
1,1013745,0.0
1,1013774,0.0
1,1013774,0.0
Other,1013807,0.0
Other,1013807,0.0
Other,1013836,0.0
3,1013839,0.0
3,1013839,0.0
3,1013839,0.0
3,1013839,0.0
1,1013868,0.0
1,1013868,0.0
1,1013868,0.0
1,1013868,0.0
3,1013902,0.0
3,1013902,0.0
3,1013902,0.0
Other,1013924,0.0
Other,1013924,0.0
1,1013932,0.0
1,1013932,0.0
1,1013932,0.0
6,1013938,0.0
1,1014029,Other
1,1014029,0.0
Other,1014047,0.0
1,1014070,0.0
1,1014070,0.0
2,1014116,0.0
2,1014116,0.0
2,1014116,0.0
2,1014116,0.0
3,1014134,0.0
3,1014134,0.0
1,1014261,0.0
1,1014261,0.0
1,1014261,0.0
Other,1014291,0.0
6,1014328,0.0
Other,1014357,Other
1,1014364,0.0
1,1014364,0.0
1,1014364,0.0
1,1014375,0.0
1,1014375,0.0
1,1014375,0.0
1,1014375,0.0
3,1014408,0.0
3,1014408,0.0
3,1014408,0.0
3,1014408,0.0
3,1014426,0.0
3,1014426,0.0
6,1014468,0.0
6,1014483,0.0
6,1014577,0.0
1,1014622,0.0
1,1014622,0.0
1,1014622,0.0
1,1014622,0.0
1,1014662,Other
1,1014662,Other
1,1014708,Other
1,1014708,Other
1,1014795,0.0
1,1014795,0.0
1,1014795,0.0
1,1015100,0.0
1,1015100,0.0
1,1015100,0.0
6,1015169,Other
3,1015261,0.0
3,1015261,0.0
1,1015290,0.0
1,1015290,0.0
1,1015290,0.0
3,1015300,0.0
3,1015300,0.0
1,1015343,0.0
1,1015343,Other
1,1015387,0.0
1,1015387,0.0
1,1015387,0.0
1,1015387,0.0
1,1015387,0.0
1,1015470,0.0
1,1015470,Other
1,1015470,Other
1,1015478,0.0
1,1015478,0.0
6,1015485,0.0
Other,1015642,0.0
1,1015671,0.0
1,1015671,0.0
1,1015671,0.0
3,1015704,0.0
3,1015704,0.0
3,1015704,0.0
3,1015704,0.0
3,1015704,0.0
3,1015704,0.0
Other,1015740,0.0
Other,1015740,0.0
Other,1015740,0.0
1,1015794,0.0
1,1015794,0.0
1,1015794,0.0
1,1015794,0.0
1,1015794,0.0
1,1015794,0.0
6,1015905,Other
Other,1015923,0.0
Other,1015923,0.0
3,1016017,0.0
3,1016017,0.0
3,1016017,0.0
6,1016051,0.0
1,1016081,Other
1,1016081,Other
Other,1016187,0.0
1,1016214,0.0
1,1016214,0.0
1,1016214,0.0
1,1016214,0.0
1,1016214,0.0
6,1016311,0.0
6,1016434,0.0
Other,1016498,0.0
1,1016604,Other
1,1016604,Other
1,1016604,0.0
1,1016604,0.0
Other,1016624,0.0
1,1016737,0.0
1,1016737,0.0
1,1016875,Other
1,1016875,0.0
1,1016875,0.0
1,1016875,0.0
Other,1017556,0.0
Other,1017559,0.0
Other,1017559,0.0
1,1017568,0.0
1,1017568,0.0
1,1017569,0.0
1,1017569,0.0
1,1017569,0.0
1,1017569,0.0
1,1017569,0.0
1,1017569,0.0
1,1017569,0.0
3,1017600,0.0
3,1017600,0.0
3,1017600,0.0
3,1017600,0.0
3,1017600,0.0
6,1017623,0.0
2,1017643,0.0
2,1017643,0.0
2,1017643,0.0
2,1017643,0.0
2,1017643,0.0
2,1017643,0.0
1,1017646,0.0
1,1017646,0.0
1,1017674,0.0
1,1017674,0.0
1,1017674,0.0
1,1017674,0.0
1,1017775,0.0
1,1017775,0.0
1,1017784,0.0
1,1017784,0.0
1,1017784,0.0
3,1017861,0.0
3,1017861,0.0
3,1017861,0.0
3,1017861,0.0
1,1017869,Other
1,1017869,Other
6,1017925,0.0
3,1017934,0.0
3,1017934,0.0
1,1017964,0.0
1,1017964,0.0
1,1017964,0.0
1,1017964,0.0
1,1017964,0.0
1,1017964,0.0
1,1018100,0.0
1,1018100,Other
1,1018100,0.0
1,1018100,0.0
1,1018100,0.0
6,1018169,0.0
3,1018176,0.0
3,1018176,0.0
3,1018176,0.0
3,1018176,0.0
3,1018176,0.0
1,1018355,0.0
1,1018355,0.0
1,1018355,0.0
1,1018355,0.0
1,1018355,0.0
6,1018459,0.0
3,1018481,0.0
3,1018481,0.0
3,1018481,0.0
2,1018508,0.0
2,1018508,0.0
2,1018508,0.0
2,1018508,0.0
2,1018508,0.0
6,1018535,0.0
1,1018562,Other
1,1018562,Other
Other,1018585,0.0
Other,1018585,0.0
1,1018611,0.0
1,1018611,0.0
1,1018611,0.0
1,1018611,0.0
1,1018701,Other
1,1018701,0.0
1,1018701,0.0
1,1018701,0.0
6,1018719,0.0
3,1018742,0.0
3,1018742,0.0
3,1018742,0.0
6,1018785,0.0
6,1018815,Other
3,1018832,0.0
3,1018832,0.0
3,1018832,0.0
1,1018845,Other
1,1018845,Other
1,1018914,0.0
1,1018914,0.0
Other,1018920,0.0
1,1018981,0.0
1,1018981,0.0
1,1018981,0.0
1,1019003,0.0
1,1019003,0.0
1,1019003,0.0
1,1019003,0.0
Other,1019106,0.0
Other,1019118,0.0
Other,1019118,0.0
Other,1019118,0.0
Other,1019118,0.0
Other,1019118,0.0
Other,1019118,0.0
Other,1019123,Other
1,1019132,0.0
1,1019132,0.0
6,1019257,Other
Other,1019262,Other
Other,1019262,Other
1,1019266,Other
1,1019266,Other
1,1019266,0.0
1,1019328,0.0
1,1019328,0.0
1,1019328,0.0
3,1019371,0.0
3,1019371,0.0
1,1019409,0.0
1,1019409,0.0
Other,1019556,0.0
3,1019606,0.0
3,1019606,0.0
1,1019776,0.0
1,1019776,0.0
1,1019776,0.0
1,1019881,0.0
1,1019881,0.0
1,1019881,0.0
6,1019912,0.0
6,1019916,0.0
6,1019931,0.0
3,1019933,Other
3,1019933,0.0
3,1019933,0.0
Other,1019974,0.0
1,1019976,0.0
1,1019976,0.0
1,1019976,0.0
1,1019976,0.0
1,1020281,0.0
1,1020281,0.0
1,1020281,Other
1,1020281,0.0
1,1020281,0.0
1,1020291,Other
1,1020291,0.0
1,1020538,0.0
1,1020538,Other
1,1020538,Other
1,1020538,0.0
1,1020538,0.0
Other,1020544,0.0
Other,1020544,0.0
Other,1020544,0.0
3,1020553,0.0
3,1020553,0.0
3,1020553,0.0
3,1020553,0.0
3,1020553,0.0
3,1020652,Other
3,1020652,0.0
3,1020652,0.0
3,1020652,0.0
Other,1020661,0.0
Other,1020661,0.0
1,1020675,Other
1,1020675,Other
Other,1020681,Other
Other,1020779,0.0
3,1020828,0.0
3,1020828,0.0
3,1020828,0.0
3,1020828,0.0
3,1020828,0.0
3,1020828,0.0
3,1020831,0.0
3,1020831,0.0
3,1020831,0.0
3,1020831,0.0
Other,1020954,Other
Other,1020987,0.0
Other,1021076,0.0
Other,1021076,0.0
Other,1021087,0.0
Other,1021087,0.0
Other,1021097,0.0
1,1021121,Other
1,1021121,Other
1,1021121,0.0
1,1021121,0.0
3,1021156,Other
3,1021156,0.0
6,1021235,0.0
1,1021253,0.0
1,1021253,0.0
Other,1021254,0.0
Other,1021254,0.0
Other,1021254,0.0
2,1021283,0.0
2,1021283,0.0
2,1021283,0.0
2,1021283,0.0
3,1021375,0.0
3,1021375,0.0
3,1021375,0.0
3,1021375,0.0
3,1021375,0.0
3,1021375,0.0
3,1021375,0.0
Other,1021435,0.0
3,1021462,0.0
3,1021462,0.0
2,1021489,0.0
2,1021489,0.0
2,1021489,0.0
2,1021489,0.0
1,1021564,0.0
1,1021564,0.0
1,1021564,0.0
1,1021564,0.0
1,1021601,Other
1,1021601,0.0
6,1021644,0.0
1,1021819,0.0
1,1021819,0.0
1,1021823,Other
1,1021823,0.0
1,1021823,0.0
1,1021823,0.0
1,1021823,0.0
3,1021922,0.0
3,1021922,0.0
3,1021922,0.0
Other,1021971,Other
3,1022013,0.0
3,1022013,0.0
3,1022013,0.0
3,1022013,0.0
1,1022099,0.0
1,1022099,0.0
1,1022099,0.0
1,1022147,0.0
1,1022147,0.0
1,1022147,0.0
1,1022147,0.0
6,1022183,0.0
Other,1022198,0.0
Other,1022198,0.0
1,1022362,0.0
1,1022362,0.0
6,1022386,0.0
6,1022396,0.0
6,1022499,0.0
1,1022528,0.0
1,1022528,0.0
1,1022528,0.0
1,1022528,0.0
1,1022528,0.0
1,1022549,0.0
1,1022549,0.0
1,1022586,0.0
1,1022586,0.0
6,1022621,Other
6,1022702,Other
3,1022705,0.0
3,1022705,0.0
3,1022705,0.0
3,1022705,0.0
3,1022705,0.0
6,1022736,0.0
3,1022788,0.0
3,1022788,0.0
6,1022840,0.0
Other,1022957,Other
Other,1022957,0.0
Other,1022957,0.0
3,1022980,0.0
3,1022980,0.0
3,1022980,0.0
Other,1023191,0.0
Other,1023191,0.0
1,1023257,0.0
1,1023257,0.0
1,1023257,0.0
1,1023257,0.0
1,1023257,0.0
2,1023346,0.0
2,1023346,0.0
2,1023346,0.0
2,1023346,0.0
1,1023352,0.0
1,1023352,0.0
1,1023352,0.0
1,1023352,0.0
3,1023375,0.0
3,1023375,0.0
1,1023501,0.0
1,1023501,0.0
1,1023633,0.0
1,1023633,0.0
1,1023636,Other
1,1023636,Other
3,1023817,0.0
3,1023817,0.0
3,1023843,0.0
3,1023843,0.0
3,1023843,0.0
6,1023844,0.0
1,1023869,0.0
1,1023869,Other
1,1023916,0.0
1,1023916,Other
1,1023916,0.0
6,1023958,0.0
Other,1024188,Other
Other,1024188,0.0
1,1024198,0.0
1,1024198,0.0
1,1024198,0.0
1,1024198,0.0
Other,1024204,0.0
3,1024231,0.0
3,1024231,0.0
3,1024231,0.0
3,1024231,0.0
1,1024237,0.0
1,1024237,0.0
1,1024237,0.0
1,1024308,0.0
1,1024308,0.0
1,1024308,0.0
1,1024367,0.0
1,1024367,0.0
1,1024367,0.0
1,1024367,0.0
1,1024367,0.0
1,1024367,0.0
1,1024367,0.0
1,1024367,0.0
1,1024367,0.0
1,1024400,0.0
1,1024400,0.0
2,1024406,0.0
2,1024406,0.0
1,1024426,Other
1,1024426,0.0
1,1024426,0.0
2,1024437,0.0
2,1024437,0.0
1,1024458,Other
1,1024458,0.0
1,1024458,0.0
1,1024458,0.0
1,1024458,0.0
1,1024458,0.0
1,1024458,0.0
1,1024458,0.0
1,1024458,0.0
3,1024516,0.0
3,1024516,0.0
6,1024539,0.0
1,1024650,0.0
1,1024650,0.0
1,1024650,0.0
6,1024675,0.0
6,1024683,Other
3,1024706,0.0
3,1024706,0.0
3,1024706,0.0
3,1024706,0.0
3,1024748,0.0
3,1024748,0.0
3,1024748,0.0
6,1024811,0.0
1,1024830,0.0
1,1024830,0.0
1,1024830,0.0
1,1024830,0.0
1,1024830,0.0
1,1024830,0.0
2,1024853,0.0
2,1024853,0.0
2,1024874,Other
2,1024874,0.0
2,1024874,0.0
2,1024874,0.0
1,1024925,0.0
1,1024925,0.0
1,1024925,0.0
1,1025129,Other
1,1025129,0.0
1,1025129,0.0
1,1025129,0.0
Other,1025205,0.0
1,1025253,Other
1,1025253,0.0
1,1025253,0.0
1,1025253,0.0
1,1025253,0.0
1,1025253,0.0
1,1025253,0.0
Other,1025332,0.0
1,1025336,0.0
1,1025336,0.0
1,1025336,0.0
2,1025351,0.0
2,1025351,0.0
2,1025351,0.0
2,1025351,0.0
2,1025351,0.0
2,1025351,0.0
Other,1025399,0.0
1,1025430,0.0
1,1025430,0.0
1,1025430,0.0
1,1025447,0.0
1,1025447,0.0
Other,1025582,0.0
Other,1025582,0.0
1,1025594,0.0
1,1025594,0.0
1,1025594,0.0
1,1025594,0.0
1,1025594,0.0
1,1025606,0.0
1,1025606,0.0
Other,1025612,Other
Other,1025612,Other
6,1025632,0.0
3,1025636,0.0
3,1025636,0.0
3,1025636,0.0
3,1025636,0.0
Other,1025668,Other
3,1025837,0.0
3,1025837,0.0
1,1025852,0.0
1,1025852,0.0
Other,1025859,0.0
1,1025902,0.0
1,1025902,0.0
1,1025902,0.0
1,1025902,0.0
6,1025989,Other
1,1025992,0.0
1,1025992,0.0
1,1025992,0.0
1,1025992,0.0
1,1025992,0.0
6,1026027,Other
1,1026121,0.0
1,1026121,0.0
1,1026121,0.0
1,1026121,0.0
Other,1026316,0.0
Other,1026316,0.0
1,1026386,0.0
1,1026386,0.0
1,1026386,0.0
6,1026431,0.0
1,1026508,0.0
1,1026508,0.0
1,1026508,0.0
1,1026508,0.0
1,1026508,0.0
1,1026508,0.0
1,1026508,0.0
1,1026508,0.0
Other,1026516,Other
6,1026519,0.0
6,1026551,Other
6,1026567,0.0
6,1026652,0.0
1,1026657,0.0
1,1026657,0.0
Other,1026829,0.0
6,1026837,0.0
6,1026953,0.0
1,1027024,0.0
1,1027024,0.0
1,1027024,0.0
1,1027024,0.0
3,1027251,0.0
3,1027251,0.0
3,1027251,0.0
Other,1027282,Other
Other,1027282,0.0
6,1027403,Other
1,1027461,0.0
1,1027461,0.0
1,1027461,0.0
1,1027479,0.0
1,1027479,0.0
1,1027479,0.0
1,1027479,0.0
1,1027479,0.0
1,1027479,0.0
2,1027542,0.0
2,1027542,0.0
2,1027542,0.0
2,1027542,0.0
1,1027557,0.0
1,1027557,0.0
1,1027572,Other
1,1027572,Other
1,1027572,0.0
1,1027572,0.0
1,1027572,0.0
1,1027572,0.0
1,1027572,0.0
1,1027572,0.0
1,1027572,0.0
3,1027582,Other
3,1027582,0.0
3,1027582,0.0
2,1027586,0.0
2,1027586,0.0
6,1027641,0.0
1,1027706,0.0
1,1027706,0.0
1,1027706,0.0
6,1027794,0.0
1,1027798,Other
1,1027798,Other
1,1027798,0.0
1,1027798,0.0
3,1027803,0.0
3,1027803,0.0
3,1027803,0.0
Other,1027993,0.0
Other,1027993,0.0
1,1028088,Other
1,1028088,0.0
6,1028137,0.0
6,1028158,0.0
Other,1028339,Other
1,1028448,0.0
1,1028448,0.0
Other,1028501,0.0
Other,1028501,0.0
1,1028572,0.0
1,1028572,Other
6,1028594,0.0
Other,1028597,0.0
Other,1028625,0.0
3,1028677,0.0
3,1028677,0.0
Other,1028725,0.0
6,1028763,0.0
6,1028814,0.0
Other,1028951,0.0
3,1029028,0.0
3,1029028,0.0
3,1029033,0.0
3,1029033,0.0
3,1029033,0.0
3,1029033,0.0
Other,1029054,0.0
Other,1029054,0.0
Other,1029054,0.0
Other,1029124,0.0
Other,1029124,0.0
Other,1029157,0.0
Other,1029157,0.0
Other,1029157,0.0
Other,1029244,0.0
2,1029248,0.0
2,1029248,0.0
2,1029248,Other
Other,1029252,0.0
Other,1029252,0.0
1,1029263,0.0
1,1029263,0.0
1,1029263,0.0
1,1029263,0.0
1,1029263,0.0
1,1029263,0.0
1,1029263,0.0
3,1029352,Other
3,1029352,Other
6,1029363,0.0
Other,1029384,0.0
1,1029442,Other
1,1029442,0.0
1,1029442,0.0
1,1029478,Other
1,1029478,0.0
1,1029478,0.0
Other,1029526,0.0
3,1029597,Other
3,1029597,0.0
6,1030279,0.0
1,1029710,Other
1,1029710,0.0
1,1029710,0.0
6,1029765,0.0
6,1029887,0.0
1,1029912,0.0
1,1029912,0.0
1,1029912,0.0
1,1029912,0.0
3,1030005,0.0
3,1030005,0.0
3,1030005,0.0
1,1030025,0.0
1,1030025,0.0
3,1030035,0.0
3,1030035,0.0
3,1030035,0.0
3,1030035,0.0
3,1030069,0.0
3,1030069,0.0
6,1030116,Other
6,1030141,0.0
2,1030320,0.0
2,1030320,0.0
2,1030320,0.0
2,1030320,0.0
2,1030320,0.0
2,1030320,0.0
6,1030321,0.0
3,1030513,Other
3,1030513,0.0
Other,1030536,0.0
6,1030559,0.0
6,1030626,0.0
1,1030658,0.0
1,1030658,0.0
1,1030658,0.0
1,1030658,0.0
1,1030658,0.0
1,1030692,Other
1,1030692,0.0
1,1030692,0.0
1,1030692,0.0
2,1030742,0.0
2,1030742,0.0
2,1030742,0.0
6,1030784,0.0
1,1030838,Other
1,1030838,Other
1,1030838,0.0
3,1030850,0.0
3,1030850,0.0
1,1030871,Other
1,1030871,Other
Other,1030897,Other
3,1030907,0.0
3,1030907,0.0
Other,1030977,Other
Other,1030977,0.0
6,1030984,0.0
6,1031051,0.0
Other,1031103,0.0
3,1031197,0.0
3,1031197,0.0
2,1031239,0.0
2,1031239,0.0
1,1031291,0.0
1,1031291,0.0
1,1031291,0.0
1,1031291,0.0
1,1031296,0.0
1,1031296,0.0
1,1031296,0.0
1,1031296,0.0
1,1031296,0.0
3,1031310,0.0
3,1031310,0.0
3,1031310,0.0
1,1031396,Other
1,1031396,0.0
1,1031396,0.0
1,1031396,0.0
1,1031397,0.0
1,1031397,0.0
1,1031397,0.0
1,1031397,0.0
1,1031397,0.0
1,1031397,0.0
1,1031680,0.0
1,1031680,0.0
1,1031680,0.0
1,1031724,0.0
1,1031724,Other
1,1031724,0.0
1,1031724,0.0
1,1031815,Other
1,1031815,0.0
1,1031815,0.0
1,1031815,0.0
Other,1031932,0.0
6,1031970,0.0
3,1031984,0.0
3,1031984,0.0
3,1031984,0.0
3,1031984,0.0
1,1032076,0.0
1,1032076,0.0
1,1032140,0.0
1,1032140,0.0
1,1032140,0.0
1,1032140,0.0
6,1032252,0.0
1,1032265,0.0
1,1032265,0.0
1,1032265,0.0
1,1032658,0.0
1,1032658,0.0
1,1032658,0.0
1,1032658,0.0
1,1032658,0.0
1,1032658,0.0
1,1032658,0.0
1,1032658,0.0
1,1032658,0.0
1,1032718,0.0
1,1032718,0.0
1,1032718,0.0
1,1032718,0.0
2,1032728,0.0
2,1032728,0.0
2,1032728,0.0
2,1032728,0.0
2,1032728,0.0
1,1032748,0.0
1,1032748,0.0
1,1032748,Other
1,1032748,0.0
1,1032748,0.0
1,1032748,0.0
6,1032757,0.0
6,1032803,Other
Other,1032840,0.0
Other,1032840,0.0
6,1032918,0.0
Other,1033001,0.0
Other,1033001,0.0
1,1033041,0.0
1,1033041,0.0
1,1033041,0.0
1,1033041,0.0
1,1033041,0.0
1,1033041,0.0
1,1033072,0.0
1,1033072,0.0
1,1033072,0.0
1,1033072,0.0
Other,1033086,0.0
1,1033206,Other
1,1033206,0.0
1,1033206,0.0
1,1033206,0.0
1,1033358,0.0
1,1033358,0.0
1,1033358,0.0
1,1033358,0.0
1,1033373,0.0
1,1033373,0.0
1,1033393,0.0
1,1033393,0.0
1,1033393,Other
1,1033393,0.0
Other,1033477,0.0
3,1033518,0.0
3,1033518,0.0
1,1033724,0.0
1,1033724,0.0
6,1033740,0.0
1,1033752,Other
1,1033752,0.0
1,1033752,0.0
1,1033761,0.0
1,1033761,0.0
1,1033761,0.0
1,1033761,0.0
1,1033761,0.0
1,1033761,0.0
1,1033761,0.0
1,1033761,0.0
1,1033761,0.0
1,1033761,0.0
1,1033948,0.0
1,1033948,0.0
6,1033959,Other
Other,1034034,0.0
Other,1034034,Other
3,1034037,0.0
3,1034037,0.0
3,1034037,0.0
1,1034064,0.0
1,1034064,0.0
1,1034064,0.0
1,1034064,0.0
1,1034215,0.0
1,1034215,0.0
1,1034215,0.0
1,1034215,0.0
1,1034215,0.0
3,1034404,0.0
3,1034404,0.0
Other,1034522,0.0
Other,1034522,0.0
1,1034658,0.0
1,1034658,0.0
1,1034658,0.0
1,1034658,0.0
1,1034658,0.0
Other,1034676,0.0
Other,1034676,0.0
Other,1034676,0.0
6,1034758,Other
1,1034761,0.0
1,1034761,0.0
Other,1034769,0.0
2,1034810,0.0
2,1034810,0.0
2,1034810,0.0
2,1034810,0.0
1,1034872,0.0
1,1034872,0.0
1,1034872,0.0
1,1034872,0.0
2,1034939,0.0
2,1034939,0.0
2,1034939,0.0
6,1034947,Other
6,1034966,0.0
1,1035007,0.0
1,1035007,0.0
1,1035007,0.0
1,1035007,0.0
1,1035007,0.0
1,1035079,0.0
1,1035079,0.0
3,1035162,0.0
3,1035162,0.0
3,1035162,0.0
3,1035162,0.0
3,1035162,0.0
3,1035226,0.0
3,1035226,0.0
3,1035226,Other
3,1035226,Other
1,1035364,0.0
1,1035364,0.0
1,1035364,0.0
1,1035364,0.0
1,1035465,0.0
1,1035465,0.0
1,1035465,0.0
1,1035465,0.0
Other,1035478,0.0
1,1035596,0.0
1,1035596,Other
6,1035642,0.0
3,1035686,0.0
3,1035686,0.0
Other,1035755,0.0
3,1035859,0.0
3,1035859,0.0
3,1035859,0.0
3,1035859,0.0
Other,1035875,Other
2,1035911,0.0
2,1035911,0.0
2,1035911,Other
2,1035911,0.0
2,1035911,0.0
2,1035911,0.0
1,1035961,0.0
1,1035961,0.0
1,1035961,0.0
1,1036108,0.0
1,1036108,0.0
1,1036108,0.0
1,1036140,0.0
1,1036140,0.0
1,1036140,0.0
1,1036140,0.0
1,1036140,0.0
6,1036145,0.0
3,1036195,0.0
3,1036195,0.0
3,1036195,0.0
3,1036195,0.0
3,1036195,0.0
3,1036195,0.0
3,1036195,0.0
3,1036195,0.0
3,1036195,0.0
3,1036271,0.0
3,1036271,Other
3,1036271,0.0
1,1036281,0.0
1,1036281,0.0
1,1036281,0.0
1,1036281,0.0
3,1036287,0.0
3,1036287,0.0
Other,1036366,0.0
Other,1036366,0.0
1,1036394,0.0
1,1036394,0.0
1,1036394,0.0
1,1036394,0.0
1,1036394,0.0
3,1036399,0.0
3,1036399,0.0
3,1036399,0.0
3,1036399,0.0
3,1036399,0.0
1,1036431,Other
1,1036431,Other
1,1036554,0.0
1,1036554,0.0
1,1036554,0.0
1,1036613,0.0
1,1036613,0.0
1,1036613,0.0
1,1036613,0.0
3,1036647,0.0
3,1036647,0.0
3,1036647,0.0
6,1036726,0.0
3,1036795,Other
3,1036795,0.0
1,1036835,0.0
1,1036835,0.0
Other,1036856,0.0
Other,1036856,0.0
1,1036977,0.0
1,1036977,0.0
1,1036977,0.0
1,1036977,0.0
1,1036977,0.0
3,1037076,0.0
3,1037076,0.0
3,1037150,0.0
3,1037150,0.0
Other,1037190,0.0
1,1037192,0.0
1,1037192,0.0
1,1037192,0.0
1,1037192,0.0
1,1037192,0.0
1,1037330,0.0
1,1037330,0.0
1,1037330,0.0
1,1037330,0.0
1,1037362,0.0
1,1037362,0.0
Other,1037440,0.0
6,1037444,0.0
1,1037447,0.0
1,1037447,0.0
1,1037447,0.0
3,1037614,0.0
3,1037614,Other
Other,1037642,0.0
3,1037686,0.0
3,1037686,0.0
3,1037686,0.0
3,1037686,0.0
1,1037707,0.0
1,1037707,0.0
1,1037730,0.0
1,1037730,0.0
1,1037730,0.0
1,1037730,0.0
1,1037805,0.0
1,1037805,0.0
1,1037805,0.0
1,1037805,0.0
1,1037805,0.0
1,1037805,0.0
3,1037865,0.0
3,1037865,0.0
1,1037890,Other
1,1037890,0.0
1,1037890,0.0
1,1037890,0.0
1,1037890,0.0
1,1037890,0.0
1,1037904,0.0
1,1037904,0.0
1,1037904,0.0
1,1037960,0.0
1,1037960,0.0
1,1037960,0.0
1,1037964,0.0
1,1037964,0.0
6,1037967,Other
6,1038024,0.0
Other,1038037,0.0
Other,1038037,0.0
6,1038116,0.0
1,1038124,0.0
1,1038124,0.0
1,1038124,0.0
Other,1038174,Other
Other,1038174,0.0
6,1038227,0.0
3,1038236,0.0
3,1038236,0.0
3,1038236,0.0
3,1038236,0.0
3,1038236,0.0
1,1038248,0.0
1,1038248,0.0
6,1038279,0.0
1,1038389,0.0
1,1038389,0.0
1,1038389,0.0
1,1038389,0.0
1,1038389,0.0
1,1038419,0.0
1,1038419,0.0
1,1038431,0.0
1,1038431,0.0
1,1038431,0.0
1,1038431,0.0
2,1038452,0.0
2,1038452,0.0
2,1038452,0.0
2,1038452,0.0
2,1038452,0.0
2,1038452,0.0
6,1038477,Other
6,1038536,Other
3,1038571,0.0
3,1038571,0.0
3,1038571,0.0
Other,1038615,0.0
Other,1038615,0.0
1,1038719,Other
1,1038719,0.0
1,1038719,0.0
1,1038719,0.0
1,1038726,0.0
1,1038726,0.0
1,1038726,0.0
1,1038726,0.0
Other,1038995,0.0
6,1039005,0.0
6,1039056,0.0
Other,1039063,0.0
Other,1039063,0.0
Other,1039067,0.0
Other,1039192,0.0
1,1039211,0.0
1,1039211,0.0
1,1039211,0.0
1,1039211,0.0
1,1039211,0.0
1,1039211,0.0
3,1039238,0.0
3,1039238,0.0
3,1039238,0.0
3,1039238,0.0
Other,1039250,0.0
Other,1039282,0.0
Other,1039333,0.0
Other,1039342,0.0
3,1039383,0.0
3,1039383,0.0
1,1039425,0.0
1,1039425,0.0
Other,1039536,0.0
1,1039601,0.0
1,1039601,0.0
1,1039601,0.0
1,1039601,0.0
Other,1039667,0.0
6,1039902,0.0
Other,1039967,0.0
3,1039979,0.0
3,1039979,0.0
1,1040017,0.0
1,1040017,0.0
1,1040017,0.0
1,1040017,0.0
Other,1040126,0.0
Other,1040126,0.0
1,1040142,0.0
1,1040142,0.0
2,1040174,0.0
2,1040174,0.0
2,1040174,0.0
2,1040174,0.0
2,1040174,0.0
6,1040183,0.0
1,1040203,0.0
1,1040203,0.0
1,1040203,0.0
1,1040203,0.0
1,1040203,0.0
1,1040203,0.0
1,1040203,0.0
1,1040249,0.0
1,1040249,0.0
1,1040249,0.0
1,1040249,0.0
1,1040249,0.0
1,1040249,0.0
3,1040354,0.0
3,1040354,0.0
1,1040426,0.0
1,1040426,0.0
1,1040426,0.0
1,1040426,0.0
1,1040429,0.0
1,1040429,0.0
1,1040429,0.0
1,1040429,0.0
Other,1040471,0.0
6,1040514,0.0
1,1040523,0.0
1,1040523,0.0
Other,1040591,0.0
Other,1040591,0.0
Other,1040591,0.0
Other,1040591,0.0
Other,1040591,0.0
6,1040780,0.0
2,1040972,0.0
2,1040972,0.0
1,1041113,Other
1,1041113,Other
1,1041113,0.0
1,1041113,0.0
Other,1041298,0.0
Other,1041307,0.0
Other,1041307,0.0
Other,1041307,0.0
2,1041352,0.0
2,1041352,0.0
2,1041352,0.0
2,1041352,0.0
2,1041352,0.0
2,1041352,Other
2,1041352,0.0
1,1041399,Other
1,1041399,0.0
3,1041446,0.0
3,1041446,0.0
3,1041446,0.0
3,1041446,0.0
3,1041446,0.0
3,1041446,0.0
3,1041480,0.0
3,1041480,0.0
3,1041480,0.0
3,1041480,0.0
3,1041480,0.0
3,1041561,0.0
3,1041561,0.0
3,1041561,0.0
Other,1041611,0.0
1,1041703,0.0
1,1041703,0.0
1,1041703,0.0
1,1041703,0.0
1,1041765,0.0
1,1041765,0.0
1,1041765,0.0
1,1041765,0.0
1,1041765,0.0
3,1041781,0.0
3,1041781,0.0
3,1041828,0.0
3,1041828,0.0
6,1041841,Other
1,1041844,0.0
1,1041844,0.0
1,1041844,0.0
1,1041928,0.0
1,1041928,0.0
1,1041928,0.0
Other,1041985,0.0
Other,1041985,0.0
6,1042000,0.0
2,1042052,0.0
2,1042052,0.0
2,1042052,0.0
2,1042052,0.0
1,1042067,Other
1,1042067,Other
6,1042196,0.0
6,1042225,Other
6,1042318,0.0
3,1042439,0.0
3,1042439,0.0
1,1042554,0.0
1,1042554,0.0
1,1042554,0.0
1,1042554,0.0
1,1042554,0.0
1,1042554,0.0
1,1042657,0.0
1,1042657,0.0
1,1042657,0.0
1,1042657,0.0
1,1042657,0.0
1,1042687,0.0
1,1042687,0.0
1,1042687,0.0
6,1042706,Other
3,1042710,0.0
3,1042710,0.0
1,1042758,0.0
1,1042758,0.0
Other,1042766,0.0
3,1042781,0.0
3,1042781,0.0
3,1042781,0.0
2,1042908,0.0
2,1042908,0.0
Other,1042967,Other
1,1043019,Other
1,1043019,0.0
1,1043039,0.0
1,1043039,0.0
1,1043039,0.0
1,1043039,0.0
6,1043065,Other
Other,1043150,0.0
Other,1043150,0.0
6,1043151,0.0
6,1043155,0.0
6,1043183,0.0
3,1043217,0.0
3,1043217,0.0
3,1043286,0.0
3,1043286,0.0
1,1043349,0.0
1,1043349,0.0
6,1043373,0.0
6,1043409,0.0
1,1043436,0.0
1,1043436,0.0
1,1043436,0.0
1,1043436,0.0
1,1043465,0.0
1,1043465,0.0
1,1043465,0.0
1,1043465,0.0
1,1043465,0.0
3,1043496,0.0
3,1043496,0.0
3,1043519,0.0
3,1043519,0.0
1,1043589,0.0
1,1043589,0.0
1,1043589,0.0
1,1043589,0.0
3,1043622,0.0
3,1043622,0.0
3,1043622,0.0
3,1043692,0.0
3,1043692,0.0
3,1043692,0.0
1,1043702,0.0
1,1043702,0.0
1,1043702,0.0
2,1043720,0.0
2,1043720,0.0
3,1043724,0.0
3,1043724,0.0
1,1043766,0.0
1,1043766,0.0
1,1043766,0.0
1,1043766,0.0
Other,1043835,0.0
Other,1043984,0.0
Other,1043984,0.0
2,1043988,0.0
2,1043988,0.0
Other,1043997,0.0
Other,1043997,Other
1,1044078,0.0
1,1044078,0.0
1,1044078,0.0
1,1044078,0.0
1,1044104,Other
1,1044104,0.0
2,1044134,Other
2,1044134,0.0
6,1044188,0.0
6,1044199,0.0
1,1044209,Other
1,1044209,Other
1,1044212,0.0
1,1044212,0.0
1,1044265,0.0
1,1044265,0.0
1,1044265,0.0
1,1044265,0.0
1,1044386,0.0
1,1044386,0.0
1,1044386,0.0
1,1044403,0.0
1,1044403,0.0
6,1044411,Other
1,1044413,0.0
1,1044413,Other
1,1044413,0.0
1,1044435,0.0
1,1044435,0.0
1,1044435,0.0
1,1044435,0.0
1,1044435,0.0
1,1044435,0.0
1,1044435,0.0
1,1044435,0.0
1,1044435,0.0
Other,1044451,0.0
3,1044454,0.0
3,1044454,0.0
3,1044454,0.0
3,1044454,0.0
3,1044454,0.0
3,1044454,0.0
1,1044505,0.0
1,1044505,0.0
1,1044506,Other
1,1044506,Other
1,1044506,0.0
1,1044572,0.0
1,1044572,0.0
6,1044665,0.0
1,1044668,0.0
1,1044668,0.0
1,1044668,0.0
1,1044668,0.0
1,1044668,0.0
6,1044757,0.0
6,1044764,0.0
1,1044896,0.0
1,1044896,0.0
1,1044896,0.0
1,1044896,0.0
6,1044930,Other
6,1044985,Other
6,1045075,0.0
Other,1045092,0.0
Other,1045092,0.0
6,1045114,0.0
1,1045249,Other
1,1045249,0.0
Other,1045290,0.0
Other,1045290,0.0
1,1045342,0.0
1,1045342,0.0
1,1045342,0.0
1,1045342,0.0
6,1045354,0.0
3,1045377,0.0
3,1045377,0.0
3,1045377,0.0
6,1045471,Other
6,1045479,0.0
6,1045481,0.0
1,1045522,0.0
1,1045522,0.0
1,1045522,0.0
1,1045522,0.0
1,1045522,0.0
1,1045522,0.0
1,1045522,0.0
1,1045522,0.0
1,1045522,0.0
1,1045522,0.0
1,1045522,0.0
1,1045522,0.0
3,1045664,0.0
3,1045664,0.0
1,1045671,0.0
1,1045671,0.0
1,1045671,0.0
1,1045671,0.0
1,1045671,0.0
1,1045720,0.0
1,1045720,0.0
1,1045720,0.0
1,1045720,0.0
Other,1045817,0.0
1,1045844,0.0
1,1045844,0.0
Other,1045963,0.0
Other,1045963,0.0
1,1045983,0.0
1,1045983,0.0
1,1046172,Other
1,1046172,0.0
1,1046179,Other
1,1046179,Other
1,1046179,0.0
1,1046179,0.0
1,1046179,0.0
1,1046179,0.0
1,1046179,0.0
1,1046179,0.0
1,1046179,0.0
6,1046282,0.0
3,1046289,0.0
3,1046289,0.0
3,1046289,0.0
1,1046294,Other
1,1046294,Other
Other,1046307,Other
Other,1046307,Other
6,1046317,0.0
6,1046357,0.0
1,1046393,0.0
1,1046393,0.0
1,1046393,0.0
6,1046455,0.0
6,1046681,Other
6,1046699,0.0
1,1046718,0.0
1,1046718,0.0
1,1046718,0.0
1,1046718,0.0
3,1046728,0.0
3,1046728,0.0
3,1046728,0.0
Other,1046811,0.0
Other,1046844,Other
Other,1046844,0.0
2,1046867,0.0
2,1046867,0.0
2,1046867,0.0
2,1046867,0.0
2,1046867,0.0
2,1046867,0.0
2,1046867,0.0
Other,1046874,0.0
1,1046903,0.0
1,1046903,0.0
1,1046903,0.0
1,1046903,0.0
Other,1046973,Other
2,1047018,Other
2,1047018,0.0
1,1047075,0.0
1,1047075,0.0
1,1047075,0.0
3,1047101,0.0
3,1047101,0.0
3,1047101,0.0
3,1047101,0.0
1,1047129,Other
1,1047129,0.0
1,1047129,0.0
1,1047129,0.0
Other,1047167,Other
Other,1047212,0.0
Other,1047212,0.0
6,1047439,0.0
1,1047477,0.0
1,1047477,0.0
1,1047477,0.0
1,1047477,0.0
Other,1047532,0.0
Other,1047532,0.0
1,1047555,0.0
1,1047555,0.0
1,1047555,0.0
1,1047555,0.0
1,1047729,0.0
1,1047729,0.0
1,1047737,0.0
1,1047737,0.0
Other,1047803,0.0
Other,1047830,Other
Other,1047830,0.0
Other,1047850,0.0
Other,1047850,0.0
Other,1047862,0.0
1,1047884,0.0
1,1047884,0.0
6,1047956,Other
1,1047960,0.0
1,1047960,0.0
2,1047976,0.0
2,1047976,0.0
2,1047976,0.0
6,1047983,0.0
3,1048006,0.0
3,1048006,0.0
3,1048006,0.0
3,1048006,0.0
3,1048006,0.0
3,1048027,0.0
3,1048027,0.0
Other,1048034,0.0
6,1048088,0.0
Other,1048114,Other
6,1048156,Other
1,1048177,0.0
1,1048177,0.0
1,1048177,0.0
1,1048177,0.0
1,1048177,0.0
1,1048177,0.0
1,1048177,0.0
Other,1048236,0.0
Other,1048356,0.0
1,1048404,0.0
1,1048404,0.0
1,1048404,0.0
1,1048442,Other
1,1048442,0.0
1,1048503,0.0
1,1048503,0.0
1,1048515,0.0
1,1048515,0.0
1,1048515,0.0
1,1048515,0.0
1,1048515,0.0
1,1048515,0.0
3,1048521,0.0
3,1048521,0.0
3,1048521,0.0
Other,1048539,0.0
1,1048607,0.0
1,1048607,0.0
1,1048607,0.0
1,1048653,Other
1,1048653,Other
1,1048653,0.0
1,1048653,0.0
1,1048681,0.0
1,1048681,0.0
1,1048681,0.0
3,1048709,0.0
3,1048709,0.0
3,1048709,0.0
3,1048709,0.0
1,1048785,0.0
1,1048785,0.0
1,1048785,0.0
6,1048897,0.0
6,1048970,0.0
1,1048982,0.0
1,1048982,0.0
1,1048982,0.0
1,1048982,0.0
Other,1049047,0.0
1,1049101,0.0
1,1049101,0.0
1,1049101,0.0
1,1049101,0.0
Other,1049228,0.0
1,1049288,0.0
1,1049288,0.0
1,1049288,0.0
1,1049300,0.0
1,1049300,0.0
1,1049300,0.0
1,1049342,0.0
1,1049342,0.0
1,1049398,0.0
1,1049398,0.0
1,1049398,0.0
1,1049398,0.0
1,1049398,0.0
1,1049398,0.0
1,1049398,0.0
2,1049416,0.0
2,1049416,0.0
2,1049416,0.0
2,1049416,0.0
1,1049499,0.0
1,1049499,0.0
1,1049499,0.0
1,1049499,0.0
1,1049499,0.0
1,1049499,0.0
1,1049499,0.0
1,1049499,0.0
1,1049499,0.0
1,1049499,0.0
6,1049707,0.0
6,1049794,0.0
6,1049929,0.0
1,1050077,0.0
1,1050077,0.0
Other,1050100,Other
Other,1050100,0.0
Other,1050100,0.0
1,1050193,0.0
1,1050193,0.0
1,1050193,0.0
6,1050366,0.0
6,1050436,Other
3,1050480,0.0
3,1050480,0.0
3,1050480,0.0
6,1050603,0.0
3,1050703,Other
3,1050703,0.0
3,1050703,0.0
Other,1050707,0.0
6,1050718,0.0
1,1050784,0.0
1,1050784,0.0
1,1050784,0.0
1,1050784,0.0
Other,1050854,0.0
Other,1050939,0.0
3,1050978,0.0
3,1050978,0.0
6,1050986,0.0
6,1051070,0.0
Other,1051071,0.0
Other,1051071,0.0
Other,1051071,0.0
3,1051077,0.0
3,1051077,0.0
3,1051077,0.0
3,1051095,Other
3,1051095,0.0
2,1051245,0.0
2,1051245,0.0
2,1051245,0.0
2,1051245,0.0
2,1051245,0.0
Other,1051276,0.0
Other,1051276,0.0
6,1051300,0.0
Other,1051365,0.0
Other,1051365,0.0
6,1051395,0.0
2,1051483,0.0
2,1051483,0.0
1,1051596,0.0
1,1051596,0.0
1,1051664,Other
1,1051664,0.0
3,1051677,0.0
3,1051677,0.0
3,1051677,0.0
3,1051677,0.0
3,1051677,0.0
6,1051682,Other
1,1051715,0.0
1,1051715,0.0
1,1051715,0.0
1,1051717,0.0
1,1051717,0.0
1,1051717,0.0
1,1051717,0.0
6,1051779,0.0
1,1051950,0.0
1,1051950,0.0
1,1051951,0.0
1,1051951,0.0
1,1052069,0.0
1,1052069,0.0
1,1052069,0.0
3,1052070,0.0
3,1052070,0.0
Other,1052206,Other
1,1052210,0.0
1,1052210,0.0
1,1052210,0.0
1,1052210,0.0
Other,1052234,0.0
3,1052271,0.0
3,1052271,0.0
3,1052271,0.0
3,1052287,0.0
3,1052287,0.0
3,1052287,0.0
3,1052287,0.0
1,1052328,0.0
1,1052328,0.0
1,1052328,0.0
1,1052328,0.0
3,1052425,0.0
3,1052425,0.0
1,1052437,0.0
1,1052437,Other
1,1052437,0.0
3,1052497,0.0
3,1052497,0.0
3,1052497,0.0
3,1052497,0.0
Other,1052508,0.0
Other,1052509,Other
Other,1052509,0.0
Other,1052547,Other
2,1052592,0.0
2,1052592,0.0
2,1052592,0.0
2,1052592,0.0
2,1052592,0.0
2,1052592,0.0
1,1052622,0.0
1,1052622,0.0
1,1052622,0.0
6,1052741,0.0
Other,1052797,0.0
Other,1052797,0.0
3,1052798,Other
3,1052798,0.0
3,1052798,0.0
3,1052798,0.0
1,1052933,0.0
1,1052933,0.0
1,1052933,0.0
1,1052933,0.0
3,1053013,0.0
3,1053013,0.0
3,1053061,0.0
3,1053061,0.0
3,1053061,0.0
3,1053061,0.0
Other,1053075,0.0
3,1053194,0.0
3,1053194,0.0
3,1053194,0.0
3,1053194,0.0
3,1053194,0.0
Other,1053212,Other
Other,1053212,0.0
Other,1053346,0.0
1,1053406,0.0
1,1053406,0.0
1,1053406,0.0
1,1053406,0.0
1,1053406,0.0
1,1053406,0.0
3,1053445,0.0
3,1053445,0.0
1,1053507,0.0
1,1053507,0.0
1,1053507,0.0
1,1053507,0.0
6,1053654,0.0
6,1053663,0.0
3,1053709,0.0
3,1053709,0.0
1,1053776,0.0
1,1053776,0.0
1,1053776,0.0
1,1053776,0.0
6,1053883,0.0
3,1053910,0.0
3,1053910,0.0
1,1053986,0.0
1,1053986,0.0
1,1053986,0.0
1,1053986,0.0
1,1053986,0.0
1,1053986,0.0
1,1054096,Other
1,1054096,Other
1,1054096,0.0
1,1054096,0.0
1,1054188,0.0
1,1054188,0.0
1,1054188,0.0
1,1054188,0.0
1,1054198,0.0
1,1054198,0.0
1,1054198,0.0
1,1054198,0.0
1,1054198,0.0
1,1054198,0.0
1,1054198,0.0
1,1054198,0.0
1,1054198,0.0
1,1054198,0.0
1,1054226,0.0
1,1054226,0.0
1,1054310,Other
1,1054310,0.0
1,1054353,0.0
1,1054353,0.0
1,1054353,0.0
3,1054382,0.0
3,1054382,0.0
3,1054382,0.0
3,1054382,0.0
3,1054382,0.0
Other,1054449,0.0
1,1054567,0.0
1,1054567,0.0
1,1054567,0.0
1,1054567,0.0
1,1054567,0.0
3,1054739,0.0
3,1054739,0.0
2,1054844,0.0
2,1054844,0.0
1,1054862,0.0
1,1054862,0.0
1,1054879,0.0
1,1054879,0.0
1,1054879,0.0
1,1054879,0.0
1,1054879,0.0
1,1054879,0.0
1,1054917,0.0
1,1054917,0.0
1,1054917,0.0
1,1054917,0.0
2,1055005,0.0
2,1055005,0.0
6,1055122,0.0
6,1055127,0.0
6,1055158,0.0
Other,1055236,0.0
Other,1055236,0.0
Other,1055236,0.0
1,1055270,0.0
1,1055270,0.0
Other,1055284,0.0
Other,1055289,0.0
Other,1055289,0.0
1,1055524,0.0
1,1055524,0.0
1,1055524,0.0
1,1055524,0.0
1,1055562,0.0
1,1055562,0.0
1,1055562,0.0
1,1055562,0.0
1,1055572,Other
1,1055572,0.0
1,1055572,0.0
1,1055572,0.0
1,1055572,0.0
1,1055572,0.0
1,1055587,0.0
1,1055587,0.0
3,1055637,0.0
3,1055637,0.0
Other,1055677,0.0
3,1055679,0.0
3,1055679,0.0
6,1055711,0.0
3,1055804,0.0
3,1055804,0.0
3,1055804,0.0
Other,1055969,0.0
Other,1055969,0.0
6,1055982,Other
1,1056022,0.0
1,1056022,0.0
1,1056120,Other
1,1056120,Other
6,1056161,Other
6,1056469,Other
6,1056483,0.0
1,1056554,0.0
1,1056554,0.0
6,1056559,0.0
3,1056571,0.0
3,1056571,0.0
3,1056571,0.0
3,1056571,0.0
3,1056571,0.0
3,1056571,0.0
3,1056571,0.0
Other,1056627,Other
3,1056747,0.0
3,1056747,0.0
3,1056747,0.0
1,1056750,0.0
1,1056750,Other
1,1056750,0.0
1,1056750,0.0
Other,1056782,0.0
Other,1056782,0.0
1,1056804,Other
1,1056804,Other
1,1056804,Other
3,1056811,0.0
3,1056811,0.0
3,1056811,0.0
6,1056884,0.0
1,1056916,0.0
1,1056916,0.0
1,1056916,0.0
1,1056916,0.0
1,1057004,Other
1,1057004,0.0
1,1057004,0.0
1,1057004,0.0
1,1057004,0.0
1,1057009,0.0
1,1057009,0.0
1,1057009,0.0
3,1057025,0.0
3,1057025,0.0
3,1057025,0.0
3,1057085,0.0
3,1057085,0.0
3,1057085,Other
1,1057144,0.0
1,1057144,0.0
1,1057163,0.0
1,1057163,0.0
2,1057196,Other
2,1057196,0.0
1,1057228,Other
1,1057228,0.0
1,1057228,0.0
1,1057228,0.0
3,1057247,0.0
3,1057247,0.0
3,1057247,0.0
3,1057247,0.0
3,1057247,0.0
3,1057250,0.0
3,1057250,0.0
3,1057250,0.0
3,1057250,0.0
1,1057255,0.0
1,1057255,0.0
1,1057255,0.0
1,1057255,0.0
1,1057255,0.0
Other,1057297,0.0
1,1057362,Other
1,1057362,0.0
2,1057379,Other
2,1057379,Other
3,1057443,0.0
3,1057443,0.0
3,1057443,0.0
3,1057443,0.0
6,1057448,0.0
6,1057459,0.0
1,1057461,0.0
1,1057461,0.0
Other,1057475,0.0
Other,1057584,0.0
6,1057613,0.0
3,1057614,0.0
3,1057614,0.0
3,1057614,0.0
3,1057614,0.0
3,1057614,0.0
3,1057614,0.0
Other,1057678,0.0
1,1057699,0.0
1,1057699,0.0
1,1057699,0.0
1,1057699,0.0
Other,1057711,0.0
Other,1057711,0.0
Other,1057760,Other
Other,1057760,Other
Other,1057765,0.0
Other,1057765,0.0
1,1057792,0.0
1,1057792,0.0
1,1057792,0.0
1,1057792,0.0
1,1057815,Other
1,1057815,0.0
1,1057815,0.0
1,1057834,0.0
1,1057834,0.0
1,1057866,0.0
1,1057866,0.0
1,1057866,0.0
1,1057866,0.0
1,1057890,0.0
1,1057890,0.0
3,1057896,0.0
3,1057896,0.0
3,1057896,0.0
3,1057896,0.0
3,1057940,0.0
3,1057940,0.0
3,1057940,0.0
1,1057962,0.0
1,1057962,Other
1,1057962,0.0
1,1057962,0.0
1,1057962,0.0
1,1057962,0.0
Other,1058040,0.0
3,1058194,0.0
3,1058194,0.0
3,1058283,0.0
3,1058283,0.0
3,1058283,0.0
2,1058329,0.0
2,1058329,0.0
2,1058329,0.0
2,1058329,0.0
6,1058351,0.0
1,1058395,0.0
1,1058395,0.0
1,1058395,0.0
1,1058395,0.0
1,1058395,0.0
1,1058423,0.0
1,1058423,0.0
Other,1058495,Other
Other,1058495,0.0
Other,1058495,Other
2,1058496,0.0
2,1058496,0.0
2,1058496,0.0
3,1058562,0.0
3,1058562,0.0
1,1058581,0.0
1,1058581,0.0
1,1058581,0.0
1,1058581,0.0
1,1058581,0.0
1,1058581,0.0
1,1058597,0.0
1,1058597,0.0
1,1058597,0.0
1,1058597,0.0
6,1058652,0.0
1,1058782,0.0
1,1058782,0.0
3,1058800,0.0
3,1058800,0.0
3,1058800,0.0
2,1058804,0.0
2,1058804,0.0
1,1058849,0.0
1,1058849,0.0
1,1058849,0.0
1,1058849,0.0
Other,1058865,0.0
1,1058986,0.0
1,1058986,0.0
1,1059080,0.0
1,1059080,0.0
1,1059080,0.0
1,1059080,0.0
1,1059080,0.0
1,1059080,0.0
1,1059080,0.0
1,1059080,0.0
1,1059080,0.0
1,1059080,0.0
1,1059175,0.0
1,1059175,0.0
1,1059175,0.0
1,1059175,0.0
1,1059175,0.0
1,1059206,0.0
1,1059206,0.0
1,1059206,0.0
6,1059214,0.0
1,1059221,0.0
1,1059221,0.0
1,1059221,0.0
1,1059221,0.0
Other,1059231,0.0
1,1059291,0.0
1,1059291,0.0
1,1059291,0.0
1,1059291,0.0
1,1059291,0.0
1,1059291,0.0
2,1059304,0.0
2,1059304,0.0
1,1059430,0.0
1,1059430,0.0
1,1059430,0.0
Other,1059434,0.0
Other,1059434,0.0
3,1059553,0.0
3,1059553,0.0
3,1059553,0.0
3,1059553,0.0
3,1059553,0.0
3,1059659,0.0
3,1059659,0.0
3,1059659,0.0
3,1059659,0.0
3,1059659,0.0
3,1059659,0.0
3,1059689,0.0
3,1059689,0.0
3,1059689,0.0
3,1059690,0.0
3,1059690,0.0
3,1059690,0.0
6,1059774,0.0
6,1059801,0.0
1,1059803,Other
1,1059803,0.0
Other,1059858,0.0
Other,1059858,0.0
Other,1059917,Other
Other,1059917,Other
1,1059921,Other
1,1059921,0.0
1,1059921,0.0
1,1059936,0.0
1,1059936,0.0
6,1060041,0.0
6,1060042,Other
6,1060047,0.0
6,1060114,0.0
3,1060161,0.0
3,1060161,0.0
3,1060196,0.0
3,1060196,0.0
3,1060196,0.0
6,1060214,0.0
6,1060218,0.0
6,1060219,0.0
1,1060236,0.0
1,1060236,0.0
1,1060236,0.0
3,1060247,0.0
3,1060247,0.0
Other,1060325,0.0
Other,1060325,0.0
Other,1060325,0.0
Other,1060325,0.0
Other,1060325,0.0
Other,1060325,0.0
1,1060440,Other
1,1060440,0.0
Other,1060449,0.0
Other,1060449,0.0
6,1060509,0.0
3,1060561,0.0
3,1060561,0.0
3,1060561,0.0
6,1060584,0.0
6,1060594,Other
Other,1060701,0.0
1,1060736,Other
1,1060736,Other
3,1060869,0.0
3,1060869,0.0
3,1060869,0.0
3,1060927,0.0
3,1060927,0.0
6,1060934,0.0
1,1060949,0.0
1,1060949,0.0
1,1060949,0.0
2,1060982,0.0
2,1060982,0.0
Other,1061050,0.0
Other,1061050,0.0
6,1061083,0.0
2,1061188,0.0
2,1061188,0.0
1,1061217,0.0
1,1061217,0.0
1,1061217,0.0
Other,1061230,0.0
3,1061371,0.0
3,1061371,0.0
3,1061371,0.0
3,1061394,0.0
3,1061394,0.0
3,1061394,0.0
3,1061394,0.0
1,1061460,0.0
1,1061460,0.0
1,1061460,0.0
1,1061461,0.0
1,1061461,0.0
1,1061516,0.0
1,1061516,0.0
1,1061516,0.0
1,1061516,0.0
1,1061598,0.0
1,1061598,Other
1,1061658,0.0
1,1061658,0.0
1,1061658,0.0
1,1061665,0.0
1,1061665,0.0
1,1061665,0.0
Other,1061701,Other
6,1061735,0.0
1,1061764,0.0
1,1061764,0.0
1,1061764,0.0
1,1061764,0.0
1,1061764,0.0
6,1061769,0.0
Other,1061844,Other
1,1061972,0.0
1,1061972,Other
Other,1062043,0.0
1,1062104,Other
1,1062104,0.0
6,1062106,0.0
6,1062166,0.0
3,1062193,0.0
3,1062193,0.0
3,1062193,0.0
1,1062455,0.0
1,1062455,0.0
1,1062455,0.0
1,1062455,0.0
1,1062455,0.0
1,1062455,0.0
1,1062455,0.0
1,1062455,0.0
1,1062469,0.0
1,1062469,0.0
1,1062469,0.0
3,1062539,0.0
3,1062539,0.0
3,1062539,0.0
3,1062539,0.0
3,1062593,0.0
3,1062593,0.0
3,1062593,0.0
6,1062597,0.0
6,1062604,Other
1,1062673,0.0
1,1062673,0.0
1,1062673,0.0
1,1062673,0.0
1,1062673,0.0
1,1062802,0.0
1,1062802,0.0
1,1062802,0.0
3,1062838,0.0
3,1062838,0.0
3,1062838,0.0
3,1062838,0.0
Other,1062852,0.0
1,1062873,0.0
1,1062873,0.0
Other,1062879,Other
Other,1062879,0.0
Other,1062907,Other
Other,1062907,0.0
1,1062920,0.0
1,1062920,0.0
1,1062920,0.0
1,1062920,0.0
1,1062920,0.0
1,1062920,0.0
6,1062946,Other
1,1062956,Other
1,1062956,Other
3,1063017,0.0
3,1063017,0.0
3,1063017,0.0
6,1063103,0.0
2,1063148,0.0
2,1063148,0.0
1,1063193,0.0
1,1063193,Other
1,1063193,0.0
6,1063219,0.0
1,1063254,0.0
1,1063254,0.0
1,1063254,0.0
1,1063254,0.0
1,1063315,0.0
1,1063315,0.0
1,1063332,0.0
1,1063332,0.0
1,1063349,0.0
1,1063349,0.0
1,1063349,0.0
3,1063417,0.0
3,1063417,0.0
1,1063486,0.0
1,1063486,0.0
Other,1063567,Other
Other,1063567,0.0
Other,1063591,0.0
3,1063595,0.0
3,1063595,0.0
1,1063606,0.0
1,1063606,0.0
1,1063606,0.0
1,1063606,0.0
1,1063606,0.0
1,1063606,0.0
1,1063637,0.0
1,1063637,Other
1,1063637,0.0
1,1063637,0.0
1,1063637,Other
1,1063637,0.0
3,1063676,0.0
3,1063676,0.0
3,1063676,0.0
6,1063678,0.0
1,1063815,0.0
1,1063815,0.0
1,1063815,0.0
1,1063815,0.0
1,1063831,0.0
1,1063831,0.0
1,1063831,0.0
1,1063831,0.0
Other,1063896,0.0
Other,1063941,Other
1,1063942,Other
1,1063942,0.0
1,1063942,0.0
1,1063942,0.0
1,1064092,0.0
1,1064092,0.0
1,1064092,0.0
6,1064099,0.0
1,1064159,0.0
1,1064159,0.0
3,1064244,Other
3,1064244,0.0
3,1064244,0.0
3,1064292,Other
3,1064292,0.0
3,1064292,0.0
3,1064292,0.0
3,1064292,0.0
3,1064292,0.0
6,1064300,Other
6,1064458,0.0
6,1064461,0.0
3,1064520,0.0
3,1064520,0.0
1,1064524,Other
1,1064524,Other
1,1064524,0.0
1,1064524,0.0
Other,1064611,Other
Other,1064797,0.0
1,1064830,0.0
1,1064830,0.0
1,1064830,0.0
1,1064830,0.0
1,1064830,0.0
3,1064843,0.0
3,1064843,0.0
3,1064843,0.0
3,1064843,0.0
1,1064869,0.0
1,1064869,Other
1,1064869,0.0
1,1064869,0.0
1,1064869,0.0
6,1064992,Other
6,1065017,0.0
1,1065111,0.0
1,1065111,0.0
1,1065111,0.0
1,1065111,0.0
1,1065111,0.0
1,1065111,0.0
1,1065131,0.0
1,1065131,0.0
1,1065134,0.0
1,1065134,0.0
1,1065157,0.0
1,1065157,0.0
3,1065253,0.0
3,1065253,0.0
2,1065270,0.0
2,1065270,0.0
2,1065270,0.0
2,1065270,0.0
3,1065279,0.0
3,1065279,0.0
3,1065279,0.0
3,1065460,0.0
3,1065460,0.0
3,1065460,0.0
3,1065684,0.0
3,1065684,0.0
3,1065684,0.0
1,1065752,Other
1,1065752,0.0
1,1065752,0.0
Other,1065783,0.0
Other,1065783,0.0
Other,1065783,0.0
Other,1065783,0.0
3,1065891,0.0
3,1065891,0.0
3,1065891,0.0
1,1065949,Other
1,1065949,0.0
1,1065949,0.0
1,1065949,0.0
6,1065997,0.0
6,1066001,0.0
6,1066080,0.0
Other,1066115,Other
1,1066188,0.0
1,1066188,0.0
1,1066188,0.0
1,1066188,0.0
1,1066276,0.0
1,1066276,Other
1,1066276,0.0
1,1066276,0.0
1,1066358,0.0
1,1066358,0.0
1,1066358,0.0
1,1066358,0.0
1,1066358,0.0
1,1066358,0.0
1,1066387,Other
1,1066387,Other
1,1066387,0.0
1,1066387,0.0
Other,1066415,0.0
6,1066446,0.0
3,1066555,0.0
3,1066555,0.0
3,1066555,0.0
3,1066555,0.0
6,1066557,0.0
3,1066568,0.0
3,1066568,0.0
2,1066612,0.0
2,1066612,0.0
2,1066612,0.0
Other,1066641,0.0
1,1066664,0.0
1,1066664,0.0
3,1066675,0.0
3,1066675,0.0
1,1066699,0.0
1,1066699,0.0
1,1066699,0.0
3,1066703,0.0
3,1066703,0.0
3,1066703,0.0
3,1066703,0.0
Other,1066736,0.0
1,1066798,0.0
1,1066798,0.0
1,1066798,0.0
1,1066798,0.0
1,1066798,0.0
1,1066798,0.0
1,1066798,0.0
6,1066884,0.0
1,1066912,0.0
1,1066912,0.0
1,1066912,0.0
1,1066912,0.0
Other,1066937,Other
Other,1066937,0.0
Other,1066962,0.0
1,1067026,0.0
1,1067026,0.0
2,1067056,0.0
2,1067056,0.0
2,1067056,0.0
Other,1067073,0.0
6,1067077,0.0
3,1067107,0.0
3,1067107,0.0
3,1067107,0.0
3,1067250,0.0
3,1067250,0.0
6,1067256,0.0
Other,1067264,0.0
6,1067281,Other
1,1067353,0.0
1,1067353,0.0
1,1067353,0.0
1,1067353,0.0
Other,1067413,0.0
Other,1067413,0.0
3,1067460,0.0
3,1067460,0.0
3,1067460,0.0
3,1067460,0.0
Other,1067461,0.0
Other,1067461,0.0
1,1067590,0.0
1,1067590,0.0
3,1067630,0.0
3,1067630,0.0
3,1067630,0.0
Other,1067637,Other
1,1067824,0.0
1,1067824,0.0
1,1067824,0.0
Other,1067930,0.0
1,1068056,0.0
1,1068056,0.0
1,1068056,0.0
1,1068056,0.0
1,1068056,0.0
1,1068056,0.0
1,1068056,0.0
1,1068056,0.0
1,1068056,0.0
1,1068056,0.0
Other,1068062,0.0
Other,1068107,0.0
Other,1068107,0.0
3,1068176,0.0
3,1068176,0.0
Other,1068268,Other
6,1068286,0.0
Other,1068361,0.0
Other,1068361,0.0
1,1068387,0.0
1,1068387,0.0
1,1068387,0.0
1,1068387,0.0
Other,1068429,Other
6,1068568,0.0
3,1068774,0.0
3,1068774,0.0
3,1068774,0.0
3,1068855,0.0
3,1068855,0.0
3,1068857,0.0
3,1068857,0.0
1,1068865,0.0
1,1068865,0.0
2,1068926,0.0
2,1068926,0.0
2,1068926,0.0
Other,1068946,Other
Other,1068946,0.0
Other,1068946,0.0
1,1069009,0.0
1,1069009,0.0
Other,1069039,0.0
Other,1069039,0.0
Other,1069039,0.0
3,1069107,0.0
3,1069107,0.0
1,1069159,0.0
1,1069159,0.0
1,1069159,0.0
1,1069159,0.0
6,1069274,Other
Other,1069294,0.0
Other,1069294,0.0
1,1069407,0.0
1,1069407,0.0
1,1069407,0.0
1,1069407,0.0
Other,1069410,Other
3,1069423,0.0
3,1069423,0.0
Other,1069491,0.0
Other,1069491,0.0
1,1069544,0.0
1,1069544,0.0
1,1069544,0.0
1,1069544,0.0
Other,1069551,Other
6,1069606,0.0
Other,1069657,0.0
1,1069747,0.0
1,1069747,0.0
6,1069855,0.0
2,1069893,0.0
2,1069893,0.0
1,1069952,Other
1,1069952,0.0
1,1069952,Other
1,1069952,0.0
Other,1069987,0.0
Other,1069987,0.0
Other,1069991,0.0
3,1070067,0.0
3,1070067,0.0
3,1070067,0.0
1,1070080,0.0
1,1070080,0.0
1,1070080,0.0
1,1070080,0.0
1,1070080,0.0
1,1070130,0.0
1,1070130,0.0
1,1070130,0.0
1,1070130,0.0
6,1070143,0.0
6,1070258,0.0
1,1070275,0.0
1,1070275,0.0
3,1070281,0.0
3,1070281,0.0
2,1070285,0.0
2,1070285,0.0
2,1070285,0.0
1,1070287,0.0
1,1070287,0.0
6,1070325,0.0
1,1070339,0.0
1,1070339,0.0
1,1070339,0.0
1,1070339,0.0
3,1070366,0.0
3,1070366,0.0
Other,1070422,0.0
Other,1070422,0.0
6,1070444,0.0
6,1070452,0.0
2,1070460,0.0
2,1070460,0.0
2,1070460,0.0
2,1070460,0.0
1,1070505,Other
1,1070505,Other
6,1070512,0.0
Other,1070715,0.0
6,1070758,Other
1,1070808,0.0
1,1070808,0.0
3,1070814,0.0
3,1070814,0.0
3,1070814,0.0
1,1070846,Other
1,1070846,Other
1,1070846,0.0
1,1070846,0.0
1,1070865,0.0
1,1070865,0.0
6,1070877,0.0
6,1070970,0.0
1,1070971,0.0
1,1070971,0.0
1,1070971,0.0
2,1070997,0.0
2,1070997,0.0
2,1070997,0.0
1,1071036,0.0
1,1071036,0.0
1,1071040,0.0
1,1071040,0.0
1,1071040,0.0
1,1071040,0.0
1,1071060,Other
1,1071060,Other
1,1071176,Other
1,1071176,0.0
1,1071176,0.0
1,1071176,0.0
6,1071220,0.0
3,1071223,Other
3,1071223,0.0
3,1071223,0.0
1,1071254,0.0
1,1071254,0.0
1,1071254,0.0
1,1071254,0.0
1,1071254,0.0
1,1071254,0.0
Other,1071261,0.0
Other,1071262,0.0
1,1071282,0.0
1,1071282,0.0
Other,1071386,0.0
3,1071414,0.0
3,1071414,0.0
1,1071470,Other
1,1071470,0.0
Other,1071555,0.0
3,1071562,0.0
3,1071562,0.0
6,1071569,0.0
1,1071593,0.0
1,1071593,0.0
1,1071593,0.0
1,1071593,0.0
1,1071593,0.0
Other,1071609,0.0
Other,1071609,0.0
1,1071631,0.0
1,1071631,0.0
Other,1071702,0.0
Other,1071702,0.0
Other,1071708,Other
Other,1071708,0.0
Other,1071708,0.0
Other,1071708,0.0
Other,1071708,0.0
1,1071773,0.0
1,1071773,0.0
1,1071773,0.0
3,1071811,0.0
3,1071811,0.0
3,1071839,0.0
3,1071839,0.0
3,1071839,0.0
3,1071839,0.0
Other,1071876,0.0
Other,1071876,0.0
6,1071924,0.0
3,1072033,0.0
3,1072033,0.0
3,1072033,0.0
3,1072033,0.0
3,1072033,0.0
2,1072172,0.0
2,1072172,0.0
2,1072172,0.0
Other,1072220,Other
Other,1072248,0.0
Other,1072286,0.0
6,1072299,Other
1,1072314,0.0
1,1072314,0.0
1,1072323,0.0
1,1072323,0.0
1,1072487,0.0
1,1072487,0.0
1,1072487,0.0
1,1072487,0.0
1,1072487,0.0
1,1072549,0.0
1,1072549,0.0
1,1072599,0.0
1,1072599,0.0
1,1072599,0.0
1,1072599,0.0
1,1072599,0.0
6,1072610,0.0
1,1072626,0.0
1,1072626,0.0
1,1072626,0.0
1,1072626,0.0
1,1072626,0.0
6,1072636,0.0
2,1072666,0.0
2,1072666,0.0
2,1072666,0.0
Other,1072713,0.0
6,1072718,0.0
1,1072747,0.0
1,1072747,Other
1,1072757,Other
1,1072757,0.0
6,1072802,0.0
1,1072927,0.0
1,1072927,0.0
Other,1072966,0.0
Other,1072966,0.0
1,1072968,0.0
1,1072968,0.0
1,1073026,0.0
1,1073026,0.0
1,1073026,0.0
Other,1073155,0.0
Other,1073155,0.0
Other,1073155,0.0
Other,1073155,0.0
1,1073182,0.0
1,1073182,Other
1,1073266,0.0
1,1073266,0.0
6,1073333,0.0
1,1073428,Other
1,1073428,0.0
1,1073428,0.0
1,1073428,0.0
6,1073430,0.0
1,1073473,0.0
1,1073473,0.0
1,1073473,0.0
6,1073604,Other
6,1073648,0.0
6,1073665,Other
Other,1073678,0.0
Other,1073678,0.0
Other,1073757,0.0
1,1073764,0.0
1,1073764,0.0
1,1073764,0.0
Other,1073780,0.0
Other,1073780,0.0
1,1073839,0.0
1,1073839,0.0
1,1073839,0.0
3,1073851,0.0
3,1073851,0.0
3,1073851,0.0
3,1073895,0.0
3,1073895,0.0
3,1073895,0.0
3,1073895,0.0
3,1073895,0.0
1,1073948,0.0
1,1073948,0.0
3,1074060,0.0
3,1074060,0.0
6,1074067,Other
1,1074087,Other
1,1074087,0.0
Other,1074187,0.0
6,1074216,0.0
3,1074249,0.0
3,1074249,0.0
3,1074258,0.0
3,1074258,0.0
2,1074360,0.0
2,1074360,0.0
2,1074360,0.0
1,1074446,0.0
1,1074446,0.0
1,1074446,0.0
1,1074446,0.0
3,1074545,Other
3,1074545,0.0
3,1074545,0.0
Other,1074549,0.0
Other,1074549,0.0
Other,1074549,0.0
1,1074755,0.0
1,1074755,Other
1,1074834,0.0
1,1074834,0.0
1,1074901,0.0
1,1074901,0.0
1,1074901,0.0
1,1074901,0.0
1,1074901,0.0
1,1074901,0.0
1,1074901,0.0
1,1074901,0.0
1,1074901,0.0
1,1074901,0.0
1,1074901,0.0
Other,1074925,0.0
Other,1074925,0.0
2,1074973,0.0
2,1074973,0.0
2,1074973,0.0
2,1074973,0.0
2,1074973,0.0
2,1074973,0.0
6,1075052,0.0
1,1075162,0.0
1,1075162,0.0
1,1075162,0.0
1,1075200,0.0
1,1075200,Other
1,1075497,0.0
1,1075497,0.0
1,1075497,0.0
1,1075497,0.0
Other,1075629,0.0
Other,1075629,0.0
6,1075727,0.0
1,1075736,0.0
1,1075736,0.0
1,1075736,0.0
1,1075736,0.0
Other,1075802,0.0
2,1075830,Other
2,1075830,Other
1,1075862,0.0
1,1075862,0.0
2,1076001,0.0
2,1076001,Other
Other,1076008,0.0
Other,1076008,0.0
Other,1076130,0.0
Other,1076130,0.0
6,1076173,0.0
1,1076235,Other
1,1076235,Other
1,1076235,0.0
1,1076347,0.0
1,1076347,0.0
1,1076347,0.0
1,1076347,0.0
1,1076347,0.0
1,1076347,0.0
6,1076352,0.0
Other,1076404,0.0
Other,1076404,0.0
Other,1076570,0.0
1,1076573,0.0
1,1076573,0.0
1,1076573,0.0
1,1076573,0.0
1,1076573,0.0
1,1076678,0.0
1,1076678,0.0
1,1076678,0.0
1,1076678,0.0
1,1076723,0.0
1,1076723,0.0
1,1076723,0.0
1,1076723,0.0
1,1076723,0.0
1,1076723,0.0
1,1076723,0.0
1,1076723,0.0
Other,1076861,0.0
Other,1076861,0.0
Other,1076861,0.0
1,1076883,0.0
1,1076883,0.0
1,1076972,0.0
1,1076972,0.0
6,1077003,0.0
6,1077067,0.0
Other,1077080,Other
Other,1077080,0.0
Other,1077117,0.0
Other,1077117,0.0
Other,1077268,0.0
3,1077296,0.0
3,1077296,0.0
3,1077296,0.0
6,1077299,0.0
Other,1077337,0.0
Other,1077337,0.0
1,1077359,0.0
1,1077359,0.0
1,1077359,0.0
1,1077359,0.0
1,1077359,0.0
1,1077359,0.0
1,1077359,0.0
1,1077359,0.0
3,1077467,0.0
3,1077467,0.0
Other,1077514,0.0
Other,1077514,0.0
1,1077573,0.0
1,1077573,0.0
1,1077573,0.0
3,1077580,0.0
3,1077580,0.0
3,1077580,0.0
6,1077733,Other
3,1077802,Other
3,1077802,Other
1,1077971,0.0
1,1077971,0.0
1,1077971,0.0
1,1077971,0.0
1,1078132,0.0
1,1078132,0.0
1,1078132,0.0
1,1078132,0.0
1,1078132,0.0
1,1078132,0.0
1,1078146,0.0
1,1078146,0.0
1,1078146,0.0
1,1078146,0.0
3,1078153,0.0
3,1078153,0.0
3,1078153,0.0
6,1078157,0.0
Other,1078233,Other
Other,1078363,0.0
1,1078504,0.0
1,1078504,0.0
2,1078562,0.0
2,1078562,0.0
2,1078562,0.0
2,1078562,0.0
6,1078565,0.0
3,1078589,0.0
3,1078589,0.0
3,1078592,0.0
3,1078592,0.0
3,1078592,0.0
6,1078618,Other
1,1078643,0.0
1,1078643,0.0
1,1078643,0.0
1,1078643,0.0
3,1078662,0.0
3,1078662,0.0
3,1078782,0.0
3,1078782,0.0
3,1078782,0.0
1,1078834,0.0
1,1078834,0.0
Other,1078861,Other
6,1078868,0.0
1,1078892,0.0
1,1078892,0.0
1,1078922,0.0
1,1078922,0.0
1,1078922,0.0
1,1078922,0.0
1,1078922,0.0
1,1078922,0.0
1,1078922,0.0
6,1078955,0.0
1,1078983,0.0
1,1078983,0.0
1,1078983,0.0
1,1078983,0.0
1,1078994,0.0
1,1078994,0.0
1,1078994,0.0
1,1078994,0.0
1,1078994,0.0
3,1079030,0.0
3,1079030,0.0
1,1079043,0.0
1,1079043,0.0
1,1079145,0.0
1,1079145,0.0
1,1079145,0.0
1,1079145,0.0
1,1079145,0.0
1,1079145,0.0
3,1079161,0.0
3,1079161,0.0
1,1079193,0.0
1,1079193,0.0
1,1079193,0.0
1,1079193,0.0
Other,1079230,0.0
Other,1079230,0.0
3,1079232,0.0
3,1079232,0.0
3,1079232,0.0
Other,1079335,0.0
1,1079353,0.0
1,1079353,Other
1,1079440,0.0
1,1079440,0.0
1,1079526,Other
1,1079526,0.0
1,1079580,0.0
1,1079580,0.0
1,1079642,Other
1,1079642,Other
6,1079655,0.0
3,1079656,0.0
3,1079656,0.0
3,1079656,Other
3,1079656,0.0
3,1079656,0.0
1,1079774,0.0
1,1079774,0.0
1,1079774,0.0
1,1079774,0.0
1,1079774,0.0
1,1079774,0.0
1,1079863,Other
1,1079863,0.0
1,1079912,0.0
1,1079912,0.0
1,1079990,0.0
1,1079990,0.0
1,1079990,0.0
1,1079990,0.0
1,1079990,0.0
1,1080043,Other
1,1080043,0.0
1,1080043,0.0
1,1080043,0.0
2,1080061,0.0
2,1080061,0.0
2,1080165,Other
2,1080165,0.0
2,1080165,0.0
Other,1080167,Other
1,1080219,Other
1,1080219,0.0
1,1080219,0.0
1,1080219,0.0
1,1080230,0.0
1,1080230,0.0
1,1080230,0.0
1,1080230,0.0
1,1080291,0.0
1,1080291,0.0
1,1080291,0.0
1,1080326,Other
1,1080326,0.0
Other,1080359,Other
Other,1080359,0.0
1,1080388,0.0
1,1080388,0.0
1,1080388,0.0
1,1080388,0.0
1,1080388,0.0
Other,1080397,0.0
Other,1080397,0.0
1,1080420,0.0
1,1080420,0.0
1,1080420,0.0
1,1080420,0.0
1,1080441,Other
1,1080441,0.0
1,1080476,0.0
1,1080476,0.0
1,1080476,0.0
1,1080476,0.0
6,1080531,0.0
Other,1080565,0.0
Other,1080804,Other
Other,1080804,0.0
Other,1080806,0.0
6,1080814,0.0
2,1080822,0.0
2,1080822,0.0
2,1080822,0.0
2,1080822,0.0
1,1080834,0.0
1,1080834,0.0
1,1080834,0.0
1,1080843,Other
1,1080843,0.0
Other,1080876,Other
Other,1080898,0.0
Other,1080923,0.0
Other,1080923,0.0
Other,1080923,0.0
Other,1080923,0.0
1,1081019,0.0
1,1081019,0.0
1,1081019,0.0
6,1081035,0.0
Other,1081051,Other
1,1081070,0.0
1,1081070,0.0
1,1081070,0.0
6,1081086,0.0
Other,1081137,0.0
Other,1081137,0.0
1,1081296,0.0
1,1081296,0.0
Other,1081436,0.0
1,1081437,0.0
1,1081437,0.0
1,1081437,0.0
1,1081437,0.0
1,1081437,0.0
1,1081437,0.0
1,1081437,0.0
1,1081452,0.0
1,1081452,0.0
Other,1081459,0.0
Other,1081459,0.0
Other,1081459,0.0
Other,1081459,0.0
2,1081494,0.0
2,1081494,0.0
2,1081494,0.0
3,1081546,0.0
3,1081546,0.0
3,1081562,0.0
3,1081562,0.0
3,1081562,0.0
3,1081562,0.0
1,1081616,0.0
1,1081616,0.0
1,1081616,0.0
1,1081616,0.0
6,1081652,Other
1,1081705,0.0
1,1081705,Other
1,1081705,0.0
3,1081733,0.0
3,1081733,0.0
3,1081733,0.0
3,1081733,0.0
3,1081733,0.0
3,1081733,0.0
1,1081811,0.0
1,1081811,0.0
1,1081811,0.0
Other,1081885,0.0
3,1081928,0.0
3,1081928,0.0
1,1081940,0.0
1,1081940,0.0
3,1081989,0.0
3,1081989,0.0
3,1081989,0.0
3,1081998,0.0
3,1081998,0.0
3,1081998,0.0
1,1082008,0.0
1,1082008,0.0
1,1082008,0.0
Other,1082075,Other
Other,1082180,0.0
3,1082196,0.0
3,1082196,0.0
3,1082196,0.0
3,1082264,0.0
3,1082264,0.0
3,1082264,0.0
1,1082285,0.0
1,1082285,0.0
1,1082285,0.0
1,1082285,0.0
1,1082295,Other
1,1082295,0.0
1,1082295,0.0
6,1082431,0.0
Other,1082532,0.0
Other,1082532,0.0
Other,1082607,Other
Other,1082607,0.0
3,1082790,0.0
3,1082790,0.0
3,1082790,0.0
1,1082793,0.0
1,1082793,0.0
1,1082836,0.0
1,1082836,0.0
Other,1082863,0.0
Other,1082863,0.0
1,1082884,Other
1,1082884,0.0
1,1083021,Other
1,1083021,Other
1,1083021,0.0
1,1083033,Other
1,1083033,Other
1,1083039,0.0
1,1083039,0.0
Other,1083099,0.0
Other,1083099,0.0
3,1083140,0.0
3,1083140,0.0
3,1083140,0.0
1,1083261,0.0
1,1083261,0.0
Other,1083289,0.0
1,1083294,0.0
1,1083294,0.0
Other,1083332,0.0
1,1083380,0.0
1,1083380,0.0
2,1083451,Other
2,1083451,0.0
6,1083499,0.0
Other,1083577,0.0
Other,1083577,0.0
1,1083604,0.0
1,1083604,0.0
1,1083604,0.0
3,1083728,0.0
3,1083728,0.0
3,1083763,0.0
3,1083763,0.0
3,1083763,0.0
3,1083763,0.0
6,1083789,Other
6,1083804,0.0
Other,1083890,0.0
1,1084045,Other
1,1084045,0.0
1,1084045,0.0
1,1084045,Other
1,1084140,0.0
1,1084140,0.0
1,1084235,0.0
1,1084235,0.0
1,1084235,0.0
1,1084235,0.0
1,1084235,0.0
3,1084338,Other
3,1084338,0.0
3,1084340,0.0
3,1084340,0.0
3,1084340,0.0
3,1084340,0.0
3,1084340,0.0
6,1084367,0.0
6,1084422,0.0
1,1084482,0.0
1,1084482,0.0
1,1084482,0.0
1,1084482,0.0
2,1084506,0.0
2,1084506,0.0
1,1084674,0.0
1,1084674,0.0
1,1084674,0.0
1,1084674,0.0
6,1084765,0.0
1,1084839,0.0
1,1084839,0.0
1,1084839,0.0
1,1084839,0.0
1,1084839,0.0
1,1084839,0.0
1,1084839,0.0
1,1084839,0.0
1,1084839,0.0
1,1084868,Other
1,1084868,0.0
2,1084906,0.0
2,1084906,0.0
2,1084906,0.0
2,1084906,0.0
2,1084906,0.0
Other,1084980,0.0
Other,1084980,0.0
Other,1085009,0.0
Other,1085028,0.0
Other,1085028,0.0
Other,1085028,0.0
Other,1085053,0.0
Other,1085053,0.0
Other,1085134,0.0
Other,1085235,0.0
Other,1085235,0.0
Other,1085235,0.0
Other,1085235,0.0
1,1085339,0.0
1,1085339,0.0
1,1085339,0.0
1,1085339,0.0
1,1085339,0.0
3,1085346,0.0
3,1085346,0.0
3,1085346,0.0
2,1085353,0.0
2,1085353,0.0
2,1085353,0.0
3,1085366,0.0
3,1085366,0.0
3,1085366,0.0
3,1085419,0.0
3,1085419,0.0
3,1085419,0.0
1,1085447,0.0
1,1085447,0.0
3,1085500,0.0
3,1085500,0.0
3,1085500,0.0
3,1085514,0.0
3,1085514,0.0
3,1085514,0.0
3,1085514,0.0
1,1085590,0.0
1,1085590,0.0
1,1085590,0.0
6,1085704,0.0
3,1085712,0.0
3,1085712,0.0
3,1085836,0.0
3,1085836,0.0
3,1085836,0.0
3,1085836,0.0
Other,1085956,0.0
2,1085986,0.0
2,1085986,0.0
2,1085986,0.0
Other,1086047,0.0
6,1086224,0.0
3,1086234,0.0
3,1086234,0.0
3,1086234,0.0
1,1086265,0.0
1,1086265,0.0
1,1086349,Other
1,1086349,0.0
1,1086414,Other
1,1086414,0.0
1,1086414,0.0
1,1086414,0.0
1,1086414,0.0
1,1086414,0.0
1,1086493,Other
1,1086493,0.0
1,1086493,0.0
1,1086493,0.0
1,1086493,0.0
1,1086493,0.0
1,1086548,0.0
1,1086548,0.0
1,1086607,0.0
1,1086607,0.0
1,1086866,0.0
1,1086866,0.0
1,1086866,0.0
1,1086866,0.0
3,1086969,0.0
3,1086969,0.0
1,1087006,Other
1,1087006,0.0
1,1087006,0.0
1,1087046,0.0
1,1087046,0.0
1,1087046,0.0
1,1087046,0.0
1,1087046,0.0
1,1087046,0.0
1,1087054,0.0
1,1087054,0.0
1,1087068,0.0
1,1087068,0.0
1,1087068,0.0
1,1087068,0.0
1,1087068,0.0
1,1087100,0.0
1,1087100,0.0
1,1087117,0.0
1,1087117,0.0
1,1087117,0.0
1,1087117,0.0
1,1087235,0.0
1,1087235,0.0
1,1087235,0.0
1,1087235,0.0
1,1087235,0.0
6,1087267,0.0
2,1087335,0.0
2,1087335,0.0
2,1087335,0.0
2,1087335,0.0
1,1087355,0.0
1,1087355,0.0
6,1087376,0.0
Other,1087384,0.0
1,1087432,0.0
1,1087432,0.0
1,1087432,0.0
1,1087432,0.0
Other,1087497,Other
Other,1087497,0.0
6,1087516,Other
1,1087524,Other
1,1087524,0.0
1,1087524,0.0
1,1087524,0.0
1,1087555,0.0
1,1087555,0.0
1,1087555,0.0
1,1087555,0.0
1,1087555,0.0
3,1087571,Other
3,1087571,0.0
6,1087578,0.0
2,1087605,0.0
2,1087605,0.0
2,1087605,0.0
1,1087624,Other
1,1087624,0.0
6,1087660,0.0
1,1087748,0.0
1,1087748,0.0
1,1087748,0.0
1,1087748,0.0
1,1087750,Other
1,1087750,0.0
1,1087918,0.0
1,1087918,0.0
6,1087935,0.0
1,1087936,Other
1,1087936,0.0
1,1087967,0.0
1,1087967,0.0
1,1087967,0.0
1,1087967,0.0
1,1088027,0.0
1,1088027,0.0
1,1088027,0.0
1,1088027,0.0
1,1088027,0.0
Other,1088089,0.0
Other,1088158,0.0
Other,1088158,0.0
6,1088159,0.0
1,1088223,0.0
1,1088223,0.0
1,1088223,0.0
Other,1088240,0.0
Other,1088240,0.0
Other,1088324,0.0
3,1088337,0.0
3,1088337,0.0
1,1088367,0.0
1,1088367,0.0
1,1088367,0.0
1,1088367,0.0
1,1088422,0.0
1,1088422,0.0
1,1088422,0.0
1,1088422,0.0
1,1088422,0.0
1,1088438,0.0
1,1088438,0.0
3,1088486,0.0
3,1088486,0.0
3,1088486,0.0
Other,1088521,0.0
Other,1088530,0.0
Other,1088530,0.0
6,1088591,0.0
3,1088685,0.0
3,1088685,0.0
3,1088685,0.0
3,1088685,0.0
3,1088685,0.0
3,1088685,0.0
2,1088717,0.0
2,1088717,0.0
2,1088717,0.0
2,1088717,0.0
Other,1088731,0.0
Other,1088731,0.0
Other,1088731,0.0
Other,1088731,0.0
3,1088751,0.0
3,1088751,0.0
6,1088789,0.0
6,1088793,Other
1,1088842,0.0
1,1088842,0.0
6,1088878,0.0
2,1089100,0.0
2,1089100,0.0
2,1089100,0.0
1,1089160,0.0
1,1089160,0.0
Other,1089261,0.0
Other,1089261,0.0
Other,1089287,0.0
Other,1089287,0.0
Other,1089287,0.0
Other,1089498,0.0
3,1089552,Other
3,1089552,0.0
3,1089552,0.0
6,1089610,0.0
1,1089614,0.0
1,1089614,0.0
1,1089614,0.0
1,1089614,0.0
1,1089614,0.0
1,1089614,0.0
3,1089804,0.0
3,1089804,0.0
1,1089805,Other
1,1089805,Other
1,1089805,0.0
3,1089931,0.0
3,1089931,0.0
3,1089931,0.0
Other,1089940,0.0
Other,1089940,0.0
1,1090051,Other
1,1090051,0.0
1,1090051,0.0
1,1090103,0.0
1,1090103,0.0
1,1090136,Other
1,1090136,0.0
Other,1090171,Other
1,1090266,0.0
1,1090266,0.0
1,1090266,0.0
3,1090413,0.0
3,1090413,0.0
3,1090413,0.0
3,1090413,0.0
3,1090413,0.0
3,1090413,0.0
3,1090413,0.0
6,1090533,0.0
1,1090587,Other
1,1090587,0.0
1,1090631,Other
1,1090631,0.0
1,1090631,0.0
1,1090631,0.0
1,1090631,0.0
Other,1090663,0.0
1,1090689,Other
1,1090689,Other
1,1090689,0.0
1,1090689,0.0
6,1090699,0.0
1,1090706,0.0
1,1090706,0.0
1,1090706,0.0
1,1090728,0.0
1,1090728,0.0
6,1090759,0.0
6,1090863,Other
3,1090938,0.0
3,1090938,0.0
3,1090938,0.0
1,1090955,0.0
1,1090955,0.0
1,1090955,0.0
1,1090955,0.0
1,1091001,0.0
1,1091001,0.0
1,1091001,0.0
1,1091001,0.0
3,1091018,0.0
3,1091018,0.0
3,1091018,0.0
6,1091076,Other
1,1091171,Other
1,1091171,0.0
2,1091181,0.0
2,1091181,0.0
6,1091196,0.0
1,1091198,0.0
1,1091198,0.0
1,1091198,0.0
1,1091198,0.0
1,1091215,Other
1,1091215,0.0
1,1091215,0.0
1,1091215,0.0
1,1091215,Other
Other,1091309,Other
Other,1091309,0.0
Other,1091330,0.0
Other,1091330,0.0
6,1091335,Other
Other,1091389,0.0
1,1091412,0.0
1,1091412,0.0
1,1091412,0.0
1,1091412,0.0
1,1091420,0.0
1,1091420,0.0
1,1091420,0.0
1,1091421,0.0
1,1091421,0.0
1,1091457,0.0
1,1091457,0.0
1,1091457,0.0
6,1091526,0.0
6,1091532,0.0
6,1091535,Other
2,1091633,0.0
2,1091633,0.0
2,1091633,0.0
2,1091633,0.0
3,1091637,0.0
3,1091637,0.0
3,1091637,0.0
1,1091646,Other
1,1091646,0.0
1,1091646,0.0
1,1091646,0.0
1,1091734,Other
1,1091734,0.0
1,1091734,0.0
1,1091734,0.0
3,1091854,0.0
3,1091854,0.0
3,1091854,0.0
1,1091863,Other
1,1091863,0.0
1,1091863,0.0
1,1091863,0.0
1,1091863,0.0
1,1091969,0.0
1,1091969,0.0
1,1091969,0.0
1,1091969,0.0
1,1091969,0.0
1,1091969,0.0
1,1091969,0.0
1,1091969,0.0
Other,1092056,0.0
Other,1092056,0.0
1,1092057,0.0
1,1092057,0.0
1,1092057,0.0
1,1092057,0.0
1,1092142,0.0
1,1092142,0.0
1,1092142,0.0
1,1092152,0.0
1,1092152,0.0
1,1092152,0.0
1,1092152,0.0
6,1092158,Other
3,1092217,0.0
3,1092217,0.0
Other,1092375,0.0
Other,1092375,0.0
Other,1092375,0.0
1,1092448,0.0
1,1092448,0.0
1,1092458,0.0
1,1092458,0.0
1,1092458,0.0
3,1092471,Other
3,1092471,0.0
Other,1092525,Other
Other,1092561,0.0
1,1092648,0.0
1,1092648,0.0
1,1092718,0.0
1,1092718,0.0
1,1092718,0.0
1,1092718,0.0
3,1092769,0.0
3,1092769,0.0
3,1092769,0.0
3,1092769,0.0
6,1092840,0.0
Other,1092849,0.0
Other,1092857,0.0
3,1092883,0.0
3,1092883,0.0
1,1092891,Other
1,1092891,0.0
6,1092906,0.0
3,1092923,0.0
3,1092923,0.0
3,1092923,0.0
3,1092973,0.0
3,1092973,0.0
3,1092973,0.0
3,1092973,0.0
3,1092973,0.0
Other,1093093,0.0
Other,1093321,0.0
Other,1093327,0.0
6,1093383,0.0
Other,1093398,Other
Other,1093440,0.0
Other,1093440,0.0
Other,1093442,0.0
6,1093479,0.0
3,1093496,0.0
3,1093496,0.0
3,1093496,0.0
Other,1093528,0.0
Other,1093528,0.0
Other,1093528,0.0
Other,1093528,0.0
Other,1093543,0.0
2,1093581,0.0
2,1093581,0.0
3,1093656,0.0
3,1093656,0.0
3,1093656,0.0
3,1093656,0.0
3,1093656,0.0
3,1093698,0.0
3,1093698,0.0
3,1093698,0.0
3,1093698,0.0
1,1093724,0.0
1,1093724,0.0
1,1093771,0.0
1,1093771,0.0
1,1093771,Other
1,1093772,0.0
1,1093772,0.0
6,1093901,0.0
6,1094069,0.0
2,1094137,Other
2,1094137,0.0
2,1094137,0.0
2,1094137,0.0
2,1094137,0.0
2,1094137,0.0
2,1094137,0.0
6,1094175,0.0
6,1094191,0.0
2,1094271,0.0
2,1094271,0.0
2,1094271,0.0
2,1094271,0.0
Other,1094314,0.0
Other,1094317,0.0
Other,1094317,0.0
3,1094370,0.0
3,1094370,0.0
1,1094429,Other
1,1094429,Other
Other,1094623,0.0
Other,1094655,0.0
1,1094719,0.0
1,1094719,0.0
1,1094719,0.0
6,1094739,0.0
1,1094749,0.0
1,1094749,0.0
1,1094784,Other
1,1094784,0.0
1,1094915,0.0
1,1094915,0.0
1,1094915,0.0
1,1094931,0.0
1,1094931,0.0
1,1094931,0.0
1,1095023,0.0
1,1095023,0.0
1,1095023,0.0
6,1095168,Other
6,1095215,Other
1,1095283,0.0
1,1095283,0.0
3,1095478,0.0
3,1095478,0.0
3,1095478,0.0
1,1095525,0.0
1,1095525,0.0
1,1095525,0.0
1,1095548,0.0
1,1095548,0.0
1,1095548,0.0
1,1095571,0.0
1,1095571,0.0
1,1095571,0.0
1,1095571,0.0
6,1095584,Other
1,1095681,0.0
1,1095681,0.0
1,1095691,0.0
1,1095691,0.0
1,1095691,0.0
1,1095691,0.0
1,1095691,0.0
1,1095691,0.0
1,1095691,0.0
Other,1095694,0.0
Other,1095694,0.0
1,1095706,0.0
1,1095706,0.0
Other,1095720,Other
3,1095818,Other
3,1095818,0.0
6,1096101,0.0
3,1096112,0.0
3,1096112,0.0
6,1096231,0.0
Other,1096250,Other
1,1096302,0.0
1,1096302,0.0
1,1096302,0.0
1,1096324,0.0
1,1096324,0.0
1,1096324,0.0
1,1096324,0.0
1,1096324,0.0
1,1096324,0.0
Other,1096412,0.0
3,1096448,0.0
3,1096448,0.0
3,1096448,0.0
3,1096448,0.0
3,1096448,0.0
6,1096456,0.0
1,1096483,0.0
1,1096483,0.0
1,1096483,0.0
3,1096500,0.0
3,1096500,0.0
3,1096520,0.0
3,1096520,0.0
Other,1096536,0.0
1,1096593,0.0
1,1096593,0.0
1,1096593,0.0
1,1096606,0.0
1,1096606,0.0
1,1096606,0.0
1,1096606,0.0
Other,1096618,0.0
6,1096633,0.0
1,1096687,0.0
1,1096687,0.0
1,1096687,0.0
1,1096687,0.0
Other,1096692,Other
Other,1096692,Other
6,1096845,Other
Other,1096870,0.0
1,1096883,0.0
1,1096883,0.0
1,1096883,0.0
1,1096888,0.0
1,1096888,0.0
1,1096888,0.0
1,1096888,0.0
1,1096888,0.0
1,1096888,0.0
1,1096923,0.0
1,1096923,0.0
1,1096923,0.0
1,1096923,0.0
1,1096923,0.0
1,1096923,0.0
1,1096923,0.0
1,1096953,0.0
1,1096953,0.0
1,1097011,0.0
1,1097011,0.0
3,1097028,Other
3,1097028,0.0
3,1097028,0.0
3,1097028,0.0
3,1097028,0.0
3,1097028,0.0
3,1097028,0.0
3,1097028,0.0
3,1097028,0.0
3,1097028,0.0
Other,1097029,0.0
1,1097034,Other
1,1097034,0.0
1,1097089,0.0
1,1097089,0.0
1,1097089,0.0
1,1097089,0.0
1,1097089,0.0
3,1097110,0.0
3,1097110,0.0
3,1097110,0.0
3,1097110,0.0
3,1097110,0.0
6,1097164,0.0
1,1097183,0.0
1,1097183,0.0
1,1097183,0.0
1,1097183,0.0
1,1097183,0.0
1,1097183,0.0
1,1097183,0.0
Other,1097188,0.0
Other,1097188,0.0
1,1097240,0.0
1,1097240,0.0
1,1097240,0.0
1,1097240,0.0
1,1097240,0.0
1,1097350,0.0
1,1097350,0.0
1,1097350,Other
6,1097363,0.0
Other,1097498,0.0
Other,1097532,0.0
Other,1097534,Other
1,1097558,Other
1,1097558,0.0
Other,1097563,0.0
1,1097647,0.0
1,1097647,0.0
1,1097647,0.0
1,1097647,0.0
1,1097647,0.0
1,1097647,0.0
1,1097655,0.0
1,1097655,0.0
6,1097681,0.0
Other,1097689,0.0
Other,1097689,0.0
Other,1097734,0.0
1,1097740,0.0
1,1097740,0.0
1,1097786,0.0
1,1097786,0.0
6,1097790,0.0
3,1097830,0.0
3,1097830,0.0
3,1097840,0.0
3,1097840,0.0
3,1097840,0.0
3,1097840,0.0
1,1097865,0.0
1,1097865,0.0
Other,1097944,0.0
6,1098026,0.0
3,1098143,0.0
3,1098143,0.0
3,1098143,0.0
3,1098143,0.0
3,1098143,0.0
Other,1098167,Other
1,1098305,0.0
1,1098305,0.0
1,1098305,0.0
1,1098305,0.0
1,1098305,0.0
1,1098305,0.0
1,1098305,0.0
1,1098305,0.0
Other,1098366,0.0
Other,1098366,0.0
6,1098371,0.0
1,1098379,0.0
1,1098379,0.0
1,1098379,0.0
1,1098379,0.0
1,1098379,0.0
6,1098452,0.0
1,1098596,Other
1,1098596,Other
3,1098623,0.0
3,1098623,0.0
3,1098630,0.0
3,1098630,0.0
3,1098630,0.0
3,1098630,0.0
3,1098630,0.0
1,1098672,0.0
1,1098672,0.0
6,1098700,0.0
1,1098714,0.0
1,1098714,0.0
1,1098714,0.0
1,1098714,0.0
1,1098714,0.0
1,1098714,0.0
1,1098714,0.0
6,1098790,0.0
1,1098873,0.0
1,1098873,0.0
1,1098890,Other
1,1098890,0.0
2,1098912,0.0
2,1098912,0.0
2,1098912,0.0
2,1098912,0.0
Other,1098935,0.0
Other,1098935,0.0
Other,1098982,0.0
1,1098983,0.0
1,1098983,0.0
1,1098983,0.0
1,1098983,0.0
1,1099101,0.0
1,1099101,0.0
1,1099101,0.0
1,1099101,0.0
1,1099101,0.0
6,1099125,Other
1,1099151,Other
1,1099151,Other
1,1099151,0.0
3,1099189,0.0
3,1099189,0.0
3,1099189,Other
3,1099189,0.0
3,1099189,0.0
3,1099189,0.0
3,1099189,0.0
1,1099213,0.0
1,1099213,0.0
1,1099406,Other
1,1099406,0.0
1,1099406,0.0
1,1099406,0.0
1,1099406,0.0
1,1099406,0.0
1,1099406,0.0
1,1099406,0.0
1,1099412,0.0
1,1099412,0.0
6,1099425,0.0
Other,1099437,0.0
1,1099483,0.0
1,1099483,0.0
1,1099483,0.0
1,1099483,0.0
1,1099483,0.0
Other,1099503,0.0
1,1099508,Other
1,1099508,0.0
1,1099508,0.0
1,1099508,0.0
1,1099508,0.0
3,1099555,0.0
3,1099555,0.0
3,1099555,0.0
3,1099555,0.0
3,1099555,0.0
Other,1099684,0.0
1,1099780,0.0
1,1099780,0.0
1,1099780,0.0
1,1099780,0.0
1,1099788,Other
1,1099788,0.0
1,1099788,0.0
1,1099816,0.0
1,1099816,0.0
1,1099816,0.0
1,1099816,0.0
1,1099816,0.0
Other,1099825,0.0
Other,1100095,0.0
1,1100103,0.0
1,1100103,0.0
1,1100103,0.0
1,1100103,0.0
1,1100124,0.0
1,1100124,0.0
1,1100124,0.0
1,1100124,0.0
1,1100124,0.0
1,1100124,0.0
1,1100124,0.0
6,1100133,0.0
3,1100207,0.0
3,1100207,0.0
Other,1100225,0.0
Other,1100225,0.0
6,1100229,0.0
1,1100350,0.0
1,1100350,0.0
1,1100350,0.0
1,1100376,0.0
1,1100376,0.0
2,1100399,0.0
2,1100399,0.0
2,1100399,0.0
3,1100422,Other
3,1100422,0.0
6,1100584,0.0
6,1100651,0.0
3,1100691,0.0
3,1100691,0.0
Other,1100737,0.0
Other,1100773,0.0
3,1100786,0.0
3,1100786,0.0
1,1100881,0.0
1,1100881,0.0
1,1100881,0.0
Other,1100918,0.0
6,1100935,0.0
6,1100940,0.0
Other,1101025,0.0
3,1101069,0.0
3,1101069,0.0
2,1101095,Other
2,1101095,Other
2,1101095,Other
1,1101132,Other
1,1101132,0.0
1,1101189,0.0
1,1101189,0.0
1,1101189,0.0
1,1101189,0.0
1,1101189,0.0
6,1101200,0.0
6,1101217,Other
1,1101253,0.0
1,1101253,0.0
1,1101253,0.0
1,1101253,0.0
1,1101253,0.0
1,1101253,0.0
Other,1101569,0.0
Other,1101616,0.0
Other,1101616,0.0
1,1101623,0.0
1,1101623,0.0
1,1101756,0.0
1,1101756,0.0
6,1101760,0.0
1,1101776,0.0
1,1101776,0.0
1,1101776,0.0
2,1101797,0.0
2,1101797,0.0
3,1101807,0.0
3,1101807,0.0
3,1101807,0.0
Other,1101849,0.0
Other,1101849,0.0
Other,1101849,0.0
1,1101885,0.0
1,1101885,0.0
1,1101885,0.0
1,1101945,0.0
1,1101945,0.0
1,1101945,0.0
1,1101945,0.0
1,1101945,0.0
Other,1101950,0.0
Other,1101950,0.0
6,1101973,0.0
Other,1101978,Other
1,1102028,Other
1,1102028,0.0
1,1102028,0.0
1,1102028,0.0
2,1102100,0.0
2,1102100,0.0
2,1102100,0.0
1,1102106,Other
1,1102106,0.0
1,1102106,Other
2,1102185,0.0
2,1102185,0.0
Other,1102225,0.0
6,1102228,Other
6,1102256,0.0
Other,1102303,0.0
3,1102334,0.0
3,1102334,0.0
6,1102363,0.0
3,1102472,Other
3,1102472,0.0
3,1102472,0.0
6,1102516,Other
1,1102528,Other
1,1102528,0.0
Other,1102653,0.0
Other,1102653,0.0
Other,1102696,0.0
Other,1102696,0.0
1,1102738,0.0
1,1102738,0.0
3,1102744,Other
3,1102744,Other
3,1102744,0.0
3,1102824,0.0
3,1102824,0.0
3,1102824,0.0
3,1102838,0.0
3,1102838,0.0
2,1102841,0.0
2,1102841,0.0
1,1102890,0.0
1,1102890,0.0
1,1102890,0.0
1,1102890,0.0
1,1102890,0.0
1,1102890,0.0
1,1102890,0.0
1,1102905,0.0
1,1102905,0.0
1,1102938,0.0
1,1102938,0.0
1,1102983,0.0
1,1102983,0.0
1,1102983,0.0
1,1102983,0.0
Other,1103009,0.0
Other,1103009,Other
3,1103017,Other
3,1103017,0.0
3,1103017,0.0
6,1103109,0.0
3,1103125,0.0
3,1103125,0.0
3,1103125,0.0
Other,1103129,0.0
Other,1103129,0.0
3,1103162,0.0
3,1103162,0.0
3,1103162,0.0
Other,1103186,Other
Other,1103186,Other
Other,1103186,0.0
3,1103235,Other
3,1103235,0.0
3,1103235,0.0
3,1103322,0.0
3,1103322,0.0
3,1103322,0.0
Other,1103407,0.0
Other,1103407,0.0
Other,1103407,0.0
Other,1103407,Other
1,1103434,Other
1,1103434,0.0
1,1103434,0.0
1,1103434,0.0
1,1103454,Other
1,1103454,0.0
1,1103454,0.0
1,1103454,0.0
6,1103474,0.0
6,1103505,0.0
1,1103508,0.0
1,1103508,Other
1,1103584,Other
1,1103584,0.0
6,1103591,0.0
1,1103606,0.0
1,1103606,0.0
1,1103606,Other
2,1103626,0.0
2,1103626,0.0
2,1103626,0.0
3,1103661,0.0
3,1103661,0.0
2,1103800,0.0
2,1103800,0.0
1,1103963,0.0
1,1103963,Other
1,1103963,0.0
1,1103963,0.0
1,1103963,0.0
1,1103963,0.0
6,1103974,0.0
1,1104027,0.0
1,1104027,0.0
1,1104027,0.0
1,1104027,0.0
1,1104027,0.0
1,1104027,0.0
1,1104027,0.0
1,1104027,0.0
1,1104027,0.0
Other,1104147,0.0
Other,1104147,0.0
1,1104186,Other
1,1104186,0.0
1,1104218,0.0
1,1104218,0.0
1,1104218,0.0
6,1104241,0.0
6,1104260,0.0
6,1104280,0.0
6,1104295,0.0
1,1104330,0.0
1,1104330,0.0
1,1104352,0.0
1,1104352,0.0
1,1104352,0.0
1,1104407,0.0
1,1104407,0.0
1,1104445,0.0
1,1104445,0.0
1,1104445,0.0
1,1104445,0.0
1,1104470,0.0
1,1104470,0.0
2,1104547,0.0
2,1104547,0.0
2,1104547,0.0
2,1104547,0.0
Other,1104614,0.0
Other,1104614,0.0
1,1104670,Other
1,1104670,Other
3,1104720,0.0
3,1104720,0.0
3,1104720,0.0
3,1104720,0.0
3,1104762,0.0
3,1104762,0.0
Other,1104832,Other
Other,1104832,0.0
Other,1104939,Other
Other,1104939,Other
1,1105042,0.0
1,1105042,0.0
1,1105042,0.0
1,1105042,0.0
2,1105062,0.0
2,1105062,0.0
2,1105062,0.0
Other,1105279,0.0
Other,1105279,0.0
Other,1105279,0.0
Other,1105279,0.0
1,1105299,0.0
1,1105299,0.0
1,1105299,0.0
1,1105299,0.0
3,1105371,0.0
3,1105371,0.0
3,1105371,0.0
3,1105371,0.0
3,1105371,0.0
3,1105371,0.0
2,1105383,0.0
2,1105383,0.0
2,1105383,0.0
2,1105383,0.0
Other,1105436,Other
Other,1105467,0.0
Other,1105467,0.0
6,1105470,0.0
Other,1105519,Other
Other,1105568,0.0
Other,1105568,0.0
Other,1105568,0.0
1,1105610,0.0
1,1105610,0.0
1,1105610,0.0
1,1105610,0.0
1,1105636,0.0
1,1105636,0.0
1,1105636,0.0
1,1105636,0.0
1,1105636,0.0
1,1105636,0.0
1,1105636,0.0
Other,1105652,0.0
6,1105708,0.0
3,1105735,0.0
3,1105735,0.0
3,1105735,0.0
3,1105735,0.0
3,1105735,0.0
3,1105735,0.0
6,1105813,Other
3,1105819,0.0
3,1105819,0.0
3,1105819,0.0
3,1105819,0.0
3,1105819,0.0
3,1105819,0.0
6,1105908,Other
1,1105937,0.0
1,1105937,0.0
1,1105937,0.0
1,1105937,0.0
1,1105937,0.0
1,1105937,0.0
1,1105937,0.0
1,1105937,0.0
1,1105937,0.0
1,1105937,0.0
Other,1105949,0.0
Other,1105949,Other
Other,1105949,0.0
Other,1105949,0.0
1,1106019,0.0
1,1106019,0.0
Other,1106027,0.0
1,1106044,0.0
1,1106044,0.0
1,1106081,0.0
1,1106081,0.0
1,1106081,0.0
1,1106081,0.0
3,1106171,0.0
3,1106171,0.0
3,1106171,0.0
Other,1106270,0.0
Other,1106270,0.0
3,1106420,Other
3,1106420,0.0
3,1106420,0.0
Other,1106570,0.0
6,1106596,0.0
Other,1106608,0.0
Other,1106608,0.0
1,1106610,0.0
1,1106610,0.0
1,1106610,0.0
1,1106610,0.0
1,1106627,Other
1,1106627,0.0
1,1106627,0.0
Other,1106655,0.0
Other,1106717,0.0
Other,1106717,0.0
1,1106763,0.0
1,1106763,0.0
1,1106763,0.0
1,1106763,0.0
1,1106763,0.0
1,1106779,0.0
1,1106779,0.0
1,1106779,0.0
1,1106779,0.0
Other,1106918,0.0
Other,1106918,0.0
Other,1106918,0.0
3,1106925,0.0
3,1106925,0.0
6,1106952,0.0
1,1107049,0.0
1,1107049,0.0
6,1107127,Other
Other,1107165,0.0
Other,1107165,0.0
6,1107168,0.0
Other,1107193,0.0
1,1107198,Other
1,1107198,0.0
1,1107225,0.0
1,1107225,0.0
2,1107339,0.0
2,1107339,0.0
2,1107339,0.0
1,1107348,0.0
1,1107348,0.0
Other,1107379,0.0
Other,1107379,0.0
1,1107384,0.0
1,1107384,0.0
1,1107384,0.0
1,1107384,0.0
1,1107384,0.0
1,1107384,0.0
1,1107384,0.0
1,1107384,0.0
1,1107384,0.0
3,1107448,Other
3,1107448,0.0
3,1107448,0.0
3,1107448,0.0
1,1107450,0.0
1,1107450,0.0
1,1107450,0.0
1,1107450,0.0
1,1107450,0.0
1,1107450,0.0
2,1107465,0.0
2,1107465,0.0
1,1107686,0.0
1,1107686,0.0
1,1107699,0.0
1,1107699,0.0
1,1107735,0.0
1,1107735,0.0
1,1107735,0.0
1,1107735,0.0
1,1107735,0.0
6,1107750,0.0
3,1107790,0.0
3,1107790,0.0
1,1107871,0.0
1,1107871,Other
1,1107871,0.0
3,1107894,0.0
3,1107894,0.0
3,1107894,0.0
3,1107894,0.0
6,1107921,0.0
Other,1107938,Other
Other,1107956,0.0
Other,1107956,0.0
Other,1107956,0.0
3,1108023,0.0
3,1108023,0.0
Other,1108072,Other
1,1108075,Other
1,1108075,Other
Other,1108119,0.0
Other,1108119,0.0
Other,1108119,0.0
Other,1108119,0.0
3,1108135,0.0
3,1108135,0.0
1,1108187,0.0
1,1108187,0.0
1,1108187,0.0
1,1108187,0.0
1,1108210,0.0
1,1108210,0.0
3,1108274,0.0
3,1108274,0.0
3,1108274,0.0
3,1108274,0.0
Other,1108462,0.0
Other,1108462,0.0
Other,1108462,0.0
Other,1108462,0.0
Other,1108539,0.0
6,1108583,0.0
1,1108616,0.0
1,1108616,0.0
1,1108616,0.0
1,1108707,0.0
1,1108707,0.0
1,1108743,0.0
1,1108743,0.0
1,1108792,0.0
1,1108792,0.0
1,1108792,0.0
Other,1108937,0.0
Other,1108937,0.0
3,1109083,Other
3,1109083,0.0
6,1109341,0.0
6,1109443,0.0
6,1109480,0.0
2,1109502,0.0
2,1109502,0.0
1,1109530,0.0
1,1109530,0.0
6,1109579,0.0
Other,1109621,0.0
Other,1109621,0.0
3,1109692,0.0
3,1109692,0.0
1,1109836,0.0
1,1109836,0.0
2,1109969,0.0
2,1109969,0.0
6,1110135,0.0
1,1110143,Other
1,1110143,0.0
3,1110168,0.0
3,1110168,0.0
3,1110168,0.0
3,1110214,0.0
3,1110214,0.0
Other,1110249,0.0
3,1110341,0.0
3,1110341,0.0
1,1110379,0.0
1,1110379,0.0
1,1110411,Other
1,1110411,0.0
1,1110411,0.0
1,1110411,0.0
3,1110683,0.0
3,1110683,0.0
3,1110683,0.0
3,1110683,0.0
3,1110683,0.0
3,1110705,0.0
3,1110705,0.0
3,1110705,0.0
3,1110706,0.0
3,1110706,0.0
3,1110706,0.0
3,1110706,0.0
3,1110706,0.0
6,1110723,0.0
6,1110837,0.0
6,1110913,0.0
1,1110959,0.0
1,1110959,0.0
1,1110967,0.0
1,1110967,0.0
1,1110967,0.0
1,1111056,0.0
1,1111056,0.0
6,1111071,0.0
1,1111087,0.0
1,1111087,0.0
1,1111087,0.0
1,1111087,0.0
Other,1111125,0.0
Other,1111194,0.0
1,1111367,0.0
1,1111367,0.0
1,1111367,0.0
1,1111367,0.0
2,1111378,0.0
2,1111378,0.0
2,1111378,0.0
2,1111378,0.0
2,1111378,0.0
1,1111402,0.0
1,1111402,0.0
1,1111402,0.0
Other,1111431,0.0
Other,1111431,0.0
1,1111606,0.0
1,1111606,0.0
1,1111606,0.0
1,1111606,0.0
1,1111606,0.0
1,1111606,0.0
3,1111615,0.0
3,1111615,0.0
3,1111615,0.0
1,1111633,0.0
1,1111633,0.0
1,1111633,0.0
1,1111633,0.0
1,1111633,0.0
3,1111637,0.0
3,1111637,0.0
3,1111637,0.0
Other,1111676,Other
6,1111772,0.0
6,1111808,0.0
2,1111819,0.0
2,1111819,0.0
3,1111836,0.0
3,1111836,0.0
3,1111836,0.0
6,1111866,0.0
3,1112015,0.0
3,1112015,0.0
1,1112125,0.0
1,1112125,0.0
1,1112125,0.0
1,1112125,0.0
3,1112209,0.0
3,1112209,0.0
3,1112209,0.0
1,1112307,0.0
1,1112307,0.0
1,1112307,0.0
1,1112307,0.0
1,1112307,0.0
Other,1112327,Other
Other,1112337,Other
6,1112362,0.0
Other,1112365,0.0
3,1112375,0.0
3,1112375,0.0
1,1112459,0.0
1,1112459,0.0
1,1112459,0.0
3,1112513,0.0
3,1112513,0.0
3,1112513,0.0
3,1112513,0.0
1,1112593,0.0
1,1112593,0.0
1,1112593,0.0
1,1112593,0.0
6,1112611,0.0
1,1112663,0.0
1,1112663,0.0
1,1112663,0.0
1,1112663,0.0
1,1112663,0.0
Other,1112747,0.0
Other,1112747,0.0
6,1112773,0.0
1,1112808,0.0
1,1112808,0.0
1,1112808,0.0
1,1112883,0.0
1,1112883,0.0
Other,1113038,Other
6,1113139,0.0
1,1113287,0.0
1,1113287,0.0
1,1113287,0.0
1,1113287,0.0
3,1113301,0.0
3,1113301,0.0
3,1113366,0.0
3,1113366,0.0
3,1113366,0.0
1,1113378,0.0
1,1113378,0.0
Other,1113452,0.0
Other,1113452,0.0
Other,1113626,0.0
6,1113881,0.0
3,1113883,0.0
3,1113883,0.0
3,1113883,0.0
3,1113883,0.0
1,1113969,0.0
1,1113969,Other
1,1113969,0.0
Other,1114085,0.0
Other,1114085,0.0
Other,1114085,0.0
2,1114123,0.0
2,1114123,0.0
2,1114123,0.0
3,1114186,Other
3,1114186,0.0
3,1114186,0.0
2,1114256,0.0
2,1114256,0.0
3,1114263,0.0
3,1114263,0.0
3,1114263,0.0
3,1114263,0.0
3,1114263,0.0
1,1114306,0.0
1,1114306,0.0
1,1114306,0.0
1,1114306,0.0
1,1114377,Other
1,1114377,Other
1,1114377,0.0
1,1114377,0.0
1,1114377,0.0
1,1114377,Other
2,1114389,0.0
2,1114389,0.0
1,1114410,0.0
1,1114410,0.0
1,1114489,0.0
1,1114489,0.0
1,1114489,0.0
1,1114489,0.0
2,1114513,0.0
2,1114513,0.0
1,1114606,0.0
1,1114606,0.0
1,1114606,0.0
1,1114611,0.0
1,1114611,0.0
1,1114611,0.0
1,1114611,0.0
1,1114611,0.0
1,1114611,0.0
1,1114611,0.0
1,1114611,0.0
6,1114756,0.0
Other,1114762,0.0
3,1114763,0.0
3,1114763,0.0
3,1114763,0.0
1,1114783,0.0
1,1114783,0.0
6,1114817,0.0
1,1114895,0.0
1,1114895,0.0
1,1114895,0.0
1,1114895,0.0
1,1114895,0.0
1,1114895,0.0
1,1114895,0.0
1,1114895,0.0
6,1114902,0.0
1,1114919,0.0
1,1114919,0.0
1,1114919,0.0
1,1114919,0.0
2,1114934,0.0
2,1114934,0.0
2,1114934,0.0
1,1114947,0.0
1,1114947,0.0
1,1114947,0.0
1,1114947,0.0
1,1114947,0.0
1,1114978,0.0
1,1114978,0.0
3,1114979,0.0
3,1114979,0.0
3,1114979,0.0
1,1115109,0.0
1,1115109,0.0
1,1115109,0.0
1,1115251,0.0
1,1115251,0.0
1,1115251,0.0
1,1115296,0.0
1,1115296,0.0
3,1115322,0.0
3,1115322,0.0
3,1115401,0.0
3,1115401,0.0
2,1115534,0.0
2,1115534,0.0
2,1115534,0.0
2,1115534,0.0
1,1115588,Other
1,1115588,Other
6,1115623,0.0
Other,1115626,0.0
1,1115764,0.0
1,1115764,0.0
6,1115842,0.0
Other,1115857,0.0
1,1115919,Other
1,1115919,0.0
1,1115919,0.0
1,1115919,0.0
1,1115975,0.0
1,1115975,0.0
1,1115975,0.0
1,1115975,0.0
1,1115975,0.0
1,1115975,0.0
1,1115997,0.0
1,1115997,0.0
1,1115997,0.0
1,1115997,0.0
1,1115997,0.0
1,1115997,0.0
1,1116052,0.0
1,1116052,0.0
1,1116055,Other
1,1116055,0.0
1,1116055,0.0
1,1116055,0.0
Other,1116097,0.0
Other,1116097,0.0
6,1116111,0.0
1,1116116,0.0
1,1116116,0.0
2,1116160,0.0
2,1116160,0.0
Other,1116276,0.0
Other,1116276,0.0
6,1116422,0.0
2,1116438,0.0
2,1116438,0.0
Other,1116478,0.0
3,1116536,0.0
3,1116536,0.0
3,1116536,0.0
3,1116536,0.0
1,1116545,0.0
1,1116545,Other
1,1116545,0.0
1,1116545,0.0
1,1116545,0.0
6,1116569,0.0
Other,1116634,0.0
3,1116665,0.0
3,1116665,0.0
Other,1116685,0.0
Other,1116690,0.0
1,1116694,0.0
1,1116694,0.0
3,1116916,0.0
3,1116916,0.0
3,1116916,0.0
1,1116993,0.0
1,1116993,0.0
6,1117029,0.0
Other,1117062,Other
Other,1117062,Other
1,1117078,0.0
1,1117078,0.0
1,1117078,0.0
1,1117078,0.0
3,1117102,0.0
3,1117102,0.0
Other,1117178,0.0
3,1117202,0.0
3,1117202,0.0
6,1117276,0.0
3,1117286,0.0
3,1117286,0.0
3,1117286,0.0
3,1117286,0.0
6,1117353,Other
Other,1117433,0.0
Other,1117463,0.0
Other,1117463,0.0
6,1117505,Other
1,1117612,0.0
1,1117612,0.0
1,1117612,0.0
1,1117612,0.0
1,1117612,0.0
1,1117612,0.0
Other,1117701,0.0
6,1117816,Other
6,1117825,Other
1,1117921,0.0
1,1117921,0.0
1,1117921,0.0
1,1117921,0.0
1,1117921,0.0
3,1117931,0.0
3,1117931,0.0
3,1117931,0.0
2,1118013,Other
2,1118013,0.0
2,1118013,0.0
2,1118013,0.0
1,1118078,0.0
1,1118078,0.0
3,1118195,0.0
3,1118195,0.0
3,1118195,0.0
3,1118195,0.0
3,1118195,0.0
3,1118212,0.0
3,1118212,0.0
6,1118216,0.0
1,1118232,0.0
1,1118232,0.0
1,1118232,0.0
6,1118235,0.0
1,1118255,Other
1,1118255,0.0
2,1118447,0.0
2,1118447,0.0
2,1118447,0.0
3,1118448,0.0
3,1118448,0.0
3,1118448,0.0
Other,1118454,0.0
1,1118457,0.0
1,1118457,0.0
Other,1118560,0.0
Other,1118623,0.0
Other,1118623,0.0
1,1118674,0.0
1,1118674,0.0
1,1118722,0.0
1,1118722,0.0
1,1118742,Other
1,1118742,Other
3,1118762,Other
3,1118762,0.0
Other,1118854,0.0
1,1118924,0.0
1,1118924,0.0
1,1118924,0.0
1,1118924,0.0
3,1118984,0.0
3,1118984,0.0
3,1118984,0.0
3,1118984,0.0
1,1119021,0.0
1,1119021,0.0
1,1119021,0.0
1,1119021,0.0
1,1119021,0.0
Other,1119069,Other
Other,1119069,Other
1,1119149,0.0
1,1119149,0.0
1,1119149,0.0
1,1119149,0.0
3,1119175,0.0
3,1119175,0.0
3,1119175,0.0
1,1119201,0.0
1,1119201,0.0
Other,1119204,0.0
Other,1119204,0.0
6,1119281,0.0
6,1119287,0.0
Other,1119344,0.0
3,1119363,0.0
3,1119363,0.0
3,1119363,0.0
3,1119363,0.0
3,1119464,0.0
3,1119464,0.0
3,1119464,0.0
2,1119572,0.0
2,1119572,0.0
3,1119753,0.0
3,1119753,0.0
2,1119804,0.0
2,1119804,0.0
Other,1119943,0.0
1,1119945,0.0
1,1119945,0.0
1,1119945,0.0
1,1119945,0.0
6,1119983,0.0
Other,1120003,0.0
Other,1120010,0.0
1,1120039,0.0
1,1120039,0.0
Other,1120048,0.0
2,1120076,0.0
2,1120076,0.0
3,1120111,0.0
3,1120111,0.0
3,1120111,0.0
3,1120111,0.0
Other,1120135,Other
Other,1120135,0.0
Other,1120300,0.0
1,1120335,0.0
1,1120335,0.0
3,1120646,0.0
3,1120646,0.0
3,1120646,0.0
3,1120702,0.0
3,1120702,0.0
1,1120736,0.0
1,1120736,0.0
1,1120736,0.0
1,1120907,Other
1,1120907,0.0
1,1120965,0.0
1,1120965,0.0
1,1120965,0.0
1,1121003,0.0
1,1121003,0.0
1,1121003,0.0
1,1121144,0.0
1,1121144,0.0
3,1121173,0.0
3,1121173,0.0
6,1121300,0.0
Other,1121368,0.0
Other,1121390,0.0
1,1121463,Other
1,1121463,0.0
1,1121463,0.0
1,1121477,0.0
1,1121477,0.0
1,1121477,0.0
6,1121508,Other
Other,1121619,0.0
Other,1121619,0.0
1,1121651,0.0
1,1121651,0.0
1,1121651,0.0
3,1121679,0.0
3,1121679,0.0
3,1121679,0.0
3,1121679,0.0
3,1121902,0.0
3,1121902,0.0
3,1121902,0.0
3,1121902,0.0
1,1121905,0.0
1,1121905,0.0
1,1121905,0.0
1,1121905,0.0
3,1121932,0.0
3,1121932,0.0
3,1121932,0.0
3,1121932,0.0
3,1121932,0.0
3,1121932,0.0
2,1121938,Other
2,1121938,0.0
2,1121938,0.0
2,1121938,0.0
2,1121938,0.0
2,1121938,0.0
2,1121938,0.0
2,1121938,0.0
2,1121938,0.0
1,1121944,0.0
1,1121944,0.0
1,1121944,0.0
1,1121966,0.0
1,1121966,0.0
1,1121966,0.0
1,1121966,0.0
1,1121998,0.0
1,1121998,0.0
1,1121998,0.0
1,1121998,0.0
1,1121998,0.0
Other,1122038,0.0
Other,1122073,0.0
Other,1122073,0.0
Other,1122073,0.0
1,1122134,0.0
1,1122134,0.0
1,1122134,0.0
3,1122184,0.0
3,1122184,Other
3,1122184,0.0
3,1122268,0.0
3,1122268,0.0
6,1122271,Other
1,1122312,0.0
1,1122312,0.0
1,1122312,0.0
6,1122348,0.0
2,1122379,0.0
2,1122379,0.0
2,1122379,0.0
Other,1122404,0.0
Other,1122443,0.0
Other,1122443,0.0
2,1122623,0.0
2,1122623,0.0
1,1122687,0.0
1,1122687,0.0
1,1122687,0.0
1,1122687,0.0
1,1122707,0.0
1,1122707,0.0
1,1122707,0.0
1,1122707,0.0
6,1122719,0.0
1,1122824,0.0
1,1122824,0.0
1,1122824,0.0
1,1122824,0.0
1,1122824,0.0
1,1122824,0.0
2,1123034,0.0
2,1123034,0.0
Other,1123081,Other
Other,1123081,0.0
Other,1123081,0.0
Other,1123081,0.0
Other,1123133,0.0
1,1123237,Other
1,1123237,Other
1,1123239,0.0
1,1123239,0.0
1,1123309,0.0
1,1123309,0.0
1,1123309,0.0
6,1123316,0.0
6,1123353,Other
6,1123394,0.0
6,1123513,0.0
1,1123586,0.0
1,1123586,0.0
1,1123586,0.0
1,1123586,0.0
1,1123586,0.0
Other,1123708,0.0
1,1123786,0.0
1,1123786,0.0
1,1123786,0.0
1,1123821,0.0
1,1123821,0.0
1,1123821,0.0
1,1123821,0.0
1,1123821,0.0
2,1123826,0.0
2,1123826,0.0
1,1123974,0.0
1,1123974,0.0
Other,1123978,0.0
1,1124092,0.0
1,1124092,0.0
Other,1124275,Other
Other,1124275,0.0
6,1124304,0.0
1,1124347,0.0
1,1124347,0.0
1,1124347,0.0
1,1124347,0.0
1,1124347,0.0
6,1124431,0.0
1,1124511,0.0
1,1124511,0.0
1,1124524,0.0
1,1124524,0.0
3,1124536,0.0
3,1124536,0.0
3,1124536,0.0
3,1124536,0.0
3,1124536,0.0
3,1124536,0.0
1,1124547,0.0
1,1124547,0.0
1,1124547,0.0
1,1124547,0.0
Other,1124592,0.0
1,1124595,0.0
1,1124595,0.0
1,1124595,0.0
2,1124615,0.0
2,1124615,0.0
1,1124658,Other
1,1124658,Other
1,1124658,0.0
1,1124658,0.0
1,1124663,Other
1,1124663,Other
6,1124680,Other
3,1124692,Other
3,1124692,0.0
2,1124810,Other
2,1124810,0.0
Other,1124910,Other
Other,1124947,0.0
Other,1124947,0.0
1,1124971,0.0
1,1124971,0.0
1,1125011,0.0
1,1125011,0.0
1,1125011,0.0
1,1125079,0.0
1,1125079,0.0
1,1125079,0.0
1,1125099,0.0
1,1125099,0.0
1,1125214,0.0
1,1125214,0.0
1,1125214,0.0
3,1125359,0.0
3,1125359,0.0
3,1125359,0.0
3,1125367,0.0
3,1125367,0.0
3,1125400,0.0
3,1125400,0.0
3,1125400,0.0
3,1125400,0.0
1,1125569,0.0
1,1125569,0.0
6,1125646,0.0
Other,1125682,0.0
1,1125709,0.0
1,1125709,Other
1,1125709,0.0
1,1125709,0.0
1,1125763,Other
1,1125763,0.0
1,1125763,0.0
2,1125789,0.0
2,1125789,0.0
2,1125789,0.0
2,1125789,0.0
2,1125789,0.0
2,1125789,0.0
1,1125834,0.0
1,1125834,0.0
1,1125834,0.0
1,1125834,0.0
1,1125834,0.0
3,1125850,0.0
3,1125850,0.0
3,1125850,0.0
3,1125850,0.0
3,1125923,0.0
3,1125923,0.0
3,1125923,0.0
6,1125934,0.0
Other,1125969,0.0
Other,1125969,0.0
Other,1125969,0.0
Other,1126087,0.0
1,1126119,0.0
1,1126119,0.0
1,1126119,0.0
1,1126119,0.0
1,1126119,0.0
1,1126180,0.0
1,1126180,0.0
1,1126180,0.0
1,1126180,0.0
1,1126190,0.0
1,1126190,0.0
1,1126190,0.0
1,1126190,0.0
Other,1126256,0.0
Other,1126256,0.0
6,1126313,0.0
3,1126330,0.0
3,1126330,0.0
1,1126379,0.0
1,1126379,0.0
1,1126379,0.0
1,1126379,0.0
1,1126423,0.0
1,1126423,0.0
3,1126571,Other
3,1126571,Other
3,1126594,0.0
3,1126594,Other
1,1126757,Other
1,1126757,0.0
3,1126853,0.0
3,1126853,0.0
3,1126853,0.0
3,1126853,0.0
Other,1126876,Other
1,1127040,0.0
1,1127040,0.0
6,1127246,Other
1,1127289,0.0
1,1127289,0.0
1,1127289,0.0
Other,1127332,0.0
1,1127450,0.0
1,1127450,Other
1,1127450,0.0
1,1127490,0.0
1,1127490,0.0
1,1127490,0.0
1,1127490,0.0
1,1127490,0.0
1,1127490,0.0
1,1127490,0.0
1,1127490,0.0
6,1127528,0.0
6,1127649,Other
6,1127664,0.0
Other,1127698,0.0
3,1127789,0.0
3,1127789,0.0
3,1127789,0.0
Other,1127860,Other
1,1127973,Other
1,1127973,Other
1,1127981,0.0
1,1127981,0.0
Other,1128055,0.0
3,1128061,0.0
3,1128061,0.0
3,1128061,0.0
Other,1128124,0.0
6,1128149,0.0
1,1128197,0.0
1,1128197,0.0
1,1128197,0.0
1,1128197,0.0
1,1128213,Other
1,1128213,0.0
6,1128215,0.0
Other,1128224,0.0
3,1128228,0.0
3,1128228,0.0
3,1128228,0.0
3,1128228,0.0
Other,1128280,0.0
Other,1128280,0.0
1,1128502,Other
1,1128502,Other
1,1128502,0.0
3,1128512,0.0
3,1128512,0.0
3,1128512,0.0
3,1128512,0.0
3,1128512,0.0
3,1128512,0.0
3,1128512,0.0
6,1128638,0.0
6,1128697,0.0
3,1128779,0.0
3,1128779,0.0
3,1128779,0.0
1,1128913,0.0
1,1128913,0.0
1,1128913,0.0
3,1128944,0.0
3,1128944,0.0
1,1129108,0.0
1,1129108,0.0
1,1129108,0.0
1,1129108,0.0
1,1129108,0.0
1,1129108,0.0
1,1129108,0.0
Other,1129120,0.0
Other,1129120,0.0
1,1129123,0.0
1,1129123,0.0
1,1129123,0.0
1,1129123,0.0
3,1129126,Other
3,1129126,Other
3,1129126,Other
1,1129191,Other
1,1129191,0.0
1,1129191,0.0
1,1129191,0.0
1,1129191,0.0
3,1129527,Other
3,1129527,0.0
2,1129579,0.0
2,1129579,0.0
3,1129602,0.0
3,1129602,0.0
3,1129602,0.0
Other,1129644,Other
Other,1129644,0.0
1,1129748,0.0
1,1129748,0.0
6,1129754,Other
Other,1129828,0.0
Other,1129828,0.0
3,1129914,0.0
3,1129914,0.0
3,1129914,0.0
3,1129914,0.0
3,1129914,0.0
3,1129914,0.0
1,1129934,0.0
1,1129934,0.0
1,1129934,0.0
1,1129934,0.0
1,1129934,0.0
1,1129934,0.0
1,1129938,Other
1,1129938,0.0
1,1129938,0.0
3,1129998,0.0
3,1129998,0.0
6,1130007,0.0
1,1130015,0.0
1,1130015,0.0
1,1130015,0.0
1,1130015,0.0
1,1130015,0.0
6,1130016,0.0
6,1130094,0.0
Other,1130413,0.0
Other,1130413,0.0
Other,1130413,0.0
Other,1130413,0.0
Other,1130413,0.0
Other,1130462,0.0
3,1130490,0.0
3,1130490,0.0
3,1130490,0.0
3,1130490,0.0
3,1130490,0.0
1,1130496,0.0
1,1130496,0.0
1,1130496,0.0
1,1130496,0.0
6,1130501,0.0
1,1130518,Other
1,1130518,0.0
1,1130518,0.0
1,1130518,0.0
1,1130561,0.0
1,1130561,0.0
1,1130561,0.0
3,1130713,0.0
3,1130713,0.0
Other,1130717,0.0
6,1130750,0.0
Other,1130769,0.0
1,1130795,0.0
1,1130795,0.0
1,1130887,Other
1,1130887,Other
1,1130887,0.0
1,1130893,0.0
1,1130893,0.0
1,1130902,0.0
1,1130902,0.0
1,1130934,0.0
1,1130934,0.0
Other,1130981,0.0
1,1131061,0.0
1,1131061,0.0
6,1131133,0.0
Other,1131162,0.0
Other,1131186,0.0
2,1131212,0.0
2,1131212,0.0
2,1131212,0.0
3,1131335,0.0
3,1131335,0.0
3,1131335,0.0
1,1131348,0.0
1,1131348,0.0
3,1131360,0.0
3,1131360,0.0
3,1131360,0.0
3,1131360,0.0
3,1131395,0.0
3,1131395,0.0
3,1131395,0.0
1,1131409,Other
1,1131409,0.0
1,1131409,0.0
1,1131409,0.0
Other,1131486,0.0
Other,1131601,0.0
Other,1131601,0.0
Other,1131601,0.0
Other,1131601,0.0
1,1131621,0.0
1,1131621,0.0
6,1131631,0.0
1,1131685,0.0
1,1131685,0.0
1,1131685,0.0
1,1131718,0.0
1,1131718,0.0
3,1131751,0.0
3,1131751,0.0
3,1131751,0.0
6,1131753,0.0
1,1131774,0.0
1,1131774,0.0
1,1131774,0.0
3,1131854,0.0
3,1131854,0.0
3,1131854,0.0
3,1131854,0.0
Other,1131908,0.0
Other,1131908,0.0
1,1131955,0.0
1,1131955,0.0
1,1131955,0.0
Other,1131978,Other
6,1132039,0.0
1,1132066,0.0
1,1132066,0.0
1,1132066,0.0
1,1132066,0.0
1,1132074,0.0
1,1132074,0.0
1,1132074,0.0
1,1132074,0.0
1,1132074,0.0
3,1132137,0.0
3,1132137,0.0
3,1132137,0.0
1,1132149,0.0
1,1132149,0.0
1,1132149,0.0
1,1132149,0.0
1,1132149,0.0
1,1132154,0.0
1,1132154,0.0
1,1132154,0.0
6,1132249,0.0
Other,1132283,0.0
1,1132355,0.0
1,1132355,0.0
1,1132355,0.0
1,1132355,0.0
3,1132393,0.0
3,1132393,0.0
3,1132393,0.0
3,1132393,0.0
3,1132398,0.0
3,1132398,0.0
1,1132410,0.0
1,1132410,0.0
1,1132410,0.0
1,1132410,0.0
1,1132410,0.0
1,1132410,0.0
1,1132410,0.0
1,1132410,0.0
1,1132410,0.0
1,1132410,0.0
1,1132410,0.0
1,1132410,0.0
1,1132410,0.0
1,1132410,0.0
1,1132410,0.0
1,1132496,0.0
1,1132496,0.0
Other,1132529,Other
Other,1132529,0.0
1,1132555,Other
1,1132555,0.0
1,1132555,0.0
1,1132555,0.0
1,1132555,0.0
1,1132651,Other
1,1132651,0.0
1,1132651,0.0
1,1132651,0.0
Other,1132654,Other
1,1132670,Other
1,1132670,0.0
3,1132728,0.0
3,1132728,0.0
3,1132728,0.0
2,1132760,0.0
2,1132760,0.0
Other,1132772,0.0
1,1132991,0.0
1,1132991,0.0
1,1132991,0.0
1,1132991,0.0
1,1132991,0.0
6,1133038,Other
1,1133053,Other
1,1133053,0.0
1,1133161,0.0
1,1133161,0.0
1,1133161,0.0
1,1133161,0.0
1,1133161,0.0
1,1133161,0.0
3,1133202,0.0
3,1133202,0.0
6,1133243,0.0
6,1133335,Other
6,1133348,0.0
1,1133400,Other
1,1133400,0.0
2,1133485,0.0
2,1133485,0.0
3,1133539,0.0
3,1133539,0.0
3,1133539,0.0
3,1133539,0.0
3,1133561,Other
3,1133561,0.0
1,1133609,0.0
1,1133609,0.0
1,1133609,0.0
1,1133609,0.0
1,1133609,0.0
1,1133609,0.0
1,1133609,0.0
1,1133609,0.0
1,1133609,0.0
6,1133702,0.0
3,1133798,0.0
3,1133798,0.0
1,1133812,Other
1,1133812,0.0
1,1133812,0.0
3,1133848,0.0
3,1133848,0.0
Other,1133891,0.0
Other,1133908,0.0
6,1134070,0.0
1,1134131,0.0
1,1134131,0.0
1,1134131,0.0
1,1134131,0.0
1,1134131,0.0
1,1134179,0.0
1,1134179,0.0
3,1134195,0.0
3,1134195,0.0
3,1134195,0.0
3,1134195,0.0
1,1134311,0.0
1,1134311,0.0
1,1134311,0.0
1,1134311,0.0
1,1134415,0.0
1,1134415,0.0
6,1134589,0.0
1,1134592,0.0
1,1134592,0.0
1,1134592,0.0
1,1134593,0.0
1,1134593,0.0
1,1134593,0.0
1,1134593,0.0
1,1134616,0.0
1,1134616,0.0
1,1134616,0.0
1,1134616,0.0
1,1134616,0.0
Other,1134651,0.0
Other,1134794,Other
6,1134805,0.0
6,1134852,Other
Other,1134886,Other
6,1134900,0.0
3,1134906,0.0
3,1134906,0.0
2,1135008,0.0
2,1135008,0.0
1,1135024,0.0
1,1135024,0.0
1,1135024,0.0
3,1135032,0.0
3,1135032,0.0
3,1135032,0.0
1,1135102,0.0
1,1135102,0.0
1,1135102,0.0
1,1135102,0.0
1,1135102,0.0
Other,1135123,0.0
6,1135128,0.0
1,1135154,0.0
1,1135154,0.0
3,1135225,0.0
3,1135225,0.0
3,1135225,0.0
3,1135225,0.0
3,1135225,0.0
3,1135225,0.0
3,1135225,0.0
3,1135225,0.0
1,1135241,0.0
1,1135241,0.0
1,1135241,0.0
6,1135266,0.0
1,1135267,Other
1,1135267,0.0
Other,1135287,Other
Other,1135287,0.0
3,1135290,0.0
3,1135290,0.0
3,1135290,0.0
3,1135290,0.0
1,1135376,0.0
1,1135376,0.0
1,1135376,0.0
3,1135397,0.0
3,1135397,0.0
3,1135418,0.0
3,1135418,0.0
3,1135418,0.0
3,1135418,0.0
1,1135589,0.0
1,1135589,0.0
1,1135589,Other
1,1135695,Other
1,1135695,0.0
1,1135695,0.0
1,1135695,0.0
1,1135695,0.0
3,1135716,0.0
3,1135716,0.0
1,1135828,0.0
1,1135828,0.0
1,1135828,0.0
1,1135828,0.0
1,1135828,0.0
1,1135828,0.0
1,1135828,0.0
1,1135916,0.0
1,1135916,0.0
1,1135916,0.0
6,1135927,0.0
3,1135990,0.0
3,1135990,0.0
3,1135990,0.0
3,1135990,0.0
3,1135990,0.0
3,1135990,0.0
3,1135990,0.0
3,1135990,0.0
3,1135990,0.0
3,1135990,0.0
3,1135990,0.0
3,1135990,0.0
1,1136006,0.0
1,1136006,0.0
Other,1136007,0.0
Other,1136007,0.0
2,1136025,0.0
2,1136025,0.0
2,1136025,0.0
2,1136025,0.0
Other,1136167,Other
1,1136196,0.0
1,1136196,0.0
1,1136196,0.0
1,1136196,0.0
1,1136196,0.0
3,1136230,0.0
3,1136230,0.0
6,1136282,0.0
1,1136317,Other
1,1136317,Other
1,1136317,0.0
2,1136340,0.0
2,1136340,0.0
2,1136340,0.0
2,1136340,0.0
2,1136340,0.0
3,1136371,0.0
3,1136371,0.0
3,1136371,0.0
6,1136408,0.0
1,1136428,Other
1,1136428,0.0
1,1136428,0.0
3,1136579,0.0
3,1136579,0.0
3,1136579,0.0
Other,1136654,0.0
Other,1136749,Other
Other,1136749,0.0
Other,1136800,0.0
Other,1136800,0.0
6,1136930,0.0
1,1137038,0.0
1,1137038,0.0
1,1137038,0.0
1,1137038,0.0
1,1137396,Other
1,1137396,0.0
1,1137396,0.0
1,1137467,0.0
1,1137467,0.0
1,1137467,0.0
1,1137467,0.0
1,1137488,Other
1,1137488,0.0
1,1137488,0.0
1,1137488,0.0
1,1137488,0.0
1,1137556,Other
1,1137556,0.0
1,1137556,0.0
1,1137589,Other
1,1137589,0.0
1,1137602,0.0
1,1137602,0.0
1,1137602,0.0
6,1137604,Other
1,1137700,0.0
1,1137700,Other
1,1137700,0.0
1,1137700,0.0
3,1137749,0.0
3,1137749,0.0
1,1137758,Other
1,1137758,0.0
1,1137812,0.0
1,1137812,0.0
1,1137812,0.0
1,1137896,0.0
1,1137896,0.0
1,1137896,0.0
1,1137896,0.0
3,1137980,0.0
3,1137980,0.0
1,1138189,0.0
1,1138189,0.0
1,1138189,0.0
1,1138189,0.0
1,1138189,0.0
1,1138189,0.0
Other,1138294,0.0
Other,1138354,0.0
Other,1138354,0.0
1,1138358,Other
1,1138358,0.0
1,1138358,0.0
3,1138419,0.0
3,1138419,0.0
3,1138501,Other
3,1138501,0.0
1,1138547,0.0
1,1138547,0.0
3,1138728,0.0
3,1138728,0.0
3,1138784,0.0
3,1138784,0.0
Other,1138891,0.0
3,1139008,Other
3,1139008,0.0
Other,1139019,0.0
Other,1139019,0.0
6,1139048,0.0
6,1139063,0.0
3,1139093,0.0
3,1139093,0.0
3,1139093,0.0
3,1139093,0.0
3,1139160,0.0
3,1139160,0.0
3,1139160,0.0
Other,1139162,0.0
Other,1139162,0.0
1,1139181,0.0
1,1139181,0.0
Other,1139288,0.0
6,1139355,0.0
1,1139433,0.0
1,1139433,0.0
1,1139433,0.0
1,1139433,0.0
Other,1139479,0.0
1,1139514,0.0
1,1139514,0.0
1,1139555,0.0
1,1139555,0.0
1,1139555,0.0
1,1139599,0.0
1,1139599,0.0
1,1139637,0.0
1,1139637,0.0
Other,1139679,0.0
Other,1139679,0.0
1,1139715,0.0
1,1139715,0.0
1,1139715,0.0
1,1139715,0.0
1,1139715,0.0
1,1139715,0.0
3,1139748,0.0
3,1139748,0.0
3,1139748,0.0
3,1139748,0.0
Other,1139805,0.0
3,1139860,Other
3,1139860,0.0
2,1139879,0.0
2,1139879,Other
Other,1139924,0.0
Other,1139999,Other
1,1140013,Other
1,1140013,Other
1,1140059,0.0
1,1140059,0.0
1,1140059,0.0
1,1140059,0.0
1,1140059,0.0
1,1140154,0.0
1,1140154,0.0
1,1140154,0.0
1,1140154,0.0
1,1140192,0.0
1,1140192,0.0
1,1140192,0.0
1,1140192,0.0
1,1140192,0.0
1,1140217,0.0
1,1140217,Other
1,1140217,0.0
1,1140217,0.0
3,1140259,0.0
3,1140259,0.0
3,1140259,0.0
3,1140259,0.0
Other,1140261,Other
Other,1140349,0.0
1,1140350,Other
1,1140350,0.0
1,1140350,0.0
1,1140350,0.0
1,1140350,0.0
1,1140350,0.0
1,1140350,0.0
6,1140413,0.0
3,1140514,0.0
3,1140514,0.0
Other,1140550,0.0
Other,1140550,0.0
Other,1140550,0.0
1,1140555,0.0
1,1140555,0.0
1,1140699,0.0
1,1140699,Other
1,1140699,0.0
1,1140699,0.0
1,1140699,0.0
1,1140769,0.0
1,1140769,0.0
1,1140769,0.0
1,1140777,Other
1,1140777,Other
1,1140806,0.0
1,1140806,0.0
1,1140817,0.0
1,1140817,0.0
1,1140817,0.0
1,1140817,0.0
Other,1140858,0.0
Other,1140864,0.0
Other,1140864,Other
Other,1140864,0.0
Other,1140864,0.0
1,1140900,0.0
1,1140900,0.0
1,1140900,0.0
1,1140900,0.0
1,1140900,0.0
1,1140900,0.0
1,1140906,0.0
1,1140906,0.0
1,1140906,0.0
3,1140934,0.0
3,1140934,0.0
3,1140934,0.0
3,1140934,0.0
3,1140934,0.0
1,1140938,0.0
1,1140938,Other
1,1140938,0.0
1,1141044,Other
1,1141044,0.0
1,1141044,0.0
1,1141044,0.0
2,1141078,0.0
2,1141078,0.0
3,1141089,0.0
3,1141089,0.0
3,1141089,0.0
3,1141089,0.0
3,1141094,0.0
3,1141094,0.0
3,1141094,0.0
1,1141147,Other
1,1141147,0.0
1,1141185,Other
1,1141185,Other
1,1141185,0.0
Other,1141272,0.0
Other,1141281,0.0
Other,1141316,0.0
Other,1141316,0.0
6,1141328,Other
3,1141410,0.0
3,1141410,0.0
3,1141465,Other
3,1141465,Other
3,1141509,0.0
3,1141509,0.0
3,1141509,0.0
3,1141509,0.0
3,1141509,0.0
1,1141561,0.0
1,1141561,0.0
1,1141561,0.0
2,1141650,0.0
2,1141650,0.0
3,1141674,0.0
3,1141674,0.0
2,1141738,0.0
2,1141738,0.0
2,1141738,0.0
2,1141738,0.0
2,1141738,0.0
2,1141738,0.0
2,1141738,0.0
Other,1141865,0.0
Other,1141865,0.0
2,1141872,0.0
2,1141872,0.0
2,1141872,0.0
2,1141872,0.0
6,1141922,0.0
Other,1141964,0.0
Other,1141964,0.0
Other,1141964,0.0
3,1142000,0.0
3,1142000,0.0
3,1142000,0.0
1,1142051,0.0
1,1142051,0.0
1,1142051,0.0
1,1142051,0.0
1,1142051,0.0
1,1142051,0.0
1,1142051,0.0
1,1142051,0.0
1,1142208,Other
1,1142208,0.0
1,1142208,0.0
Other,1142262,0.0
3,1142275,0.0
3,1142275,0.0
3,1142275,0.0
Other,1142461,Other
1,1142538,0.0
1,1142538,0.0
1,1142538,0.0
1,1142538,0.0
Other,1142590,0.0
1,1142609,0.0
1,1142609,0.0
1,1142609,0.0
1,1142609,0.0
1,1142609,0.0
1,1142619,Other
1,1142619,0.0
1,1142619,0.0
Other,1142682,0.0
Other,1142682,0.0
6,1142718,0.0
Other,1142730,0.0
Other,1142730,0.0
1,1142758,0.0
1,1142758,0.0
1,1142758,0.0
6,1142941,Other
3,1143153,Other
3,1143153,0.0
6,1143154,0.0
3,1143177,0.0
3,1143177,0.0
3,1143177,0.0
3,1143218,Other
3,1143218,0.0
1,1143239,0.0
1,1143239,0.0
Other,1143252,0.0
1,1143267,0.0
1,1143267,0.0
3,1143281,0.0
3,1143281,0.0
Other,1143381,0.0
Other,1143381,0.0
6,1143496,0.0
Other,1143513,0.0
Other,1143519,0.0
1,1143523,Other
1,1143523,Other
1,1143523,0.0
Other,1143527,Other
3,1143551,0.0
3,1143551,0.0
1,1143554,0.0
1,1143554,0.0
1,1143554,0.0
1,1143554,0.0
3,1143612,0.0
3,1143612,0.0
3,1143612,0.0
3,1143612,0.0
3,1143612,0.0
3,1143612,0.0
6,1143631,0.0
Other,1143765,0.0
Other,1143775,0.0
1,1143798,Other
1,1143798,0.0
6,1143805,0.0
3,1143841,0.0
3,1143841,0.0
3,1143844,0.0
3,1143844,0.0
3,1143844,0.0
3,1143844,0.0
6,1143875,0.0
Other,1144018,0.0
Other,1144018,0.0
Other,1144129,Other
6,1144162,0.0
3,1144350,0.0
3,1144350,0.0
1,1144371,0.0
1,1144371,0.0
1,1144371,0.0
6,1144519,0.0
1,1144598,0.0
1,1144598,0.0
1,1144598,0.0
1,1144674,Other
1,1144674,0.0
1,1144674,0.0
1,1144674,0.0
1,1144691,0.0
1,1144691,0.0
1,1144691,0.0
1,1144691,0.0
3,1144716,0.0
3,1144716,0.0
3,1144725,0.0
3,1144725,0.0
3,1144725,0.0
6,1144780,Other
1,1144875,0.0
1,1144875,0.0
6,1144923,0.0
6,1145011,Other
1,1145041,0.0
1,1145041,0.0
1,1145041,0.0
1,1145041,0.0
1,1145041,0.0
1,1145041,0.0
1,1145045,0.0
1,1145045,0.0
1,1145103,0.0
1,1145103,0.0
1,1145103,0.0
Other,1145132,0.0
Other,1145262,0.0
6,1145298,Other
6,1145318,0.0
1,1145380,0.0
1,1145380,0.0
3,1145609,0.0
3,1145609,0.0
1,1145626,Other
1,1145626,0.0
1,1145626,0.0
1,1145626,0.0
1,1145626,0.0
6,1145659,0.0
1,1145669,0.0
1,1145669,0.0
1,1145669,0.0
1,1145680,0.0
1,1145680,0.0
Other,1145686,0.0
6,1145690,0.0
1,1145730,Other
1,1145730,0.0
1,1145730,0.0
1,1145913,0.0
1,1145913,0.0
1,1145913,0.0
1,1145987,Other
1,1145987,Other
3,1145988,0.0
3,1145988,0.0
3,1145988,0.0
3,1145988,0.0
3,1145988,0.0
3,1146121,0.0
3,1146121,0.0
3,1146121,0.0
1,1146135,0.0
1,1146135,0.0
1,1146135,0.0
1,1146135,0.0
1,1146135,0.0
1,1146135,0.0
1,1146177,0.0
1,1146177,0.0
1,1146297,0.0
1,1146297,0.0
1,1146297,0.0
1,1146297,0.0
1,1146297,0.0
1,1146297,0.0
1,1146297,0.0
1,1146297,0.0
1,1146326,0.0
1,1146326,0.0
1,1146369,0.0
1,1146369,0.0
1,1146369,0.0
1,1146369,0.0
6,1146421,0.0
1,1146429,0.0
1,1146429,0.0
1,1146429,0.0
6,1146499,0.0
1,1146523,Other
1,1146523,0.0
6,1146705,0.0
1,1146714,0.0
1,1146714,0.0
1,1146780,0.0
1,1146780,0.0
1,1146780,0.0
1,1146780,0.0
1,1146780,0.0
1,1146780,0.0
1,1146780,0.0
1,1146780,0.0
1,1146839,0.0
1,1146839,0.0
1,1146839,0.0
1,1146839,0.0
1,1146839,0.0
2,1146897,Other
2,1146897,0.0
3,1146939,0.0
3,1146939,0.0
3,1147011,0.0
3,1147011,0.0
3,1147011,0.0
Other,1147071,0.0
1,1147435,0.0
1,1147435,0.0
1,1147435,0.0
1,1147435,0.0
Other,1147441,0.0
1,1147444,Other
1,1147444,Other
Other,1147448,0.0
1,1147569,0.0
1,1147569,0.0
1,1147569,0.0
1,1147569,0.0
3,1147579,0.0
3,1147579,0.0
Other,1147595,0.0
1,1147638,0.0
1,1147638,0.0
1,1147638,0.0
1,1147638,0.0
6,1147670,0.0
1,1147714,0.0
1,1147714,0.0
1,1147714,0.0
6,1147787,0.0
1,1147933,0.0
1,1147933,0.0
1,1147933,0.0
1,1147933,0.0
1,1147956,0.0
1,1147956,0.0
1,1147956,0.0
3,1147984,0.0
3,1147984,0.0
1,1148026,0.0
1,1148026,0.0
3,1148308,0.0
3,1148308,0.0
3,1148308,0.0
1,1148310,Other
1,1148310,Other
1,1148310,0.0
1,1148310,0.0
1,1148310,0.0
1,1148352,0.0
1,1148352,0.0
1,1148382,0.0
1,1148382,0.0
Other,1148641,Other
Other,1148641,0.0
6,1148665,0.0
1,1148710,0.0
1,1148710,0.0
Other,1148747,Other
Other,1148747,0.0
1,1148772,0.0
1,1148772,0.0
1,1148772,0.0
1,1148772,0.0
Other,1148806,Other
2,1148828,0.0
2,1148828,0.0
1,1148829,0.0
1,1148829,0.0
1,1148829,0.0
1,1148829,0.0
1,1148829,0.0
1,1148844,0.0
1,1148844,0.0
1,1148844,0.0
1,1148844,0.0
1,1148844,0.0
1,1148877,0.0
1,1148877,0.0
1,1148877,0.0
1,1148877,0.0
1,1148877,0.0
1,1148884,0.0
1,1148884,0.0
1,1148884,0.0
1,1148884,0.0
1,1148884,0.0
1,1148884,0.0
Other,1149115,0.0
Other,1149137,Other
Other,1149137,0.0
1,1149142,0.0
1,1149142,0.0
1,1149142,0.0
1,1149142,0.0
1,1149164,0.0
1,1149164,0.0
1,1149178,0.0
1,1149178,0.0
1,1149178,0.0
1,1149178,0.0
1,1149178,0.0
Other,1149279,0.0
Other,1149279,0.0
2,1149292,0.0
2,1149292,0.0
6,1149349,0.0
1,1149399,0.0
1,1149399,0.0
1,1149399,0.0
1,1149399,0.0
6,1149482,0.0
Other,1149536,0.0
1,1149581,0.0
1,1149581,0.0
1,1149581,0.0
Other,1149602,0.0
3,1149677,0.0
3,1149677,0.0
1,1149780,Other
1,1149780,0.0
1,1149780,0.0
Other,1149974,0.0
Other,1149974,0.0
Other,1149974,0.0
6,1150058,Other
1,1150067,Other
1,1150067,0.0
1,1150067,Other
1,1150067,0.0
1,1150067,Other
1,1150067,0.0
Other,1150199,0.0
2,1150204,Other
2,1150204,Other
2,1150204,Other
2,1150204,Other
3,1150296,0.0
3,1150296,0.0
3,1150296,0.0
3,1150296,0.0
1,1150417,0.0
1,1150417,0.0
1,1150417,0.0
1,1150467,Other
1,1150467,Other
6,1150507,Other
6,1150580,0.0
3,1150689,0.0
3,1150689,0.0
3,1150689,Other
Other,1150761,0.0
1,1150912,0.0
1,1150912,0.0
2,1151006,0.0
2,1151006,0.0
3,1151049,0.0
3,1151049,0.0
3,1151049,0.0
3,1151049,0.0
Other,1151064,0.0
1,1151094,0.0
1,1151094,0.0
1,1151094,0.0
1,1151094,0.0
1,1151094,0.0
1,1151094,0.0
1,1151094,0.0
1,1151105,0.0
1,1151105,0.0
1,1151105,0.0
1,1151105,0.0
Other,1151163,0.0
1,1151174,0.0
1,1151174,0.0
1,1151174,0.0
1,1151174,0.0
6,1151320,Other
1,1151500,0.0
1,1151500,0.0
1,1151500,0.0
1,1151512,0.0
1,1151512,0.0
1,1151512,0.0
1,1151512,0.0
1,1151512,0.0
1,1151512,0.0
1,1151530,0.0
1,1151530,0.0
1,1151530,0.0
6,1151600,Other
6,1151641,0.0
1,1151712,Other
1,1151712,0.0
3,1151756,0.0
3,1151756,0.0
3,1151756,0.0
3,1151756,0.0
3,1151758,0.0
3,1151758,0.0
3,1151758,0.0
3,1151758,0.0
3,1151758,0.0
6,1151841,Other
Other,1151992,0.0
Other,1151992,0.0
3,1151994,0.0
3,1151994,0.0
3,1151994,0.0
3,1151994,0.0
Other,1151999,Other
2,1152005,0.0
2,1152005,0.0
2,1152005,0.0
Other,1152036,0.0
1,1152099,0.0
1,1152099,0.0
1,1152099,0.0
1,1152099,0.0
1,1152099,0.0
1,1152099,0.0
Other,1152169,0.0
2,1152192,0.0
2,1152192,0.0
2,1152192,0.0
6,1152239,0.0
1,1152240,0.0
1,1152240,0.0
1,1152240,0.0
1,1152253,0.0
1,1152253,0.0
1,1152253,0.0
1,1152253,0.0
1,1152253,0.0
1,1152319,0.0
1,1152319,0.0
1,1152319,0.0
1,1152319,0.0
1,1152319,0.0
Other,1152388,Other
1,1152569,Other
1,1152569,0.0
1,1152594,0.0
1,1152594,0.0
1,1152594,0.0
1,1152594,0.0
1,1152594,0.0
1,1152594,0.0
1,1152651,0.0
1,1152651,0.0
1,1152651,0.0
1,1152651,0.0
1,1152651,0.0
1,1152651,0.0
1,1152651,0.0
1,1152651,0.0
1,1152651,0.0
1,1152659,0.0
1,1152659,0.0
1,1152659,0.0
2,1152674,0.0
2,1152674,0.0
1,1152864,0.0
1,1152864,Other
1,1152864,0.0
1,1152864,0.0
2,1152910,0.0
2,1152910,0.0
2,1152910,0.0
2,1152910,0.0
2,1152910,0.0
2,1152910,0.0
2,1152910,0.0
1,1152937,0.0
1,1152937,0.0
1,1152937,0.0
1,1152937,0.0
1,1152937,0.0
Other,1152946,0.0
Other,1152946,0.0
2,1152969,Other
2,1152969,0.0
Other,1153046,0.0
Other,1153046,0.0
6,1153101,0.0
Other,1153323,Other
Other,1153323,Other
1,1153350,0.0
1,1153350,0.0
1,1153350,0.0
1,1153350,0.0
1,1153462,0.0
1,1153462,0.0
1,1153462,0.0
1,1153462,0.0
1,1153462,0.0
1,1153462,0.0
3,1153525,0.0
3,1153525,0.0
6,1153538,Other
1,1153539,0.0
1,1153539,0.0
1,1153582,0.0
1,1153582,0.0
6,1153655,0.0
1,1153678,0.0
1,1153678,0.0
1,1153689,Other
1,1153689,0.0
Other,1153703,Other
1,1153711,0.0
1,1153711,0.0
1,1153711,0.0
1,1153711,0.0
Other,1153756,0.0
Other,1153756,0.0
1,1153765,Other
1,1153765,0.0
6,1153803,0.0
Other,1153809,0.0
Other,1153809,Other
Other,1153809,Other
2,1153841,0.0
2,1153841,0.0
3,1153863,Other
3,1153863,0.0
3,1153863,0.0
3,1153863,0.0
3,1153863,Other
Other,1153967,0.0
6,1153985,Other
1,1154025,0.0
1,1154025,0.0
1,1154025,0.0
3,1154124,Other
3,1154124,0.0
3,1154124,0.0
3,1154124,0.0
1,1154198,0.0
1,1154198,0.0
1,1154198,0.0
6,1154253,0.0
Other,1154292,0.0
1,1154419,0.0
1,1154419,0.0
1,1154419,0.0
1,1154419,0.0
1,1154467,Other
1,1154467,0.0
Other,1154491,0.0
Other,1154491,0.0
6,1154559,0.0
6,1154613,Other
1,1154626,0.0
1,1154626,0.0
1,1154626,0.0
1,1154659,Other
1,1154659,0.0
3,1154667,0.0
3,1154667,0.0
3,1154667,0.0
3,1154667,0.0
3,1154667,0.0
3,1154667,0.0
1,1154841,0.0
1,1154841,0.0
1,1154841,0.0
1,1154871,0.0
1,1154871,0.0
1,1154871,0.0
1,1154871,0.0
3,1154889,0.0
3,1154889,0.0
3,1154889,0.0
Other,1154928,0.0
1,1154980,0.0
1,1154980,0.0
2,1154990,0.0
2,1154990,0.0
Other,1155014,0.0
Other,1155014,0.0
6,1155064,0.0
3,1155173,0.0
3,1155173,0.0
3,1155173,0.0
1,1155177,0.0
1,1155177,0.0
6,1155179,Other
3,1155204,0.0
3,1155204,0.0
3,1155204,0.0
3,1155204,0.0
3,1155204,0.0
1,1155301,0.0
1,1155301,0.0
1,1155301,0.0
1,1155301,0.0
1,1155301,0.0
Other,1155341,0.0
1,1155347,0.0
1,1155347,0.0
1,1155347,0.0
1,1155347,0.0
1,1155400,Other
1,1155400,0.0
1,1155522,0.0
1,1155522,Other
1,1155522,0.0
1,1155522,0.0
1,1155603,0.0
1,1155603,0.0
1,1155609,0.0
1,1155609,0.0
1,1155609,0.0
1,1155609,0.0
1,1155609,0.0
1,1155766,Other
1,1155766,0.0
1,1155766,Other
Other,1155798,0.0
1,1155961,0.0
1,1155961,0.0
1,1155961,0.0
1,1155961,0.0
1,1155961,0.0
1,1155968,Other
1,1155968,0.0
Other,1156011,0.0
1,1156065,0.0
1,1156065,0.0
1,1156065,0.0
1,1156065,0.0
3,1156082,0.0
3,1156082,0.0
3,1156082,0.0
1,1156124,Other
1,1156124,Other
1,1156124,Other
1,1156124,0.0
1,1156208,0.0
1,1156208,0.0
1,1156208,0.0
1,1156208,0.0
3,1156246,0.0
3,1156246,0.0
3,1156246,0.0
3,1156246,0.0
1,1156255,0.0
1,1156255,0.0
1,1156258,Other
1,1156258,0.0
1,1156258,Other
1,1156258,0.0
1,1156258,0.0
1,1156258,0.0
1,1156258,0.0
6,1156284,Other
1,1156314,0.0
1,1156314,0.0
1,1156395,Other
1,1156395,0.0
1,1156395,0.0
1,1156395,0.0
1,1156398,0.0
1,1156398,0.0
1,1156398,0.0
1,1156398,0.0
1,1156398,0.0
1,1156412,0.0
1,1156412,0.0
1,1156412,0.0
1,1156412,0.0
3,1156414,0.0
3,1156414,0.0
6,1156474,0.0
1,1156545,0.0
1,1156545,0.0
1,1156545,0.0
1,1156545,0.0
1,1156545,0.0
1,1156545,0.0
3,1156574,0.0
3,1156574,0.0
3,1156574,0.0
6,1156621,0.0
6,1156748,0.0
2,1156770,0.0
2,1156770,0.0
2,1156770,0.0
2,1156770,0.0
2,1156770,0.0
Other,1156788,0.0
Other,1156788,0.0
1,1156836,0.0
1,1156836,0.0
1,1156933,Other
1,1156933,0.0
1,1156933,0.0
1,1156933,0.0
1,1156933,0.0
1,1156933,0.0
1,1156933,0.0
6,1157028,0.0
1,1157177,0.0
1,1157177,0.0
1,1157177,0.0
1,1157177,Other
1,1157234,Other
1,1157234,Other
1,1157234,0.0
1,1157234,0.0
Other,1157270,Other
Other,1157270,0.0
Other,1157342,0.0
Other,1157342,0.0
Other,1157342,0.0
6,1157345,Other
6,1157374,0.0
1,1157404,0.0
1,1157404,0.0
1,1157404,0.0
1,1157404,0.0
Other,1157422,0.0
Other,1157422,0.0
Other,1157422,0.0
1,1157447,0.0
1,1157447,0.0
1,1157447,0.0
1,1157447,0.0
1,1157447,0.0
1,1157447,0.0
1,1157447,0.0
1,1157447,0.0
3,1157707,0.0
3,1157707,0.0
1,1157730,Other
1,1157730,Other
1,1157816,Other
1,1157816,0.0
Other,1157843,Other
1,1157849,0.0
1,1157849,0.0
Other,1157877,Other
1,1157890,0.0
1,1157890,0.0
2,1157918,0.0
2,1157918,0.0
2,1157918,0.0
2,1157918,0.0
2,1157918,0.0
2,1157918,0.0
Other,1157934,0.0
1,1157990,0.0
1,1157990,0.0
1,1157990,0.0
1,1157990,0.0
1,1157990,0.0
1,1157990,0.0
Other,1157994,0.0
6,1158008,0.0
1,1158081,0.0
1,1158081,0.0
1,1158081,0.0
1,1158081,0.0
1,1158081,0.0
1,1158081,0.0
1,1158142,0.0
1,1158142,0.0
1,1158142,0.0
1,1158142,0.0
1,1158255,0.0
1,1158255,0.0
1,1158255,0.0
1,1158255,0.0
1,1158255,0.0
3,1158351,0.0
3,1158351,0.0
3,1158351,0.0
3,1158351,0.0
1,1158361,0.0
1,1158361,0.0
1,1158361,0.0
1,1158393,Other
1,1158393,0.0
Other,1158509,0.0
1,1158580,0.0
1,1158580,0.0
1,1158580,0.0
1,1158644,0.0
1,1158644,0.0
1,1158644,0.0
1,1158644,0.0
1,1158644,0.0
1,1158689,0.0
1,1158689,0.0
1,1158689,0.0
1,1158689,0.0
1,1158689,0.0
1,1158714,0.0
1,1158714,0.0
3,1158791,0.0
3,1158791,0.0
3,1158791,0.0
3,1158791,0.0
1,1158800,0.0
1,1158800,0.0
1,1158800,0.0
1,1158800,0.0
6,1158822,0.0
Other,1158942,0.0
Other,1158942,0.0
1,1158961,0.0
1,1158961,0.0
Other,1158972,0.0
6,1159129,0.0
1,1159146,0.0
1,1159146,0.0
1,1159146,0.0
1,1159146,0.0
1,1159146,0.0
1,1159146,0.0
2,1159212,0.0
2,1159212,0.0
2,1159212,0.0
3,1159220,0.0
3,1159220,0.0
6,1159223,0.0
3,1159269,0.0
3,1159269,0.0
3,1159269,0.0
3,1159290,0.0
3,1159290,0.0
3,1159290,0.0
1,1159327,0.0
1,1159327,0.0
1,1159327,0.0
1,1159327,0.0
6,1159371,Other
6,1159390,Other
1,1159435,Other
1,1159435,Other
1,1159435,Other
1,1159435,0.0
6,1159506,Other
3,1159534,0.0
3,1159534,0.0
3,1159534,0.0
3,1159536,0.0
3,1159536,0.0
3,1159536,0.0
6,1159558,Other
1,1159572,Other
1,1159572,0.0
1,1159680,0.0
1,1159680,0.0
1,1159680,0.0
1,1159680,0.0
2,1159695,0.0
2,1159695,0.0
2,1159695,0.0
1,1159702,0.0
1,1159702,0.0
Other,1159721,Other
Other,1159848,0.0
1,1159860,0.0
1,1159860,0.0
1,1159860,0.0
1,1159860,0.0
1,1159860,0.0
1,1159860,0.0
1,1159953,0.0
1,1159953,0.0
1,1159953,0.0
1,1159953,0.0
Other,1159975,0.0
1,1160023,0.0
1,1160023,0.0
1,1160031,Other
1,1160031,0.0
1,1160108,0.0
1,1160108,0.0
1,1160108,0.0
1,1160108,0.0
6,1160112,0.0
Other,1160293,0.0
6,1160361,0.0
6,1160432,0.0
Other,1160437,0.0
Other,1160437,0.0
3,1160459,0.0
3,1160459,0.0
1,1160519,0.0
1,1160519,0.0
1,1160521,0.0
1,1160521,0.0
1,1160583,0.0
1,1160583,0.0
1,1160583,0.0
1,1160583,0.0
Other,1160590,0.0
Other,1160630,0.0
Other,1160630,0.0
Other,1160630,0.0
Other,1160840,0.0
1,1160889,0.0
1,1160889,0.0
1,1160889,0.0
3,1160904,0.0
3,1160904,0.0
3,1160904,0.0
3,1160904,0.0
3,1160904,0.0
1,1160918,0.0
1,1160918,0.0
3,1160934,0.0
3,1160934,0.0
Other,1160975,0.0
Other,1160975,0.0
Other,1160975,0.0
1,1161035,0.0
1,1161035,0.0
1,1161035,0.0
6,1161098,0.0
Other,1161181,Other
1,1161289,0.0
1,1161289,0.0
1,1161289,0.0
1,1161289,0.0
1,1161289,0.0
1,1161289,0.0
1,1161289,0.0
Other,1161444,0.0
Other,1161444,0.0
6,1161450,0.0
1,1161491,0.0
1,1161491,0.0
6,1161504,0.0
3,1161554,0.0
3,1161554,0.0
3,1161554,0.0
6,1161593,0.0
6,1161653,0.0
Other,1161661,0.0
Other,1161671,0.0
6,1161751,0.0
Other,1161887,Other
Other,1161887,0.0
Other,1161887,0.0
6,1161926,Other
3,1161931,0.0
3,1161931,0.0
1,1162000,0.0
1,1162000,0.0
1,1162000,0.0
1,1162000,0.0
1,1162139,0.0
1,1162139,0.0
1,1162139,0.0
1,1162139,0.0
Other,1162150,0.0
2,1162238,Other
2,1162238,0.0
2,1162238,0.0
2,1162238,0.0
2,1162238,0.0
1,1162277,0.0
1,1162277,0.0
1,1162277,0.0
1,1162277,0.0
1,1162319,0.0
1,1162319,0.0
1,1162319,0.0
Other,1162357,0.0
6,1162444,0.0
1,1162520,Other
1,1162520,Other
1,1162524,Other
1,1162524,Other
1,1162524,0.0
1,1162524,0.0
1,1162524,0.0
Other,1162544,0.0
3,1162857,0.0
3,1162857,0.0
3,1162857,0.0
1,1162884,Other
1,1162884,0.0
6,1162981,0.0
Other,1163107,0.0
Other,1163107,0.0
Other,1163107,0.0
Other,1163107,0.0
Other,1163107,0.0
Other,1163107,0.0
Other,1163107,0.0
1,1163131,0.0
1,1163131,0.0
1,1163131,0.0
1,1163131,0.0
1,1163131,0.0
1,1163152,0.0
1,1163152,0.0
1,1163152,0.0
1,1163152,0.0
1,1163154,0.0
1,1163154,0.0
1,1163154,0.0
1,1163154,0.0
1,1163154,0.0
6,1163177,0.0
1,1163178,0.0
1,1163178,0.0
1,1163178,0.0
1,1163178,0.0
6,1163246,Other
1,1163276,0.0
1,1163276,0.0
1,1163276,0.0
1,1163276,0.0
1,1163276,0.0
1,1163276,0.0
6,1163329,Other
1,1163387,0.0
1,1163387,0.0
Other,1163572,Other
Other,1163572,0.0
2,1163579,0.0
2,1163579,Other
2,1163579,0.0
2,1163579,0.0
3,1163692,0.0
3,1163692,0.0
3,1163692,0.0
Other,1163714,Other
Other,1163714,0.0
6,1163758,Other
3,1163909,0.0
3,1163909,Other
1,1163933,0.0
1,1163933,0.0
1,1163933,0.0
1,1163933,0.0
1,1163933,0.0
1,1163933,0.0
6,1163955,0.0
Other,1163967,0.0
6,1163976,0.0
6,1163998,0.0
Other,1164001,0.0
Other,1164001,0.0
2,1164029,0.0
2,1164029,0.0
2,1164051,0.0
2,1164051,Other
2,1164051,Other
1,1164080,0.0
1,1164080,0.0
1,1164080,0.0
1,1164080,0.0
1,1164166,0.0
1,1164166,0.0
1,1164196,0.0
1,1164196,Other
1,1164196,0.0
1,1164228,0.0
1,1164228,0.0
1,1164281,0.0
1,1164281,0.0
1,1164281,0.0
1,1164281,0.0
1,1164281,0.0
1,1164306,0.0
1,1164306,0.0
1,1164335,0.0
1,1164335,0.0
1,1164344,0.0
1,1164344,0.0
1,1164344,0.0
1,1164344,0.0
1,1164379,0.0
1,1164379,0.0
1,1164379,0.0
1,1164379,0.0
1,1164379,0.0
6,1164506,Other
6,1164602,0.0
1,1164661,0.0
1,1164661,0.0
1,1164661,0.0
1,1164752,0.0
1,1164752,Other
1,1164752,0.0
1,1164839,0.0
1,1164839,0.0
1,1164944,Other
1,1164944,0.0
1,1164944,0.0
1,1164944,0.0
Other,1164958,0.0
Other,1164958,0.0
1,1165001,0.0
1,1165001,0.0
Other,1165003,Other
Other,1165062,0.0
1,1165064,Other
1,1165064,Other
1,1165112,0.0
1,1165112,0.0
1,1165112,0.0
1,1165112,0.0
Other,1165163,0.0
Other,1165190,0.0
Other,1165190,0.0
6,1165209,0.0
3,1165297,0.0
3,1165297,0.0
3,1165297,0.0
1,1165330,0.0
1,1165330,0.0
1,1165330,0.0
1,1165330,0.0
Other,1165419,0.0
Other,1165419,0.0
Other,1165524,0.0
3,1165653,Other
3,1165653,0.0
Other,1165712,0.0
3,1165888,0.0
3,1165888,0.0
3,1165888,0.0
3,1165888,0.0
6,1166017,0.0
3,1166021,0.0
3,1166021,0.0
3,1166021,0.0
1,1166077,0.0
1,1166077,0.0
1,1166077,0.0
1,1166077,0.0
1,1166143,0.0
1,1166143,0.0
1,1166143,0.0
Other,1166175,0.0
3,1166243,0.0
3,1166243,0.0
3,1166243,0.0
1,1166264,Other
1,1166264,0.0
1,1166264,0.0
1,1166323,Other
1,1166323,0.0
1,1166323,0.0
1,1166323,0.0
6,1166487,0.0
1,1166578,0.0
1,1166578,0.0
1,1166598,0.0
1,1166598,0.0
1,1166598,0.0
1,1166598,0.0
1,1166598,0.0
1,1166598,0.0
Other,1166710,0.0
6,1166813,0.0
Other,1166938,Other
2,1167009,0.0
2,1167009,0.0
2,1167009,0.0
2,1167009,0.0
1,1167014,0.0
1,1167014,0.0
1,1167014,0.0
1,1167014,0.0
6,1167025,0.0
Other,1167036,Other
Other,1167036,0.0
6,1167037,0.0
1,1167048,0.0
1,1167048,0.0
1,1167048,Other
1,1167048,0.0
1,1167067,0.0
1,1167067,0.0
1,1167067,0.0
1,1167067,0.0
1,1167067,0.0
1,1167120,0.0
1,1167120,0.0
1,1167120,0.0
1,1167120,0.0
1,1167120,0.0
1,1167164,0.0
1,1167164,0.0
1,1167164,0.0
1,1167164,0.0
Other,1167226,Other
Other,1167226,0.0
Other,1167301,Other
Other,1167301,0.0
6,1167320,0.0
6,1167321,0.0
1,1167414,0.0
1,1167414,0.0
1,1167441,0.0
1,1167441,0.0
1,1167441,Other
1,1167451,Other
1,1167451,Other
6,1167465,0.0
6,1167745,Other
1,1167843,Other
1,1167843,0.0
1,1167843,0.0
1,1167843,0.0
1,1167895,0.0
1,1167895,0.0
Other,1167946,0.0
Other,1167946,0.0
6,1168017,Other
1,1168020,0.0
1,1168020,0.0
1,1168020,Other
1,1168020,0.0
1,1168028,0.0
1,1168028,0.0
Other,1168051,0.0
1,1168071,0.0
1,1168071,0.0
1,1168071,0.0
1,1168071,0.0
1,1168073,0.0
1,1168073,0.0
1,1168073,0.0
1,1168073,0.0
6,1168096,Other
3,1168183,0.0
3,1168183,0.0
3,1168183,0.0
6,1168194,0.0
1,1168215,0.0
1,1168215,0.0
1,1168215,0.0
1,1168215,0.0
1,1168215,0.0
Other,1168219,Other
3,1168248,0.0
3,1168248,0.0
3,1168248,0.0
1,1168321,0.0
1,1168321,0.0
1,1168321,0.0
1,1168321,0.0
6,1168376,0.0
Other,1168436,0.0
1,1168468,Other
1,1168468,0.0
1,1168468,0.0
Other,1168473,0.0
3,1168576,0.0
3,1168576,0.0
3,1168576,0.0
3,1168576,0.0
3,1168576,0.0
3,1168576,0.0
3,1168576,0.0
1,1168608,0.0
1,1168608,0.0
1,1168608,0.0
1,1168608,0.0
6,1168613,0.0
6,1168628,0.0
2,1168697,0.0
2,1168697,0.0
2,1168697,0.0
Other,1168732,0.0
Other,1168732,0.0
1,1168886,0.0
1,1168886,0.0
1,1168886,0.0
1,1168908,0.0
1,1168908,0.0
1,1168908,0.0
1,1169084,0.0
1,1169084,Other
1,1169157,0.0
1,1169157,0.0
1,1169157,0.0
6,1169217,0.0
1,1169240,0.0
1,1169240,0.0
1,1169240,0.0
1,1169240,0.0
Other,1169282,0.0
3,1169304,0.0
3,1169304,0.0
3,1169304,0.0
1,1169447,0.0
1,1169447,0.0
1,1169447,0.0
1,1169447,0.0
1,1169447,0.0
1,1169501,Other
1,1169501,Other
6,1169553,0.0
1,1169564,0.0
1,1169564,0.0
1,1169564,0.0
1,1169612,0.0
1,1169612,0.0
1,1169612,0.0
1,1169612,0.0
1,1169612,0.0
3,1169616,0.0
3,1169616,0.0
3,1169616,0.0
1,1169631,0.0
1,1169631,Other
Other,1169657,0.0
Other,1169657,0.0
Other,1169657,0.0
6,1169672,0.0
2,1169700,0.0
2,1169700,0.0
2,1169700,0.0
2,1169700,0.0
3,1169717,0.0
3,1169717,0.0
1,1169742,0.0
1,1169742,0.0
1,1169742,0.0
1,1169742,0.0
Other,1169770,0.0
Other,1169770,0.0
Other,1169770,0.0
Other,1169770,0.0
Other,1169770,0.0
Other,1169770,0.0
3,1169910,0.0
3,1169910,0.0
3,1169910,0.0
3,1169910,0.0
3,1169910,0.0
3,1169918,0.0
3,1169918,0.0
3,1169918,0.0
Other,1170057,Other
1,1170082,0.0
1,1170082,0.0
3,1170306,Other
3,1170306,0.0
Other,1170324,Other
Other,1170345,0.0
Other,1170345,0.0
1,1170446,0.0
1,1170446,0.0
1,1170446,0.0
1,1170446,0.0
1,1170506,0.0
1,1170506,Other
1,1170506,0.0
1,1170506,0.0
6,1170519,0.0
1,1170528,0.0
1,1170528,0.0
1,1170528,0.0
1,1170528,0.0
1,1170530,0.0
1,1170530,Other
6,1170531,0.0
2,1170579,0.0
2,1170579,0.0
2,1170579,0.0
2,1170579,0.0
3,1170642,0.0
3,1170642,0.0
3,1170642,0.0
3,1170642,0.0
6,1170661,Other
1,1170677,Other
1,1170677,Other
6,1170777,Other
1,1170843,0.0
1,1170843,0.0
Other,1170914,Other
Other,1170916,Other
3,1170931,0.0
3,1170931,0.0
3,1171002,0.0
3,1171002,0.0
3,1171002,0.0
3,1171094,0.0
3,1171094,0.0
3,1171094,0.0
3,1171094,0.0
3,1171094,0.0
1,1171156,0.0
1,1171156,0.0
1,1171156,0.0
Other,1171170,0.0
Other,1171170,0.0
3,1171279,0.0
3,1171279,0.0
3,1171279,0.0
Other,1171406,0.0
2,1171454,0.0
2,1171454,0.0
Other,1171456,Other
2,1171489,Other
2,1171489,0.0
Other,1171509,0.0
Other,1171509,0.0
Other,1171509,0.0
Other,1171509,0.0
Other,1171509,0.0
6,1171625,0.0
1,1171698,0.0
1,1171698,0.0
1,1171698,0.0
3,1171719,0.0
3,1171719,0.0
3,1171719,0.0
1,1171731,Other
1,1171731,0.0
3,1171741,0.0
3,1171741,0.0
1,1171751,0.0
1,1171751,0.0
Other,1171763,0.0
Other,1171763,0.0
6,1171832,0.0
3,1171860,0.0
3,1171860,0.0
3,1171863,0.0
3,1171863,0.0
3,1171863,0.0
1,1171879,0.0
1,1171879,0.0
1,1171934,0.0
1,1171934,0.0
1,1172007,0.0
1,1172007,0.0
1,1172007,0.0
1,1172007,0.0
6,1172059,0.0
1,1172173,0.0
1,1172173,0.0
1,1172173,0.0
1,1172209,Other
1,1172209,0.0
1,1172209,0.0
1,1172209,0.0
1,1172229,0.0
1,1172229,0.0
1,1172229,0.0
3,1172303,0.0
3,1172303,0.0
1,1172456,0.0
1,1172456,0.0
3,1172468,0.0
3,1172468,0.0
6,1172708,0.0
6,1172713,0.0
1,1172759,Other
1,1172759,0.0
2,1172775,0.0
2,1172775,0.0
6,1172777,0.0
2,1172834,0.0
2,1172834,0.0
2,1172834,0.0
6,1172942,Other
3,1172995,0.0
3,1172995,0.0
3,1172995,0.0
1,1172998,0.0
1,1172998,0.0
3,1173063,Other
3,1173063,0.0
3,1173063,0.0
3,1173063,0.0
3,1173063,Other
6,1173072,0.0
6,1173107,0.0
Other,1173137,0.0
1,1173149,0.0
1,1173149,0.0
1,1173149,0.0
1,1173149,0.0
1,1173149,0.0
1,1173149,0.0
1,1173149,0.0
1,1173149,0.0
3,1173174,0.0
3,1173174,0.0
6,1173400,0.0
1,1173414,0.0
1,1173414,0.0
1,1173414,0.0
1,1173432,0.0
1,1173432,0.0
1,1173432,0.0
1,1173432,0.0
Other,1173621,0.0
Other,1173621,0.0
Other,1173621,Other
6,1173622,0.0
6,1173738,0.0
Other,1173742,0.0
Other,1173742,0.0
Other,1173767,0.0
2,1173769,0.0
2,1173769,0.0
2,1173769,0.0
Other,1173851,0.0
1,1174143,0.0
1,1174143,0.0
1,1174143,0.0
1,1174261,0.0
1,1174261,0.0
1,1174261,0.0
1,1174261,0.0
2,1174331,0.0
2,1174331,0.0
Other,1174344,0.0
2,1174383,0.0
2,1174383,0.0
2,1174383,0.0
2,1174383,0.0
6,1174446,0.0
6,1174450,0.0
3,1174495,0.0
3,1174495,0.0
Other,1174520,0.0
Other,1174548,0.0
6,1174700,0.0
2,1174755,0.0
2,1174755,0.0
2,1174755,0.0
2,1174755,0.0
2,1174755,0.0
1,1174780,0.0
1,1174780,0.0
1,1174780,0.0
1,1174780,0.0
Other,1174798,0.0
Other,1174798,0.0
6,1174867,0.0
6,1174901,0.0
6,1174908,Other
1,1175016,0.0
1,1175016,0.0
1,1175016,0.0
6,1175030,0.0
Other,1175074,0.0
Other,1175074,0.0
Other,1175151,0.0
6,1175169,0.0
2,1175212,0.0
2,1175212,0.0
2,1175212,0.0
3,1175243,0.0
3,1175243,0.0
3,1175243,0.0
3,1175243,0.0
3,1175243,0.0
3,1175243,0.0
3,1175243,0.0
Other,1175262,0.0
3,1175267,0.0
3,1175267,0.0
3,1175267,0.0
3,1175267,0.0
1,1175269,0.0
1,1175269,0.0
1,1175332,0.0
1,1175332,0.0
2,1175369,0.0
2,1175369,0.0
1,1175383,0.0
1,1175383,0.0
1,1175383,0.0
1,1175383,0.0
1,1175383,0.0
3,1175408,0.0
3,1175408,0.0
Other,1175443,0.0
Other,1175443,0.0
3,1175464,0.0
3,1175464,Other
1,1175479,Other
1,1175479,0.0
1,1175479,0.0
Other,1175540,0.0
1,1175572,0.0
1,1175572,0.0
1,1175572,0.0
1,1175572,0.0
1,1175572,0.0
1,1175572,0.0
2,1175599,0.0
2,1175599,0.0
2,1175599,0.0
Other,1175624,0.0
Other,1175624,0.0
6,1175692,Other
3,1175702,0.0
3,1175702,0.0
3,1175702,0.0
3,1175702,0.0
3,1175702,Other
1,1175860,0.0
1,1175860,0.0
3,1175904,0.0
3,1175904,0.0
6,1175941,0.0
1,1175946,0.0
1,1175946,0.0
1,1175946,0.0
1,1175946,0.0
1,1175946,0.0
1,1175946,0.0
1,1175946,0.0
Other,1176002,0.0
Other,1176002,0.0
1,1176023,Other
1,1176023,Other
1,1176110,Other
1,1176110,0.0
1,1176110,0.0
1,1176110,0.0
3,1176167,0.0
3,1176167,0.0
Other,1176193,0.0
Other,1176193,0.0
Other,1176194,0.0
Other,1176240,0.0
Other,1176241,Other
3,1176425,0.0
3,1176425,0.0
3,1176425,0.0
3,1176425,0.0
1,1176440,0.0
1,1176440,0.0
1,1176440,0.0
1,1176440,0.0
1,1176440,0.0
Other,1176513,0.0
Other,1176513,Other
6,1176532,0.0
Other,1176553,0.0
Other,1176553,0.0
6,1176560,0.0
3,1176570,0.0
3,1176570,0.0
3,1176570,0.0
3,1176570,0.0
1,1176664,0.0
1,1176664,0.0
1,1176664,0.0
1,1176664,0.0
1,1176664,0.0
Other,1176691,0.0
1,1176724,0.0
1,1176724,0.0
Other,1176777,0.0
Other,1176786,0.0
1,1176903,Other
1,1176903,0.0
1,1176903,0.0
1,1176903,0.0
1,1176903,0.0
Other,1176916,0.0
Other,1176916,0.0
Other,1176954,0.0
6,1177011,0.0
1,1177069,0.0
1,1177069,0.0
Other,1177101,Other
Other,1177101,Other
Other,1177187,Other
1,1177290,Other
1,1177290,Other
1,1177290,0.0
3,1177309,0.0
3,1177309,0.0
3,1177309,0.0
3,1177309,0.0
1,1177355,Other
1,1177355,0.0
1,1177368,0.0
1,1177368,0.0
1,1177368,0.0
1,1177368,0.0
1,1177431,0.0
1,1177431,0.0
6,1177582,0.0
6,1177621,0.0
6,1177640,0.0
3,1177665,0.0
3,1177665,0.0
3,1177665,0.0
6,1177666,0.0
1,1177672,0.0
1,1177672,0.0
1,1177672,0.0
1,1177672,0.0
1,1177749,0.0
1,1177749,0.0
1,1177749,0.0
2,1177825,0.0
2,1177825,0.0
2,1177935,0.0
2,1177935,0.0
2,1177935,0.0
2,1177935,0.0
6,1177973,0.0
Other,1177982,0.0
1,1178025,0.0
1,1178025,0.0
1,1178025,0.0
Other,1178069,Other
Other,1178089,0.0
Other,1178089,0.0
Other,1178089,0.0
Other,1178089,0.0
1,1178099,0.0
1,1178099,0.0
1,1178099,0.0
1,1178099,0.0
1,1178099,0.0
6,1178105,0.0
1,1178109,Other
1,1178109,0.0
1,1178109,0.0
1,1178109,0.0
6,1178129,0.0
1,1178181,0.0
1,1178181,0.0
1,1178273,0.0
1,1178273,0.0
1,1178273,0.0
1,1178273,0.0
1,1178273,0.0
1,1178273,0.0
3,1178344,0.0
3,1178344,0.0
3,1178344,0.0
3,1178344,0.0
6,1178360,0.0
6,1178431,0.0
1,1178456,Other
1,1178456,0.0
1,1178456,0.0
1,1178456,0.0
1,1178456,0.0
1,1178456,0.0
1,1178456,0.0
6,1178562,0.0
1,1178570,Other
1,1178570,0.0
1,1178570,0.0
1,1178570,0.0
1,1178570,0.0
3,1178635,0.0
3,1178635,0.0
3,1178635,0.0
Other,1178710,0.0
2,1178771,0.0
2,1178771,0.0
2,1178771,0.0
2,1178771,0.0
Other,1178809,0.0
Other,1178809,0.0
Other,1178809,0.0
1,1178845,0.0
1,1178845,0.0
1,1178845,0.0
1,1178845,0.0
1,1178845,0.0
Other,1178960,0.0
Other,1178974,0.0
1,1179026,0.0
1,1179026,0.0
1,1179026,0.0
1,1179026,0.0
1,1179026,0.0
6,1179069,0.0
2,1179075,0.0
2,1179075,0.0
Other,1179101,0.0
Other,1179101,0.0
Other,1179101,0.0
Other,1179101,0.0
Other,1179101,0.0
2,1179136,0.0
2,1179136,0.0
2,1179136,0.0
Other,1179171,0.0
Other,1179171,0.0
1,1179210,Other
1,1179210,0.0
1,1179210,0.0
1,1179210,0.0
6,1179213,0.0
Other,1179251,0.0
2,1179290,0.0
2,1179290,0.0
2,1179290,0.0
Other,1179323,0.0
1,1179332,0.0
1,1179332,0.0
1,1179332,0.0
1,1179332,0.0
6,1179415,0.0
6,1179529,0.0
Other,1179557,0.0
3,1179593,0.0
3,1179593,0.0
3,1179593,0.0
3,1179593,0.0
3,1179593,0.0
3,1179593,0.0
1,1179673,Other
1,1179673,0.0
1,1179673,0.0
1,1179673,0.0
1,1179735,0.0
1,1179735,0.0
3,1179736,0.0
3,1179736,0.0
3,1179736,0.0
6,1179739,0.0
6,1179746,0.0
3,1179851,Other
3,1179851,0.0
3,1179851,0.0
3,1179851,0.0
3,1179851,0.0
6,1179867,0.0
1,1179888,0.0
1,1179888,0.0
6,1179905,0.0
2,1179914,Other
2,1179914,0.0
2,1179914,0.0
6,1179968,Other
3,1179999,0.0
3,1179999,0.0
1,1180020,0.0
1,1180020,0.0
1,1180044,0.0
1,1180044,0.0
1,1180044,0.0
1,1180102,0.0
1,1180102,0.0
1,1180102,0.0
1,1180102,0.0
1,1180242,0.0
1,1180242,0.0
1,1180242,0.0
1,1180242,0.0
1,1180242,0.0
2,1180400,0.0
2,1180400,0.0
1,1180515,0.0
1,1180515,Other
1,1180524,0.0
1,1180524,0.0
1,1180524,0.0
1,1180692,0.0
1,1180692,0.0
1,1180692,0.0
3,1180837,0.0
3,1180837,0.0
6,1180843,Other
2,1180984,0.0
2,1180984,0.0
2,1180984,0.0
2,1180984,0.0
2,1180984,0.0
1,1181033,Other
1,1181033,0.0
6,1181091,0.0
3,1181164,0.0
3,1181164,0.0
3,1181164,0.0
6,1181289,0.0
3,1181312,0.0
3,1181312,0.0
Other,1181507,0.0
1,1181555,0.0
1,1181555,0.0
1,1181555,0.0
1,1181555,0.0
1,1181555,0.0
1,1181596,0.0
1,1181596,0.0
1,1181600,0.0
1,1181600,0.0
Other,1181684,0.0
1,1181741,0.0
1,1181741,0.0
1,1181741,0.0
1,1181741,0.0
Other,1181919,0.0
Other,1181919,0.0
Other,1181919,0.0
Other,1181919,0.0
Other,1182021,0.0
1,1182045,Other
1,1182045,0.0
1,1182093,Other
1,1182093,0.0
1,1182093,0.0
1,1182093,0.0
1,1182108,0.0
1,1182108,0.0
1,1182108,0.0
1,1182108,0.0
1,1182108,0.0
1,1182108,0.0
1,1182108,0.0
Other,1182119,0.0
1,1182126,0.0
1,1182126,0.0
1,1182126,0.0
3,1182241,0.0
3,1182241,0.0
3,1182241,0.0
3,1182503,0.0
3,1182503,0.0
1,1182712,Other
1,1182712,Other
6,1182721,0.0
Other,1182737,0.0
Other,1182737,0.0
1,1182782,0.0
1,1182782,0.0
6,1182819,0.0
1,1182827,Other
1,1182827,0.0
1,1182827,0.0
6,1182857,0.0
Other,1182902,Other
Other,1182902,0.0
Other,1182902,0.0
Other,1182972,0.0
Other,1182972,0.0
3,1182981,0.0
3,1182981,0.0
3,1182981,0.0
1,1183024,Other
1,1183024,0.0
1,1183040,Other
1,1183040,Other
1,1183040,Other
1,1183040,Other
1,1183045,0.0
1,1183045,0.0
1,1183045,0.0
1,1183073,Other
1,1183073,0.0
1,1183084,Other
1,1183084,0.0
1,1183084,0.0
1,1183084,0.0
1,1183135,0.0
1,1183135,0.0
1,1183135,0.0
1,1183135,0.0
1,1183142,0.0
1,1183142,0.0
1,1183142,0.0
1,1183142,0.0
Other,1183194,0.0
Other,1183194,0.0
Other,1183194,0.0
Other,1183194,0.0
Other,1183194,0.0
1,1183234,0.0
1,1183234,0.0
1,1183234,0.0
1,1183234,0.0
1,1183234,0.0
3,1183237,Other
3,1183237,0.0
3,1183244,0.0
3,1183244,0.0
3,1183244,0.0
3,1183244,0.0
3,1183246,Other
3,1183246,0.0
Other,1183301,Other
Other,1183301,0.0
Other,1183373,0.0
6,1183378,Other
3,1183420,0.0
3,1183420,0.0
Other,1183429,0.0
Other,1183429,0.0
3,1183438,0.0
3,1183438,0.0
Other,1183676,0.0
6,1183694,Other
1,1183714,0.0
1,1183714,0.0
1,1183714,0.0
1,1183714,0.0
Other,1183819,0.0
Other,1183819,0.0
6,1183825,0.0
6,1183883,0.0
1,1184003,Other
1,1184003,0.0
1,1184003,0.0
1,1184003,0.0
1,1184003,0.0
1,1184003,0.0
1,1184038,Other
1,1184038,0.0
3,1184074,0.0
3,1184074,0.0
3,1184074,0.0
3,1184074,0.0
3,1184074,0.0
3,1184197,0.0
3,1184197,0.0
6,1184246,0.0
1,1184256,0.0
1,1184256,0.0
1,1184256,0.0
1,1184256,0.0
1,1184265,0.0
1,1184265,0.0
1,1184265,0.0
6,1184314,0.0
Other,1184349,0.0
1,1184387,Other
1,1184387,Other
1,1184387,0.0
1,1184387,0.0
1,1184387,0.0
1,1184387,0.0
Other,1184494,0.0
Other,1184494,0.0
Other,1184494,0.0
6,1184525,0.0
6,1184580,0.0
Other,1184584,Other
Other,1184617,0.0
Other,1184617,Other
1,1184619,Other
1,1184619,Other
1,1184619,0.0
1,1184619,0.0
1,1184619,0.0
Other,1184770,0.0
Other,1184770,0.0
6,1184814,0.0
6,1184864,0.0
6,1184874,0.0
1,1184938,0.0
1,1184938,Other
1,1184938,0.0
1,1184938,0.0
1,1184938,0.0
1,1184938,0.0
1,1184938,0.0
3,1185019,0.0
3,1185019,0.0
3,1185019,0.0
3,1185019,0.0
3,1185129,0.0
3,1185129,0.0
3,1185129,0.0
3,1185129,0.0
6,1185137,0.0
6,1185338,0.0
2,1185374,0.0
2,1185374,0.0
1,1185611,0.0
1,1185611,0.0
1,1185611,0.0
1,1185649,0.0
1,1185649,0.0
1,1185649,0.0
1,1185810,Other
1,1185810,Other
1,1185862,0.0
1,1185862,0.0
1,1185862,0.0
1,1185949,Other
1,1185949,0.0
3,1186006,0.0
3,1186006,0.0
3,1186006,0.0
3,1186006,0.0
3,1186006,0.0
3,1186006,0.0
1,1186071,0.0
1,1186071,0.0
1,1186071,0.0
1,1186071,0.0
2,1186074,0.0
2,1186074,0.0
2,1186108,0.0
2,1186108,0.0
2,1186108,0.0
1,1186281,0.0
1,1186281,0.0
1,1186281,0.0
1,1186281,0.0
1,1186288,0.0
1,1186288,0.0
1,1186288,0.0
1,1186288,0.0
1,1186288,0.0
Other,1186304,Other
Other,1186304,0.0
Other,1186304,0.0
Other,1186304,0.0
Other,1186304,0.0
1,1186385,0.0
1,1186385,0.0
Other,1186479,0.0
1,1186513,Other
1,1186513,0.0
6,1186527,0.0
Other,1186567,0.0
6,1186574,0.0
1,1186636,0.0
1,1186636,0.0
1,1186641,0.0
1,1186641,0.0
Other,1186694,Other
Other,1186694,0.0
6,1186770,0.0
Other,1186794,0.0
3,1186813,0.0
3,1186813,0.0
3,1186813,0.0
6,1186830,0.0
6,1186875,0.0
1,1186915,0.0
1,1186915,0.0
1,1186915,Other
1,1186915,0.0
3,1186939,0.0
3,1186939,0.0
3,1186953,0.0
3,1186953,0.0
3,1186953,0.0
1,1186988,0.0
1,1186988,0.0
1,1186988,0.0
1,1187038,Other
1,1187038,0.0
6,1187163,Other
2,1187197,0.0
2,1187197,0.0
2,1187197,0.0
2,1187197,0.0
2,1187197,0.0
2,1187197,0.0
3,1187336,0.0
3,1187336,0.0
Other,1187342,0.0
6,1187343,0.0
3,1187412,0.0
3,1187412,0.0
3,1187412,0.0
1,1187416,0.0
1,1187416,0.0
1,1187416,0.0
1,1187416,0.0
1,1187475,0.0
1,1187475,0.0
1,1187475,0.0
3,1187560,0.0
3,1187560,0.0
3,1187560,0.0
Other,1187759,0.0
1,1187778,0.0
1,1187778,0.0
1,1187778,0.0
1,1187778,0.0
1,1187778,0.0
1,1187778,0.0
1,1187778,0.0
1,1187778,0.0
1,1187778,0.0
1,1187778,0.0
1,1187778,0.0
1,1187811,0.0
1,1187811,0.0
1,1187869,0.0
1,1187869,0.0
1,1187869,0.0
1,1187869,0.0
1,1187869,0.0
Other,1187934,0.0
Other,1187934,0.0
3,1188020,0.0
3,1188020,0.0
Other,1188064,0.0
3,1188232,0.0
3,1188232,0.0
2,1188308,0.0
2,1188308,0.0
1,1188327,0.0
1,1188327,0.0
1,1188327,0.0
1,1188327,0.0
1,1188327,0.0
Other,1188340,0.0
Other,1188387,0.0
Other,1188452,0.0
3,1188495,0.0
3,1188495,Other
1,1188506,0.0
1,1188506,0.0
3,1188511,0.0
3,1188511,0.0
3,1188511,0.0
3,1188543,0.0
3,1188543,0.0
Other,1188551,0.0
Other,1188628,0.0
1,1188647,0.0
1,1188647,0.0
3,1188667,0.0
3,1188667,0.0
3,1188667,0.0
3,1188667,0.0
3,1188667,0.0
3,1188667,0.0
Other,1188681,0.0
Other,1188681,0.0
Other,1188699,Other
Other,1188699,0.0
Other,1188699,0.0
6,1188831,0.0
Other,1188906,0.0
3,1188960,Other
3,1188960,0.0
3,1188960,0.0
3,1188960,0.0
3,1188960,0.0
1,1188970,Other
1,1188970,0.0
2,1188990,Other
2,1188990,0.0
1,1189015,Other
1,1189015,Other
1,1189015,0.0
6,1189056,0.0
1,1189115,0.0
1,1189115,0.0
1,1189115,0.0
1,1189115,0.0
3,1189120,0.0
3,1189120,0.0
3,1189120,0.0
1,1189170,0.0
1,1189170,0.0
Other,1189244,0.0
1,1189369,0.0
1,1189369,0.0
1,1189369,0.0
6,1189377,0.0
1,1189490,0.0
1,1189490,0.0
1,1189490,0.0
1,1189490,0.0
6,1189507,0.0
3,1189529,0.0
3,1189529,0.0
1,1189538,0.0
1,1189538,0.0
1,1189538,0.0
1,1189538,0.0
1,1189538,0.0
1,1189538,0.0
1,1189538,0.0
1,1189538,0.0
1,1189538,0.0
1,1189538,0.0
1,1189538,0.0
1,1189556,0.0
1,1189556,0.0
1,1189556,0.0
1,1189556,0.0
1,1189558,0.0
1,1189558,0.0
1,1189558,0.0
1,1189558,0.0
6,1189588,0.0
3,1189715,0.0
3,1189715,0.0
3,1189715,0.0
3,1189715,0.0
2,1189795,0.0
2,1189795,0.0
2,1189795,0.0
2,1189795,0.0
2,1189795,0.0
1,1189894,0.0
1,1189894,0.0
2,1190057,0.0
2,1190057,0.0
2,1190057,0.0
1,1190079,0.0
1,1190079,0.0
Other,1190133,Other
6,1190240,0.0
2,1190259,0.0
2,1190259,0.0
1,1190273,0.0
1,1190273,0.0
6,1190408,0.0
Other,1190474,0.0
Other,1190545,0.0
Other,1190545,Other
Other,1190550,Other
1,1190564,0.0
1,1190564,0.0
1,1190564,0.0
3,1190584,0.0
3,1190584,0.0
3,1190584,0.0
3,1190584,0.0
1,1190617,0.0
1,1190617,0.0
1,1190617,0.0
6,1190704,0.0
1,1190741,0.0
1,1190741,0.0
1,1190741,0.0
1,1190741,0.0
6,1190805,0.0
1,1190832,0.0
1,1190832,0.0
1,1190892,Other
1,1190892,0.0
1,1190939,0.0
1,1190939,0.0
1,1190939,0.0
Other,1190994,Other
6,1191107,Other
1,1191113,0.0
1,1191113,0.0
1,1191113,0.0
1,1191167,0.0
1,1191167,0.0
Other,1191221,0.0
1,1191224,0.0
1,1191224,0.0
1,1191224,0.0
1,1191224,0.0
6,1191268,0.0
6,1191291,0.0
1,1191337,0.0
1,1191337,0.0
1,1191337,0.0
1,1191337,0.0
1,1191337,0.0
1,1191654,0.0
1,1191654,0.0
Other,1191734,Other
3,1191741,0.0
3,1191741,0.0
3,1191741,0.0
Other,1191758,0.0
1,1191869,0.0
1,1191869,0.0
6,1191927,0.0
3,1192155,Other
3,1192155,Other
Other,1192177,0.0
1,1192274,0.0
1,1192274,0.0
1,1192274,0.0
1,1192274,0.0
6,1192275,0.0
6,1192325,0.0
Other,1192343,0.0
Other,1192343,0.0
Other,1192389,Other
Other,1192389,0.0
1,1192486,0.0
1,1192486,0.0
6,1192659,Other
3,1192698,0.0
3,1192698,0.0
3,1192698,0.0
3,1192698,0.0
3,1192698,0.0
Other,1192774,0.0
Other,1192774,0.0
1,1192808,Other
1,1192808,0.0
2,1192860,0.0
2,1192860,0.0
2,1192860,0.0
2,1192860,0.0
2,1192860,0.0
1,1192872,0.0
1,1192872,0.0
1,1192872,0.0
1,1192872,0.0
1,1192872,0.0
1,1192872,0.0
6,1192873,0.0
1,1192879,Other
1,1192879,Other
6,1192883,0.0
6,1193214,0.0
1,1193218,0.0
1,1193218,0.0
1,1193218,0.0
1,1193218,0.0
Other,1193360,0.0
6,1193462,0.0
1,1193498,0.0
1,1193498,0.0
1,1193498,0.0
1,1193498,0.0
1,1193502,0.0
1,1193502,0.0
1,1193502,0.0
1,1193530,0.0
1,1193530,0.0
1,1193530,0.0
1,1193530,0.0
1,1193534,0.0
1,1193534,0.0
1,1193590,0.0
1,1193590,0.0
1,1193590,0.0
1,1193590,0.0
1,1193592,Other
1,1193592,0.0
1,1193593,0.0
1,1193593,0.0
1,1193593,0.0
1,1193647,Other
1,1193647,0.0
1,1193647,0.0
1,1193647,0.0
1,1193647,0.0
1,1193647,0.0
1,1193809,0.0
1,1193809,0.0
1,1193887,0.0
1,1193887,0.0
1,1193887,0.0
1,1193887,Other
1,1193887,0.0
1,1193906,0.0
1,1193906,0.0
1,1193906,0.0
6,1193965,0.0
1,1193995,0.0
1,1193995,0.0
Other,1194047,0.0
6,1194264,0.0
2,1194388,0.0
2,1194388,0.0
3,1194415,0.0
3,1194415,0.0
1,1194511,0.0
1,1194511,0.0
1,1194511,0.0
1,1194511,0.0
1,1194524,0.0
1,1194524,0.0
1,1194524,0.0
1,1194524,0.0
1,1194524,0.0
1,1194642,0.0
1,1194642,0.0
6,1194688,0.0
3,1194738,Other
3,1194738,0.0
3,1194738,0.0
3,1194738,0.0
3,1194738,0.0
3,1194738,0.0
1,1194879,0.0
1,1194879,0.0
1,1194879,0.0
1,1194879,0.0
1,1194879,0.0
6,1194889,0.0
1,1194919,0.0
1,1194919,0.0
1,1195028,0.0
1,1195028,0.0
1,1195028,Other
Other,1195044,0.0
1,1195097,0.0
1,1195097,0.0
1,1195097,0.0
1,1195097,0.0
3,1195307,0.0
3,1195307,0.0
1,1195345,0.0
1,1195345,0.0
1,1195345,0.0
1,1195345,0.0
2,1195369,0.0
2,1195369,0.0
2,1195369,0.0
2,1195369,0.0
Other,1195408,0.0
1,1195411,0.0
1,1195411,0.0
1,1195447,0.0
1,1195447,0.0
1,1195447,0.0
1,1195447,0.0
1,1195499,Other
1,1195499,0.0
1,1195499,0.0
1,1195499,0.0
1,1195499,0.0
1,1195499,0.0
1,1195499,0.0
1,1195697,0.0
1,1195697,0.0
1,1195698,0.0
1,1195698,0.0
1,1195698,0.0
1,1195698,0.0
1,1195720,Other
1,1195720,0.0
1,1195720,0.0
1,1195720,Other
1,1195720,0.0
3,1195794,0.0
3,1195794,0.0
3,1195810,Other
3,1195810,0.0
Other,1195822,0.0
1,1195838,0.0
1,1195838,0.0
1,1195950,0.0
1,1195950,0.0
3,1195998,0.0
3,1195998,0.0
3,1195998,0.0
3,1196073,0.0
3,1196073,0.0
1,1196090,0.0
1,1196090,0.0
1,1196166,0.0
1,1196166,0.0
1,1196166,0.0
1,1196166,0.0
1,1196229,Other
1,1196229,0.0
1,1196229,0.0
1,1196229,0.0
1,1196229,0.0
1,1196229,0.0
1,1196229,0.0
1,1196369,0.0
1,1196369,0.0
1,1196373,0.0
1,1196373,0.0
1,1196373,0.0
1,1196429,0.0
1,1196429,0.0
1,1196429,0.0
6,1196432,0.0
1,1196479,0.0
1,1196479,0.0
1,1196479,0.0
1,1196479,0.0
1,1196479,0.0
1,1196479,0.0
1,1196570,0.0
1,1196570,0.0
Other,1196574,0.0
Other,1196574,0.0
6,1196647,0.0
1,1196648,0.0
1,1196648,0.0
1,1196648,0.0
1,1196664,0.0
1,1196664,0.0
1,1196664,0.0
1,1196664,0.0
1,1196776,0.0
1,1196776,0.0
1,1196849,0.0
1,1196849,0.0
1,1196849,0.0
1,1196849,0.0
Other,1196863,Other
1,1196926,0.0
1,1196926,0.0
1,1197012,0.0
1,1197012,0.0
1,1197028,0.0
1,1197028,0.0
1,1197028,0.0
Other,1197057,0.0
3,1197086,0.0
3,1197086,0.0
6,1197094,Other
1,1197155,0.0
1,1197155,0.0
1,1197155,0.0
1,1197155,0.0
1,1197155,0.0
Other,1197206,0.0
Other,1197206,0.0
Other,1197206,0.0
Other,1197243,0.0
6,1197246,0.0
3,1197315,0.0
3,1197315,0.0
Other,1197368,0.0
Other,1197368,0.0
2,1197399,0.0
2,1197399,0.0
2,1197399,0.0
2,1197399,0.0
6,1197521,Other
6,1197543,0.0
6,1197556,0.0
1,1197782,0.0
1,1197782,0.0
1,1197782,0.0
1,1197834,0.0
1,1197834,0.0
1,1197834,0.0
1,1197834,0.0
1,1197843,0.0
1,1197843,0.0
1,1197843,0.0
1,1197843,0.0
6,1197921,0.0
3,1197967,Other
3,1197967,0.0
6,1197992,0.0
2,1197994,0.0
2,1197994,0.0
1,1197995,0.0
1,1197995,0.0
1,1198014,Other
1,1198014,Other
1,1198014,0.0
1,1198014,0.0
1,1198030,0.0
1,1198030,0.0
1,1198030,0.0
1,1198030,0.0
1,1198039,0.0
1,1198039,0.0
1,1198039,0.0
1,1198039,0.0
1,1198106,0.0
1,1198106,0.0
1,1198106,0.0
1,1198106,0.0
1,1198106,0.0
Other,1198108,0.0
2,1198173,Other
2,1198173,Other
6,1198375,0.0
6,1198478,0.0
2,1198479,0.0
2,1198479,0.0
2,1198500,Other
2,1198500,Other
2,1198500,0.0
1,1198625,0.0
1,1198625,Other
3,1198663,0.0
3,1198663,0.0
3,1198663,0.0
3,1198743,0.0
3,1198743,0.0
3,1198743,0.0
3,1198743,0.0
3,1198743,0.0
1,1198769,0.0
1,1198769,0.0
1,1198769,0.0
1,1198769,0.0
1,1198769,0.0
1,1198779,0.0
1,1198779,0.0
2,1198827,0.0
2,1198827,0.0
2,1198827,0.0
2,1198827,0.0
2,1198827,0.0
2,1198827,0.0
2,1198827,0.0
3,1198873,0.0
3,1198873,0.0
1,1198891,0.0
1,1198891,0.0
1,1198891,0.0
1,1198891,0.0
1,1198891,0.0
1,1198891,0.0
6,1198913,0.0
1,1198957,0.0
1,1198957,0.0
1,1198957,0.0
6,1199091,0.0
Other,1199136,0.0
Other,1199136,0.0
Other,1199136,0.0
6,1199160,0.0
6,1199176,0.0
1,1199186,0.0
1,1199186,0.0
1,1199186,0.0
3,1199234,0.0
3,1199234,0.0
Other,1199263,0.0
1,1199342,0.0
1,1199342,0.0
1,1199342,0.0
1,1199342,0.0
1,1199342,0.0
Other,1199353,Other
Other,1199598,Other
1,1199607,0.0
1,1199607,0.0
1,1199607,0.0
1,1199615,0.0
1,1199615,0.0
1,1199615,0.0
1,1199615,0.0
Other,1199637,0.0
3,1199689,0.0
3,1199689,0.0
1,1199751,0.0
1,1199751,0.0
1,1199751,0.0
1,1199751,0.0
1,1199751,0.0
1,1199751,0.0
1,1199751,0.0
Other,1199811,0.0
2,1199861,0.0
2,1199861,Other
2,1199861,0.0
3,1199864,0.0
3,1199864,0.0
3,1199864,0.0
1,1199877,0.0
1,1199877,0.0
1,1199879,0.0
1,1199879,0.0
1,1199879,0.0
Other,1199893,Other
1,1199993,0.0
1,1199993,Other
1,1200060,0.0
1,1200060,0.0
1,1200062,Other
1,1200062,0.0
Other,1200112,0.0
Other,1200112,0.0
Other,1200126,Other
6,1200237,0.0
6,1200257,Other
2,1200283,0.0
2,1200283,0.0
Other,1200387,0.0
6,1200415,0.0
2,1200443,Other
2,1200443,0.0
2,1200443,0.0
2,1200443,0.0
2,1200443,0.0
2,1200443,0.0
2,1200443,0.0
2,1200443,0.0
6,1200506,Other
3,1200546,Other
3,1200546,0.0
3,1200546,0.0
3,1200546,0.0
3,1200574,0.0
3,1200574,0.0
3,1200574,0.0
3,1200574,0.0
3,1200657,0.0
3,1200657,0.0
3,1200657,0.0
6,1200701,0.0
Other,1200730,0.0
Other,1200730,0.0
3,1200737,0.0
3,1200737,0.0
3,1200737,0.0
1,1200779,0.0
1,1200779,0.0
1,1200779,0.0
1,1200779,0.0
1,1200779,0.0
1,1200779,0.0
6,1200796,0.0
1,1200895,Other
1,1200895,0.0
3,1200902,0.0
3,1200902,0.0
6,1200933,0.0
1,1200952,0.0
1,1200952,0.0
Other,1200967,Other
Other,1201029,0.0
2,1201070,0.0
2,1201070,0.0
2,1201070,0.0
2,1201070,0.0
Other,1201126,Other
Other,1201126,Other
3,1201225,0.0
3,1201225,0.0
3,1201225,0.0
3,1201328,Other
3,1201328,0.0
Other,1201354,0.0
Other,1201387,0.0
Other,1201387,0.0
1,1201405,0.0
1,1201405,0.0
1,1201405,0.0
1,1201421,0.0
1,1201421,0.0
1,1201505,Other
1,1201505,Other
1,1201554,Other
1,1201554,0.0
1,1201567,0.0
1,1201567,0.0
1,1201567,0.0
1,1201567,0.0
1,1201567,0.0
1,1201567,0.0
1,1201567,0.0
1,1201567,0.0
1,1201780,0.0
1,1201780,0.0
1,1201780,0.0
1,1201780,0.0
1,1201780,0.0
1,1201780,0.0
Other,1201893,0.0
Other,1202043,0.0
1,1202156,0.0
1,1202156,0.0
1,1202223,0.0
1,1202223,0.0
1,1202223,0.0
Other,1202258,0.0
3,1202301,0.0
3,1202301,0.0
1,1202303,0.0
1,1202303,0.0
1,1202303,0.0
1,1202343,0.0
1,1202343,0.0
3,1202418,0.0
3,1202418,0.0
3,1202418,0.0
3,1202427,0.0
3,1202427,0.0
1,1202451,0.0
1,1202451,0.0
1,1202537,0.0
1,1202537,0.0
1,1202537,0.0
1,1202537,0.0
1,1202537,0.0
6,1202669,Other
6,1202696,0.0
3,1202721,0.0
3,1202721,0.0
3,1202721,0.0
3,1202721,0.0
3,1202743,Other
3,1202743,0.0
3,1202743,0.0
Other,1202834,0.0
Other,1202834,0.0
Other,1202834,0.0
1,1202877,0.0
1,1202877,0.0
1,1202877,0.0
6,1202973,Other
1,1203105,0.0
1,1203105,0.0
1,1203105,0.0
1,1203105,0.0
3,1203110,0.0
3,1203110,0.0
2,1203146,0.0
2,1203146,0.0
1,1203194,0.0
1,1203194,0.0
1,1203194,0.0
2,1203279,0.0
2,1203279,0.0
Other,1203336,0.0
1,1203409,0.0
1,1203409,0.0
1,1203409,0.0
1,1203409,0.0
1,1203409,0.0
1,1203409,0.0
1,1203448,0.0
1,1203448,0.0
1,1203448,0.0
1,1203448,0.0
1,1203448,0.0
1,1203448,0.0
3,1203476,0.0
3,1203476,0.0
3,1203476,0.0
3,1203476,0.0
1,1203480,0.0
1,1203480,0.0
Other,1203501,0.0
6,1203523,0.0
3,1203559,0.0
3,1203559,0.0
3,1203559,0.0
1,1203651,0.0
1,1203651,0.0
1,1203651,0.0
1,1203651,0.0
Other,1203710,Other
Other,1203710,0.0
Other,1203733,Other
Other,1203733,0.0
1,1203772,0.0
1,1203772,0.0
1,1203876,0.0
1,1203876,0.0
1,1203876,0.0
1,1203876,0.0
1,1203942,0.0
1,1203942,0.0
1,1203942,0.0
1,1203942,0.0
1,1204083,Other
1,1204083,0.0
6,1204308,0.0
1,1204321,0.0
1,1204321,Other
1,1204321,0.0
1,1204321,0.0
1,1204321,0.0
3,1204411,0.0
3,1204411,0.0
3,1204411,0.0
3,1204517,0.0
3,1204517,0.0
1,1204534,Other
1,1204534,Other
Other,1204624,0.0
1,1204810,Other
1,1204810,0.0
1,1204810,0.0
6,1204841,0.0
1,1204856,0.0
1,1204856,0.0
1,1204856,0.0
1,1204856,0.0
3,1204857,0.0
3,1204857,0.0
2,1204877,0.0
2,1204877,0.0
2,1204877,0.0
1,1204897,0.0
1,1204897,0.0
1,1204897,0.0
1,1204897,0.0
1,1204897,0.0
Other,1204907,0.0
1,1205028,0.0
1,1205028,0.0
1,1205028,0.0
1,1205028,0.0
1,1205044,0.0
1,1205044,0.0
1,1205118,0.0
1,1205118,0.0
1,1205118,0.0
1,1205118,0.0
Other,1205156,0.0
1,1205194,Other
1,1205194,0.0
1,1205194,0.0
Other,1205359,0.0
3,1205361,0.0
3,1205361,0.0
Other,1205433,Other
3,1205480,0.0
3,1205480,0.0
Other,1205487,0.0
1,1205531,0.0
1,1205531,0.0
1,1205531,0.0
1,1205609,Other
1,1205609,Other
1,1205609,Other
1,1205691,0.0
1,1205691,0.0
1,1205691,0.0
Other,1205857,Other
Other,1205873,0.0
1,1205906,0.0
1,1205906,0.0
1,1205906,0.0
1,1205906,0.0
1,1205906,0.0
1,1205934,Other
1,1205934,0.0
1,1205934,0.0
1,1205934,0.0
1,1205934,0.0
1,1205934,0.0
1,1205952,0.0
1,1205952,0.0
1,1205952,0.0
1,1205952,0.0
3,1206223,0.0
3,1206223,0.0
3,1206223,0.0
3,1206223,0.0
3,1206223,0.0
1,1206239,0.0
1,1206239,0.0
1,1206240,0.0
1,1206240,0.0
1,1206240,0.0
3,1206310,0.0
3,1206310,0.0
3,1206435,0.0
3,1206435,0.0
3,1206435,0.0
Other,1206438,Other
1,1206509,0.0
1,1206509,Other
1,1206509,Other
Other,1206517,0.0
Other,1206517,0.0
1,1206548,0.0
1,1206548,0.0
1,1206548,Other
3,1206601,0.0
3,1206601,0.0
3,1206601,0.0
1,1206753,Other
1,1206753,0.0
1,1206835,0.0
1,1206835,0.0
6,1206850,0.0
Other,1206864,0.0
Other,1206903,0.0
2,1206980,0.0
2,1206980,0.0
2,1206980,0.0
3,1207024,0.0
3,1207024,0.0
3,1207024,0.0
3,1207024,0.0
1,1207052,0.0
1,1207052,0.0
1,1207052,0.0
1,1207052,0.0
1,1207052,0.0
Other,1207193,Other
Other,1207219,0.0
3,1207419,0.0
3,1207419,0.0
3,1207419,0.0
3,1207419,0.0
3,1207419,0.0
3,1207419,0.0
Other,1207452,Other
Other,1207452,0.0
Other,1207452,0.0
3,1207513,0.0
3,1207513,0.0
1,1207573,0.0
1,1207573,0.0
Other,1207617,0.0
Other,1207617,0.0
Other,1207654,Other
1,1207746,0.0
1,1207746,0.0
1,1207746,0.0
1,1207746,0.0
1,1207747,0.0
1,1207747,0.0
Other,1207772,0.0
Other,1207772,0.0
1,1207848,0.0
1,1207848,Other
1,1207848,0.0
1,1207853,0.0
1,1207853,0.0
1,1207853,0.0
1,1207853,0.0
1,1207853,0.0
1,1207853,0.0
6,1207922,0.0
Other,1207985,0.0
Other,1207985,0.0
1,1208014,0.0
1,1208014,0.0
1,1208014,0.0
1,1208014,0.0
Other,1208031,0.0
Other,1208031,0.0
3,1208034,0.0
3,1208034,0.0
3,1208034,0.0
3,1208034,0.0
3,1208034,0.0
2,1208155,Other
2,1208155,0.0
2,1208155,0.0
1,1208202,Other
1,1208202,Other
Other,1208276,Other
3,1208297,0.0
3,1208297,0.0
1,1208344,0.0
1,1208344,0.0
1,1208344,0.0
1,1208344,0.0
1,1208347,0.0
1,1208347,0.0
Other,1208364,0.0
Other,1208364,0.0
Other,1208507,0.0
1,1208537,0.0
1,1208537,0.0
1,1208537,0.0
6,1208571,0.0
1,1208589,Other
1,1208589,0.0
1,1208589,0.0
1,1208589,0.0
Other,1208623,0.0
6,1208625,0.0
3,1208633,0.0
3,1208633,0.0
1,1208660,0.0
1,1208660,0.0
1,1208660,0.0
3,1208722,0.0
3,1208722,0.0
1,1208815,0.0
1,1208815,0.0
1,1208815,0.0
1,1208815,0.0
1,1208815,0.0
1,1208815,0.0
2,1208931,0.0
2,1208931,0.0
2,1208931,0.0
2,1208931,0.0
2,1208931,Other
2,1208931,0.0
1,1208979,0.0
1,1208979,0.0
6,1209002,0.0
Other,1209016,Other
Other,1209064,0.0
1,1209068,0.0
1,1209068,0.0
1,1209068,0.0
1,1209068,0.0
2,1209087,Other
2,1209087,0.0
2,1209087,0.0
6,1209260,Other
Other,1209305,0.0
Other,1209305,0.0
Other,1209305,0.0
6,1209306,0.0
6,1209338,0.0
1,1209396,0.0
1,1209396,0.0
6,1209507,0.0
1,1209600,0.0
1,1209600,0.0
6,1209619,0.0
6,1209674,0.0
1,1209727,0.0
1,1209727,0.0
1,1209795,0.0
1,1209795,0.0
3,1209847,Other
3,1209847,0.0
Other,1209897,Other
Other,1209897,0.0
1,1209913,Other
1,1209913,0.0
1,1209913,0.0
1,1209913,0.0
1,1209913,0.0
3,1209947,0.0
3,1209947,0.0
3,1209947,0.0
3,1209947,0.0
Other,1209984,0.0
Other,1209984,0.0
Other,1210000,0.0
Other,1210000,0.0
1,1210067,0.0
1,1210067,0.0
1,1210067,0.0
6,1210069,0.0
6,1210154,0.0
Other,1210283,0.0
3,1210403,0.0
3,1210403,0.0
3,1210403,0.0
Other,1210416,0.0
Other,1210416,0.0
6,1210424,0.0
Other,1210451,0.0
1,1210564,Other
1,1210564,0.0
1,1210564,0.0
1,1210564,0.0
Other,1210577,0.0
Other,1210577,0.0
1,1210607,Other
1,1210607,0.0
1,1210607,0.0
1,1210607,0.0
1,1210607,0.0
1,1210607,0.0
1,1210607,0.0
1,1210607,0.0
1,1210607,0.0
1,1210607,0.0
1,1210607,0.0
1,1210607,0.0
1,1210663,Other
1,1210663,0.0
1,1210663,0.0
1,1210712,0.0
1,1210712,0.0
3,1210744,0.0
3,1210744,0.0
6,1210782,Other
1,1210886,Other
1,1210886,0.0
1,1210886,0.0
1,1210886,0.0
1,1210886,0.0
1,1210886,0.0
3,1210944,0.0
3,1210944,0.0
3,1210944,0.0
6,1210958,0.0
6,1210977,0.0
Other,1210982,0.0
6,1210998,0.0
6,1211033,0.0
1,1211048,Other
1,1211048,0.0
1,1211048,0.0
1,1211048,0.0
6,1211060,0.0
3,1211209,0.0
3,1211209,0.0
3,1211209,0.0
1,1211220,Other
1,1211220,0.0
1,1211221,0.0
1,1211221,0.0
1,1211221,0.0
Other,1211400,0.0
Other,1211401,0.0
Other,1211401,0.0
1,1211519,0.0
1,1211519,0.0
1,1211519,0.0
1,1211528,0.0
1,1211528,0.0
1,1211528,0.0
1,1211528,0.0
6,1211555,Other
1,1211584,0.0
1,1211584,0.0
1,1211584,0.0
1,1211584,0.0
1,1211584,0.0
1,1211675,Other
1,1211675,Other
3,1211751,0.0
3,1211751,0.0
3,1211751,0.0
Other,1211791,0.0
Other,1211791,0.0
6,1211809,0.0
1,1211815,Other
1,1211815,0.0
1,1211815,0.0
Other,1211822,0.0
Other,1211822,0.0
Other,1211822,0.0
Other,1211847,0.0
Other,1211847,0.0
1,1211881,0.0
1,1211881,Other
3,1211940,0.0
3,1211940,0.0
1,1211967,0.0
1,1211967,0.0
3,1211984,0.0
3,1211984,0.0
3,1211984,0.0
3,1211984,0.0
1,1212007,Other
1,1212007,Other
1,1212007,0.0
1,1212007,0.0
1,1212007,0.0
3,1212137,0.0
3,1212137,0.0
2,1212162,0.0
2,1212162,0.0
2,1212162,0.0
2,1212162,0.0
2,1212162,0.0
1,1212197,0.0
1,1212197,0.0
1,1212216,0.0
1,1212216,0.0
3,1212263,0.0
3,1212263,0.0
3,1212263,0.0
1,1212534,0.0
1,1212534,0.0
1,1212534,0.0
1,1212534,0.0
1,1212550,Other
1,1212550,0.0
1,1212550,0.0
1,1212550,0.0
3,1212551,Other
3,1212551,0.0
1,1212598,0.0
1,1212598,0.0
1,1212598,0.0
1,1212598,0.0
1,1212598,0.0
1,1212657,0.0
1,1212657,0.0
1,1212657,0.0
1,1212657,0.0
2,1212763,0.0
2,1212763,Other
2,1212763,0.0
2,1212763,0.0
2,1212808,0.0
2,1212808,0.0
2,1212808,0.0
6,1213159,0.0
1,1213278,Other
1,1213278,Other
1,1213278,Other
1,1213467,0.0
1,1213467,0.0
1,1213467,0.0
1,1213467,0.0
1,1213467,0.0
1,1213467,0.0
1,1213467,0.0
3,1213486,0.0
3,1213486,0.0
1,1213494,Other
1,1213494,Other
1,1213538,0.0
1,1213538,0.0
1,1213538,0.0
Other,1213600,0.0
Other,1213600,0.0
Other,1213603,0.0
1,1213724,Other
1,1213724,0.0
1,1213724,0.0
1,1213724,0.0
1,1213724,0.0
1,1213724,0.0
1,1213724,0.0
1,1213724,0.0
1,1213724,0.0
1,1213737,0.0
1,1213737,0.0
1,1213751,0.0
1,1213751,0.0
1,1213751,0.0
1,1213751,0.0
3,1213760,0.0
3,1213760,0.0
1,1213789,0.0
1,1213789,0.0
3,1213807,0.0
3,1213807,Other
6,1213979,0.0
1,1214011,0.0
1,1214011,0.0
1,1214011,0.0
Other,1214017,0.0
Other,1214017,0.0
Other,1214017,0.0
Other,1214017,0.0
2,1214025,0.0
2,1214025,0.0
2,1214025,0.0
3,1214035,0.0
3,1214035,0.0
3,1214035,0.0
3,1214037,0.0
3,1214037,0.0
3,1214037,0.0
3,1214064,0.0
3,1214064,0.0
1,1214134,Other
1,1214134,Other
1,1214187,0.0
1,1214187,0.0
1,1214187,0.0
1,1214187,0.0
1,1214257,0.0
1,1214257,Other
Other,1214288,0.0
Other,1214350,0.0
6,1214361,0.0
1,1214407,0.0
1,1214407,0.0
1,1214407,0.0
1,1214407,0.0
1,1214418,0.0
1,1214418,0.0
1,1214436,0.0
1,1214436,Other
1,1214464,0.0
1,1214464,0.0
1,1214464,0.0
Other,1214492,Other
6,1214594,0.0
1,1214595,0.0
1,1214595,0.0
1,1214595,0.0
1,1214653,0.0
1,1214653,0.0
1,1214653,0.0
1,1214653,0.0
1,1214653,0.0
1,1214733,Other
1,1214733,Other
1,1214733,0.0
1,1214733,0.0
3,1214789,0.0
3,1214789,0.0
3,1214839,0.0
3,1214839,0.0
3,1214874,0.0
3,1214874,0.0
6,1214927,0.0
Other,1215087,0.0
Other,1215098,0.0
Other,1215098,0.0
6,1215105,0.0
1,1215123,0.0
1,1215123,0.0
1,1215123,0.0
1,1215123,0.0
1,1215123,0.0
6,1215211,0.0
Other,1215305,0.0
Other,1215332,0.0
1,1215372,0.0
1,1215372,0.0
1,1215372,0.0
1,1215372,0.0
1,1215372,0.0
1,1215372,0.0
1,1215372,0.0
1,1215372,0.0
1,1215437,Other
1,1215437,Other
1,1215437,0.0
2,1215496,Other
2,1215496,Other
Other,1215497,0.0
3,1215546,0.0
3,1215546,0.0
3,1215546,0.0
3,1215546,0.0
Other,1215554,Other
Other,1215554,0.0
1,1215691,0.0
1,1215691,0.0
1,1215691,0.0
1,1215691,0.0
1,1215741,Other
1,1215741,0.0
1,1215741,0.0
1,1215741,0.0
1,1215741,0.0
1,1215741,0.0
1,1215741,0.0
1,1215741,0.0
1,1215741,0.0
1,1215741,0.0
1,1215812,0.0
1,1215812,0.0
1,1215890,0.0
1,1215890,0.0
1,1215890,0.0
1,1216001,0.0
1,1216001,0.0
1,1216001,0.0
1,1216001,0.0
1,1216013,0.0
1,1216013,0.0
1,1216015,0.0
1,1216015,0.0
1,1216015,0.0
6,1216038,0.0
1,1216041,Other
1,1216041,0.0
1,1216041,0.0
1,1216041,0.0
1,1216041,0.0
1,1216229,0.0
1,1216229,0.0
1,1216229,0.0
1,1216229,0.0
1,1216252,Other
1,1216252,0.0
1,1216252,0.0
1,1216252,0.0
1,1216252,0.0
1,1216252,0.0
1,1216288,0.0
1,1216288,0.0
1,1216295,0.0
1,1216295,0.0
1,1216295,0.0
6,1216364,0.0
1,1216376,0.0
1,1216376,0.0
1,1216376,0.0
Other,1216402,0.0
1,1216432,0.0
1,1216432,0.0
3,1216448,0.0
3,1216448,0.0
3,1216448,0.0
2,1216505,0.0
2,1216505,0.0
2,1216505,0.0
2,1216505,0.0
2,1216505,0.0
1,1216594,0.0
1,1216594,0.0
3,1216640,0.0
3,1216640,0.0
6,1216655,0.0
Other,1216699,Other
6,1216706,0.0
1,1216713,0.0
1,1216713,0.0
1,1216713,0.0
3,1216733,0.0
3,1216733,0.0
3,1216733,0.0
3,1216733,0.0
1,1216759,0.0
1,1216759,Other
2,1217153,0.0
2,1217153,0.0
1,1217163,0.0
1,1217163,0.0
1,1217163,0.0
1,1217189,0.0
1,1217189,0.0
1,1217189,0.0
1,1217189,0.0
1,1217189,0.0
1,1217189,0.0
Other,1217275,0.0
6,1217338,0.0
1,1217350,0.0
1,1217350,0.0
1,1217350,0.0
1,1217350,0.0
1,1217350,0.0
1,1217350,0.0
1,1217350,0.0
1,1217350,0.0
1,1217350,0.0
1,1217350,0.0
1,1217362,0.0
1,1217362,0.0
3,1217412,0.0
3,1217412,0.0
3,1217412,0.0
3,1217412,0.0
3,1217412,0.0
3,1217457,0.0
3,1217457,0.0
3,1217457,0.0
3,1217457,0.0
Other,1217509,Other
3,1217530,0.0
3,1217530,0.0
3,1217530,0.0
Other,1217540,0.0
Other,1217540,0.0
Other,1217578,0.0
Other,1217578,0.0
1,1217595,0.0
1,1217595,0.0
6,1217706,0.0
3,1217738,0.0
3,1217738,0.0
3,1217738,0.0
1,1217778,Other
1,1217778,Other
1,1217778,0.0
6,1217779,0.0
1,1217846,0.0
1,1217846,0.0
1,1217846,0.0
1,1217846,0.0
1,1217846,0.0
3,1217976,Other
3,1217976,0.0
3,1217976,0.0
3,1217976,0.0
3,1217976,0.0
3,1217976,0.0
1,1218063,0.0
1,1218063,0.0
1,1218063,0.0
1,1218063,0.0
Other,1218138,0.0
Other,1218138,0.0
Other,1218138,0.0
1,1218256,Other
1,1218256,Other
1,1218284,0.0
1,1218284,0.0
1,1218284,0.0
1,1218284,0.0
1,1218284,0.0
Other,1218294,0.0
Other,1218294,0.0
Other,1218299,0.0
Other,1218371,0.0
1,1218433,Other
1,1218433,0.0
1,1218478,Other
1,1218478,0.0
1,1218569,Other
1,1218569,Other
1,1218732,0.0
1,1218732,Other
1,1218732,0.0
1,1218732,0.0
6,1218832,0.0
3,1218848,0.0
3,1218848,0.0
3,1218848,0.0
3,1218848,0.0
3,1218848,0.0
3,1218848,0.0
3,1218848,0.0
2,1218864,0.0
2,1218864,0.0
3,1218879,0.0
3,1218879,0.0
6,1218928,0.0
1,1219013,0.0
1,1219013,0.0
3,1219041,0.0
3,1219041,0.0
3,1219041,0.0
3,1219041,0.0
3,1219041,0.0
6,1219049,Other
2,1219096,0.0
2,1219096,0.0
2,1219096,0.0
6,1219101,0.0
6,1219183,0.0
Other,1219237,0.0
Other,1219297,Other
1,1219398,0.0
1,1219398,0.0
Other,1219405,0.0
3,1219414,0.0
3,1219414,0.0
3,1219414,0.0
3,1219414,0.0
1,1219466,0.0
1,1219466,0.0
1,1219466,0.0
1,1219466,0.0
Other,1219491,0.0
Other,1219491,0.0
6,1219599,0.0
1,1219601,0.0
1,1219601,0.0
1,1219601,0.0
1,1219605,0.0
1,1219605,0.0
1,1219605,0.0
1,1219605,0.0
1,1219605,0.0
6,1219627,0.0
1,1219629,Other
1,1219629,0.0
1,1219629,0.0
1,1219647,0.0
1,1219647,0.0
1,1219647,0.0
1,1219647,0.0
3,1219670,0.0
3,1219670,0.0
1,1219721,0.0
1,1219721,0.0
1,1219721,0.0
Other,1219747,Other
Other,1219747,0.0
Other,1219772,0.0
Other,1219866,Other
Other,1219866,0.0
1,1219885,0.0
1,1219885,0.0
1,1219885,0.0
2,1219891,0.0
2,1219891,0.0
2,1219891,0.0
2,1219891,Other
1,1219908,0.0
1,1219908,0.0
1,1219908,0.0
1,1219908,0.0
1,1219925,0.0
1,1219925,0.0
1,1219925,0.0
1,1219925,0.0
1,1219976,0.0
1,1219976,0.0
Other,1220062,0.0
Other,1220070,Other
Other,1220281,0.0
6,1220322,0.0
Other,1220445,Other
Other,1220445,0.0
Other,1220445,0.0
Other,1220445,0.0
Other,1220445,0.0
3,1220460,0.0
3,1220460,0.0
3,1220463,0.0
3,1220463,0.0
Other,1220567,0.0
3,1220619,0.0
3,1220619,0.0
6,1220679,Other
3,1220744,0.0
3,1220744,0.0
3,1220744,0.0
3,1220744,0.0
3,1220744,0.0
3,1220765,0.0
3,1220765,0.0
3,1220765,0.0
3,1220765,0.0
1,1220830,0.0
1,1220830,0.0
1,1220830,0.0
3,1220978,0.0
3,1220978,0.0
3,1220978,0.0
3,1221053,0.0
3,1221053,0.0
3,1221074,0.0
3,1221074,0.0
3,1221074,0.0
3,1221074,0.0
3,1221074,0.0
3,1221074,0.0
3,1221074,0.0
3,1221074,0.0
6,1221076,Other
1,1221145,0.0
1,1221145,0.0
1,1221145,0.0
1,1221145,0.0
2,1221174,0.0
2,1221174,0.0
2,1221174,0.0
6,1221420,0.0
6,1221421,0.0
6,1221444,0.0
1,1221493,0.0
1,1221493,0.0
6,1221527,0.0
1,1221634,Other
1,1221634,0.0
1,1221634,0.0
Other,1221749,0.0
1,1221808,0.0
1,1221808,0.0
1,1221808,0.0
Other,1221820,Other
Other,1221914,0.0
Other,1221914,0.0
Other,1221914,0.0
1,1221985,0.0
1,1221985,0.0
1,1221985,0.0
1,1221985,0.0
1,1221997,0.0
1,1221997,0.0
1,1221997,0.0
1,1221997,0.0
1,1221997,0.0
1,1221997,0.0
6,1222059,0.0
1,1222077,0.0
1,1222077,Other
1,1222077,0.0
1,1222077,0.0
1,1222152,0.0
1,1222152,0.0
1,1222152,0.0
1,1222152,0.0
1,1222152,0.0
1,1222152,0.0
1,1222152,0.0
1,1222152,0.0
1,1222152,0.0
1,1222152,0.0
3,1222221,0.0
3,1222221,0.0
3,1222221,0.0
3,1222221,0.0
1,1222288,0.0
1,1222288,0.0
3,1222306,0.0
3,1222306,0.0
3,1222335,0.0
3,1222335,0.0
6,1222343,0.0
1,1222389,0.0
1,1222389,0.0
1,1222389,0.0
1,1222389,0.0
3,1222592,0.0
3,1222592,0.0
3,1222592,0.0
Other,1222601,0.0
Other,1222601,0.0
Other,1222747,0.0
Other,1222747,0.0
Other,1222774,0.0
Other,1222774,0.0
Other,1222774,0.0
Other,1222774,0.0
Other,1222804,0.0
3,1222853,0.0
3,1222853,0.0
3,1222853,0.0
1,1222858,0.0
1,1222858,0.0
1,1222858,0.0
Other,1222899,0.0
Other,1222945,0.0
3,1222956,0.0
3,1222956,0.0
3,1222956,0.0
Other,1222961,Other
Other,1222961,0.0
Other,1222961,0.0
Other,1222961,0.0
2,1222975,0.0
2,1222975,Other
2,1222975,0.0
2,1222975,0.0
2,1222975,0.0
6,1222989,0.0
3,1223012,0.0
3,1223012,0.0
6,1223045,Other
3,1223080,0.0
3,1223080,0.0
Other,1223095,0.0
1,1223110,Other
1,1223110,Other
1,1223182,0.0
1,1223182,0.0
Other,1223244,0.0
6,1223274,0.0
1,1223357,0.0
1,1223357,0.0
1,1223357,0.0
6,1223461,0.0
3,1223530,0.0
3,1223530,0.0
3,1223530,0.0
3,1223530,0.0
2,1223548,0.0
2,1223548,0.0
2,1223548,0.0
6,1223550,0.0
3,1223601,0.0
3,1223601,0.0
3,1223601,0.0
3,1223601,0.0
Other,1223608,Other
3,1223664,0.0
3,1223664,0.0
2,1223726,0.0
2,1223726,0.0
2,1223726,0.0
1,1224517,0.0
3,1223761,0.0
3,1223761,0.0
6,1223860,Other
Other,1223967,0.0
3,1224054,0.0
3,1224054,0.0
Other,1224190,0.0
1,1224196,0.0
1,1224196,0.0
1,1224196,0.0
3,1224202,0.0
3,1224202,0.0
3,1224202,0.0
Other,1224223,0.0
1,1224351,0.0
1,1224351,0.0
1,1224351,0.0
Other,1224500,0.0
Other,1224516,0.0
1,1224517,0.0
1,1224517,0.0
1,1224517,0.0
1,1224517,0.0
1,1224517,0.0
Other,1224547,0.0
6,1224548,0.0
1,1224717,Other
1,1224717,0.0
1,1224717,0.0
1,1224717,0.0
1,1224717,0.0
1,1224843,Other
1,1224843,0.0
1,1224843,0.0
Other,1224919,0.0
Other,1224941,0.0
Other,1224941,0.0
6,1224943,0.0
3,1224961,0.0
3,1224961,0.0
1,1224975,Other
1,1224975,0.0
1,1224975,0.0
1,1224975,0.0
1,1224975,0.0
Other,1224988,0.0
Other,1224988,0.0
1,1225245,0.0
1,1225245,0.0
1,1225245,0.0
1,1225245,0.0
1,1225252,0.0
1,1225252,0.0
1,1225252,0.0
1,1225252,0.0
1,1225267,0.0
1,1225267,0.0
1,1225267,0.0
1,1225267,0.0
1,1225267,0.0
1,1225267,0.0
1,1225274,0.0
1,1225274,0.0
1,1225274,0.0
1,1225274,0.0
3,1225396,0.0
3,1225396,0.0
3,1225396,0.0
3,1225396,0.0
6,1225490,Other
Other,1225531,Other
Other,1225531,0.0
1,1225532,0.0
1,1225532,0.0
3,1225533,0.0
3,1225533,0.0
3,1225533,0.0
3,1225533,0.0
3,1225533,0.0
3,1225600,0.0
3,1225600,0.0
6,1225751,0.0
1,1225842,0.0
1,1225842,0.0
1,1225842,0.0
1,1225865,0.0
1,1225865,0.0
1,1225865,0.0
3,1225909,0.0
3,1225909,0.0
3,1225909,0.0
1,1225947,0.0
1,1225947,Other
2,1225951,0.0
2,1225951,0.0
3,1226057,0.0
3,1226057,0.0
3,1226057,0.0
3,1226057,0.0
1,1226230,Other
1,1226230,0.0
1,1226306,0.0
1,1226306,0.0
1,1226306,0.0
1,1226307,0.0
1,1226307,0.0
1,1226369,0.0
1,1226369,Other
1,1226369,0.0
1,1226369,0.0
1,1226369,0.0
1,1226383,0.0
1,1226383,Other
1,1226383,0.0
2,1226500,0.0
2,1226500,0.0
2,1226500,0.0
2,1226530,Other
2,1226530,0.0
2,1226530,0.0
2,1226530,0.0
2,1226530,0.0
Other,1226548,0.0
6,1226628,0.0
1,1226675,0.0
1,1226675,0.0
1,1226675,0.0
1,1226675,0.0
1,1226675,0.0
1,1226778,Other
1,1226778,0.0
1,1226778,0.0
1,1226778,0.0
1,1226778,0.0
1,1226778,0.0
Other,1226826,0.0
Other,1226826,Other
Other,1226826,0.0
Other,1226826,0.0
3,1226896,0.0
3,1226896,0.0
6,1226955,Other
6,1227270,0.0
3,1227307,0.0
3,1227307,0.0
1,1227337,0.0
1,1227337,0.0
Other,1227365,0.0
Other,1227365,0.0
Other,1227366,0.0
2,1227383,Other
2,1227383,0.0
2,1227383,0.0
2,1227383,0.0
2,1227383,0.0
2,1227383,0.0
2,1227383,0.0
2,1227383,0.0
2,1227383,0.0
2,1227383,0.0
1,1227415,Other
1,1227415,0.0
1,1227415,0.0
1,1227423,0.0
1,1227423,0.0
6,1227435,0.0
6,1227461,0.0
Other,1227504,0.0
Other,1227504,0.0
1,1227516,0.0
1,1227516,Other
1,1227522,Other
1,1227522,0.0
3,1227534,0.0
3,1227534,0.0
3,1227534,0.0
3,1227534,0.0
3,1227539,Other
3,1227539,0.0
3,1227609,0.0
3,1227609,0.0
3,1227609,0.0
3,1227618,0.0
3,1227618,0.0
3,1227618,0.0
1,1227718,0.0
1,1227718,0.0
1,1227718,0.0
Other,1227806,0.0
Other,1227806,0.0
Other,1227878,0.0
Other,1227878,0.0
1,1227968,Other
1,1227968,Other
1,1227992,0.0
1,1227992,0.0
1,1227992,0.0
3,1227995,0.0
3,1227995,0.0
3,1227997,0.0
3,1227997,0.0
3,1227997,0.0
Other,1228007,0.0
Other,1228007,0.0
2,1228031,0.0
2,1228031,0.0
2,1228031,0.0
1,1228075,0.0
1,1228075,0.0
1,1228075,0.0
1,1228075,0.0
1,1228336,0.0
1,1228336,0.0
1,1228336,0.0
1,1228336,0.0
1,1228417,0.0
1,1228417,0.0
1,1228417,0.0
1,1228417,0.0
1,1228419,0.0
1,1228419,0.0
2,1228423,0.0
2,1228423,0.0
2,1228423,0.0
Other,1228473,0.0
6,1228714,0.0
3,1228869,0.0
3,1228869,0.0
3,1228869,0.0
3,1228869,0.0
3,1228869,0.0
3,1228923,0.0
3,1228923,0.0
3,1228923,0.0
3,1228923,0.0
3,1228929,0.0
3,1228929,0.0
1,1229062,0.0
1,1229062,0.0
1,1229063,0.0
1,1229063,0.0
1,1229063,0.0
1,1229063,0.0
1,1229063,0.0
1,1229069,0.0
1,1229069,0.0
1,1229104,0.0
1,1229104,0.0
1,1229110,0.0
1,1229110,0.0
1,1229110,0.0
1,1229110,0.0
6,1229301,0.0
3,1229320,0.0
3,1229320,0.0
6,1229347,0.0
Other,1229420,0.0
1,1229488,0.0
1,1229488,0.0
1,1229488,0.0
1,1229488,0.0
1,1229488,0.0
1,1229488,0.0
1,1229488,0.0
1,1229488,0.0
1,1229488,0.0
1,1229488,0.0
1,1229488,0.0
1,1229488,0.0
1,1229488,0.0
1,1229488,0.0
3,1229494,0.0
3,1229494,0.0
3,1229494,0.0
3,1229494,0.0
3,1229494,0.0
3,1229494,0.0
3,1229512,Other
3,1229512,0.0
1,1229531,0.0
1,1229531,0.0
1,1229531,0.0
1,1229531,0.0
1,1229531,0.0
1,1229531,0.0
1,1229690,Other
1,1229690,Other
1,1232859,0.0
1,1229738,0.0
1,1229738,0.0
1,1229738,0.0
1,1229738,0.0
1,1229812,0.0
1,1229812,0.0
1,1229812,0.0
1,1229812,0.0
1,1229829,Other
1,1229829,0.0
1,1229829,0.0
1,1229829,0.0
Other,1229875,0.0
3,1229927,0.0
3,1229927,0.0
3,1229927,0.0
3,1229927,0.0
Other,1229954,0.0
6,1229982,0.0
3,1230148,0.0
3,1230148,0.0
3,1230148,0.0
6,1230180,0.0
Other,1230273,0.0
Other,1230298,0.0
Other,1230299,0.0
Other,1230299,0.0
1,1230492,0.0
1,1230492,0.0
1,1230567,0.0
1,1230567,0.0
1,1230567,0.0
1,1230664,0.0
1,1230664,0.0
1,1230664,0.0
1,1230664,0.0
1,1230664,0.0
1,1230676,0.0
1,1230676,0.0
3,1230701,0.0
3,1230701,0.0
3,1230701,0.0
6,1230745,0.0
Other,1230808,Other
1,1230874,0.0
1,1230874,0.0
1,1230874,0.0
6,1230932,Other
1,1230947,Other
1,1230947,0.0
Other,1231091,Other
Other,1231091,0.0
6,1231207,Other
2,1231214,Other
2,1231214,0.0
1,1231363,0.0
1,1231363,0.0
1,1231363,0.0
1,1231421,0.0
1,1231421,0.0
1,1231421,0.0
1,1231449,Other
1,1231449,0.0
Other,1231472,0.0
Other,1231472,0.0
6,1231481,0.0
1,1231517,0.0
1,1231517,Other
1,1231583,Other
1,1231583,0.0
1,1231583,0.0
1,1231583,0.0
Other,1231586,0.0
1,1231647,0.0
1,1231647,0.0
Other,1231672,0.0
Other,1231672,0.0
Other,1231672,0.0
3,1231701,0.0
3,1231701,0.0
3,1231701,0.0
3,1231701,0.0
2,1231734,0.0
2,1231734,0.0
2,1231734,0.0
2,1231734,0.0
Other,1231794,0.0
Other,1231794,0.0
Other,1231794,0.0
3,1231815,0.0
3,1231815,0.0
1,1232063,0.0
1,1232063,0.0
1,1232063,0.0
1,1232063,0.0
1,1232063,0.0
1,1232063,0.0
6,1232151,0.0
1,1232364,0.0
1,1232364,0.0
6,1232421,0.0
1,1232458,0.0
1,1232458,0.0
3,1232475,0.0
3,1232475,0.0
3,1232475,0.0
1,1232513,0.0
1,1232513,0.0
2,1232555,0.0
2,1232555,0.0
2,1232555,0.0
2,1232555,0.0
1,1232567,0.0
1,1232567,0.0
1,1232567,0.0
1,1232567,0.0
1,1232658,0.0
1,1232658,0.0
6,1232715,0.0
1,1232742,0.0
1,1232742,0.0
1,1232742,0.0
1,1232742,0.0
1,1232742,0.0
1,1232742,0.0
1,1232742,0.0
6,1232820,0.0
Other,1232826,0.0
Other,1232826,0.0
6,1232854,0.0
1,1232859,Other
1,1232859,0.0
1,1232863,0.0
1,1232863,0.0
1,1232863,0.0
1,1232863,0.0
1,1232863,0.0
1,1232867,0.0
1,1232867,0.0
1,1232867,0.0
1,1232867,0.0
1,1232867,0.0
1,1232867,0.0
1,1232867,0.0
1,1232867,0.0
1,1232867,0.0
1,1232867,0.0
1,1232867,0.0
1,1232867,0.0
Other,1232870,Other
6,1232914,0.0
Other,1232969,0.0
1,1233035,0.0
1,1233035,0.0
1,1233035,0.0
1,1233035,0.0
1,1233035,0.0
1,1233120,0.0
1,1233120,0.0
1,1233120,0.0
1,1233120,0.0
1,1233120,0.0
3,1233146,0.0
3,1233146,0.0
3,1233146,0.0
Other,1233165,0.0
6,1233166,0.0
1,1233291,0.0
1,1233291,0.0
3,1233324,0.0
3,1233324,0.0
3,1233324,0.0
6,1233449,0.0
1,1233471,Other
1,1233471,Other
1,1233471,Other
1,1233471,0.0
1,1233471,Other
3,1233511,0.0
3,1233511,0.0
3,1233511,0.0
3,1233511,0.0
6,1233531,0.0
Other,1233605,0.0
Other,1233605,0.0
Other,1233605,0.0
Other,1233605,0.0
6,1233675,0.0
3,1233703,Other
3,1233703,Other
6,1233727,0.0
Other,1233807,0.0
Other,1233807,Other
Other,1233810,0.0
1,1233924,0.0
1,1233924,0.0
1,1233948,0.0
1,1233948,0.0
1,1233948,0.0
1,1233953,0.0
1,1233953,0.0
1,1233953,0.0
1,1234018,0.0
1,1234018,0.0
1,1234018,0.0
6,1234131,0.0
1,1234232,0.0
1,1234232,0.0
6,1234275,0.0
1,1234337,0.0
1,1234337,0.0
Other,1234339,0.0
Other,1234339,0.0
Other,1234339,0.0
Other,1234339,0.0
Other,1234339,0.0
2,1234371,0.0
2,1234371,0.0
1,1234372,Other
1,1234372,0.0
1,1234372,0.0
3,1234373,0.0
3,1234373,0.0
3,1234373,0.0
6,1234386,0.0
1,1234405,Other
1,1234405,Other
2,1234541,0.0
2,1234541,Other
2,1234541,Other
2,1234541,0.0
2,1234541,0.0
2,1234615,0.0
2,1234615,0.0
2,1234615,0.0
2,1234615,0.0
2,1234635,0.0
2,1234635,0.0
1,1234763,0.0
1,1234763,0.0
1,1234763,0.0
6,1234800,0.0
3,1234946,0.0
3,1234946,0.0
3,1234946,0.0
3,1234946,0.0
3,1234946,0.0
3,1234949,0.0
3,1234949,0.0
3,1234949,0.0
3,1234949,0.0
Other,1234955,0.0
Other,1234955,0.0
Other,1235159,0.0
1,1235320,0.0
1,1235320,0.0
1,1235368,0.0
1,1235368,0.0
Other,1235377,Other
1,1235492,0.0
1,1235492,0.0
1,1235492,0.0
1,1235492,0.0
1,1235492,0.0
1,1235492,0.0
1,1235498,0.0
1,1235498,Other
1,1235498,0.0
1,1235498,0.0
3,1235526,0.0
3,1235526,0.0
3,1235526,0.0
1,1235593,0.0
1,1235593,0.0
1,1235593,0.0
1,1235654,0.0
1,1235654,0.0
1,1235654,0.0
3,1235743,0.0
3,1235743,0.0
3,1235743,0.0
3,1235743,0.0
3,1235748,0.0
3,1235748,0.0
3,1235748,0.0
3,1235748,0.0
3,1235748,0.0
3,1235748,0.0
3,1235748,0.0
3,1235748,0.0
3,1235748,0.0
3,1235748,0.0
1,1235783,0.0
1,1235783,0.0
1,1235783,0.0
1,1235783,0.0
1,1235783,0.0
1,1235809,0.0
1,1235809,0.0
1,1235809,0.0
1,1235809,0.0
1,1235809,0.0
1,1235839,0.0
1,1235839,0.0
1,1235839,0.0
1,1235883,0.0
1,1235883,0.0
3,1235894,0.0
3,1235894,Other
3,1235894,0.0
1,1235977,0.0
1,1235977,0.0
1,1235977,0.0
Other,1235981,0.0
Other,1235992,Other
Other,1236008,0.0
1,1236017,Other
1,1236017,Other
1,1236017,0.0
1,1236017,0.0
Other,1236040,0.0
6,1236053,Other
1,1236133,0.0
1,1236133,0.0
6,1236166,0.0
1,1236193,0.0
1,1236193,0.0
1,1236260,Other
1,1236260,0.0
1,1236260,0.0
1,1236260,0.0
1,1236295,0.0
1,1236295,0.0
1,1236295,0.0
1,1236295,0.0
Other,1236443,0.0
Other,1236470,0.0
Other,1236470,0.0
1,1236515,0.0
1,1236515,0.0
1,1236515,0.0
1,1236643,0.0
1,1236643,0.0
1,1236698,0.0
1,1236698,0.0
3,1236713,0.0
3,1236713,0.0
1,1236737,0.0
1,1236737,0.0
1,1236737,0.0
1,1236737,0.0
6,1236777,0.0
Other,1236784,0.0
Other,1236784,0.0
1,1236791,0.0
1,1236791,0.0
1,1236791,0.0
1,1236791,0.0
1,1236791,0.0
1,1236828,0.0
1,1236828,0.0
1,1236828,0.0
1,1236828,0.0
6,1236930,Other
2,1237008,0.0
2,1237008,0.0
2,1237008,0.0
2,1237008,0.0
2,1237008,0.0
1,1237018,0.0
1,1237018,0.0
1,1237018,0.0
1,1237018,0.0
Other,1237139,0.0
6,1237182,Other
3,1237207,0.0
3,1237207,0.0
3,1237207,0.0
3,1237207,0.0
1,1237217,0.0
1,1237217,0.0
Other,1237231,0.0
1,1237358,Other
1,1237358,Other
1,1237377,0.0
1,1237377,0.0
1,1237377,0.0
1,1237377,0.0
Other,1237444,0.0
Other,1237444,0.0
Other,1237478,Other
1,1237483,0.0
1,1237483,0.0
6,1237513,0.0
Other,1237551,0.0
Other,1237551,0.0
1,1237566,0.0
1,1237566,0.0
1,1237595,0.0
1,1237595,0.0
1,1237595,0.0
1,1237595,0.0
1,1237595,0.0
Other,1237735,0.0
3,1237739,0.0
3,1237739,0.0
3,1237739,0.0
1,1237973,0.0
1,1237973,0.0
1,1238092,0.0
1,1238092,0.0
1,1238169,0.0
1,1238169,0.0
1,1238169,0.0
1,1238169,0.0
1,1238169,0.0
6,1238177,Other
6,1238183,0.0
Other,1238218,0.0
Other,1238218,0.0
3,1238264,0.0
3,1238264,0.0
Other,1238276,Other
1,1238279,0.0
1,1238279,0.0
1,1238279,0.0
1,1238279,0.0
6,1238297,0.0
6,1238539,0.0
3,1238594,0.0
3,1238594,0.0
3,1238594,Other
1,1238714,0.0
1,1238714,0.0
1,1238714,0.0
1,1238736,Other
1,1238736,0.0
1,1238736,0.0
1,1238736,0.0
2,1238737,0.0
2,1238737,0.0
2,1238737,0.0
1,1238748,Other
1,1238748,0.0
1,1238748,0.0
3,1238782,0.0
3,1238782,0.0
3,1238782,0.0
1,1238783,0.0
1,1238783,0.0
1,1238783,0.0
6,1238784,Other
Other,1238935,Other
1,1238953,0.0
1,1238953,0.0
1,1238998,0.0
1,1238998,0.0
1,1238998,0.0
1,1238998,0.0
1,1238998,0.0
1,1238998,0.0
6,1239020,0.0
1,1239043,Other
1,1239043,0.0
Other,1239096,Other
1,1239146,0.0
1,1239146,0.0
3,1239174,0.0
3,1239174,0.0
3,1239174,0.0
1,1239205,0.0
1,1239205,0.0
6,1239212,0.0
1,1239295,0.0
1,1239295,0.0
1,1239295,0.0
1,1239295,0.0
1,1239295,0.0
1,1239295,0.0
1,1239295,0.0
Other,1239297,0.0
Other,1239297,0.0
3,1239577,0.0
3,1239577,0.0
6,1239698,0.0
1,1239700,0.0
1,1239700,0.0
Other,1239824,0.0
6,1240075,0.0
Other,1240374,0.0
6,1240376,0.0
1,1240382,Other
1,1240382,0.0
1,1240387,0.0
1,1240387,0.0
1,1240387,0.0
1,1240387,0.0
1,1240387,0.0
1,1240387,0.0
1,1240387,0.0
Other,1240512,Other
Other,1240512,Other
3,1240621,0.0
3,1240621,0.0
3,1240621,0.0
6,1240685,Other
1,1240753,0.0
1,1240753,0.0
3,1240798,0.0
3,1240798,0.0
3,1240798,0.0
3,1240798,0.0
3,1240803,0.0
3,1240803,0.0
6,1240864,Other
6,1240961,Other
Other,1241003,0.0
Other,1241129,0.0
Other,1241129,0.0
Other,1241137,0.0
Other,1241137,0.0
6,1241178,0.0
1,1241250,0.0
1,1241250,0.0
1,1241250,0.0
Other,1241418,0.0
Other,1241459,Other
6,1241486,0.0
1,1241502,Other
1,1241502,Other
1,1241502,0.0
1,1241502,0.0
1,1241502,0.0
1,1241551,0.0
1,1241551,0.0
1,1241551,0.0
Other,1241560,0.0
Other,1241560,0.0
1,1241582,0.0
1,1241582,0.0
3,1241639,0.0
3,1241639,0.0
3,1241639,0.0
1,1241708,Other
1,1241708,0.0
1,1241813,0.0
1,1241813,0.0
1,1241813,0.0
1,1241813,0.0
1,1241813,0.0
1,1241936,Other
1,1241936,0.0
1,1241936,0.0
1,1242023,0.0
1,1242023,0.0
1,1242023,0.0
6,1242131,0.0
2,1242150,0.0
2,1242150,0.0
1,1242156,0.0
1,1242156,0.0
1,1242156,0.0
1,1242156,0.0
Other,1242304,0.0
Other,1242304,0.0
Other,1242304,0.0
Other,1242319,0.0
Other,1242319,0.0
1,1242360,0.0
1,1242360,0.0
1,1242360,0.0
1,1242360,0.0
1,1242360,0.0
1,1242409,0.0
1,1242409,0.0
1,1242409,0.0
1,1242409,0.0
1,1242409,0.0
1,1242409,0.0
3,1242450,0.0
3,1242450,0.0
3,1242450,0.0
1,1242498,0.0
1,1242498,0.0
1,1242498,0.0
1,1242498,0.0
1,1242498,0.0
1,1242532,0.0
1,1242532,0.0
1,1242532,0.0
1,1242532,0.0
1,1242532,0.0
1,1242532,0.0
1,1242615,0.0
1,1242615,0.0
1,1242642,0.0
1,1242642,0.0
6,1242646,0.0
1,1242666,0.0
1,1242666,0.0
1,1242666,0.0
1,1242666,0.0
1,1242666,0.0
1,1242678,0.0
1,1242678,0.0
1,1242678,0.0
1,1242678,0.0
1,1242678,0.0
Other,1242783,Other
Other,1242789,Other
1,1242805,0.0
1,1242805,0.0
1,1242805,0.0
Other,1242831,0.0
Other,1242831,0.0
1,1242844,0.0
1,1242844,0.0
1,1242844,0.0
1,1242844,0.0
1,1242844,0.0
1,1242844,0.0
1,1242844,0.0
1,1242844,0.0
1,1242844,0.0
6,1242928,0.0
1,1242960,0.0
1,1242960,0.0
1,1242960,0.0
1,1242960,0.0
1,1242960,0.0
1,1242960,0.0
1,1242960,0.0
Other,1243034,0.0
Other,1243169,0.0
6,1243185,0.0
Other,1243189,0.0
1,1243285,Other
1,1243285,Other
1,1243285,0.0
1,1243294,0.0
1,1243294,0.0
1,1243294,0.0
1,1243296,0.0
1,1243296,0.0
1,1243296,0.0
1,1243296,0.0
2,1243339,0.0
2,1243339,0.0
2,1243339,0.0
2,1243339,0.0
2,1243339,0.0
1,1243371,0.0
1,1243371,0.0
1,1243371,0.0
1,1243376,0.0
1,1243376,0.0
1,1243376,0.0
Other,1243420,0.0
6,1243423,0.0
1,1243424,0.0
1,1243424,0.0
1,1243438,0.0
1,1243438,0.0
1,1243438,0.0
1,1243438,0.0
1,1243438,0.0
2,1243443,0.0
2,1243443,0.0
2,1243443,0.0
3,1243479,0.0
3,1243479,0.0
3,1243479,0.0
3,1243479,0.0
3,1243479,0.0
6,1243593,Other
1,1243594,Other
1,1243594,0.0
1,1243634,0.0
1,1243634,0.0
1,1243634,0.0
1,1243659,0.0
1,1243659,0.0
1,1243659,0.0
3,1243660,0.0
3,1243660,0.0
3,1243660,0.0
3,1243660,0.0
3,1243660,0.0
3,1243660,0.0
6,1243672,Other
Other,1243673,0.0
1,1243727,Other
1,1243727,Other
3,1243818,0.0
3,1243818,0.0
3,1243818,0.0
1,1243875,0.0
1,1243875,Other
1,1243875,0.0
1,1243879,0.0
1,1243879,0.0
1,1243879,0.0
1,1243879,0.0
1,1243879,0.0
1,1243879,0.0
1,1243879,0.0
3,1243884,0.0
3,1243884,0.0
3,1243884,0.0
3,1243884,0.0
3,1243884,0.0
3,1243884,0.0
3,1243892,0.0
3,1243892,0.0
3,1243892,0.0
3,1243892,0.0
Other,1243906,0.0
3,1243939,0.0
3,1243939,0.0
6,1244009,0.0
2,1244010,0.0
2,1244010,0.0
2,1244010,0.0
6,1244019,Other
1,1244068,0.0
1,1244068,0.0
1,1244099,0.0
1,1244099,0.0
3,1244123,Other
3,1244123,0.0
3,1244123,0.0
3,1244136,0.0
3,1244136,0.0
3,1244136,0.0
1,1244220,Other
1,1244220,0.0
1,1244220,0.0
1,1244220,0.0
1,1244418,Other
1,1244418,Other
1,1244418,0.0
1,1244552,0.0
1,1244552,0.0
1,1244552,0.0
3,1244580,0.0
3,1244580,0.0
3,1244580,0.0
3,1244580,0.0
2,1244707,0.0
2,1244707,0.0
6,1244714,Other
3,1244726,0.0
3,1244726,0.0
3,1244726,0.0
3,1244726,0.0
3,1244726,0.0
3,1244764,0.0
3,1244764,0.0
1,1244841,0.0
1,1244841,0.0
1,1244841,0.0
1,1244841,0.0
Other,1244978,0.0
Other,1244978,0.0
1,1244981,Other
1,1244981,Other
Other,1245001,0.0
1,1245006,Other
1,1245006,Other
1,1245006,0.0
Other,1245009,0.0
Other,1245009,0.0
6,1245143,0.0
3,1245226,Other
3,1245226,0.0
3,1245226,0.0
3,1245274,0.0
3,1245274,0.0
3,1245274,0.0
3,1245274,0.0
3,1245274,0.0
1,1245378,0.0
1,1245378,0.0
1,1245378,0.0
Other,1245440,0.0
1,1245531,0.0
1,1245531,0.0
1,1245531,0.0
1,1245558,0.0
1,1245558,0.0
1,1245558,0.0
1,1245578,Other
1,1245578,Other
Other,1245650,0.0
Other,1245650,0.0
1,1245745,Other
1,1245745,0.0
1,1245745,0.0
1,1245834,0.0
1,1245834,Other
1,1245834,Other
1,1245834,0.0
1,1245834,0.0
6,1245888,0.0
1,1245889,Other
1,1245889,0.0
1,1245889,0.0
1,1245914,0.0
1,1245914,0.0
1,1245914,0.0
1,1245914,0.0
1,1245923,Other
1,1245923,Other
1,1245961,Other
1,1245961,0.0
Other,1246043,0.0
Other,1246043,0.0
Other,1246043,0.0
Other,1246043,0.0
Other,1246043,0.0
Other,1246082,Other
3,1246209,0.0
3,1246209,0.0
3,1246209,0.0
3,1246209,0.0
1,1246210,0.0
1,1246210,0.0
1,1246210,0.0
1,1246210,0.0
1,1246210,0.0
1,1246224,0.0
1,1246224,0.0
1,1246224,0.0
Other,1246268,Other
6,1246272,0.0
6,1246292,0.0
3,1246477,0.0
3,1246477,0.0
3,1246477,0.0
Other,1246507,0.0
1,1246523,0.0
1,1246523,0.0
1,1246523,0.0
1,1246523,0.0
1,1246541,0.0
1,1246541,0.0
1,1246541,0.0
Other,1246563,0.0
Other,1246626,0.0
1,1246666,Other
1,1246666,0.0
1,1246666,0.0
3,1246749,0.0
3,1246749,0.0
3,1246756,0.0
3,1246756,0.0
3,1246756,0.0
3,1246756,0.0
3,1246756,0.0
3,1246855,0.0
3,1246855,0.0
1,1246913,Other
1,1246913,Other
1,1246937,0.0
1,1246937,0.0
Other,1246952,0.0
Other,1246952,0.0
Other,1246952,0.0
3,1246991,0.0
3,1246991,0.0
3,1246991,0.0
3,1247041,0.0
3,1247041,0.0
3,1247041,0.0
1,1247049,0.0
1,1247049,0.0
1,1247056,0.0
1,1247056,0.0
1,1247056,0.0
1,1247129,0.0
1,1247129,0.0
1,1247129,0.0
1,1247129,0.0
1,1247205,0.0
1,1247205,0.0
1,1247205,0.0
1,1247205,0.0
6,1247225,0.0
2,1247249,Other
2,1247249,0.0
2,1247249,0.0
2,1247249,0.0
2,1247249,0.0
3,1247299,0.0
3,1247299,0.0
1,1247489,Other
1,1247489,0.0
1,1247489,0.0
1,1247489,0.0
3,1247631,0.0
3,1247631,0.0
Other,1247722,Other
Other,1247722,Other
1,1247742,0.0
1,1247742,0.0
1,1247742,0.0
1,1247742,0.0
1,1247742,0.0
6,1247753,0.0
Other,1247779,0.0
1,1247876,0.0
1,1247876,0.0
1,1247928,0.0
1,1247928,0.0
1,1248037,0.0
1,1248037,0.0
1,1248083,0.0
1,1248083,0.0
6,1248123,0.0
6,1248171,0.0
2,1248184,0.0
2,1248184,0.0
2,1248184,0.0
2,1248184,0.0
1,1346280,0.0
2,1248184,0.0
1,1248198,0.0
1,1248198,0.0
2,1248208,0.0
2,1248208,0.0
2,1248208,0.0
2,1248208,Other
Other,1248261,0.0
Other,1248267,Other
2,1248316,0.0
2,1248316,0.0
2,1248316,0.0
1,1248356,Other
1,1248356,0.0
1,1248356,0.0
1,1248385,0.0
1,1248385,0.0
1,1248385,0.0
1,1248385,0.0
1,1248385,0.0
3,1248411,Other
3,1248411,0.0
3,1248411,0.0
3,1248411,0.0
1,1248426,Other
1,1248426,0.0
6,1248485,0.0
1,1248522,0.0
1,1248522,0.0
Other,1248667,Other
Other,1248793,0.0
Other,1248793,0.0
3,1248802,0.0
3,1248802,0.0
6,1248847,0.0
1,1248892,0.0
1,1248892,0.0
1,1248892,0.0
1,1248892,0.0
Other,1248919,0.0
1,1248934,Other
1,1248934,0.0
1,1248934,0.0
1,1248934,0.0
3,1249005,0.0
3,1249005,0.0
3,1249005,0.0
3,1249005,0.0
3,1249005,0.0
1,1249041,0.0
1,1249041,0.0
1,1249041,0.0
1,1249041,0.0
6,1249067,Other
1,1249120,Other
1,1249120,Other
1,1249137,0.0
1,1249137,0.0
1,1249137,0.0
1,1249137,0.0
3,1249150,0.0
3,1249150,0.0
3,1249150,0.0
Other,1249273,0.0
Other,1249273,0.0
Other,1249375,0.0
1,1249416,0.0
1,1249416,0.0
1,1249416,0.0
1,1249416,0.0
Other,1249520,0.0
Other,1249520,0.0
Other,1249520,0.0
3,1249627,0.0
3,1249627,0.0
3,1249627,0.0
1,1249697,0.0
1,1249697,0.0
Other,1249711,0.0
1,1250108,0.0
1,1250108,0.0
1,1250108,0.0
1,1250108,0.0
1,1250108,0.0
3,1250195,0.0
3,1250195,0.0
6,1250214,0.0
Other,1250228,0.0
Other,1250228,0.0
6,1250264,Other
3,1250477,0.0
3,1250477,0.0
Other,1250533,0.0
Other,1250533,0.0
3,1250548,0.0
3,1250548,0.0
3,1250548,0.0
Other,1250600,Other
Other,1250641,Other
6,1250723,0.0
1,1250743,0.0
1,1250743,0.0
3,1250744,0.0
3,1250744,0.0
6,1250751,Other
6,1250906,Other
Other,1250989,0.0
1,1251002,0.0
1,1251002,Other
1,1251013,Other
1,1251013,0.0
1,1251013,0.0
Other,1251124,0.0
Other,1251124,0.0
6,1251131,0.0
3,1251241,0.0
3,1251241,0.0
1,1251298,0.0
1,1251298,0.0
Other,1251308,Other
1,1251324,Other
1,1251324,0.0
Other,1251346,0.0
Other,1251346,0.0
Other,1251346,0.0
Other,1251346,0.0
1,1251419,0.0
1,1251419,0.0
1,1251419,0.0
1,1251419,0.0
1,1251419,0.0
6,1251439,0.0
1,1251517,0.0
1,1251517,0.0
1,1251541,0.0
1,1251541,0.0
1,1251541,0.0
1,1251541,0.0
3,1251561,0.0
3,1251561,0.0
3,1251561,0.0
3,1251561,0.0
3,1251561,0.0
6,1251571,0.0
1,1251583,0.0
1,1251583,0.0
1,1251583,0.0
1,1251583,0.0
1,1251583,0.0
1,1251634,0.0
1,1251634,0.0
1,1251634,0.0
1,1251634,0.0
1,1251634,0.0
1,1251634,0.0
1,1251634,0.0
1,1251634,0.0
1,1251634,0.0
1,1251634,0.0
Other,1251664,0.0
1,1251813,0.0
1,1251813,0.0
1,1251813,0.0
1,1251813,0.0
1,1251843,0.0
1,1251843,0.0
1,1251843,0.0
1,1251843,0.0
1,1251843,0.0
3,1251898,Other
3,1251898,0.0
6,1252002,0.0
1,1252003,Other
1,1252003,0.0
Other,1252043,0.0
Other,1252043,0.0
3,1252128,0.0
3,1252128,0.0
3,1252128,0.0
Other,1252153,0.0
Other,1252180,0.0
3,1252206,0.0
3,1252206,0.0
3,1252206,0.0
6,1252210,0.0
6,1252233,0.0
1,1252305,0.0
1,1252305,Other
2,1252329,0.0
2,1252329,0.0
3,1252390,0.0
3,1252390,0.0
3,1252390,0.0
1,1252428,0.0
1,1252428,0.0
1,1252428,0.0
Other,1252515,0.0
Other,1252515,0.0
6,1252550,0.0
1,1252555,0.0
1,1252555,0.0
1,1252555,0.0
1,1252626,0.0
1,1252626,Other
1,1252626,0.0
1,1252707,0.0
1,1252707,Other
1,1252707,0.0
1,1252707,0.0
Other,1252720,Other
Other,1252720,0.0
Other,1252720,0.0
Other,1252720,0.0
Other,1252720,0.0
Other,1252720,0.0
Other,1252775,0.0
Other,1252775,Other
Other,1252775,0.0
1,1252831,0.0
1,1252831,0.0
1,1252831,0.0
1,1252831,0.0
1,1252831,0.0
1,1252840,0.0
1,1252840,0.0
1,1252961,0.0
1,1252961,0.0
1,1252976,0.0
1,1252976,0.0
1,1252976,0.0
1,1252976,0.0
1,1253004,0.0
1,1253004,0.0
6,1253007,Other
1,1253009,0.0
1,1253009,0.0
1,1253009,0.0
1,1253009,0.0
1,1253009,0.0
1,1253016,Other
1,1253016,0.0
1,1253120,0.0
1,1253120,0.0
1,1253148,0.0
1,1253148,0.0
1,1253211,0.0
1,1253211,0.0
1,1253211,0.0
Other,1253260,0.0
1,1253412,0.0
1,1253412,0.0
1,1253412,0.0
Other,1253418,0.0
Other,1253418,0.0
1,1253448,0.0
1,1253448,0.0
1,1253448,0.0
1,1253448,0.0
Other,1253486,Other
1,1253526,0.0
1,1253526,0.0
6,1253544,0.0
3,1253647,0.0
3,1253647,0.0
3,1253647,0.0
3,1253647,0.0
3,1253647,0.0
3,1253647,0.0
6,1253663,0.0
3,1253667,0.0
3,1253667,0.0
1,1253744,0.0
1,1253744,0.0
1,1253744,0.0
1,1253842,0.0
1,1253842,0.0
1,1253842,0.0
1,1253842,0.0
1,1253842,0.0
2,1253870,0.0
2,1253870,0.0
1,1253899,Other
1,1253899,0.0
1,1253912,Other
1,1253912,0.0
1,1253912,0.0
1,1253912,0.0
1,1253928,0.0
1,1253928,0.0
1,1253928,0.0
1,1253993,0.0
1,1253993,0.0
3,1254031,0.0
3,1254031,0.0
3,1254031,0.0
3,1254031,0.0
3,1254031,0.0
3,1254120,0.0
3,1254120,0.0
3,1254197,0.0
3,1254197,0.0
1,1254342,Other
1,1254342,Other
1,1254342,0.0
1,1254342,0.0
1,1254342,0.0
3,1254361,0.0
3,1254361,0.0
6,1254404,Other
3,1254579,0.0
3,1254579,0.0
1,1254628,0.0
1,1254628,0.0
1,1254628,0.0
1,1254628,0.0
1,1254628,0.0
6,1254656,0.0
1,1254665,0.0
1,1254665,0.0
1,1254682,Other
1,1254682,0.0
Other,1254711,0.0
1,1254715,0.0
1,1254715,0.0
1,1254749,0.0
1,1254749,0.0
1,1254797,0.0
1,1254797,0.0
Other,1254814,0.0
Other,1254814,0.0
2,1254873,0.0
2,1254873,0.0
2,1254873,0.0
3,1254879,0.0
3,1254879,0.0
3,1254879,0.0
Other,1254892,0.0
Other,1254911,0.0
6,1254956,Other
Other,1255067,0.0
Other,1255080,0.0
Other,1255093,0.0
Other,1255093,0.0
1,1255112,0.0
1,1255112,0.0
Other,1255136,0.0
3,1255175,Other
3,1255175,0.0
1,1255345,0.0
1,1255345,0.0
1,1255345,0.0
1,1255374,0.0
1,1255374,0.0
6,1255576,0.0
Other,1255587,0.0
6,1255607,0.0
3,1255676,0.0
3,1255676,0.0
3,1255676,0.0
Other,1255761,0.0
Other,1255761,0.0
Other,1255761,0.0
Other,1255761,0.0
Other,1255761,0.0
3,1255799,Other
3,1255799,0.0
Other,1255837,0.0
Other,1255846,Other
Other,1255846,0.0
1,1255910,0.0
1,1255910,0.0
3,1255948,0.0
3,1255948,0.0
3,1255948,0.0
3,1255979,0.0
3,1255979,0.0
3,1255979,0.0
1,1255986,0.0
1,1255986,0.0
1,1255986,0.0
1,1255986,0.0
1,1255986,0.0
1,1256097,0.0
1,1256097,0.0
6,1256114,Other
1,1256116,0.0
1,1256116,0.0
1,1256246,Other
1,1256246,0.0
1,1256246,0.0
1,1256246,0.0
1,1256267,Other
1,1256267,Other
1,1256267,0.0
6,1256374,0.0
6,1256402,0.0
3,1256407,0.0
3,1256407,0.0
3,1256407,0.0
3,1256407,0.0
1,1256414,0.0
1,1256414,0.0
1,1256414,0.0
1,1256414,0.0
1,1256528,0.0
1,1256528,0.0
1,1256528,0.0
1,1256528,0.0
1,1256536,0.0
1,1256536,0.0
1,1256536,0.0
1,1256536,0.0
1,1256536,0.0
1,1256536,0.0
1,1256536,0.0
1,1256536,0.0
6,1256545,0.0
1,1256649,0.0
1,1256649,0.0
3,1256657,0.0
3,1256657,0.0
1,1256689,0.0
1,1256689,0.0
1,1256689,0.0
1,1256689,0.0
1,1256689,0.0
Other,1256706,Other
Other,1256706,Other
1,1256766,Other
1,1256766,Other
6,1256777,0.0
1,1256800,Other
1,1256800,0.0
1,1256800,0.0
1,1256800,0.0
1,1256847,0.0
1,1256847,0.0
1,1256847,0.0
3,1256865,0.0
3,1256865,0.0
3,1256865,0.0
3,1256865,0.0
1,1256870,0.0
1,1256870,0.0
1,1256870,0.0
1,1256870,0.0
1,1256870,0.0
1,1256870,0.0
1,1256870,0.0
1,1256870,0.0
Other,1256873,0.0
1,1256895,0.0
1,1256895,0.0
1,1256895,0.0
1,1256981,0.0
1,1256981,0.0
Other,1257056,0.0
Other,1257056,0.0
3,1257073,0.0
3,1257073,0.0
3,1257073,0.0
3,1257073,0.0
3,1257073,0.0
3,1257083,0.0
3,1257083,0.0
3,1257083,0.0
1,1257210,0.0
1,1257210,0.0
1,1257210,0.0
1,1257210,0.0
Other,1257253,Other
Other,1257253,0.0
Other,1257253,0.0
6,1257256,0.0
6,1257295,0.0
1,1257450,0.0
1,1257450,0.0
1,1257450,0.0
1,1257450,0.0
1,1257450,0.0
1,1257482,0.0
1,1257482,0.0
1,1257482,0.0
1,1257482,0.0
1,1257482,0.0
Other,1257507,0.0
Other,1257507,0.0
3,1257532,0.0
3,1257532,0.0
3,1257532,0.0
6,1257624,0.0
1,1257627,0.0
1,1257627,0.0
1,1257627,0.0
1,1257627,0.0
2,1257672,0.0
2,1257672,0.0
3,1257764,0.0
3,1257764,0.0
3,1257764,0.0
1,1257766,0.0
1,1257766,0.0
1,1257783,0.0
1,1257783,0.0
1,1257783,0.0
1,1257783,0.0
Other,1257876,0.0
3,1257881,0.0
3,1257881,0.0
Other,1257909,0.0
Other,1257909,0.0
3,1257915,Other
3,1257915,0.0
3,1257915,0.0
3,1257915,0.0
3,1257915,0.0
3,1257915,0.0
Other,1257919,0.0
Other,1257919,0.0
Other,1257919,0.0
Other,1257947,0.0
6,1257982,0.0
6,1257990,0.0
6,1258011,0.0
6,1258082,Other
1,1258170,0.0
1,1258170,0.0
1,1258170,0.0
1,1258170,0.0
6,1258183,Other
Other,1258218,0.0
Other,1258218,0.0
Other,1258218,0.0
3,1258262,0.0
3,1258262,0.0
3,1258262,0.0
Other,1258363,0.0
1,1258380,Other
1,1258380,Other
Other,1258391,0.0
Other,1258391,0.0
3,1258435,0.0
3,1258435,0.0
3,1258435,0.0
3,1258454,0.0
3,1258454,0.0
3,1258454,0.0
3,1258454,0.0
6,1258584,0.0
1,1258597,0.0
1,1258597,0.0
1,1258597,0.0
1,1258597,0.0
3,1258622,0.0
3,1258622,0.0
6,1258643,0.0
1,1258665,0.0
1,1258665,0.0
2,1258680,Other
2,1258680,0.0
6,1258698,0.0
1,1258747,0.0
1,1258747,0.0
3,1258958,0.0
3,1258958,0.0
3,1258958,0.0
1,1258967,0.0
1,1258967,0.0
1,1258967,0.0
1,1258967,0.0
1,1258975,0.0
1,1258975,0.0
Other,1259047,0.0
Other,1259047,0.0
Other,1259118,0.0
Other,1259174,Other
2,1259269,0.0
2,1259269,0.0
2,1259269,0.0
2,1259269,0.0
1,1259279,0.0
1,1259279,0.0
1,1259279,0.0
1,1259279,0.0
1,1259335,0.0
1,1259335,0.0
6,1259521,Other
1,1259594,0.0
1,1259594,0.0
1,1259594,0.0
1,1259594,0.0
1,1259594,0.0
1,1259666,Other
1,1259666,0.0
6,1259694,Other
1,1259807,0.0
1,1259807,0.0
6,1259930,0.0
1,1259937,0.0
1,1259937,0.0
Other,1260043,0.0
Other,1260043,0.0
1,1260056,0.0
1,1260056,0.0
1,1260056,0.0
1,1260056,0.0
1,1260056,0.0
1,1260056,0.0
6,1260162,0.0
6,1260188,Other
3,1260309,0.0
3,1260309,0.0
3,1260309,0.0
Other,1260339,0.0
Other,1260339,0.0
1,1260359,Other
1,1260359,0.0
1,1260359,0.0
1,1260359,0.0
1,1260359,0.0
6,1260421,0.0
6,1260429,0.0
Other,1260504,0.0
3,1260591,0.0
3,1260591,0.0
3,1260659,0.0
3,1260659,0.0
1,1260670,0.0
1,1260670,0.0
1,1260670,0.0
1,1260670,0.0
3,1260682,0.0
3,1260682,0.0
6,1260761,Other
6,1260769,0.0
3,1260790,0.0
3,1260790,0.0
6,1260805,Other
1,1364193,0.0
3,1260946,0.0
3,1260946,0.0
1,1261029,0.0
1,1261029,0.0
1,1261029,0.0
1,1261029,0.0
1,1261106,0.0
1,1261106,0.0
1,1261106,0.0
1,1261106,0.0
1,1261106,0.0
1,1261106,0.0
1,1261106,0.0
2,1261152,0.0
2,1261152,0.0
2,1261152,0.0
1,1261188,Other
1,1261188,0.0
1,1261188,0.0
1,1261188,0.0
1,1261188,0.0
1,1261296,0.0
1,1261296,0.0
1,1261296,0.0
1,1261296,0.0
1,1261296,0.0
6,1261312,0.0
Other,1261354,Other
3,1261490,0.0
3,1261490,0.0
3,1261490,0.0
Other,1261508,Other
Other,1261652,0.0
3,1261655,Other
3,1261655,Other
1,1261657,0.0
1,1261657,0.0
Other,1261797,0.0
Other,1261797,0.0
Other,1261797,0.0
1,1262017,0.0
1,1262017,0.0
1,1262017,0.0
1,1262017,0.0
1,1262033,0.0
1,1262033,0.0
1,1262033,0.0
1,1262033,0.0
3,1262046,0.0
3,1262046,0.0
3,1262046,0.0
3,1262046,0.0
6,1262114,0.0
1,1262164,0.0
1,1262164,0.0
1,1262181,0.0
1,1262181,0.0
1,1262181,0.0
1,1262181,0.0
1,1262181,0.0
6,1262341,Other
1,1262396,0.0
1,1262396,0.0
1,1262429,Other
1,1262429,0.0
1,1262429,0.0
1,1262437,Other
1,1262437,0.0
1,1262437,0.0
1,1262437,0.0
1,1262437,0.0
1,1262460,0.0
1,1262460,0.0
1,1262460,0.0
1,1262460,0.0
Other,1262508,0.0
Other,1262603,0.0
Other,1262603,0.0
Other,1262695,0.0
3,1262704,0.0
3,1262704,0.0
1,1262725,Other
1,1262725,Other
1,1262725,0.0
Other,1262834,0.0
2,1262836,0.0
2,1262836,0.0
2,1262836,0.0
Other,1262837,0.0
Other,1262837,0.0
Other,1262954,0.0
Other,1262985,0.0
Other,1262985,0.0
Other,1263113,Other
Other,1263113,0.0
Other,1263113,0.0
6,1263132,0.0
1,1263159,0.0
1,1263159,0.0
1,1263159,0.0
3,1263244,0.0
3,1263244,0.0
3,1263244,0.0
1,1263256,Other
1,1263256,Other
Other,1263362,0.0
6,1263432,0.0
1,1263472,0.0
1,1263472,0.0
1,1263472,0.0
1,1263472,0.0
6,1263499,0.0
6,1263510,Other
1,1263542,0.0
1,1263542,0.0
1,1263542,0.0
Other,1263548,0.0
Other,1263548,0.0
Other,1263548,0.0
6,1263553,0.0
1,1263558,Other
1,1263558,0.0
6,1263580,0.0
1,1263647,0.0
1,1263647,0.0
1,1263647,0.0
2,1263650,Other
2,1263650,0.0
2,1263650,0.0
2,1263650,Other
2,1263650,0.0
2,1263650,0.0
1,1263763,0.0
1,1263763,0.0
1,1263763,0.0
2,1263774,0.0
2,1263774,0.0
2,1263774,0.0
2,1263774,0.0
2,1263774,0.0
2,1263775,0.0
2,1263775,Other
3,1263785,0.0
3,1263785,0.0
1,1263824,0.0
1,1263824,0.0
1,1263843,0.0
1,1263843,0.0
1,1263843,0.0
1,1263843,0.0
1,1263843,0.0
1,1264028,0.0
1,1264028,0.0
1,1264028,0.0
1,1264028,0.0
1,1264028,0.0
1,1264028,0.0
1,1264028,0.0
6,1264053,Other
Other,1264065,0.0
Other,1264065,0.0
1,1264096,0.0
1,1264096,0.0
Other,1264100,0.0
6,1264117,0.0
1,1264139,0.0
1,1264139,0.0
1,1264139,0.0
1,1264142,Other
1,1264142,0.0
6,1264223,0.0
1,1264341,0.0
1,1264341,0.0
1,1264341,0.0
1,1264341,0.0
1,1264341,0.0
1,1264422,0.0
1,1264422,0.0
1,1264422,0.0
1,1264422,0.0
1,1264422,0.0
1,1264422,0.0
1,1264433,0.0
1,1264433,Other
1,1264433,0.0
1,1264433,0.0
1,1264497,0.0
1,1264497,0.0
1,1264497,0.0
1,1264497,0.0
1,1264497,0.0
1,1264505,0.0
1,1264505,0.0
1,1264573,0.0
1,1264573,0.0
1,1264631,Other
1,1264631,Other
1,1264631,0.0
1,1264631,0.0
6,1264648,0.0
2,1264677,0.0
2,1264677,0.0
2,1264677,0.0
2,1264677,0.0
Other,1264702,0.0
Other,1264702,0.0
1,1264907,Other
1,1264907,0.0
Other,1264942,0.0
Other,1264992,0.0
Other,1264992,0.0
1,1265000,0.0
1,1265000,0.0
1,1265000,0.0
6,1265023,Other
Other,1265034,0.0
6,1265102,0.0
6,1265117,Other
6,1265123,0.0
Other,1265190,0.0
1,1265221,0.0
1,1265221,Other
1,1265354,Other
1,1265354,0.0
Other,1265378,0.0
Other,1265535,Other
Other,1265535,0.0
Other,1265569,0.0
Other,1265569,0.0
1,1265595,Other
1,1265595,0.0
1,1265595,0.0
1,1265595,0.0
1,1265595,0.0
1,1265595,0.0
2,1265601,0.0
2,1265601,0.0
2,1265601,0.0
2,1265601,0.0
2,1265601,0.0
2,1265687,0.0
2,1265687,Other
Other,1265700,0.0
1,1265741,Other
1,1265741,0.0
Other,1265902,Other
Other,1265937,0.0
Other,1265948,0.0
1,1265955,0.0
1,1265955,0.0
1,1265955,0.0
1,1265985,0.0
1,1265985,0.0
2,1266008,0.0
2,1266008,0.0
2,1266008,0.0
2,1266008,0.0
2,1266008,0.0
Other,1266033,0.0
1,1266050,0.0
1,1266050,0.0
1,1266050,0.0
1,1266077,Other
1,1266077,0.0
1,1266077,0.0
1,1266077,0.0
2,1266125,0.0
2,1266125,0.0
2,1266125,0.0
2,1266125,0.0
2,1266125,0.0
2,1266125,0.0
2,1266125,0.0
1,1266130,0.0
1,1266130,0.0
1,1266130,0.0
1,1266130,0.0
1,1266130,0.0
Other,1266182,0.0
Other,1266276,0.0
Other,1266276,0.0
6,1266342,0.0
Other,1266372,0.0
1,1266399,0.0
1,1266399,0.0
1,1266399,0.0
1,1266399,0.0
6,1266402,0.0
6,1266421,0.0
1,1266447,0.0
1,1266447,0.0
1,1266447,0.0
1,1266447,0.0
1,1266447,0.0
1,1266447,0.0
1,1266452,0.0
1,1266452,0.0
3,1266469,0.0
3,1266469,0.0
3,1266469,0.0
6,1266512,0.0
1,1266661,0.0
1,1266661,0.0
1,1266661,0.0
1,1266661,0.0
1,1266661,0.0
1,1266661,0.0
1,1266670,0.0
1,1266670,0.0
1,1266670,0.0
1,1266670,0.0
1,1266874,0.0
1,1266874,0.0
Other,1266916,0.0
Other,1266945,0.0
Other,1266945,0.0
Other,1266945,0.0
2,1267048,0.0
2,1267048,0.0
2,1267048,0.0
2,1267048,0.0
2,1267048,0.0
3,1267143,0.0
3,1267143,0.0
1,1267265,Other
1,1267265,0.0
6,1267304,0.0
1,1267322,0.0
1,1267322,0.0
1,1267322,0.0
Other,1267408,0.0
Other,1267411,0.0
3,1267426,0.0
3,1267426,0.0
Other,1267516,0.0
3,1267579,0.0
3,1267579,0.0
3,1267656,0.0
3,1267656,0.0
3,1267656,0.0
1,1267662,0.0
1,1267662,0.0
1,1267662,0.0
1,1267662,0.0
1,1267667,0.0
1,1267667,0.0
1,1267685,0.0
1,1267685,0.0
1,1267685,0.0
1,1267685,0.0
1,1267685,0.0
1,1267685,0.0
1,1267685,0.0
1,1267689,0.0
1,1267689,0.0
1,1267689,0.0
1,1267705,0.0
1,1267705,0.0
1,1267705,0.0
Other,1267707,Other
Other,1267707,Other
1,1267713,0.0
1,1267713,0.0
1,1267713,0.0
1,1267744,Other
1,1267744,0.0
1,1267744,0.0
1,1267769,0.0
1,1267769,0.0
3,1267841,0.0
3,1267841,0.0
3,1267841,0.0
3,1267841,0.0
3,1267841,0.0
1,1267979,0.0
1,1267979,0.0
1,1267979,0.0
1,1268125,0.0
1,1268125,0.0
1,1268125,0.0
6,1268140,0.0
Other,1268200,0.0
1,1268300,0.0
1,1268300,0.0
1,1268300,0.0
1,1268300,0.0
1,1268300,0.0
3,1268381,Other
3,1268381,0.0
3,1268381,0.0
6,1268426,Other
6,1268454,0.0
Other,1268477,0.0
Other,1268477,0.0
6,1268497,Other
2,1268625,0.0
2,1268625,0.0
2,1268625,0.0
2,1268625,0.0
6,1268732,0.0
1,1268733,0.0
1,1268733,0.0
Other,1268899,0.0
Other,1268899,Other
3,1268909,0.0
3,1268909,0.0
1,1268967,Other
1,1268967,0.0
1,1268967,0.0
1,1268967,0.0
1,1268967,0.0
1,1268967,0.0
1,1268967,0.0
1,1268967,0.0
1,1268967,0.0
1,1268967,0.0
1,1268967,0.0
1,1268967,0.0
1,1268967,0.0
1,1268967,0.0
1,1268967,0.0
1,1268967,Other
1,1269014,Other
1,1269014,0.0
1,1269170,0.0
1,1269170,0.0
3,1269205,0.0
3,1269205,0.0
3,1269205,0.0
3,1269205,0.0
Other,1269240,0.0
Other,1269240,0.0
6,1269253,0.0
Other,1269312,0.0
2,1269314,0.0
2,1269314,0.0
3,1269378,0.0
3,1269378,0.0
3,1269378,0.0
1,1269394,Other
1,1269394,Other
1,1269394,0.0
1,1269394,0.0
1,1269394,0.0
Other,1269435,0.0
1,1269475,Other
1,1269475,0.0
1,1269475,0.0
Other,1269502,0.0
Other,1269520,0.0
3,1269525,0.0
3,1269525,0.0
6,1269629,0.0
1,1269773,0.0
1,1269773,0.0
Other,1269789,0.0
1,1269806,0.0
1,1269806,0.0
1,1269806,0.0
1,1269806,0.0
3,1269867,0.0
3,1269867,0.0
3,1269867,0.0
Other,1269909,0.0
3,1269969,0.0
3,1269969,0.0
6,1269972,0.0
1,1270029,0.0
1,1270029,0.0
1,1270029,0.0
6,1270074,0.0
3,1270090,0.0
3,1270090,0.0
3,1270188,0.0
3,1270188,0.0
3,1270188,0.0
1,1270248,Other
1,1270248,Other
Other,1270264,0.0
3,1270347,Other
3,1270347,0.0
6,1270365,0.0
Other,1270388,0.0
Other,1270388,0.0
6,1270492,0.0
6,1270517,0.0
3,1270537,0.0
3,1270537,0.0
3,1270537,0.0
3,1270537,0.0
3,1270537,0.0
2,1270539,0.0
2,1270539,0.0
2,1270539,0.0
1,1270546,0.0
1,1270546,0.0
1,1270552,0.0
1,1270552,0.0
1,1270575,0.0
1,1270575,0.0
3,1270730,0.0
3,1270730,0.0
3,1270730,0.0
3,1270730,0.0
1,1270863,0.0
1,1270863,0.0
1,1270863,0.0
1,1270863,0.0
Other,1270872,0.0
Other,1270872,0.0
6,1270883,0.0
1,1270947,0.0
1,1270947,0.0
1,1270947,0.0
1,1270947,0.0
1,1270947,0.0
3,1271008,0.0
3,1271008,0.0
6,1271076,0.0
3,1271094,0.0
3,1271094,0.0
2,1271132,0.0
2,1271132,0.0
2,1271132,0.0
2,1271132,0.0
6,1271198,Other
1,1271266,0.0
1,1271266,0.0
3,1271311,0.0
3,1271311,0.0
6,1271329,0.0
6,1271395,0.0
1,1271454,0.0
1,1271454,0.0
1,1271454,0.0
1,1271454,0.0
1,1271545,0.0
1,1271545,0.0
1,1271545,0.0
6,1271568,0.0
3,1271618,Other
3,1271618,0.0
2,1271640,0.0
2,1271640,0.0
2,1271640,0.0
1,1271645,0.0
1,1271645,0.0
1,1271645,0.0
1,1271645,0.0
1,1271645,0.0
1,1271645,0.0
1,1271645,0.0
1,1271645,0.0
1,1271645,0.0
1,1271645,0.0
1,1271645,0.0
1,1271645,0.0
3,1271658,0.0
3,1271658,0.0
3,1271698,0.0
3,1271698,0.0
3,1271698,0.0
3,1271698,0.0
2,1271737,0.0
2,1271737,0.0
1,1271774,0.0
1,1271774,0.0
6,1271775,Other
1,1271847,Other
1,1271847,0.0
1,1271847,0.0
1,1271847,0.0
1,1271880,0.0
1,1271880,0.0
1,1271880,0.0
1,1271880,0.0
1,1271880,0.0
1,1271880,0.0
1,1271880,0.0
2,1271932,0.0
2,1271932,0.0
2,1271932,0.0
2,1271932,0.0
2,1271932,0.0
2,1271932,0.0
1,1271948,0.0
1,1271948,0.0
1,1271948,0.0
1,1271948,0.0
1,1271948,0.0
1,1271948,0.0
1,1271948,0.0
Other,1271979,0.0
1,1272092,Other
1,1272092,Other
2,1272176,0.0
2,1272176,0.0
2,1272176,0.0
2,1272176,0.0
1,1272281,0.0
1,1272281,0.0
1,1272281,0.0
6,1272285,0.0
2,1272324,0.0
2,1272324,0.0
2,1272324,0.0
6,1272331,0.0
1,1272461,0.0
1,1272461,Other
Other,1272463,0.0
3,1272508,0.0
3,1272508,0.0
3,1272508,0.0
3,1272508,0.0
Other,1272574,0.0
Other,1272574,0.0
1,1272596,0.0
1,1272596,0.0
1,1272596,0.0
1,1272596,0.0
1,1272596,0.0
1,1272596,0.0
1,1272596,0.0
1,1272596,0.0
1,1272596,0.0
1,1272596,0.0
1,1272596,0.0
1,1272596,0.0
Other,1272661,0.0
3,1272828,0.0
3,1272828,0.0
Other,1272879,0.0
6,1272911,0.0
1,1272932,Other
1,1272932,0.0
1,1272932,0.0
Other,1272970,Other
1,1272977,0.0
1,1272977,0.0
Other,1273091,0.0
Other,1273091,0.0
1,1273093,Other
1,1273093,Other
1,1273093,0.0
6,1273144,Other
Other,1273189,0.0
Other,1273189,0.0
1,1273238,0.0
1,1273238,0.0
1,1273238,0.0
1,1273286,0.0
1,1273286,0.0
1,1273286,0.0
1,1273483,0.0
1,1273483,0.0
1,1273529,0.0
1,1273529,0.0
1,1273529,0.0
1,1273529,0.0
1,1273547,0.0
1,1273547,0.0
1,1273547,0.0
1,1273547,0.0
6,1273580,Other
1,1273818,0.0
1,1273818,0.0
1,1273818,0.0
1,1273818,0.0
Other,1273825,0.0
3,1273830,0.0
3,1273830,0.0
3,1273830,0.0
3,1273830,0.0
Other,1274094,0.0
6,1274148,Other
2,1274169,0.0
2,1274169,0.0
2,1274169,0.0
2,1274169,0.0
1,1274224,Other
1,1274224,0.0
6,1274280,Other
6,1274375,0.0
1,1274427,0.0
1,1274427,0.0
1,1274427,0.0
1,1274431,0.0
1,1274431,0.0
1,1274431,0.0
1,1274431,0.0
1,1274431,0.0
1,1274583,0.0
1,1274583,0.0
1,1274583,0.0
1,1274583,0.0
Other,1274656,0.0
3,1274664,0.0
3,1274664,0.0
3,1274664,0.0
3,1274689,0.0
3,1274689,0.0
6,1274736,0.0
6,1274744,0.0
1,1274754,0.0
1,1274754,0.0
1,1274754,0.0
1,1274814,Other
1,1274814,0.0
2,1274853,0.0
2,1274853,0.0
1,1274955,0.0
1,1274955,0.0
1,1274955,0.0
1,1274955,0.0
Other,1275096,0.0
Other,1275096,0.0
1,1275119,0.0
1,1275119,0.0
1,1275119,0.0
1,1275119,0.0
1,1275119,0.0
6,1275233,Other
1,1275245,0.0
1,1275245,0.0
Other,1275257,0.0
Other,1275257,0.0
Other,1275346,0.0
1,1275388,0.0
1,1275388,0.0
1,1275388,0.0
1,1275388,0.0
1,1275398,0.0
1,1275398,0.0
1,1275439,0.0
1,1275439,0.0
1,1275439,0.0
1,1275439,0.0
1,1275477,0.0
1,1275477,0.0
1,1275477,0.0
Other,1275500,Other
6,1275514,Other
3,1275560,0.0
3,1275560,0.0
6,1275619,0.0
1,1275693,0.0
1,1275693,0.0
1,1275829,0.0
1,1275829,Other
1,1275829,0.0
1,1275829,0.0
1,1275829,0.0
6,1275925,0.0
Other,1275966,0.0
Other,1275966,0.0
6,1276068,0.0
1,1276088,0.0
1,1276088,0.0
1,1276088,0.0
1,1276098,0.0
1,1276098,0.0
1,1276098,0.0
3,1276118,0.0
3,1276118,0.0
3,1276118,0.0
2,1276171,Other
2,1276171,0.0
2,1276171,0.0
2,1276171,0.0
6,1276214,0.0
Other,1276291,0.0
Other,1276291,0.0
1,1276371,0.0
1,1276371,0.0
1,1276371,0.0
1,1276371,0.0
Other,1276515,0.0
Other,1276584,0.0
Other,1276584,0.0
3,1276588,0.0
3,1276588,0.0
2,1276845,0.0
2,1276845,0.0
2,1276845,0.0
2,1276845,0.0
2,1276855,0.0
2,1276855,0.0
2,1276855,0.0
2,1276855,0.0
2,1276855,0.0
3,1276863,0.0
3,1276863,0.0
3,1276880,0.0
3,1276880,0.0
3,1276880,0.0
3,1276880,0.0
6,1276913,Other
1,1277000,Other
1,1277000,0.0
3,1277024,0.0
3,1277024,0.0
3,1277024,0.0
3,1277024,0.0
Other,1277146,0.0
Other,1277146,0.0
3,1277220,0.0
3,1277220,0.0
6,1277345,Other
1,1277440,0.0
1,1277440,0.0
1,1277440,0.0
1,1277440,0.0
3,1277478,0.0
3,1277478,0.0
2,1277730,0.0
2,1277730,0.0
6,1277779,0.0
1,1277802,0.0
1,1277802,0.0
1,1277802,0.0
1,1277802,0.0
1,1277802,0.0
3,1277847,0.0
3,1277847,0.0
2,1277857,Other
2,1277857,0.0
1,1277927,0.0
1,1277927,0.0
1,1277927,0.0
1,1277927,0.0
1,1277927,0.0
6,1277957,0.0
1,1277987,0.0
1,1277987,0.0
3,1278154,0.0
3,1278154,0.0
3,1278154,0.0
3,1278154,0.0
1,1278163,0.0
1,1278163,0.0
1,1278171,Other
1,1278171,Other
1,1278171,0.0
1,1278171,0.0
6,1278200,0.0
1,1278252,0.0
1,1278252,0.0
1,1278252,0.0
1,1278252,0.0
1,1278252,0.0
6,1278287,0.0
1,1278498,0.0
1,1278498,0.0
1,1278498,0.0
Other,1278560,Other
1,1278617,0.0
1,1278617,0.0
Other,1278636,0.0
Other,1278636,0.0
Other,1278659,0.0
Other,1278744,0.0
1,1278752,Other
1,1278752,0.0
Other,1278846,Other
Other,1278846,Other
6,1278867,0.0
3,1278915,0.0
3,1278915,Other
1,1278932,Other
1,1278932,0.0
2,1278955,0.0
2,1278955,0.0
3,1278986,0.0
3,1278986,0.0
3,1278986,0.0
1,1279021,0.0
1,1279021,0.0
3,1279107,0.0
3,1279107,0.0
3,1279107,0.0
3,1279107,0.0
1,1279175,0.0
1,1279175,0.0
1,1279175,0.0
1,1279212,0.0
1,1279212,0.0
1,1279212,0.0
1,1279212,0.0
1,1279212,0.0
1,1279212,0.0
6,1279307,0.0
Other,1279338,0.0
Other,1279338,0.0
Other,1279338,0.0
Other,1279338,0.0
Other,1279338,0.0
1,1279359,Other
1,1279359,0.0
1,1279359,0.0
1,1279359,0.0
1,1279359,0.0
1,1279359,0.0
1,1279359,0.0
Other,1279422,0.0
Other,1279422,0.0
1,1279427,Other
1,1279427,0.0
1,1279427,0.0
3,1279484,0.0
3,1279484,0.0
3,1279484,0.0
3,1279484,0.0
1,1279485,0.0
1,1279485,0.0
1,1279485,0.0
Other,1279497,0.0
Other,1279497,0.0
Other,1279517,Other
3,1279583,0.0
3,1279583,0.0
3,1279583,0.0
1,1279640,0.0
1,1279640,0.0
1,1279640,0.0
1,1279640,0.0
Other,1279678,0.0
Other,1279678,0.0
6,1279687,0.0
Other,1279697,0.0
Other,1279697,0.0
1,1279735,0.0
1,1279735,0.0
1,1279829,Other
1,1279829,0.0
1,1279829,0.0
1,1279830,Other
1,1279830,0.0
1,1279830,0.0
1,1279830,0.0
1,1279830,0.0
3,1279857,0.0
3,1279857,0.0
1,1279878,Other
1,1279878,0.0
1,1279904,0.0
1,1279904,0.0
1,1279904,0.0
1,1279925,0.0
1,1279925,0.0
1,1279925,0.0
1,1280002,0.0
1,1280002,0.0
1,1280002,0.0
1,1280002,0.0
1,1280002,0.0
1,1280145,0.0
1,1280145,0.0
1,1280145,0.0
Other,1280241,0.0
Other,1280241,0.0
Other,1280282,0.0
Other,1280282,Other
Other,1280482,0.0
3,1280530,Other
3,1280530,0.0
3,1280531,0.0
3,1280531,0.0
3,1280531,0.0
3,1280531,0.0
3,1280541,0.0
3,1280541,0.0
1,1280585,0.0
1,1280585,0.0
1,1280585,0.0
1,1280605,0.0
1,1280605,0.0
1,1280605,0.0
3,1280688,0.0
3,1280688,0.0
3,1280688,0.0
3,1280732,0.0
3,1280732,0.0
3,1280732,0.0
3,1280732,0.0
6,1280784,0.0
1,1280802,Other
1,1280802,Other
1,1280802,0.0
1,1280802,0.0
1,1280826,0.0
1,1280826,0.0
1,1280826,0.0
Other,1280918,0.0
1,1280963,0.0
1,1280963,0.0
1,1280963,0.0
3,1280976,0.0
3,1280976,0.0
3,1280976,0.0
3,1280976,0.0
3,1280976,0.0
Other,1281046,0.0
Other,1281046,0.0
1,1281051,Other
1,1281051,0.0
1,1281051,0.0
6,1281113,0.0
6,1281120,0.0
3,1281274,0.0
3,1281274,0.0
3,1281274,0.0
3,1281274,0.0
1,1281300,0.0
1,1281300,0.0
1,1281317,Other
1,1281317,0.0
1,1281317,0.0
1,1281317,0.0
1,1281333,0.0
1,1281333,0.0
1,1281376,0.0
1,1281376,0.0
1,1281376,0.0
1,1281376,0.0
1,1281376,0.0
1,1281376,0.0
Other,1281459,0.0
3,1281488,0.0
3,1281488,0.0
3,1281488,0.0
3,1281488,0.0
3,1281488,0.0
3,1281488,0.0
1,1281522,0.0
1,1281522,0.0
6,1281567,Other
3,1281609,0.0
3,1281609,0.0
3,1281609,0.0
3,1281695,0.0
3,1281695,0.0
6,1281846,0.0
6,1281871,0.0
3,1281889,0.0
3,1281889,0.0
3,1281889,0.0
3,1281889,0.0
3,1281931,0.0
3,1281931,0.0
3,1281931,0.0
3,1281931,0.0
1,1281945,Other
1,1281945,Other
1,1281945,0.0
Other,1281977,0.0
1,1281989,0.0
1,1281989,0.0
1,1281996,0.0
1,1281996,0.0
Other,1282064,0.0
6,1282254,Other
2,1282255,0.0
2,1282255,0.0
2,1282255,0.0
1,1282272,0.0
1,1282272,0.0
1,1282272,0.0
1,1282272,0.0
1,1282272,0.0
3,1282335,0.0
3,1282335,0.0
3,1282481,0.0
3,1282481,0.0
1,1282538,0.0
1,1282538,0.0
1,1282538,0.0
1,1282538,0.0
1,1282546,Other
1,1282546,0.0
1,1282546,0.0
1,1282546,0.0
1,1282546,0.0
1,1282556,0.0
1,1282556,0.0
1,1282556,0.0
1,1282556,0.0
6,1282558,Other
3,1282666,0.0
3,1282666,0.0
3,1282666,0.0
3,1282666,0.0
Other,1282677,0.0
2,1282680,0.0
2,1282680,0.0
3,1282716,Other
3,1282716,0.0
1,1282777,0.0
1,1282777,0.0
1,1282777,0.0
3,1282814,0.0
3,1282814,Other
6,1282830,Other
6,1282840,0.0
Other,1282859,0.0
Other,1282859,0.0
3,1282899,0.0
3,1282899,0.0
3,1282899,Other
3,1282899,0.0
3,1282899,0.0
3,1282899,0.0
3,1282899,0.0
3,1282899,0.0
Other,1282927,0.0
3,1282981,0.0
3,1282981,0.0
3,1282981,0.0
3,1282981,0.0
3,1282981,0.0
Other,1283128,0.0
1,1283220,0.0
1,1283220,0.0
2,1283271,0.0
2,1283271,0.0
1,1283290,0.0
1,1283290,0.0
1,1283290,0.0
6,1283297,0.0
6,1283363,0.0
1,1283387,Other
1,1283387,0.0
1,1283429,0.0
1,1283429,0.0
Other,1283474,0.0
Other,1283474,0.0
3,1283534,0.0
3,1283534,0.0
3,1283563,0.0
3,1283563,0.0
3,1283563,0.0
Other,1283584,0.0
6,1283622,0.0
Other,1283661,0.0
Other,1283661,0.0
6,1283738,Other
6,1283768,0.0
1,1283798,0.0
1,1283798,0.0
1,1283798,0.0
1,1283798,0.0
1,1283798,Other
1,1283798,0.0
Other,1283865,0.0
1,1283933,0.0
1,1283933,0.0
1,1283933,0.0
1,1283971,0.0
1,1283971,0.0
1,1283971,0.0
1,1284020,0.0
1,1284020,0.0
1,1284020,0.0
6,1284099,0.0
6,1284276,0.0
3,1284418,0.0
3,1284418,0.0
3,1284418,0.0
2,1284502,0.0
2,1284502,0.0
2,1284502,0.0
1,1284521,0.0
1,1284521,0.0
1,1284521,0.0
1,1284534,0.0
1,1284534,0.0
1,1284534,0.0
1,1284534,0.0
1,1284534,0.0
1,1284534,0.0
1,1284538,0.0
1,1284538,0.0
Other,1284553,0.0
Other,1284608,0.0
Other,1284608,0.0
1,1284658,0.0
1,1284658,0.0
1,1284811,0.0
1,1284811,0.0
1,1284838,0.0
1,1284838,0.0
1,1284852,0.0
1,1284852,0.0
1,1284852,0.0
1,1284873,0.0
1,1284873,Other
1,1284916,Other
1,1284916,Other
1,1284974,0.0
1,1284974,0.0
1,1284974,0.0
Other,1285015,0.0
Other,1285015,0.0
Other,1285045,0.0
Other,1285045,0.0
Other,1285045,0.0
Other,1285072,0.0
Other,1285072,0.0
1,1285125,0.0
1,1285125,0.0
1,1285125,0.0
1,1285125,0.0
6,1285132,Other
1,1285152,Other
1,1285152,Other
1,1285181,0.0
1,1285181,0.0
Other,1285409,0.0
Other,1285409,0.0
6,1285503,Other
6,1285560,Other
6,1285570,0.0
2,1285596,Other
2,1285596,0.0
6,1285690,Other
3,1285701,Other
3,1285701,0.0
Other,1285729,Other
3,1285771,0.0
3,1285771,0.0
3,1285771,0.0
3,1285771,0.0
3,1285771,0.0
3,1285771,0.0
3,1285771,0.0
3,1285771,0.0
3,1285771,0.0
3,1285808,0.0
3,1285808,0.0
3,1285808,0.0
3,1285808,0.0
3,1285808,0.0
1,1285845,0.0
1,1285845,0.0
Other,1285926,0.0
1,1285983,0.0
1,1285983,0.0
2,1285998,Other
2,1285998,0.0
2,1285998,0.0
1,1286041,0.0
1,1286041,0.0
1,1286041,0.0
1,1286041,0.0
1,1286041,0.0
1,1286125,0.0
1,1286125,0.0
1,1286132,0.0
1,1286132,0.0
1,1286132,0.0
1,1286253,Other
1,1286253,0.0
1,1286253,0.0
1,1286253,0.0
1,1286253,0.0
1,1286283,0.0
1,1286283,0.0
1,1286283,0.0
1,1286283,0.0
1,1286283,0.0
1,1286283,0.0
1,1286283,0.0
1,1286292,Other
1,1286292,Other
1,1286421,0.0
1,1286421,0.0
6,1286443,0.0
1,1286448,0.0
1,1286448,0.0
1,1286448,0.0
1,1286448,0.0
1,1286514,Other
1,1286514,Other
1,1286554,0.0
1,1286554,0.0
1,1286554,0.0
1,1286554,0.0
Other,1286606,Other
Other,1286606,Other
1,1286608,0.0
1,1286608,0.0
1,1286670,0.0
1,1286670,0.0
1,1286670,0.0
1,1286670,0.0
1,1286670,0.0
1,1286670,0.0
1,1286723,0.0
1,1286723,0.0
1,1286723,0.0
1,1286723,0.0
1,1286723,0.0
6,1286732,0.0
6,1286811,0.0
6,1286832,0.0
Other,1286848,0.0
1,1286894,0.0
1,1286894,0.0
3,1286902,0.0
3,1286902,0.0
3,1286902,0.0
3,1286902,0.0
3,1286902,0.0
3,1286917,0.0
3,1286917,0.0
3,1286917,0.0
3,1286917,0.0
1,1286927,0.0
1,1286927,0.0
1,1286927,0.0
6,1286983,0.0
3,1287092,0.0
3,1287092,0.0
1,1287117,0.0
1,1287117,0.0
Other,1287212,0.0
Other,1287212,0.0
6,1287244,0.0
1,1287473,0.0
1,1287473,0.0
1,1287473,0.0
3,1287519,0.0
3,1287519,0.0
3,1287519,0.0
1,1287534,0.0
1,1287534,0.0
1,1287534,0.0
1,1287571,Other
1,1287571,0.0
1,1287592,0.0
1,1287592,0.0
1,1287592,0.0
1,1287715,0.0
1,1287715,0.0
Other,1287774,0.0
6,1287788,0.0
Other,1287797,0.0
2,1287799,0.0
2,1287799,0.0
2,1287799,0.0
3,1287851,0.0
3,1287851,0.0
3,1287851,0.0
3,1287853,0.0
3,1287853,0.0
3,1287853,0.0
3,1287853,0.0
Other,1287863,0.0
1,1287864,0.0
1,1287864,0.0
1,1287864,0.0
1,1287864,0.0
1,1287864,0.0
1,1287873,0.0
1,1287873,0.0
1,1287873,0.0
1,1287873,0.0
Other,1287886,0.0
1,1287940,0.0
1,1287940,0.0
2,1287964,0.0
2,1287964,0.0
2,1287964,0.0
6,1288055,0.0
6,1288067,0.0
3,1288152,0.0
3,1288152,0.0
3,1288152,0.0
3,1288152,0.0
1,1288175,0.0
1,1288175,0.0
1,1288186,0.0
1,1288186,0.0
6,1288207,0.0
1,1288225,0.0
1,1288225,0.0
1,1288225,0.0
1,1288368,0.0
1,1288368,0.0
1,1288368,0.0
1,1288368,0.0
1,1288376,0.0
1,1288376,0.0
1,1288376,0.0
3,1288393,0.0
3,1288393,0.0
1,1288410,0.0
1,1288410,0.0
1,1288410,0.0
3,1288479,0.0
3,1288479,0.0
3,1288479,0.0
2,1288555,0.0
2,1288555,0.0
2,1288555,0.0
2,1288555,0.0
2,1288555,0.0
1,1288578,0.0
1,1288578,0.0
6,1288608,0.0
1,1288610,0.0
1,1288610,0.0
1,1288659,0.0
1,1288659,0.0
1,1288659,0.0
1,1288672,0.0
1,1288672,0.0
1,1288672,0.0
1,1288672,0.0
1,1288672,0.0
1,1288684,0.0
1,1288684,0.0
1,1288684,Other
1,1288684,0.0
1,1288766,Other
1,1288766,Other
Other,1288899,Other
1,1288969,Other
1,1288969,Other
1,1288990,0.0
1,1288990,0.0
1,1288990,0.0
1,1288990,0.0
1,1289000,0.0
1,1289000,0.0
1,1289000,0.0
1,1289000,0.0
6,1289018,0.0
1,1289033,0.0
1,1289033,Other
1,1289033,0.0
1,1289033,0.0
1,1289033,0.0
Other,1289131,Other
Other,1289131,0.0
1,1289173,0.0
1,1289173,0.0
1,1289173,0.0
1,1289173,0.0
1,1289233,0.0
1,1289233,0.0
1,1289262,0.0
1,1289262,0.0
1,1289262,0.0
1,1289262,0.0
Other,1289323,0.0
Other,1289323,0.0
1,1289459,Other
1,1289459,Other
1,1289459,0.0
Other,1289464,0.0
Other,1289464,0.0
Other,1289482,0.0
Other,1289493,0.0
Other,1289493,0.0
Other,1289493,0.0
3,1289644,0.0
3,1289644,0.0
3,1289644,0.0
3,1289725,0.0
3,1289725,0.0
1,1289805,0.0
1,1289805,Other
1,1289805,0.0
1,1289805,0.0
6,1289817,Other
6,1289863,Other
Other,1289871,Other
Other,1289871,Other
2,1289886,0.0
2,1289886,0.0
2,1289886,0.0
Other,1289893,Other
6,1289912,Other
6,1289916,0.0
3,1290053,0.0
3,1290053,0.0
3,1290053,0.0
3,1290053,0.0
3,1290053,0.0
1,1290066,0.0
1,1290066,0.0
1,1290066,0.0
1,1290066,0.0
1,1290244,Other
1,1290244,Other
6,1290266,Other
Other,1290284,0.0
Other,1290284,0.0
1,1290316,0.0
1,1290316,0.0
6,1290322,0.0
1,1290369,0.0
1,1290369,0.0
1,1290369,0.0
1,1290369,0.0
1,1290369,0.0
1,1290405,0.0
1,1290405,0.0
1,1290405,0.0
1,1290405,0.0
1,1290483,0.0
1,1290483,0.0
1,1290483,0.0
1,1290483,0.0
6,1290552,0.0
1,1290588,0.0
1,1290588,0.0
Other,1290645,0.0
Other,1290683,0.0
1,1290707,0.0
1,1290707,0.0
1,1290707,0.0
1,1290707,0.0
1,1290707,0.0
1,1290787,0.0
1,1290787,0.0
1,1290787,0.0
1,1290787,0.0
Other,1290817,0.0
2,1290842,0.0
2,1290842,0.0
2,1290842,0.0
1,1290855,Other
1,1290855,0.0
1,1290895,Other
1,1290895,Other
1,1290895,Other
1,1290984,0.0
1,1290984,0.0
1,1290984,0.0
1,1290984,0.0
1,1290984,0.0
1,1291041,0.0
1,1291041,0.0
1,1291041,0.0
1,1291041,0.0
1,1291065,0.0
1,1291065,Other
1,1291065,0.0
6,1291075,0.0
1,1291177,0.0
1,1291177,0.0
1,1291177,0.0
1,1291177,0.0
1,1291177,0.0
1,1291177,0.0
1,1291197,0.0
1,1291197,0.0
1,1291197,0.0
1,1291197,0.0
1,1291197,0.0
1,1291197,0.0
1,1291197,0.0
1,1291197,0.0
1,1291197,0.0
1,1291204,0.0
1,1291204,0.0
1,1291204,0.0
1,1291274,0.0
1,1291274,0.0
3,1291416,0.0
3,1291416,0.0
3,1291416,0.0
3,1291416,0.0
3,1291515,0.0
3,1291515,0.0
3,1291515,0.0
1,1291537,Other
1,1291537,0.0
3,1291544,0.0
3,1291544,0.0
1,1291561,0.0
1,1291561,0.0
1,1291561,Other
1,1291561,0.0
1,1291561,0.0
1,1291561,0.0
1,1291561,0.0
Other,1291582,0.0
Other,1291593,0.0
1,1291597,0.0
1,1291597,0.0
Other,1291628,0.0
Other,1291628,0.0
3,1291676,0.0
3,1291676,0.0
3,1291676,0.0
3,1291676,0.0
1,1292017,0.0
1,1292017,0.0
1,1292017,0.0
1,1292017,0.0
1,1292017,0.0
1,1292038,Other
1,1292038,Other
1,1292038,0.0
1,1292038,0.0
1,1292038,0.0
1,1292116,0.0
1,1292116,0.0
1,1292116,0.0
1,1292116,0.0
1,1292116,0.0
3,1292166,0.0
3,1292166,0.0
3,1292166,0.0
Other,1292203,0.0
Other,1292203,0.0
1,1292225,0.0
1,1292225,0.0
1,1292225,0.0
1,1292225,0.0
6,1292243,Other
Other,1292348,0.0
Other,1292365,0.0
Other,1292405,0.0
Other,1292405,0.0
3,1292465,0.0
3,1292465,0.0
1,1292486,Other
1,1292486,Other
1,1292486,0.0
1,1292486,0.0
6,1292516,0.0
1,1292527,0.0
1,1292527,0.0
1,1292527,0.0
Other,1292588,Other
Other,1292588,0.0
1,1292702,0.0
1,1292702,0.0
1,1292743,0.0
1,1292743,0.0
1,1292743,0.0
1,1292743,0.0
1,1292813,0.0
1,1292813,0.0
1,1292813,0.0
1,1292813,0.0
1,1292813,0.0
1,1292813,0.0
1,1292813,0.0
1,1292813,0.0
1,1292813,0.0
1,1292813,0.0
3,1292835,0.0
3,1292835,0.0
3,1292835,0.0
1,1292851,0.0
1,1292851,Other
1,1292851,0.0
1,1292851,0.0
1,1292889,0.0
1,1292889,0.0
1,1292889,0.0
1,1292889,0.0
1,1292891,0.0
1,1292891,0.0
Other,1292960,0.0
6,1293025,0.0
Other,1293142,Other
Other,1293142,0.0
Other,1293187,0.0
Other,1293187,0.0
Other,1293348,0.0
Other,1293348,0.0
1,1293349,Other
1,1293349,Other
3,1293447,0.0
3,1293447,0.0
6,1293640,0.0
Other,1293780,0.0
3,1293837,0.0
3,1293837,0.0
Other,1293901,0.0
1,1293939,0.0
1,1293939,0.0
6,1293948,0.0
1,1294138,0.0
1,1294138,0.0
1,1294138,0.0
6,1294173,0.0
Other,1294205,0.0
1,1294243,Other
1,1294243,0.0
1,1294243,0.0
1,1294243,0.0
1,1294243,0.0
Other,1294247,0.0
1,1294268,0.0
1,1294268,0.0
1,1294268,0.0
1,1294268,0.0
1,1294268,0.0
1,1294268,0.0
3,1294270,0.0
3,1294270,0.0
3,1294270,0.0
3,1294270,0.0
Other,1294312,0.0
6,1294327,0.0
Other,1294332,0.0
1,1294338,0.0
1,1294338,0.0
1,1294338,0.0
6,1294387,0.0
Other,1294400,0.0
6,1294402,0.0
1,1294423,Other
1,1294423,0.0
1,1294423,0.0
1,1294438,0.0
1,1294438,0.0
1,1294438,0.0
1,1294438,0.0
1,1294456,0.0
1,1294456,0.0
6,1294582,Other
1,1294637,0.0
1,1294637,0.0
1,1294637,0.0
1,1294637,0.0
2,1294673,0.0
2,1294673,0.0
2,1294673,0.0
2,1294673,0.0
3,1294700,0.0
3,1294700,0.0
3,1294700,0.0
3,1294700,0.0
3,1294700,0.0
1,1294728,0.0
1,1294728,0.0
1,1294728,0.0
1,1294728,0.0
1,1294728,0.0
1,1294728,Other
1,1294728,0.0
1,1294728,0.0
6,1294757,0.0
1,1294863,0.0
1,1294863,0.0
1,1294863,0.0
1,1294890,0.0
1,1294890,0.0
1,1294890,0.0
1,1294890,0.0
1,1294890,0.0
1,1294899,0.0
1,1294899,0.0
1,1294899,0.0
1,1294899,0.0
Other,1294907,0.0
Other,1294907,0.0
Other,1295033,0.0
Other,1295033,Other
6,1295087,0.0
3,1295134,0.0
3,1295134,0.0
3,1295134,0.0
3,1295134,0.0
Other,1295143,0.0
3,1295167,0.0
3,1295167,0.0
Other,1295203,Other
Other,1295261,Other
Other,1295261,0.0
6,1295293,0.0
6,1295341,0.0
6,1295383,0.0
1,1295449,0.0
1,1295449,0.0
Other,1295467,0.0
3,1295471,Other
3,1295471,0.0
Other,1295549,0.0
2,1295604,0.0
2,1295604,0.0
2,1295604,0.0
3,1295647,Other
3,1295647,0.0
3,1295647,0.0
3,1295647,0.0
3,1295647,0.0
1,1295659,0.0
1,1295659,0.0
6,1295700,0.0
1,1295755,0.0
1,1295755,0.0
1,1295802,0.0
1,1295802,0.0
1,1295802,0.0
1,1295802,0.0
1,1295802,0.0
3,1295896,0.0
3,1295896,0.0
3,1295896,0.0
3,1295924,0.0
3,1295924,0.0
1,1296104,0.0
1,1296104,0.0
1,1296104,0.0
1,1296131,0.0
1,1296131,0.0
1,1296131,0.0
1,1296256,Other
1,1296256,Other
Other,1296291,0.0
6,1296321,0.0
6,1296326,0.0
1,1296376,0.0
1,1296376,Other
3,1296400,0.0
3,1296400,0.0
1,1296459,0.0
1,1296459,0.0
1,1296523,0.0
1,1296523,0.0
1,1296523,0.0
1,1296525,0.0
1,1296525,0.0
1,1296525,0.0
1,1296525,0.0
1,1296525,0.0
1,1296525,0.0
1,1296525,0.0
1,1296614,0.0
1,1296614,0.0
1,1296614,0.0
1,1296614,0.0
1,1296614,0.0
1,1296614,0.0
3,1296641,0.0
3,1296641,0.0
3,1296641,0.0
6,1296818,0.0
6,1296911,0.0
6,1296944,0.0
6,1296977,Other
Other,1297066,0.0
Other,1297120,0.0
Other,1297120,0.0
Other,1297120,0.0
1,1297124,0.0
1,1297124,0.0
1,1297126,Other
1,1297126,Other
1,1297126,Other
1,1297126,0.0
1,1297126,0.0
Other,1297193,0.0
1,1297215,0.0
1,1297215,0.0
1,1297215,0.0
1,1297233,0.0
1,1297233,0.0
3,1297245,Other
3,1297245,0.0
3,1297245,0.0
1,1297328,0.0
1,1297328,0.0
1,1297328,0.0
1,1297328,0.0
1,1297356,0.0
1,1297356,0.0
1,1297356,0.0
1,1297356,0.0
6,1297366,0.0
Other,1297374,0.0
6,1297404,0.0
3,1297444,0.0
3,1297444,0.0
3,1297444,0.0
Other,1297487,0.0
1,1297512,0.0
1,1297512,0.0
1,1297512,0.0
1,1297558,0.0
1,1297558,0.0
1,1297558,0.0
3,1297684,0.0
3,1297684,0.0
3,1297684,0.0
Other,1297756,0.0
3,1297789,Other
3,1297789,0.0
1,1297866,0.0
1,1297866,0.0
1,1297866,0.0
1,1297866,0.0
1,1297866,0.0
6,1297868,0.0
6,1297900,0.0
3,1297923,0.0
3,1297923,0.0
3,1298003,0.0
3,1298003,0.0
3,1298003,0.0
6,1298016,0.0
1,1298028,0.0
1,1298028,0.0
1,1298028,0.0
1,1298028,0.0
1,1298028,0.0
1,1298028,0.0
1,1298063,0.0
1,1298063,0.0
1,1298063,0.0
1,1298063,0.0
1,1298063,0.0
Other,1298126,0.0
1,1298131,0.0
1,1298131,0.0
1,1298131,0.0
1,1298131,0.0
1,1298163,0.0
1,1298163,Other
1,1298163,0.0
1,1298256,0.0
1,1298256,0.0
1,1298256,0.0
1,1298256,0.0
1,1298256,0.0
1,1298256,0.0
1,1298397,0.0
1,1298397,0.0
1,1298397,0.0
1,1298397,0.0
1,1298397,0.0
Other,1298475,Other
1,1298510,0.0
1,1298510,0.0
1,1298510,0.0
6,1298552,0.0
1,1298582,Other
1,1298582,Other
6,1298597,0.0
1,1298621,0.0
1,1298621,0.0
Other,1298626,0.0
Other,1298626,0.0
Other,1298685,0.0
1,1298831,0.0
1,1298831,0.0
1,1298831,0.0
2,1298843,0.0
2,1298843,0.0
2,1298843,0.0
1,1299014,0.0
1,1299014,0.0
1,1299067,0.0
1,1299067,0.0
3,1299396,Other
3,1299396,0.0
6,1299439,0.0
Other,1299462,0.0
Other,1299462,0.0
3,1299537,0.0
3,1299537,0.0
6,1299568,0.0
Other,1299672,0.0
Other,1299672,0.0
1,1299690,0.0
1,1299690,0.0
1,1299690,0.0
1,1299690,0.0
1,1299690,0.0
6,1299714,0.0
1,1299728,0.0
1,1299728,0.0
3,1299774,0.0
3,1299774,0.0
1,1299782,0.0
1,1299782,0.0
1,1299956,Other
1,1299956,0.0
1,1299957,0.0
1,1299957,0.0
1,1299957,0.0
1,1299961,0.0
1,1299961,0.0
1,1299962,0.0
1,1299962,0.0
1,1299962,0.0
1,1299962,0.0
6,1299964,Other
3,1299990,0.0
3,1299990,0.0
3,1299990,0.0
1,1299999,Other
1,1299999,0.0
1,1299999,0.0
1,1299999,0.0
1,1300119,0.0
1,1300119,0.0
1,1300119,0.0
1,1300119,0.0
1,1300119,0.0
1,1300131,0.0
1,1300131,0.0
1,1300131,0.0
1,1300131,0.0
1,1300133,0.0
1,1300133,0.0
1,1300133,0.0
6,1300296,0.0
6,1300326,0.0
Other,1300445,0.0
1,1300533,0.0
1,1300533,0.0
1,1300545,0.0
1,1300545,0.0
1,1300545,0.0
1,1300545,0.0
1,1300608,0.0
1,1300608,0.0
1,1300608,0.0
1,1300608,0.0
Other,1300675,Other
Other,1300708,0.0
Other,1300708,0.0
Other,1300805,0.0
1,1300932,0.0
1,1300932,0.0
3,1301011,0.0
3,1301011,0.0
1,1301060,0.0
1,1301060,0.0
Other,1301070,Other
1,1301131,0.0
1,1301131,0.0
Other,1301141,0.0
2,1301171,0.0
2,1301171,0.0
2,1301171,0.0
2,1301171,0.0
2,1301171,Other
6,1301257,Other
6,1301339,0.0
1,1301350,Other
1,1301350,0.0
2,1301389,Other
2,1301389,Other
Other,1301598,0.0
Other,1301598,0.0
1,1301613,Other
1,1301613,0.0
1,1301653,Other
1,1301653,Other
1,1301653,Other
1,1301653,Other
1,1301759,0.0
1,1301759,0.0
1,1301759,0.0
1,1301759,0.0
3,1301772,0.0
3,1301772,0.0
Other,1301820,0.0
Other,1301820,Other
Other,1301898,0.0
Other,1301898,0.0
1,1301987,0.0
1,1301987,0.0
1,1301987,0.0
1,1301987,0.0
1,1302127,0.0
1,1302127,0.0
1,1302127,0.0
Other,1302164,0.0
3,1302206,0.0
3,1302206,0.0
3,1302206,0.0
Other,1302244,0.0
Other,1302244,0.0
2,1302255,Other
2,1302255,0.0
2,1302255,Other
1,1302259,0.0
1,1302259,0.0
1,1302325,0.0
1,1302325,0.0
1,1302338,0.0
1,1302338,0.0
6,1302381,0.0
Other,1302419,0.0
Other,1302419,0.0
Other,1302419,0.0
Other,1302419,0.0
1,1302452,0.0
1,1302452,0.0
3,1302503,0.0
3,1302503,0.0
Other,1302517,0.0
Other,1302519,0.0
1,1302531,0.0
1,1302531,0.0
1,1302531,0.0
1,1302531,0.0
1,1302531,0.0
1,1302531,0.0
1,1302531,0.0
1,1302556,0.0
1,1302556,0.0
1,1302556,0.0
1,1302741,0.0
1,1302741,0.0
1,1302741,0.0
1,1302741,0.0
1,1302742,0.0
1,1302742,0.0
Other,1302775,Other
Other,1302777,Other
6,1302868,0.0
1,1302924,0.0
1,1302924,0.0
1,1302924,0.0
6,1302928,0.0
3,1303048,0.0
3,1303048,0.0
3,1303048,0.0
3,1303048,0.0
3,1303122,0.0
3,1303122,0.0
3,1303122,0.0
3,1303122,0.0
1,1303297,0.0
1,1303297,0.0
1,1303297,0.0
1,1303297,0.0
1,1303297,0.0
1,1303297,0.0
1,1303356,Other
1,1303356,0.0
3,1303420,0.0
3,1303420,0.0
Other,1303452,0.0
Other,1303452,0.0
Other,1303452,0.0
1,1303475,0.0
1,1303475,0.0
1,1303475,0.0
1,1303475,0.0
1,1303536,0.0
1,1303536,0.0
1,1303536,0.0
1,1303536,0.0
1,1303536,0.0
1,1303580,0.0
1,1303580,0.0
1,1303580,0.0
1,1303580,0.0
Other,1303596,0.0
6,1303618,0.0
Other,1303673,0.0
Other,1303673,0.0
6,1303703,0.0
1,1303734,0.0
1,1303734,0.0
6,1303744,Other
1,1303813,0.0
1,1303813,0.0
1,1303813,0.0
1,1303850,0.0
1,1303850,0.0
1,1303883,0.0
1,1303883,0.0
1,1304051,0.0
1,1304051,0.0
1,1304051,0.0
1,1304051,0.0
1,1304051,0.0
1,1304051,0.0
1,1304051,0.0
1,1304051,0.0
1,1304051,0.0
1,1304051,0.0
6,1304165,0.0
3,1304182,0.0
3,1304182,0.0
3,1304182,0.0
1,1304315,0.0
1,1304315,0.0
1,1304315,0.0
1,1304350,0.0
1,1304350,0.0
1,1304350,0.0
1,1304402,0.0
1,1304402,0.0
1,1304440,0.0
1,1304440,0.0
1,1304440,0.0
1,1304440,0.0
1,1304440,Other
6,1304449,0.0
3,1304458,0.0
3,1304458,0.0
3,1304458,0.0
1,1304536,0.0
1,1304536,0.0
1,1304536,0.0
1,1304536,0.0
1,1304536,0.0
3,1304538,0.0
3,1304538,0.0
3,1304538,Other
Other,1304544,0.0
3,1304551,0.0
3,1304551,0.0
1,1304634,0.0
1,1304634,0.0
6,1304685,0.0
3,1304689,0.0
3,1304689,0.0
3,1304689,0.0
3,1304689,0.0
3,1304689,0.0
3,1304689,0.0
3,1304689,0.0
6,1304697,Other
6,1304724,0.0
1,1304765,0.0
1,1304765,0.0
1,1304765,0.0
1,1304765,0.0
1,1304765,0.0
1,1304765,0.0
Other,1304847,0.0
Other,1304847,0.0
Other,1304847,Other
1,1304944,0.0
1,1304944,0.0
1,1305143,0.0
1,1305143,0.0
1,1305243,0.0
1,1305243,0.0
1,1305243,0.0
1,1305243,0.0
1,1305243,0.0
1,1305284,0.0
1,1305284,0.0
1,1305284,0.0
1,1305284,0.0
1,1305294,0.0
1,1305294,0.0
1,1305294,0.0
6,1305400,0.0
Other,1305550,0.0
Other,1305600,0.0
1,1305655,0.0
1,1305655,0.0
1,1305690,0.0
1,1305690,0.0
1,1305729,0.0
1,1305729,0.0
1,1305729,0.0
6,1305748,0.0
1,1305815,0.0
1,1305815,0.0
1,1305875,0.0
1,1305875,0.0
1,1305875,0.0
1,1305875,0.0
3,1305876,Other
3,1305876,Other
3,1305889,0.0
3,1305889,0.0
1,1305947,0.0
1,1305947,0.0
1,1305947,0.0
3,1306075,Other
3,1306075,0.0
3,1306075,0.0
3,1306075,0.0
3,1306075,0.0
3,1306075,0.0
3,1306075,0.0
3,1306075,0.0
1,1306115,0.0
1,1306115,0.0
3,1306257,0.0
3,1306257,0.0
3,1306257,0.0
2,1306449,0.0
2,1306449,0.0
Other,1306455,0.0
3,1306470,0.0
3,1306470,Other
3,1306470,0.0
1,1306529,0.0
1,1306529,0.0
1,1306529,0.0
1,1306555,0.0
1,1306555,0.0
1,1306555,0.0
1,1306555,0.0
1,1306555,0.0
1,1306729,0.0
1,1306729,0.0
2,1306829,0.0
2,1306829,0.0
3,1306848,0.0
3,1306848,0.0
Other,1306882,0.0
3,1306888,0.0
3,1306888,0.0
1,1307076,0.0
1,1307076,0.0
1,1307076,0.0
1,1307076,0.0
1,1307122,0.0
1,1307122,0.0
1,1307122,0.0
1,1307122,0.0
1,1307122,0.0
1,1307168,0.0
1,1307168,0.0
1,1307168,0.0
1,1307168,0.0
3,1307178,0.0
3,1307178,0.0
Other,1307180,0.0
1,1307339,0.0
1,1307339,0.0
1,1307339,0.0
3,1307364,Other
3,1307364,0.0
3,1307364,Other
6,1307379,0.0
Other,1307388,0.0
6,1307590,0.0
1,1307673,0.0
1,1307673,0.0
1,1307673,0.0
1,1307673,0.0
1,1307816,0.0
1,1307816,0.0
1,1307816,0.0
1,1307816,0.0
Other,1307865,0.0
Other,1307865,0.0
1,1307882,0.0
1,1307882,0.0
1,1307882,0.0
1,1307882,0.0
1,1307882,0.0
1,1307882,0.0
1,1307910,0.0
1,1307910,0.0
1,1307910,0.0
1,1307910,0.0
1,1307910,0.0
1,1307910,0.0
3,1307962,0.0
3,1307962,0.0
1,1308027,Other
1,1308027,0.0
1,1308027,0.0
1,1308044,Other
1,1308044,0.0
1,1308051,0.0
1,1308051,0.0
1,1308162,Other
1,1308162,0.0
1,1308162,0.0
1,1308162,0.0
1,1308162,0.0
1,1308193,0.0
1,1308193,0.0
2,1308318,0.0
2,1308318,0.0
1,1308339,0.0
1,1308339,0.0
1,1308339,0.0
1,1308339,0.0
1,1308447,0.0
1,1308447,0.0
1,1308447,0.0
1,1308447,0.0
6,1308466,0.0
Other,1308479,0.0
1,1308482,0.0
1,1308482,0.0
6,1308497,0.0
Other,1308553,0.0
Other,1308553,0.0
3,1308592,0.0
3,1308592,0.0
3,1308758,0.0
3,1308758,0.0
1,1308899,0.0
1,1308899,0.0
1,1308899,0.0
1,1308899,0.0
1,1308899,0.0
3,1309096,0.0
3,1309096,0.0
1,1309209,0.0
1,1309209,0.0
6,1309234,Other
1,1309280,Other
1,1309280,0.0
1,1309280,0.0
1,1309280,0.0
1,1309280,0.0
3,1309298,0.0
3,1309298,0.0
3,1309298,0.0
3,1309298,0.0
3,1309298,0.0
6,1309302,0.0
1,1309439,0.0
1,1309439,0.0
1,1309439,0.0
Other,1309470,0.0
Other,1309470,0.0
Other,1309470,0.0
Other,1309560,Other
1,1309568,0.0
1,1309568,Other
1,1309568,0.0
Other,1309601,Other
1,1309742,0.0
1,1309742,0.0
1,1309742,0.0
1,1309767,0.0
1,1309767,0.0
1,1309767,0.0
1,1309767,0.0
1,1309767,0.0
1,1309767,0.0
1,1309767,0.0
1,1309767,0.0
1,1309767,0.0
1,1309767,0.0
Other,1309773,0.0
1,1309893,0.0
1,1309893,0.0
1,1309902,0.0
1,1309902,0.0
1,1309902,0.0
1,1309902,0.0
1,1309902,0.0
3,1309934,0.0
3,1309934,0.0
3,1309977,0.0
3,1309977,0.0
3,1309977,0.0
3,1309977,0.0
1,1309985,0.0
1,1309985,0.0
1,1309985,0.0
1,1309985,0.0
1,1309985,0.0
1,1310027,0.0
1,1310027,0.0
Other,1310075,0.0
Other,1310075,0.0
1,1310096,0.0
1,1310096,0.0
3,1310122,0.0
3,1310122,0.0
2,1310134,0.0
2,1310134,0.0
2,1310134,0.0
1,1310145,Other
1,1310145,0.0
1,1310145,0.0
1,1310145,0.0
1,1310172,0.0
1,1310172,0.0
1,1310172,0.0
6,1310206,0.0
6,1310220,Other
Other,1310228,0.0
Other,1310228,0.0
1,1310275,0.0
1,1310275,0.0
1,1310275,0.0
3,1310322,0.0
3,1310322,0.0
1,1310397,0.0
1,1310397,0.0
1,1310397,0.0
1,1310397,0.0
6,1310453,0.0
1,1310479,0.0
1,1310479,0.0
1,1310479,0.0
1,1310479,0.0
3,1310608,0.0
3,1310608,0.0
3,1310608,0.0
1,1310638,Other
1,1310638,0.0
Other,1310640,0.0
Other,1310640,0.0
6,1310644,0.0
6,1310740,0.0
Other,1310771,0.0
3,1310941,0.0
3,1310941,0.0
3,1310941,0.0
3,1310941,0.0
Other,1311035,Other
6,1311082,0.0
2,1311084,0.0
2,1311084,0.0
1,1311147,0.0
1,1311147,0.0
1,1311147,0.0
1,1311196,0.0
1,1311196,0.0
1,1311196,0.0
1,1311196,0.0
6,1311220,0.0
1,1311228,0.0
1,1311228,Other
1,1311228,0.0
1,1311228,0.0
Other,1311378,Other
Other,1311378,0.0
3,1311430,0.0
3,1311430,0.0
3,1311430,0.0
3,1311430,0.0
3,1311430,0.0
3,1311430,0.0
3,1311594,0.0
3,1311594,0.0
3,1311594,0.0
1,1311724,0.0
1,1311724,0.0
1,1311724,0.0
6,1311761,0.0
Other,1311823,0.0
Other,1311823,0.0
Other,1311856,0.0
Other,1311856,0.0
6,1311860,0.0
3,1311875,0.0
3,1311875,0.0
1,1311889,Other
1,1311889,Other
1,1311889,Other
1,1312154,0.0
1,1312154,0.0
1,1312154,0.0
1,1312154,0.0
Other,1312159,0.0
Other,1312159,0.0
2,1312287,0.0
2,1312287,0.0
3,1312351,0.0
3,1312351,0.0
Other,1312602,0.0
1,1312713,0.0
1,1312713,0.0
1,1312766,0.0
1,1312766,0.0
1,1312766,0.0
1,1312825,Other
1,1312825,Other
Other,1312860,0.0
3,1312911,0.0
3,1312911,0.0
3,1312911,0.0
3,1312958,0.0
3,1312958,0.0
3,1312958,0.0
3,1312958,0.0
3,1312958,0.0
Other,1312965,0.0
3,1312987,0.0
3,1312987,0.0
3,1312987,0.0
1,1313006,Other
1,1313006,Other
1,1313006,0.0
1,1313006,0.0
1,1313006,0.0
6,1313016,0.0
6,1313038,0.0
6,1313068,0.0
6,1313189,Other
3,1313191,0.0
3,1313191,0.0
1,1313348,Other
1,1313348,Other
Other,1313358,0.0
Other,1313358,0.0
3,1313386,0.0
3,1313386,0.0
3,1313386,0.0
6,1313476,0.0
1,1313530,0.0
1,1313530,Other
1,1313530,0.0
1,1313594,Other
1,1313594,Other
Other,1313646,0.0
Other,1313847,Other
Other,1313847,0.0
Other,1313847,0.0
Other,1313848,0.0
Other,1313848,0.0
1,1313956,0.0
1,1313956,0.0
1,1313956,0.0
1,1313956,0.0
Other,1313978,Other
Other,1313978,0.0
Other,1313978,0.0
Other,1313978,0.0
1,1314107,0.0
1,1314107,0.0
1,1314272,Other
1,1314272,Other
1,1314272,0.0
1,1314272,0.0
2,1314349,0.0
2,1314349,0.0
2,1314349,0.0
2,1314349,0.0
6,1314446,0.0
3,1314458,0.0
3,1314458,0.0
3,1314458,0.0
3,1314458,0.0
3,1314458,0.0
1,1314488,Other
1,1314488,Other
2,1394689,0.0
1,1314488,0.0
Other,1314524,Other
1,1314603,0.0
1,1314603,0.0
1,1314648,Other
1,1314648,Other
1,1314656,0.0
1,1314656,0.0
1,1314656,0.0
Other,1314682,0.0
Other,1314682,0.0
1,1314707,Other
1,1314707,0.0
1,1314707,0.0
1,1314707,0.0
1,1314707,0.0
1,1314707,0.0
1,1314707,0.0
1,1314707,0.0
2,1314709,0.0
2,1314709,0.0
1,1314711,Other
1,1314711,0.0
Other,1314776,0.0
Other,1314776,0.0
1,1314782,Other
1,1314782,0.0
Other,1314872,0.0
Other,1314872,0.0
Other,1314872,0.0
1,1314899,0.0
1,1314899,0.0
1,1314899,0.0
1,1314942,0.0
1,1314942,0.0
1,1314942,0.0
1,1314942,0.0
1,1314942,0.0
1,1315038,0.0
1,1315038,0.0
1,1315038,0.0
2,1315119,0.0
2,1315119,0.0
2,1315119,0.0
Other,1315203,0.0
1,1315246,0.0
1,1315246,0.0
1,1315246,0.0
1,1315327,0.0
1,1315327,0.0
1,1315327,0.0
1,1315339,Other
1,1315339,Other
3,1315366,0.0
3,1315366,0.0
3,1315366,0.0
3,1315416,0.0
3,1315416,0.0
3,1315416,0.0
1,1315569,0.0
1,1315569,0.0
1,1315569,0.0
3,1315621,0.0
3,1315621,0.0
3,1315621,0.0
3,1315623,0.0
3,1315623,0.0
6,1315636,0.0
1,1315691,Other
1,1315691,Other
1,1315796,0.0
1,1315796,0.0
1,1315796,0.0
1,1315851,0.0
1,1315851,0.0
1,1315851,Other
1,1315851,0.0
6,1315867,0.0
3,1316003,0.0
3,1316003,0.0
3,1316003,0.0
1,1316043,0.0
1,1316043,0.0
1,1316043,0.0
1,1316043,0.0
1,1316043,0.0
1,1316043,0.0
1,1316197,Other
1,1316197,0.0
1,1316197,0.0
1,1316197,0.0
1,1316197,0.0
6,1316215,0.0
3,1316245,0.0
3,1316245,0.0
3,1316245,0.0
Other,1316250,Other
6,1316325,0.0
Other,1316468,0.0
Other,1316468,0.0
3,1316627,0.0
3,1316627,0.0
6,1316686,0.0
1,1316712,0.0
1,1316712,0.0
6,1316773,Other
3,1316850,Other
3,1316850,0.0
1,1316855,0.0
1,1316855,0.0
1,1316855,0.0
Other,1316998,0.0
Other,1316998,0.0
1,1317033,0.0
1,1317033,0.0
1,1317033,0.0
1,1317033,0.0
1,1317043,0.0
1,1317043,0.0
1,1317076,0.0
1,1317076,0.0
1,1317076,0.0
1,1317076,0.0
1,1317076,0.0
1,1317076,0.0
Other,1317093,0.0
Other,1317093,0.0
1,1317115,0.0
1,1317115,0.0
1,1317115,0.0
1,1317115,0.0
1,1317151,Other
1,1317151,0.0
1,1317151,0.0
1,1317151,0.0
1,1317199,0.0
1,1317199,0.0
1,1317199,0.0
1,1317199,0.0
1,1317199,0.0
1,1317199,0.0
1,1317199,0.0
1,1317199,0.0
1,1317199,0.0
1,1317199,0.0
3,1317265,0.0
3,1317265,0.0
3,1317289,Other
3,1317289,0.0
Other,1317290,0.0
Other,1317290,0.0
Other,1317314,0.0
1,1317338,0.0
1,1317338,0.0
1,1317338,0.0
6,1317364,0.0
Other,1317445,0.0
Other,1317498,Other
Other,1317517,Other
1,1317581,0.0
1,1317581,0.0
1,1317581,0.0
1,1317581,0.0
1,1317585,0.0
1,1317585,0.0
1,1317585,0.0
1,1317752,0.0
1,1317752,0.0
2,1317827,Other
2,1317827,0.0
2,1317827,0.0
3,1317846,0.0
3,1317846,0.0
3,1317846,0.0
1,1317990,0.0
1,1317990,0.0
6,1317999,0.0
1,1318015,0.0
1,1318015,Other
1,1318015,0.0
1,1318030,Other
1,1318030,0.0
1,1318096,0.0
1,1318096,0.0
3,1318117,0.0
3,1318117,0.0
3,1318117,0.0
1,1318206,0.0
1,1318206,0.0
2,1318220,0.0
2,1318220,0.0
2,1318220,0.0
2,1318220,0.0
2,1318220,0.0
Other,1318222,0.0
Other,1318222,0.0
6,1318302,Other
Other,1318328,0.0
1,1318479,0.0
1,1318479,0.0
1,1318479,0.0
1,1318479,0.0
Other,1318589,0.0
6,1318674,0.0
1,1318699,0.0
1,1318699,0.0
1,1318699,0.0
2,1318752,Other
2,1318752,0.0
2,1318752,0.0
2,1318752,0.0
2,1318752,0.0
2,1318752,0.0
2,1318752,0.0
2,1318752,0.0
2,1318752,0.0
2,1318752,0.0
2,1318752,0.0
1,1318832,0.0
1,1318832,0.0
3,1318897,0.0
3,1318897,0.0
3,1318897,0.0
3,1318897,0.0
3,1318897,0.0
3,1318897,0.0
6,1319034,0.0
1,1319071,0.0
1,1319071,0.0
6,1319086,0.0
3,1319247,0.0
3,1319247,0.0
3,1319247,0.0
1,1319287,0.0
1,1319287,0.0
1,1319290,0.0
1,1319290,0.0
1,1319373,Other
1,1319373,0.0
1,1319373,0.0
Other,1319547,0.0
Other,1319547,0.0
Other,1319547,0.0
Other,1319547,0.0
1,1319570,Other
1,1319570,0.0
1,1319570,0.0
1,1319570,0.0
1,1319574,0.0
1,1319574,0.0
1,1319574,0.0
6,1319578,Other
Other,1319591,0.0
Other,1319591,0.0
Other,1319824,0.0
1,1319910,0.0
1,1319910,0.0
1,1319910,0.0
1,1319924,0.0
1,1319924,0.0
1,1319924,0.0
1,1319924,0.0
1,1319924,0.0
1,1319924,0.0
1,1319924,0.0
6,1319930,0.0
1,1319941,0.0
1,1319941,0.0
1,1320013,0.0
1,1320013,0.0
1,1320116,0.0
1,1320116,0.0
1,1320116,0.0
1,1320116,0.0
1,1320116,0.0
1,1320116,0.0
1,1320116,0.0
1,1320116,0.0
1,1320116,0.0
1,1320175,0.0
1,1320175,0.0
1,1320175,0.0
6,1320388,0.0
2,1320477,0.0
2,1320477,0.0
Other,1320484,0.0
1,1320510,Other
1,1320510,Other
1,1320510,0.0
Other,1320516,Other
1,1320604,0.0
1,1320604,0.0
1,1320604,0.0
Other,1320616,0.0
6,1320633,0.0
6,1320680,0.0
Other,1320682,0.0
1,1320683,0.0
1,1320683,0.0
1,1320703,0.0
1,1320703,0.0
1,1320703,0.0
1,1320704,Other
1,1320704,0.0
1,1320704,0.0
1,1320710,0.0
1,1320710,0.0
1,1320710,0.0
1,1320710,Other
1,1320826,0.0
1,1320826,0.0
3,1320884,0.0
3,1320884,0.0
3,1320884,0.0
3,1320938,0.0
3,1320938,0.0
6,1321051,0.0
Other,1321127,0.0
1,1321138,0.0
1,1321138,0.0
1,1321167,0.0
1,1321167,0.0
1,1321167,0.0
6,1321185,0.0
3,1321206,0.0
3,1321206,0.0
1,1321224,Other
1,1321224,Other
1,1321224,0.0
1,1321224,0.0
1,1321250,0.0
1,1321250,0.0
Other,1321378,0.0
1,1321485,0.0
1,1321485,0.0
1,1321485,0.0
1,1321485,0.0
3,1321523,0.0
3,1321523,0.0
6,1321610,0.0
Other,1321619,0.0
Other,1321619,0.0
1,1321768,0.0
1,1321768,0.0
1,1321768,0.0
1,1321768,0.0
1,1321768,0.0
3,1321914,0.0
3,1321914,0.0
Other,1321959,0.0
Other,1321960,0.0
Other,1321963,0.0
6,1321976,0.0
1,1322034,0.0
1,1322034,0.0
Other,1322069,0.0
1,1322102,0.0
1,1322102,0.0
1,1322102,0.0
1,1322102,0.0
2,1322126,Other
2,1322126,0.0
2,1322126,0.0
2,1322126,0.0
2,1322126,0.0
2,1322126,0.0
1,1322169,Other
1,1322169,0.0
1,1322169,0.0
1,1322169,0.0
1,1322169,0.0
2,1322193,0.0
2,1322193,0.0
2,1322193,0.0
2,1322272,0.0
2,1322272,0.0
2,1322272,0.0
2,1322272,0.0
2,1322272,0.0
2,1322272,0.0
2,1322272,0.0
6,1322323,0.0
1,1322404,0.0
1,1322404,0.0
1,1322404,0.0
1,1322404,0.0
1,1322404,0.0
1,1322404,0.0
1,1322404,0.0
3,1322442,0.0
3,1322442,0.0
3,1322442,0.0
3,1322442,0.0
3,1322442,0.0
Other,1322444,0.0
Other,1322444,Other
1,1322454,0.0
1,1322454,0.0
1,1322454,0.0
Other,1322468,0.0
Other,1322589,0.0
3,1322604,0.0
3,1322604,0.0
3,1322604,0.0
2,1322702,0.0
2,1322702,0.0
1,1322715,0.0
1,1322715,0.0
1,1322715,0.0
1,1322715,0.0
6,1322721,0.0
3,1322732,0.0
3,1322732,0.0
3,1322732,0.0
3,1322732,0.0
3,1322732,0.0
3,1322791,0.0
3,1322791,0.0
1,1322804,0.0
1,1322804,0.0
1,1322804,0.0
1,1322837,Other
1,1322837,0.0
1,1322837,Other
1,1322837,Other
1,1322870,0.0
1,1322870,0.0
1,1322899,0.0
1,1322899,0.0
6,1322900,0.0
3,1322929,0.0
3,1322929,0.0
3,1322929,0.0
3,1322929,0.0
3,1322929,0.0
3,1322929,0.0
3,1322943,0.0
3,1322943,0.0
3,1322943,0.0
1,1322966,Other
1,1322966,0.0
1,1322966,0.0
1,1322966,0.0
1,1322966,0.0
1,1322966,0.0
6,1323124,0.0
1,1323259,Other
1,1323259,0.0
1,1323259,0.0
3,1323370,0.0
3,1323370,0.0
1,1323447,Other
1,1323447,0.0
1,1323571,0.0
1,1323571,0.0
1,1323571,0.0
Other,1323608,0.0
1,1323798,0.0
1,1323798,0.0
Other,1323900,0.0
6,1323937,0.0
3,1323962,0.0
3,1323962,0.0
3,1323962,0.0
1,1323997,0.0
1,1323997,0.0
1,1324000,Other
1,1324000,0.0
1,1324000,0.0
1,1324000,0.0
3,1324053,0.0
3,1324053,0.0
3,1324053,0.0
1,1324150,0.0
1,1324150,0.0
1,1324150,0.0
1,1324150,0.0
1,1324150,0.0
1,1324150,0.0
2,1324417,0.0
2,1324417,0.0
2,1324417,0.0
2,1324417,0.0
2,1324417,0.0
1,1324465,0.0
1,1324465,0.0
1,1324465,0.0
1,1324465,0.0
1,1324465,0.0
Other,1324485,0.0
Other,1324485,Other
Other,1324485,Other
Other,1324511,0.0
Other,1324511,0.0
Other,1324567,0.0
Other,1324627,0.0
6,1324725,0.0
3,1324739,Other
3,1324739,0.0
3,1324739,0.0
Other,1324910,0.0
1,1324929,Other
1,1324929,0.0
1,1325060,0.0
1,1325060,0.0
1,1325060,0.0
1,1325060,0.0
Other,1325091,0.0
Other,1325132,0.0
1,1325153,0.0
1,1325153,0.0
1,1325153,0.0
1,1325153,0.0
1,1325167,0.0
1,1325167,0.0
1,1325167,0.0
1,1325167,0.0
1,1325298,Other
1,1325298,0.0
1,1325322,0.0
1,1325322,0.0
1,1325322,0.0
1,1325322,0.0
1,1325322,0.0
1,1325322,0.0
Other,1325335,0.0
3,1325385,0.0
3,1325385,0.0
Other,1325406,0.0
Other,1325406,0.0
Other,1325406,0.0
Other,1325414,0.0
6,1325445,0.0
1,1325526,0.0
1,1325526,0.0
6,1325540,0.0
Other,1325549,0.0
1,1325554,0.0
1,1325554,0.0
1,1325554,0.0
1,1325554,0.0
1,1325554,0.0
1,1325588,0.0
1,1325588,0.0
1,1325588,0.0
1,1325588,0.0
1,1325588,0.0
1,1325588,0.0
1,1325588,0.0
1,1325600,0.0
1,1325600,0.0
1,1325600,0.0
1,1325811,Other
1,1325811,0.0
1,1325811,0.0
2,1325976,0.0
2,1325976,0.0
2,1325976,0.0
Other,1326040,0.0
6,1326068,0.0
Other,1326086,0.0
Other,1326086,0.0
Other,1326086,0.0
Other,1326086,0.0
Other,1326086,0.0
1,1326209,0.0
1,1326209,0.0
1,1326209,0.0
1,1326209,0.0
1,1326308,0.0
1,1326308,0.0
Other,1326317,Other
Other,1326365,0.0
1,1326408,0.0
1,1326408,0.0
6,1326434,0.0
1,1326488,0.0
1,1326488,0.0
3,1326489,0.0
3,1326489,0.0
3,1326522,0.0
3,1326522,0.0
2,1326668,0.0
2,1326668,0.0
2,1326668,0.0
1,1326673,0.0
1,1326673,0.0
1,1326673,0.0
1,1326673,0.0
Other,1326690,0.0
Other,1326690,0.0
3,1326833,0.0
3,1326833,0.0
3,1326833,0.0
1,1326855,0.0
1,1326855,0.0
1,1326855,0.0
1,1326855,0.0
3,1326922,0.0
3,1326922,0.0
3,1326922,0.0
3,1326922,0.0
1,1326933,0.0
1,1326933,0.0
1,1326933,0.0
1,1326933,0.0
3,1327179,0.0
3,1327179,0.0
3,1327179,0.0
3,1327179,0.0
Other,1327242,0.0
1,1327253,0.0
1,1327253,0.0
1,1327296,0.0
1,1327296,0.0
Other,1327367,0.0
1,1327383,0.0
1,1327383,0.0
1,1327383,0.0
6,1327403,0.0
1,1327416,Other
1,1327416,0.0
1,1327416,0.0
1,1327416,0.0
1,1327447,0.0
1,1327447,0.0
1,1327447,0.0
1,1327447,0.0
1,1327447,0.0
1,1327447,0.0
3,1327449,0.0
3,1327449,0.0
6,1327479,0.0
6,1327531,0.0
1,1327723,0.0
1,1327723,0.0
1,1327723,0.0
1,1327723,0.0
Other,1327742,Other
Other,1327835,0.0
6,1328024,Other
Other,1328034,0.0
Other,1328034,Other
6,1328116,0.0
1,1328379,0.0
1,1328379,0.0
1,1328379,0.0
1,1328379,0.0
1,1328379,0.0
1,1328379,0.0
1,1328379,0.0
1,1328379,0.0
1,1328379,0.0
1,1328497,0.0
1,1328497,0.0
3,1328526,0.0
3,1328526,0.0
1,1328554,Other
1,1328554,0.0
1,1328554,0.0
1,1328559,0.0
1,1328559,0.0
1,1328559,0.0
1,1328559,0.0
3,1328577,0.0
3,1328577,0.0
Other,1328615,0.0
1,1328654,Other
1,1328654,Other
3,1328672,0.0
3,1328672,0.0
3,1328672,0.0
1,1328689,0.0
1,1328689,0.0
1,1328689,0.0
Other,1328797,0.0
3,1328980,0.0
3,1328980,0.0
3,1328980,0.0
Other,1329012,0.0
1,1329020,0.0
1,1329020,0.0
1,1329020,0.0
1,1329020,0.0
1,1329020,0.0
1,1329088,Other
1,1329088,0.0
Other,1329156,Other
6,1329157,0.0
6,1329226,0.0
1,1329327,0.0
1,1329327,0.0
1,1329327,0.0
1,1329327,0.0
6,1329337,0.0
1,1329362,Other
1,1329362,Other
1,1329397,Other
1,1329397,0.0
1,1329397,0.0
1,1329419,0.0
1,1329419,0.0
1,1329419,0.0
1,1329436,Other
1,1329436,Other
1,1329452,0.0
1,1329452,0.0
1,1329452,0.0
1,1329452,0.0
1,1329452,0.0
1,1329452,0.0
Other,1329479,0.0
Other,1329642,0.0
1,1329685,Other
1,1329685,Other
1,1329685,0.0
1,1329685,0.0
1,1329685,0.0
3,1329715,Other
3,1329715,0.0
6,1329852,0.0
1,1330015,0.0
1,1330015,0.0
1,1330171,0.0
1,1330171,0.0
1,1330171,0.0
1,1330171,0.0
6,1330248,0.0
1,1330317,Other
1,1330317,0.0
1,1330380,Other
1,1330380,0.0
1,1330380,0.0
3,1330400,0.0
3,1330400,0.0
3,1330400,0.0
3,1330400,0.0
1,1330412,0.0
1,1330412,0.0
Other,1330427,Other
Other,1330427,Other
Other,1330427,0.0
Other,1330427,0.0
6,1330432,0.0
1,1330460,0.0
1,1330460,0.0
Other,1330468,Other
Other,1330468,0.0
3,1330488,0.0
3,1330488,0.0
3,1330488,0.0
3,1330488,0.0
3,1330488,0.0
Other,1330533,0.0
3,1330586,0.0
3,1330586,0.0
3,1330586,0.0
6,1330590,0.0
1,1330594,0.0
1,1330594,0.0
1,1330601,0.0
1,1330601,0.0
1,1330601,0.0
1,1330601,0.0
1,1330662,0.0
1,1330662,0.0
1,1330662,0.0
2,1330712,0.0
2,1330712,0.0
2,1330712,0.0
1,1330747,0.0
1,1330747,0.0
1,1330747,0.0
1,1330747,0.0
1,1330747,0.0
Other,1330756,0.0
Other,1330756,0.0
1,1330762,0.0
1,1330762,0.0
1,1330762,0.0
1,1330762,0.0
Other,1330764,0.0
1,1330860,0.0
1,1330860,0.0
1,1330860,0.0
1,1330860,0.0
1,1330860,0.0
1,1330860,0.0
1,1330860,0.0
1,1330860,0.0
1,1330910,Other
1,1330910,0.0
1,1330910,0.0
1,1330910,0.0
1,1330910,0.0
3,1331001,0.0
3,1331001,0.0
3,1331053,0.0
3,1331053,0.0
3,1331053,0.0
Other,1331060,Other
1,1331086,0.0
1,1331086,0.0
1,1331086,0.0
1,1331248,0.0
1,1331248,0.0
1,1331248,0.0
1,1331248,0.0
3,1331289,0.0
3,1331289,0.0
1,1331394,0.0
1,1331394,0.0
1,1331394,0.0
1,1331418,0.0
1,1331418,0.0
1,1331418,0.0
1,1331418,0.0
1,1331418,0.0
1,1331463,0.0
1,1331463,0.0
1,1331479,Other
1,1331479,0.0
1,1331479,0.0
1,1331479,0.0
3,1331661,0.0
3,1331661,0.0
3,1331661,0.0
3,1331661,0.0
2,1331709,0.0
2,1331709,0.0
2,1331709,0.0
2,1331709,0.0
2,1331709,0.0
2,1331709,0.0
1,1331739,0.0
1,1331739,0.0
1,1331799,0.0
1,1331799,0.0
Other,1331818,Other
Other,1331838,0.0
Other,1331860,0.0
Other,1331877,Other
Other,1331935,0.0
Other,1331935,0.0
Other,1331935,0.0
3,1331956,0.0
3,1331956,0.0
3,1331956,0.0
3,1331956,0.0
3,1331956,0.0
3,1331956,0.0
Other,1331970,0.0
Other,1331970,0.0
Other,1331970,Other
Other,1332012,0.0
Other,1332012,Other
Other,1332062,0.0
Other,1332062,0.0
Other,1332062,0.0
1,1332069,0.0
1,1332069,0.0
1,1332069,0.0
1,1332069,0.0
6,1332200,0.0
3,1332215,0.0
3,1332215,0.0
3,1332215,0.0
3,1332215,0.0
1,1332246,0.0
1,1332246,0.0
1,1332246,0.0
Other,1332257,0.0
Other,1332257,0.0
1,1332260,0.0
1,1332260,0.0
1,1332260,0.0
1,1332260,0.0
3,1332305,0.0
3,1332305,0.0
3,1332305,0.0
3,1332305,0.0
3,1332305,0.0
6,1332580,0.0
2,1332687,0.0
2,1332687,0.0
1,1332717,0.0
1,1332717,0.0
Other,1332730,Other
1,1332846,0.0
1,1332846,0.0
1,1332846,0.0
1,1332846,0.0
1,1332846,0.0
Other,1332897,0.0
1,1332980,0.0
1,1332980,0.0
1,1332980,0.0
1,1333009,0.0
1,1333009,0.0
Other,1333044,Other
6,1333062,0.0
1,1333116,0.0
1,1333116,0.0
1,1333116,0.0
1,1333116,0.0
1,1333116,0.0
1,1333116,0.0
2,1333254,0.0
2,1333254,0.0
2,1333254,0.0
2,1333254,0.0
2,1333312,0.0
2,1333312,0.0
2,1333312,0.0
2,1333312,0.0
1,1333326,0.0
1,1333326,0.0
1,1333326,0.0
1,1333348,0.0
1,1333348,0.0
1,1333348,0.0
2,1333355,0.0
2,1333355,0.0
2,1333355,0.0
2,1333355,0.0
1,1333409,0.0
1,1333409,0.0
1,1333409,0.0
1,1333409,0.0
1,1333422,Other
1,1333422,0.0
Other,1333447,Other
Other,1333447,0.0
Other,1333447,0.0
Other,1333447,0.0
Other,1333447,0.0
6,1333529,0.0
1,1333536,0.0
1,1333536,0.0
1,1333536,0.0
1,1333536,0.0
1,1333612,0.0
1,1333612,0.0
1,1333612,0.0
1,1333612,0.0
Other,1333625,0.0
Other,1333625,0.0
3,1333626,0.0
3,1333626,0.0
Other,1333636,0.0
Other,1333636,0.0
Other,1333651,0.0
1,1333765,0.0
1,1333765,0.0
1,1333765,0.0
1,1333765,0.0
1,1333765,0.0
3,1333798,0.0
3,1333798,0.0
1,1333854,0.0
1,1333854,0.0
1,1333854,0.0
1,1333930,0.0
1,1333930,0.0
1,1333930,0.0
1,1333930,0.0
1,1333930,0.0
1,1333964,0.0
1,1333964,0.0
1,1333964,0.0
1,1333964,0.0
1,1333964,0.0
1,1333979,0.0
1,1333979,0.0
Other,1334025,0.0
Other,1334025,0.0
1,1334027,Other
1,1334027,0.0
1,1334027,0.0
1,1334027,0.0
1,1334027,0.0
1,1334027,Other
1,1334086,0.0
1,1334086,0.0
1,1334086,0.0
1,1334086,0.0
2,1334172,0.0
2,1334172,0.0
3,1334297,0.0
3,1334297,0.0
3,1334297,0.0
3,1334297,0.0
3,1334297,Other
3,1334297,0.0
1,1334407,0.0
1,1334407,0.0
1,1334407,0.0
1,1334407,0.0
1,1334407,0.0
Other,1334472,0.0
3,1334568,0.0
3,1334568,0.0
Other,1334598,0.0
Other,1334598,0.0
Other,1334617,0.0
1,1334682,0.0
1,1334682,0.0
1,1334682,0.0
1,1334682,0.0
3,1334688,0.0
3,1334688,0.0
3,1334688,0.0
3,1334688,0.0
3,1334688,0.0
1,1334711,0.0
1,1334711,0.0
1,1334711,0.0
1,1334711,0.0
Other,1334758,0.0
Other,1334758,0.0
Other,1334758,0.0
1,1334781,0.0
1,1334781,0.0
1,1334781,0.0
1,1334781,0.0
1,1334841,Other
1,1334841,Other
1,1334841,0.0
1,1334841,0.0
Other,1334862,0.0
Other,1334871,0.0
Other,1334871,0.0
Other,1334871,Other
Other,1334871,0.0
6,1335034,0.0
1,1335084,0.0
1,1335084,0.0
3,1335177,0.0
3,1335177,0.0
3,1335177,0.0
3,1335177,0.0
3,1335177,0.0
1,1335213,0.0
1,1335213,0.0
1,1335213,0.0
1,1335213,0.0
1,1335213,0.0
1,1335213,0.0
1,1335284,0.0
1,1335284,0.0
1,1335284,0.0
1,1335284,0.0
Other,1335291,0.0
Other,1335291,0.0
Other,1335291,0.0
Other,1335291,0.0
1,1335341,0.0
1,1335341,0.0
1,1335341,0.0
1,1335390,0.0
1,1335390,0.0
6,1335456,0.0
1,1335534,0.0
1,1335534,0.0
1,1335534,0.0
1,1335534,0.0
1,1335555,0.0
1,1335555,0.0
1,1335555,0.0
1,1335555,0.0
1,1335555,0.0
Other,1335589,0.0
Other,1335617,Other
Other,1335617,0.0
1,1335625,0.0
1,1335625,0.0
1,1335634,0.0
1,1335634,0.0
6,1335684,0.0
3,1335748,Other
3,1335748,0.0
6,1335755,Other
6,1335763,0.0
Other,1335846,0.0
Other,1335864,0.0
Other,1335864,0.0
1,1336005,0.0
1,1336005,0.0
3,1336051,0.0
3,1336051,0.0
3,1336051,0.0
3,1336051,0.0
3,1336101,0.0
3,1336101,0.0
1,1336151,0.0
1,1336151,0.0
1,1336156,0.0
1,1336156,Other
1,1336156,0.0
1,1336156,0.0
1,1336156,0.0
1,1336162,0.0
1,1336162,0.0
1,1336236,0.0
1,1336236,0.0
1,1336236,0.0
1,1336236,0.0
1,1336236,0.0
1,1336236,0.0
1,1336236,0.0
3,1336284,0.0
3,1336284,0.0
3,1336284,0.0
3,1336286,0.0
3,1336286,0.0
3,1336286,0.0
1,1336304,Other
1,1336304,Other
1,1336304,0.0
1,1336351,Other
1,1336351,Other
Other,1336480,Other
1,1336538,0.0
1,1336538,Other
3,1336667,0.0
3,1336667,0.0
3,1336667,0.0
Other,1336789,Other
Other,1336792,0.0
3,1336864,0.0
3,1336864,0.0
6,1336932,0.0
1,1336948,0.0
1,1336948,0.0
1,1336948,0.0
1,1336948,0.0
1,1336948,0.0
1,1336948,0.0
1,1336966,Other
1,1336966,0.0
1,1336966,0.0
1,1336966,0.0
1,1336966,0.0
6,1337001,Other
Other,1337084,0.0
6,1337473,0.0
Other,1337497,0.0
1,1337537,0.0
1,1337537,0.0
1,1337537,0.0
1,1337537,0.0
1,1337537,0.0
6,1337544,0.0
1,1337590,0.0
1,1337590,0.0
1,1337590,0.0
1,1337590,0.0
1,1337590,0.0
1,1337590,0.0
Other,1337618,Other
3,1337682,0.0
3,1337682,0.0
1,1337800,0.0
1,1337800,0.0
6,1337928,Other
1,1337958,0.0
1,1337958,0.0
1,1337958,0.0
1,1337958,0.0
1,1337958,0.0
Other,1338157,0.0
Other,1338244,0.0
Other,1338245,0.0
Other,1338245,0.0
2,1338319,Other
2,1338319,0.0
Other,1338338,0.0
1,1338403,0.0
1,1338403,0.0
1,1338444,0.0
1,1338444,Other
1,1338444,0.0
3,1338454,0.0
3,1338454,0.0
3,1338454,0.0
3,1338468,0.0
3,1338468,0.0
3,1338468,0.0
3,1338468,0.0
3,1338468,0.0
3,1338468,0.0
1,1338521,Other
1,1338521,0.0
1,1338523,0.0
1,1338523,0.0
1,1338523,0.0
1,1338523,0.0
1,1338534,Other
1,1338534,0.0
1,1338534,0.0
1,1338534,0.0
Other,1338568,0.0
Other,1338568,0.0
3,1338601,Other
3,1338601,0.0
2,1338609,0.0
2,1338609,0.0
Other,1338613,0.0
3,1338616,Other
3,1338616,0.0
3,1338616,0.0
3,1338616,0.0
1,1338650,Other
1,1338650,0.0
3,1338655,0.0
3,1338655,0.0
1,1338731,Other
1,1338731,Other
1,1338731,0.0
1,1338731,0.0
1,1338734,Other
1,1338734,0.0
2,1338749,0.0
2,1338749,0.0
2,1338749,0.0
3,1338756,0.0
3,1338756,0.0
3,1338756,0.0
3,1338817,0.0
3,1338817,0.0
3,1338817,0.0
6,1338841,0.0
6,1338859,Other
Other,1338863,0.0
3,1338938,0.0
3,1338938,0.0
1,1338989,0.0
1,1338989,0.0
1,1338989,0.0
1,1339044,0.0
1,1339044,0.0
1,1339068,0.0
1,1339068,0.0
6,1339087,0.0
Other,1339098,0.0
Other,1339254,0.0
1,1339267,0.0
1,1339267,0.0
1,1339267,0.0
1,1339267,0.0
1,1339267,0.0
6,1339279,0.0
1,1339357,0.0
1,1339357,0.0
1,1339357,0.0
Other,1339533,0.0
1,1339562,Other
1,1339562,0.0
1,1339562,0.0
6,1339738,0.0
3,1339920,0.0
3,1339920,0.0
1,1339927,0.0
1,1339927,0.0
1,1339927,0.0
1,1339927,0.0
1,1339927,0.0
1,1339927,0.0
1,1339927,0.0
1,1339927,0.0
1,1339927,0.0
Other,1339973,0.0
Other,1339973,0.0
Other,1339973,0.0
3,1339974,0.0
3,1339974,0.0
Other,1340072,0.0
1,1340105,0.0
1,1340105,0.0
1,1340105,0.0
1,1340105,0.0
1,1340105,0.0
2,1340136,0.0
2,1340136,0.0
2,1340136,0.0
2,1340136,0.0
3,1340141,0.0
3,1340141,0.0
3,1340141,0.0
3,1340141,0.0
Other,1340157,Other
Other,1340166,0.0
1,1340250,0.0
1,1340250,0.0
1,1340250,0.0
1,1340250,0.0
Other,1340341,0.0
Other,1340341,0.0
Other,1340341,0.0
3,1340427,0.0
3,1340427,0.0
3,1340427,0.0
3,1340427,0.0
1,1340465,0.0
1,1340465,0.0
6,1340467,0.0
1,1340498,0.0
1,1340498,0.0
3,1340506,0.0
3,1340506,0.0
3,1340506,0.0
3,1340506,0.0
3,1340506,0.0
3,1340506,0.0
6,1340553,0.0
1,1340567,0.0
1,1340567,0.0
1,1340567,0.0
1,1340567,0.0
1,1340567,0.0
1,1340567,0.0
1,1340609,0.0
1,1340609,0.0
6,1340710,0.0
6,1340792,0.0
1,1340828,0.0
1,1340828,0.0
1,1341007,0.0
1,1341007,0.0
Other,1341040,0.0
1,1341110,Other
1,1341110,0.0
6,1341125,0.0
Other,1341151,0.0
Other,1341185,0.0
1,1341389,0.0
1,1341389,0.0
1,1341390,0.0
1,1341390,0.0
1,1341390,0.0
1,1341390,0.0
1,1341412,Other
1,1341412,0.0
3,1341519,0.0
3,1341519,0.0
3,1341519,0.0
3,1341551,Other
3,1341551,0.0
3,1341551,0.0
3,1341551,0.0
1,1341591,0.0
1,1341591,0.0
1,1341591,0.0
6,1341592,0.0
Other,1341598,0.0
Other,1341598,Other
1,1341603,Other
1,1341603,0.0
1,1341603,0.0
3,1341660,0.0
3,1341660,0.0
3,1341660,0.0
1,1341667,0.0
1,1341667,0.0
1,1341667,0.0
1,1341667,0.0
1,1341667,0.0
1,1341667,0.0
Other,1341733,Other
3,1341765,0.0
3,1341765,0.0
6,1341769,0.0
3,1341831,0.0
3,1341831,0.0
6,1341861,Other
6,1341870,0.0
1,1341873,0.0
1,1341873,0.0
3,1341908,0.0
3,1341908,0.0
3,1341908,0.0
3,1341908,0.0
2,1341933,0.0
2,1341933,0.0
2,1341933,0.0
2,1341933,0.0
3,1342014,0.0
3,1342014,0.0
1,1342027,Other
1,1342027,0.0
Other,1342119,0.0
1,1342164,0.0
1,1342164,0.0
1,1342164,0.0
6,1342222,0.0
1,1342230,0.0
1,1342230,0.0
1,1342230,0.0
2,1342270,0.0
2,1342270,0.0
2,1342270,0.0
1,1342373,0.0
1,1342373,0.0
1,1342373,0.0
1,1342373,0.0
1,1342373,0.0
Other,1342391,0.0
Other,1342391,0.0
3,1342486,0.0
3,1342486,0.0
6,1342504,0.0
1,1342580,0.0
1,1342580,0.0
1,1342580,0.0
Other,1342617,0.0
Other,1342648,0.0
1,1342652,0.0
1,1342652,0.0
1,1342652,0.0
1,1342652,0.0
1,1342652,0.0
1,1342652,0.0
6,1342762,0.0
1,1342767,0.0
1,1342767,0.0
1,1342767,0.0
1,1342767,0.0
1,1342793,0.0
1,1342793,0.0
1,1342793,0.0
3,1342810,0.0
3,1342810,0.0
3,1342810,0.0
3,1342810,0.0
3,1342810,0.0
3,1342810,0.0
3,1342810,0.0
3,1342810,0.0
1,1343013,0.0
1,1343013,Other
1,1343013,0.0
3,1343035,0.0
3,1343035,0.0
1,1343110,Other
1,1343110,0.0
1,1343110,0.0
1,1343110,0.0
1,1343110,0.0
1,1343110,0.0
1,1343110,0.0
3,1343231,0.0
3,1343231,0.0
3,1343231,0.0
1,1343261,0.0
1,1343261,0.0
1,1343261,0.0
1,1343261,0.0
1,1343261,0.0
3,1343276,0.0
3,1343276,0.0
3,1343276,0.0
1,1343284,Other
1,1343284,0.0
1,1343284,0.0
1,1343284,0.0
6,1343307,Other
3,1343319,0.0
3,1343319,0.0
3,1343319,0.0
Other,1343349,0.0
Other,1343349,0.0
6,1343398,0.0
1,1343512,0.0
1,1343512,0.0
1,1343512,0.0
1,1343520,0.0
1,1343520,0.0
1,1343520,0.0
Other,1343630,0.0
Other,1343630,0.0
6,1343796,Other
1,1343805,0.0
1,1343805,0.0
3,1343931,0.0
3,1343931,0.0
3,1343931,0.0
3,1343931,0.0
3,1343931,0.0
3,1343931,0.0
6,1343956,0.0
1,1344028,0.0
1,1344028,0.0
Other,1344029,0.0
6,1344185,0.0
6,1344215,0.0
1,1344286,0.0
1,1344286,0.0
1,1344286,0.0
Other,1344305,0.0
Other,1344305,0.0
1,1344350,0.0
1,1344350,0.0
1,1344398,0.0
1,1344398,0.0
1,1344398,0.0
1,1344398,0.0
Other,1344410,0.0
3,1344471,0.0
3,1344471,0.0
6,1344494,0.0
3,1344511,0.0
3,1344511,0.0
6,1344568,0.0
1,1344624,0.0
1,1344624,0.0
1,1344624,0.0
1,1344624,0.0
1,1344624,0.0
1,1344676,0.0
1,1344676,0.0
1,1344680,0.0
1,1344680,0.0
1,1344680,0.0
1,1344786,0.0
1,1344786,0.0
1,1344786,0.0
1,1344786,0.0
1,1344864,0.0
1,1344864,0.0
1,1344864,0.0
1,1344887,0.0
1,1344887,0.0
1,1344887,0.0
1,1344887,0.0
6,1344904,0.0
1,1344915,0.0
1,1344915,0.0
Other,1344944,0.0
3,1344958,0.0
3,1344958,0.0
3,1344958,0.0
3,1344958,0.0
3,1344958,0.0
3,1344977,0.0
3,1344977,Other
3,1344977,Other
3,1344994,0.0
3,1344994,0.0
Other,1345009,0.0
1,1345038,0.0
1,1345038,0.0
Other,1345116,0.0
Other,1345116,0.0
Other,1345116,0.0
Other,1345116,0.0
6,1345134,0.0
1,1345137,0.0
1,1345137,0.0
1,1345137,0.0
1,1345137,0.0
1,1345137,0.0
1,1345137,0.0
1,1345137,0.0
1,1345137,0.0
1,1345137,0.0
1,1345137,0.0
1,1345137,0.0
Other,1345146,0.0
Other,1345146,0.0
Other,1345174,0.0
Other,1345174,0.0
1,1345184,0.0
1,1345184,Other
1,1345184,0.0
1,1345224,0.0
1,1345224,0.0
6,1345243,0.0
6,1345586,0.0
6,1345631,0.0
1,1345684,Other
1,1345684,0.0
3,1345711,0.0
3,1345711,0.0
Other,1345737,Other
6,1345905,0.0
1,1346073,0.0
1,1346073,0.0
1,1346073,0.0
1,1346073,0.0
1,1346073,0.0
1,1346073,0.0
1,1346073,0.0
3,1346076,0.0
3,1346076,0.0
3,1346076,0.0
6,1346149,0.0
1,1346199,0.0
1,1346199,0.0
1,1346199,0.0
Other,1346212,0.0
3,1346220,Other
3,1346220,0.0
6,1346261,Other
1,1346280,0.0
1,1346280,0.0
1,1346280,0.0
1,1346291,0.0
1,1346291,0.0
6,1346322,0.0
6,1346398,0.0
1,1346428,Other
1,1346428,0.0
1,1346428,0.0
1,1346428,0.0
1,1346428,0.0
1,1346428,0.0
Other,1346461,0.0
1,1346523,0.0
1,1346523,0.0
1,1346523,0.0
1,1346523,0.0
6,1346655,0.0
Other,1346662,0.0
1,1346671,0.0
1,1346671,0.0
Other,1346686,0.0
Other,1346686,0.0
1,1346690,0.0
1,1346690,0.0
1,1346690,0.0
1,1346690,0.0
1,1346703,0.0
1,1346703,0.0
1,1346703,0.0
1,1346703,0.0
1,1346703,0.0
6,1346764,0.0
1,1346901,0.0
1,1346901,0.0
1,1346918,0.0
1,1346918,0.0
1,1346918,0.0
1,1346918,0.0
1,1346918,0.0
6,1347030,0.0
3,1347031,0.0
3,1347031,0.0
3,1347031,0.0
3,1347031,0.0
3,1347031,0.0
3,1347031,0.0
3,1347031,0.0
Other,1347084,0.0
6,1347113,Other
3,1347218,0.0
3,1347218,0.0
3,1347218,0.0
3,1347218,0.0
1,1347266,Other
1,1347266,0.0
1,1347266,0.0
1,1347266,0.0
1,1347331,0.0
1,1347331,0.0
1,1347331,Other
3,1347394,0.0
3,1347394,0.0
3,1347394,0.0
2,1347412,0.0
2,1347412,0.0
2,1347412,0.0
1,1347422,0.0
1,1347422,0.0
6,1347426,0.0
1,1347532,0.0
1,1347532,0.0
1,1347532,0.0
1,1347595,Other
1,1347595,Other
1,1347595,0.0
1,1347595,0.0
1,1347606,0.0
1,1347606,0.0
1,1347606,0.0
1,1347650,0.0
1,1347650,0.0
6,1347662,Other
6,1347711,0.0
3,1347781,Other
3,1347781,0.0
Other,1347849,0.0
Other,1347849,0.0
3,1347908,0.0
3,1347908,0.0
1,1347985,0.0
1,1347985,0.0
1,1347985,0.0
1,1347985,0.0
1,1347985,0.0
1,1347985,0.0
1,1347985,0.0
1,1347985,0.0
1,1347985,0.0
1,1348058,Other
1,1348058,0.0
1,1348058,0.0
1,1348080,0.0
1,1348080,0.0
1,1348112,0.0
1,1348112,0.0
1,1348112,0.0
1,1348112,0.0
6,1348152,0.0
Other,1348166,0.0
1,1348558,0.0
1,1348558,0.0
1,1348558,0.0
1,1348558,0.0
6,1348660,0.0
6,1348669,0.0
3,1348677,Other
3,1348677,0.0
3,1348677,0.0
3,1348677,Other
Other,1348691,0.0
Other,1348741,Other
Other,1348741,Other
2,1348777,0.0
2,1348777,Other
2,1348777,0.0
2,1348777,0.0
6,1348890,0.0
Other,1348905,0.0
1,1349036,0.0
1,1349036,0.0
1,1349036,0.0
1,1349048,Other
1,1349048,0.0
1,1349090,0.0
1,1349090,0.0
1,1349090,0.0
3,1349153,0.0
3,1349153,0.0
1,1349234,0.0
1,1349234,0.0
1,1349234,0.0
6,1349255,0.0
Other,1349490,0.0
1,1349538,Other
1,1349538,Other
1,1349601,0.0
1,1349601,0.0
1,1349601,0.0
1,1349601,0.0
1,1349601,0.0
1,1349687,0.0
1,1349687,0.0
1,1349687,0.0
1,1349687,0.0
1,1349786,0.0
1,1349786,0.0
1,1349786,0.0
1,1349786,0.0
1,1349786,0.0
1,1349786,0.0
1,1349851,0.0
1,1349851,0.0
6,1349983,0.0
6,1350009,0.0
1,1350087,0.0
1,1350087,0.0
6,1350163,0.0
2,1350179,0.0
2,1350179,0.0
3,1350213,0.0
3,1350213,0.0
1,1350280,0.0
1,1350280,0.0
1,1350280,0.0
1,1350280,0.0
1,1350280,0.0
1,1350280,0.0
1,1350280,0.0
1,1350280,0.0
1,1350280,0.0
1,1350280,0.0
1,1350280,0.0
1,1350280,0.0
1,1350280,0.0
1,1350280,0.0
1,1350280,0.0
1,1350280,0.0
1,1350280,0.0
1,1350280,0.0
1,1350280,0.0
1,1350280,0.0
1,1350328,0.0
1,1350328,0.0
1,1350328,0.0
1,1350328,0.0
3,1350351,0.0
3,1350351,0.0
6,1350418,0.0
3,1350463,0.0
3,1350463,0.0
3,1350463,0.0
Other,1350476,0.0
Other,1350476,0.0
3,1350556,0.0
3,1350556,0.0
3,1350556,0.0
6,1350558,0.0
Other,1350570,Other
3,1350610,Other
3,1350610,0.0
3,1350610,0.0
3,1350610,0.0
3,1350646,0.0
3,1350646,0.0
3,1350646,0.0
3,1350646,0.0
6,1350720,0.0
Other,1350760,0.0
Other,1350760,0.0
1,1350773,0.0
1,1350773,0.0
1,1350773,0.0
6,1350818,0.0
Other,1350923,0.0
1,1350989,0.0
1,1350989,0.0
Other,1351047,0.0
Other,1351047,0.0
Other,1351047,0.0
Other,1351047,0.0
Other,1351047,0.0
1,1351053,Other
1,1351053,0.0
1,1351053,0.0
1,1351053,0.0
1,1351053,0.0
1,1351053,0.0
1,1351053,0.0
1,1351053,0.0
1,1351053,0.0
1,1351053,0.0
1,1351053,0.0
1,1351053,0.0
1,1351108,0.0
1,1351108,Other
1,1351108,0.0
1,1351161,0.0
1,1351161,0.0
1,1351161,0.0
1,1351161,0.0
1,1351161,0.0
1,1351187,0.0
1,1351187,0.0
1,1351234,0.0
1,1351234,0.0
1,1351234,0.0
1,1351234,0.0
1,1351234,0.0
1,1351234,0.0
1,1351234,0.0
1,1351234,0.0
1,1351234,0.0
1,1351234,0.0
3,1351257,0.0
3,1351257,0.0
Other,1351264,0.0
1,1351284,0.0
1,1351284,0.0
1,1351284,0.0
1,1351284,0.0
6,1351332,0.0
1,1351370,0.0
1,1351370,0.0
1,1351370,0.0
3,1351386,0.0
3,1351386,0.0
3,1351386,0.0
1,1351394,0.0
1,1351394,0.0
1,1351394,0.0
1,1351746,0.0
1,1351746,0.0
1,1351746,0.0
1,1351746,0.0
6,1351747,0.0
3,1351793,0.0
3,1351793,0.0
Other,1351824,0.0
Other,1351824,0.0
3,1351842,0.0
3,1351842,0.0
6,1351886,0.0
1,1351901,0.0
1,1351901,0.0
3,1351991,Other
3,1351991,Other
1,1352041,Other
1,1352041,Other
6,1352056,0.0
6,1352102,0.0
1,1352125,Other
1,1352125,Other
Other,1352175,0.0
Other,1352175,0.0
Other,1352175,0.0
Other,1352175,0.0
1,1352279,0.0
1,1352279,0.0
1,1352279,0.0
Other,1352317,0.0
Other,1352317,0.0
Other,1352317,0.0
6,1352342,0.0
6,1352383,0.0
Other,1352449,0.0
1,1352458,0.0
1,1352458,0.0
1,1352470,0.0
1,1352470,0.0
1,1352470,0.0
1,1352470,0.0
1,1352470,0.0
1,1352470,0.0
1,1352479,0.0
1,1352479,0.0
1,1352479,0.0
1,1352479,0.0
2,1352501,0.0
2,1352501,0.0
2,1352501,0.0
2,1352501,0.0
2,1352501,0.0
2,1352501,0.0
Other,1352580,0.0
1,1352595,0.0
1,1352595,0.0
1,1352595,0.0
1,1352595,0.0
1,1352595,0.0
Other,1352634,0.0
6,1352767,Other
1,1352784,Other
1,1352784,0.0
Other,1352799,0.0
Other,1352807,0.0
6,1352894,0.0
1,1352978,0.0
1,1352978,0.0
1,1352978,0.0
Other,1352998,0.0
Other,1352998,0.0
Other,1353004,Other
6,1353052,0.0
Other,1353176,0.0
1,1353206,0.0
1,1353206,Other
1,1353206,0.0
1,1353206,0.0
1,1353267,0.0
1,1353267,0.0
3,1353310,0.0
3,1353310,0.0
Other,1353345,Other
1,1353391,0.0
1,1353391,0.0
1,1353391,0.0
1,1353391,0.0
1,1353520,Other
1,1353520,0.0
1,1353520,0.0
1,1353520,0.0
1,1353520,0.0
Other,1353660,0.0
1,1353680,0.0
1,1353680,0.0
1,1353680,0.0
1,1353680,0.0
6,1353731,0.0
1,1353811,0.0
1,1353811,0.0
1,1353811,0.0
1,1353811,0.0
1,1353811,0.0
1,1353880,0.0
1,1353880,0.0
1,1353880,0.0
1,1353880,Other
1,1353880,0.0
1,1353880,0.0
1,1353880,0.0
1,1353880,0.0
1,1353880,0.0
Other,1353976,Other
Other,1353976,0.0
6,1353979,0.0
3,1354128,0.0
3,1354128,0.0
3,1354128,0.0
3,1354128,0.0
1,1354225,0.0
1,1354225,0.0
1,1354225,0.0
1,1354225,0.0
1,1354225,0.0
Other,1354266,0.0
Other,1354266,0.0
1,1354494,0.0
1,1354494,0.0
6,1354548,0.0
1,1354720,0.0
1,1354720,0.0
6,1354764,0.0
1,1354780,0.0
1,1354780,0.0
1,1354780,0.0
6,1354897,0.0
3,1354905,0.0
3,1354905,0.0
3,1354905,0.0
3,1354905,0.0
6,1354956,0.0
6,1354975,0.0
3,1354985,0.0
3,1354985,0.0
3,1354985,0.0
3,1354985,0.0
3,1354985,0.0
Other,1355019,0.0
Other,1355019,0.0
Other,1355019,0.0
1,1355038,0.0
1,1355038,Other
1,1355038,0.0
1,1355038,0.0
1,1355038,0.0
3,1355221,0.0
3,1355221,0.0
3,1355221,0.0
1,1355252,0.0
1,1355252,0.0
1,1355252,0.0
1,1355252,0.0
1,1355252,0.0
Other,1355287,0.0
Other,1355287,0.0
Other,1355425,0.0
3,1355471,0.0
3,1355471,0.0
3,1355471,0.0
3,1355471,0.0
6,1355473,0.0
6,1355492,0.0
Other,1355547,0.0
Other,1355547,0.0
Other,1355547,0.0
Other,1355554,0.0
1,1355577,0.0
1,1355577,0.0
1,1355577,0.0
1,1355577,0.0
1,1355577,0.0
1,1355706,0.0
1,1355706,0.0
1,1355738,0.0
1,1355738,0.0
3,1355938,0.0
3,1355938,Other
3,1355938,0.0
1,1356012,0.0
1,1356012,0.0
1,1356037,0.0
1,1356037,Other
1,1356070,Other
1,1356070,0.0
6,1356097,0.0
1,1356119,0.0
1,1356119,0.0
1,1356119,0.0
1,1356245,0.0
1,1356245,0.0
1,1356245,0.0
1,1356343,0.0
1,1356343,0.0
1,1356343,0.0
1,1356473,0.0
1,1356473,0.0
1,1356473,0.0
Other,1356529,0.0
Other,1356529,0.0
Other,1356529,0.0
Other,1356529,0.0
Other,1356529,0.0
Other,1356529,0.0
Other,1356580,0.0
Other,1356580,0.0
Other,1356580,0.0
1,1356649,Other
1,1356649,0.0
1,1356649,0.0
1,1356834,0.0
1,1356834,0.0
1,1356834,0.0
3,1356906,0.0
3,1356906,0.0
3,1356906,0.0
6,1357003,0.0
6,1357060,0.0
3,1357149,0.0
3,1357149,0.0
3,1357149,0.0
1,1357218,Other
1,1357218,0.0
1,1357236,0.0
1,1357236,0.0
1,1357310,0.0
1,1357310,0.0
Other,1357476,0.0
Other,1357476,0.0
Other,1357486,0.0
6,1357563,Other
1,1357682,0.0
1,1357682,0.0
1,1357695,0.0
1,1357695,0.0
1,1357695,0.0
1,1357695,0.0
1,1357695,0.0
1,1357695,0.0
6,1357726,0.0
1,1357736,0.0
1,1357736,0.0
Other,1357767,Other
Other,1357767,0.0
1,1357805,0.0
1,1357805,0.0
1,1357805,0.0
Other,1357889,0.0
Other,1358050,Other
1,1358092,Other
1,1358092,0.0
1,1358092,0.0
6,1358121,0.0
6,1358136,0.0
1,1358303,0.0
1,1358303,0.0
1,1358303,0.0
1,1358303,0.0
1,1358309,Other
1,1358309,0.0
1,1358554,0.0
1,1358554,0.0
1,1358554,0.0
Other,1358571,0.0
Other,1358571,0.0
1,1358683,0.0
1,1358683,0.0
Other,1358712,0.0
3,1358773,Other
3,1358773,Other
6,1358803,0.0
6,1358916,0.0
3,1358954,Other
3,1358954,0.0
3,1358954,0.0
3,1358954,0.0
6,1358981,0.0
1,1359002,0.0
1,1359002,0.0
1,1359002,0.0
6,1359144,0.0
6,1359361,0.0
2,1359388,0.0
2,1359388,0.0
2,1359388,0.0
2,1359388,0.0
3,1359476,0.0
3,1359476,0.0
2,1359518,0.0
2,1359518,0.0
2,1359518,0.0
Other,1359567,0.0
Other,1359567,0.0
3,1359727,0.0
3,1359727,0.0
6,1359793,0.0
3,1359837,0.0
3,1359837,0.0
3,1359837,0.0
3,1359849,0.0
3,1359849,0.0
3,1359849,0.0
1,1359852,0.0
1,1359852,0.0
1,1359852,0.0
3,1359930,0.0
3,1359930,0.0
3,1359930,0.0
6,1360101,0.0
3,1360125,0.0
3,1360125,0.0
6,1360173,Other
6,1360196,0.0
1,1360231,0.0
1,1360231,0.0
Other,1360284,0.0
1,1360422,0.0
1,1360422,0.0
1,1360422,0.0
1,1360422,0.0
1,1360422,0.0
1,1360422,0.0
1,1360422,0.0
1,1360422,0.0
1,1360425,0.0
1,1360425,0.0
1,1360425,0.0
1,1360425,0.0
1,1360425,0.0
1,1360425,0.0
1,1360429,0.0
1,1360429,0.0
1,1360429,0.0
Other,1360481,Other
Other,1360481,0.0
1,1360494,Other
1,1360494,0.0
1,1360516,0.0
1,1360516,0.0
1,1360516,0.0
1,1360516,0.0
1,1360534,0.0
1,1360534,0.0
1,1360684,Other
1,1360684,0.0
1,1360684,0.0
1,1360782,0.0
1,1360782,0.0
1,1360782,0.0
6,1360825,0.0
1,1360844,0.0
1,1360844,0.0
1,1360844,0.0
1,1360884,0.0
1,1360884,0.0
1,1360894,Other
1,1360894,Other
Other,1360922,0.0
Other,1360957,0.0
Other,1360957,0.0
6,1361011,0.0
6,1361081,0.0
1,1361206,0.0
1,1361206,0.0
1,1361206,0.0
1,1361206,0.0
6,1361219,0.0
2,1361303,0.0
2,1361303,0.0
2,1361303,0.0
2,1361303,0.0
2,1361303,0.0
2,1361303,0.0
2,1361303,0.0
2,1361303,0.0
2,1361303,0.0
2,1361303,0.0
2,1361303,0.0
2,1361303,0.0
2,1361303,0.0
2,1361303,0.0
2,1361303,0.0
1,1361308,Other
1,1361308,Other
1,1361308,Other
6,1361369,0.0
6,1361397,0.0
2,1361436,0.0
2,1361436,0.0
2,1361436,0.0
2,1361436,0.0
1,1361506,Other
1,1361506,0.0
1,1361506,0.0
1,1361506,0.0
Other,1361544,0.0
3,1361627,0.0
3,1361627,0.0
1,1361642,0.0
1,1361642,0.0
Other,1361660,0.0
6,1361721,Other
1,1361783,Other
1,1361783,0.0
2,1361810,0.0
2,1361810,0.0
6,1362049,0.0
6,1362076,0.0
Other,1362145,0.0
Other,1362145,0.0
6,1362183,0.0
Other,1362305,Other
Other,1362324,Other
1,1362344,Other
1,1362344,0.0
6,1362612,0.0
Other,1362638,0.0
Other,1362638,0.0
Other,1362638,0.0
Other,1362638,0.0
1,1362725,0.0
1,1362725,0.0
3,1362733,0.0
3,1362733,0.0
3,1362733,0.0
3,1362733,0.0
3,1362733,0.0
Other,1362759,0.0
1,1362811,Other
1,1362811,Other
3,1362840,0.0
3,1362840,0.0
3,1362840,0.0
3,1362840,0.0
Other,1362866,Other
6,1362884,0.0
2,1362945,Other
2,1362945,0.0
2,1362945,0.0
1,1362950,0.0
1,1362950,0.0
1,1362950,0.0
1,1362950,0.0
1,1362950,0.0
2,1363032,Other
2,1363032,0.0
2,1363032,0.0
Other,1363123,0.0
Other,1363123,0.0
Other,1363123,0.0
3,1363143,0.0
3,1363143,0.0
1,1363187,0.0
1,1363187,0.0
1,1363187,0.0
6,1363212,0.0
6,1363252,0.0
3,1363360,0.0
3,1363360,0.0
3,1363360,0.0
3,1363533,0.0
3,1363533,0.0
1,1363644,Other
1,1363644,0.0
1,1363695,0.0
1,1363695,0.0
6,1363845,0.0
1,1363870,Other
1,1363870,0.0
1,1363870,0.0
6,1363942,0.0
1,1363945,0.0
1,1363945,Other
1,1364101,0.0
1,1364101,0.0
1,1364101,0.0
1,1364101,0.0
1,1364101,0.0
1,1364101,0.0
1,1364101,0.0
1,1364193,0.0
1,1364193,0.0
1,1364193,0.0
3,1364281,0.0
3,1364281,0.0
3,1364281,0.0
3,1364281,0.0
Other,1364316,0.0
Other,1364382,Other
1,1364387,Other
1,1364387,0.0
3,1364492,0.0
3,1364492,0.0
3,1364492,0.0
1,1364561,0.0
1,1364561,0.0
1,1364561,0.0
1,1364561,0.0
1,1364561,0.0
1,1364561,0.0
3,1364575,0.0
3,1364575,0.0
1,1364589,0.0
1,1364589,0.0
1,1364589,0.0
1,1364589,0.0
1,1364589,0.0
1,1364589,0.0
1,1364589,0.0
1,1364589,0.0
Other,1364591,0.0
Other,1364591,0.0
Other,1364591,0.0
Other,1364591,0.0
Other,1364591,0.0
1,1364625,0.0
1,1364625,0.0
1,1364625,0.0
1,1364625,0.0
1,1364625,0.0
1,1364625,0.0
3,1364650,0.0
3,1364650,0.0
6,1364721,0.0
1,1364742,0.0
1,1364742,0.0
1,1364742,0.0
1,1364816,0.0
1,1364816,0.0
1,1364816,0.0
3,1364830,0.0
3,1364830,0.0
3,1364830,0.0
1,1364930,0.0
1,1364930,0.0
1,1364930,0.0
1,1364930,0.0
6,1364953,Other
3,1364966,0.0
3,1364966,0.0
3,1364966,0.0
3,1364966,0.0
3,1364966,0.0
3,1364966,0.0
3,1365025,0.0
3,1365025,0.0
3,1365025,0.0
1,1365149,Other
1,1365149,Other
1,1365149,Other
1,1365149,Other
2,1365174,0.0
2,1365174,0.0
6,1365304,0.0
1,1365326,Other
1,1365326,Other
1,1365326,0.0
1,1365326,0.0
1,1365341,0.0
1,1365341,Other
1,1365401,0.0
1,1365401,0.0
1,1365401,0.0
1,1365444,0.0
1,1365444,0.0
1,1365444,0.0
1,1365444,0.0
Other,1365511,Other
Other,1365511,Other
1,1365525,0.0
1,1365525,0.0
Other,1365575,Other
Other,1365575,Other
1,1365581,Other
1,1365581,0.0
1,1365626,0.0
1,1365626,0.0
3,1365722,0.0
3,1365722,0.0
3,1365722,0.0
6,1365893,0.0
6,1366231,0.0
1,1366293,Other
1,1366293,0.0
1,1366293,0.0
1,1366293,0.0
1,1366293,0.0
1,1366393,0.0
1,1366393,0.0
1,1366393,0.0
1,1366591,0.0
1,1366591,0.0
Other,1366606,0.0
1,1366615,0.0
1,1366615,0.0
1,1366615,0.0
1,1366615,0.0
1,1366729,0.0
1,1366729,Other
1,1366729,0.0
1,1366729,0.0
1,1366729,0.0
1,1366795,0.0
1,1366795,0.0
3,1366858,0.0
3,1366858,0.0
3,1366880,Other
3,1366880,0.0
1,1366905,0.0
1,1366905,0.0
2,1366908,0.0
2,1366908,0.0
2,1366908,0.0
1,1366920,Other
1,1366920,0.0
1,1366920,0.0
Other,1366933,0.0
Other,1366933,0.0
Other,1366933,0.0
Other,1366933,0.0
Other,1366933,0.0
Other,1366977,0.0
6,1366979,Other
3,1366991,0.0
3,1366991,0.0
3,1366991,0.0
3,1366991,0.0
1,1367079,0.0
1,1367079,0.0
1,1367079,0.0
1,1367079,0.0
1,1367079,0.0
Other,1367099,Other
1,1367157,Other
1,1367157,Other
6,1367195,0.0
3,1367233,0.0
3,1367233,0.0
3,1367233,0.0
6,1367305,0.0
1,1367309,0.0
1,1367309,0.0
1,1367309,0.0
1,1367353,0.0
1,1367353,0.0
1,1367412,0.0
1,1367412,0.0
1,1367412,0.0
6,1367492,Other
1,1367578,0.0
1,1367578,0.0
1,1367578,0.0
1,1367578,0.0
1,1367613,Other
1,1367613,0.0
1,1367613,0.0
3,1367632,0.0
3,1367632,0.0
3,1367632,0.0
3,1367766,0.0
3,1367766,0.0
3,1367766,0.0
1,1367770,Other
1,1367770,Other
1,1367770,0.0
1,1367770,0.0
Other,1367834,0.0
Other,1367905,0.0
Other,1368036,0.0
1,1368046,0.0
1,1368046,0.0
1,1368046,0.0
1,1368046,0.0
3,1368112,0.0
3,1368112,0.0
1,1368157,0.0
1,1368157,0.0
1,1368157,0.0
1,1368157,0.0
1,1368157,0.0
6,1368234,Other
3,1368293,0.0
3,1368293,0.0
3,1368293,0.0
1,1368384,0.0
1,1368384,0.0
1,1368384,0.0
1,1368384,0.0
6,1368428,0.0
1,1368496,Other
1,1368496,0.0
1,1368496,0.0
1,1368644,0.0
1,1368644,0.0
6,1368649,0.0
6,1368820,0.0
3,1368907,0.0
3,1368907,0.0
3,1368907,0.0
Other,1368940,0.0
3,1368953,0.0
3,1368953,0.0
Other,1368987,0.0
6,1369128,Other
1,1369168,0.0
1,1369168,Other
1,1369168,0.0
6,1369184,0.0
1,1369231,0.0
1,1369231,0.0
1,1369236,Other
1,1369236,0.0
Other,1369244,0.0
Other,1369244,0.0
3,1369371,Other
3,1369371,0.0
1,1369408,Other
1,1369408,0.0
1,1369408,0.0
Other,1369517,0.0
Other,1369527,0.0
Other,1369527,0.0
Other,1369527,0.0
Other,1369527,0.0
6,1369641,Other
1,1369690,0.0
1,1369690,0.0
1,1369690,0.0
1,1369690,0.0
1,1369705,Other
1,1369705,0.0
1,1369716,Other
1,1369716,Other
6,1369795,0.0
1,1369800,Other
1,1369800,0.0
2,1369816,0.0
2,1369816,0.0
2,1369816,0.0
1,1369909,0.0
1,1369909,0.0
1,1369909,0.0
1,1369909,0.0
3,1369966,0.0
3,1369966,0.0
3,1369968,0.0
3,1369968,0.0
3,1369968,0.0
3,1369970,0.0
3,1369970,0.0
3,1369970,0.0
Other,1369981,0.0
3,1369999,0.0
3,1369999,0.0
1,1370013,0.0
1,1370013,0.0
1,1370013,0.0
Other,1370017,0.0
Other,1370017,0.0
3,1370197,0.0
3,1370197,0.0
3,1370197,0.0
3,1370197,0.0
3,1370197,0.0
3,1370197,0.0
2,1370292,0.0
2,1370292,0.0
6,1370327,0.0
1,1370336,0.0
1,1370336,0.0
2,1370339,Other
2,1370339,0.0
2,1370339,0.0
1,1370409,0.0
1,1370409,0.0
1,1370476,0.0
1,1370476,0.0
1,1370476,0.0
1,1370476,0.0
1,1370476,0.0
1,1370553,0.0
1,1370553,0.0
3,1370558,0.0
3,1370558,0.0
3,1370558,0.0
3,1370558,0.0
3,1370701,0.0
3,1370701,0.0
3,1370701,0.0
3,1370701,0.0
Other,1370752,0.0
Other,1370752,0.0
1,1370788,0.0
1,1370788,0.0
1,1370788,0.0
1,1370788,0.0
6,1370832,0.0
6,1370857,0.0
6,1370859,0.0
3,1370931,0.0
3,1370931,0.0
6,1370947,Other
Other,1370955,0.0
Other,1370976,0.0
Other,1370976,0.0
6,1370982,0.0
1,1370999,Other
1,1370999,0.0
1,1370999,0.0
1,1371057,0.0
1,1371057,0.0
1,1371057,0.0
1,1371057,0.0
1,1371057,0.0
Other,1371077,0.0
Other,1371077,0.0
Other,1371077,0.0
3,1371093,0.0
3,1371093,0.0
3,1371093,0.0
Other,1371119,0.0
Other,1371119,0.0
6,1371134,0.0
1,1371198,0.0
1,1371198,0.0
6,1371275,0.0
6,1371306,0.0
Other,1371322,0.0
Other,1371322,0.0
Other,1371331,0.0
1,1371353,Other
1,1371353,0.0
1,1371359,0.0
1,1371359,0.0
1,1371359,0.0
1,1371359,0.0
1,1371359,0.0
Other,1371360,0.0
1,1371470,0.0
1,1371470,0.0
1,1371470,0.0
1,1371470,0.0
1,1371470,0.0
3,1371475,0.0
3,1371475,0.0
1,1371480,0.0
1,1371480,0.0
1,1371480,0.0
1,1371481,0.0
1,1371481,0.0
6,1371522,0.0
1,1371649,0.0
1,1371649,0.0
1,1371649,0.0
1,1371649,0.0
1,1371649,0.0
6,1371755,0.0
1,1371777,0.0
1,1371777,0.0
1,1371777,0.0
1,1371777,0.0
1,1371777,0.0
3,1371824,0.0
3,1371824,0.0
3,1371824,0.0
3,1371911,0.0
3,1371911,0.0
1,1371993,0.0
1,1371993,0.0
Other,1372052,0.0
Other,1372052,0.0
3,1372056,0.0
3,1372056,0.0
3,1372056,0.0
1,1372273,Other
1,1372273,Other
1,1372322,0.0
1,1372322,0.0
1,1372371,0.0
1,1372371,0.0
1,1372415,0.0
1,1372415,0.0
1,1372415,0.0
1,1372415,0.0
1,1372438,0.0
1,1372438,0.0
1,1372438,0.0
1,1372438,0.0
1,1372438,0.0
1,1372438,0.0
1,1372438,0.0
1,1372438,0.0
1,1372438,0.0
1,1372438,0.0
3,1372443,0.0
3,1372443,0.0
3,1372443,0.0
Other,1372530,0.0
1,1372548,0.0
1,1372548,0.0
1,1372548,0.0
1,1372548,0.0
1,1372548,0.0
Other,1372588,0.0
Other,1372595,Other
6,1372667,0.0
1,1372676,0.0
1,1372676,0.0
6,1372722,0.0
Other,1372782,Other
1,1372800,0.0
1,1372800,0.0
1,1372800,0.0
1,1372800,0.0
1,1372810,0.0
1,1372810,0.0
1,1372810,0.0
1,1372810,0.0
6,1372823,0.0
1,1372870,0.0
1,1372870,0.0
1,1372870,0.0
6,1372883,0.0
2,1372899,0.0
2,1372899,0.0
2,1372899,0.0
1,1372989,0.0
1,1372989,Other
6,1372996,0.0
6,1373149,0.0
6,1373185,0.0
1,1373193,0.0
1,1373193,0.0
1,1373193,0.0
1,1373193,0.0
Other,1373215,Other
Other,1373215,0.0
1,1373297,0.0
1,1373297,0.0
1,1373319,0.0
1,1373319,0.0
1,1373319,0.0
6,1373359,0.0
1,1373419,0.0
1,1373419,0.0
1,1373419,0.0
Other,1373441,Other
Other,1373441,Other
Other,1373441,0.0
Other,1373484,0.0
Other,1373484,0.0
Other,1373488,0.0
Other,1373488,0.0
Other,1373488,0.0
3,1373516,0.0
3,1373516,0.0
3,1373516,0.0
3,1373516,0.0
1,1373656,0.0
1,1373656,0.0
6,1373713,0.0
Other,1373734,0.0
Other,1373734,0.0
1,1373781,0.0
1,1373781,0.0
1,1373811,0.0
1,1373811,0.0
1,1373811,0.0
3,1373839,Other
3,1373839,0.0
3,1373839,0.0
3,1373839,0.0
3,1373839,0.0
3,1373839,0.0
3,1373839,0.0
3,1373839,0.0
1,1373871,Other
1,1373871,0.0
1,1373871,0.0
1,1373871,0.0
3,1373901,0.0
3,1373901,0.0
3,1373901,0.0
Other,1373922,0.0
3,1373926,0.0
3,1373926,0.0
3,1373926,0.0
3,1373926,0.0
3,1373926,0.0
3,1373926,0.0
3,1373926,0.0
Other,1374039,Other
Other,1374039,Other
1,1374042,0.0
1,1374042,0.0
1,1374042,0.0
1,1374042,0.0
1,1374042,0.0
1,1374042,0.0
3,1374057,0.0
3,1374057,0.0
1,1374059,0.0
1,1374059,0.0
1,1374059,0.0
1,1374061,0.0
1,1374061,Other
1,1374126,0.0
1,1374126,0.0
1,1374126,0.0
1,1374126,0.0
2,1374127,0.0
2,1374127,0.0
2,1374127,0.0
6,1374261,0.0
1,1374309,0.0
1,1374309,0.0
Other,1374314,0.0
Other,1374314,0.0
1,1374333,0.0
1,1374333,0.0
1,1374333,0.0
1,1374333,0.0
Other,1374354,0.0
3,1374375,0.0
3,1374375,0.0
3,1374375,0.0
3,1374375,0.0
1,1374397,0.0
1,1374397,0.0
Other,1374479,0.0
1,1374506,0.0
1,1374506,0.0
3,1374519,Other
3,1374519,0.0
1,1374521,Other
1,1374521,Other
1,1374521,0.0
Other,1374531,0.0
3,1374613,0.0
3,1374613,0.0
Other,1374619,0.0
Other,1374619,0.0
6,1374686,0.0
3,1374689,0.0
3,1374689,0.0
3,1374693,0.0
3,1374693,0.0
3,1374693,0.0
2,1374809,0.0
2,1374809,0.0
Other,1374980,0.0
Other,1374997,Other
Other,1374997,0.0
3,1375017,0.0
3,1375017,0.0
Other,1375114,0.0
6,1375132,0.0
Other,1375215,Other
Other,1375215,0.0
Other,1375277,0.0
Other,1375277,0.0
1,1375303,Other
1,1375303,0.0
1,1375303,0.0
Other,1375353,0.0
1,1375381,Other
1,1375381,Other
1,1375381,0.0
1,1375381,0.0
3,1375428,0.0
3,1375428,0.0
3,1375428,0.0
2,1375458,Other
2,1375458,0.0
Other,1375462,Other
Other,1375462,Other
6,1375543,0.0
1,1375556,0.0
1,1375556,0.0
1,1375556,0.0
1,1375556,0.0
1,1375571,0.0
1,1375571,0.0
1,1375571,0.0
1,1375571,0.0
3,1375594,0.0
3,1375594,0.0
3,1375594,0.0
1,1375665,0.0
1,1375665,0.0
6,1375681,Other
6,1375710,0.0
2,1375733,0.0
2,1375733,0.0
2,1375733,0.0
2,1375733,0.0
1,1375742,0.0
1,1375742,0.0
1,1375743,Other
1,1375743,Other
1,1375743,0.0
3,1375765,0.0
3,1375765,0.0
1,1375798,0.0
1,1375798,0.0
1,1375798,Other
1,1375798,0.0
3,1375866,0.0
3,1375866,0.0
3,1375954,0.0
3,1375954,0.0
3,1375954,0.0
3,1376013,0.0
3,1376013,0.0
1,1376065,Other
1,1376065,0.0
1,1376065,0.0
1,1376084,Other
1,1376084,0.0
1,1376090,0.0
1,1376090,0.0
1,1376158,Other
1,1376158,0.0
1,1376158,Other
1,1376158,0.0
1,1376158,0.0
1,1376158,0.0
Other,1376283,Other
Other,1376283,Other
3,1376312,0.0
3,1376312,0.0
3,1376312,0.0
6,1376352,0.0
3,1376446,0.0
3,1376446,0.0
2,1376449,0.0
2,1376449,0.0
2,1376449,0.0
3,1376465,Other
3,1376465,0.0
6,1376550,0.0
1,1376590,0.0
1,1376590,0.0
1,1376590,0.0
3,1376642,0.0
3,1376642,0.0
Other,1376717,0.0
3,1376726,0.0
3,1376726,0.0
Other,1376808,Other
1,1376830,Other
1,1376830,Other
1,1376830,0.0
1,1376830,0.0
1,1376830,0.0
3,1376843,0.0
3,1376843,0.0
2,1376907,0.0
2,1376907,0.0
2,1376907,0.0
2,1376907,0.0
2,1376907,0.0
6,1376938,0.0
Other,1376971,0.0
Other,1376971,0.0
Other,1376971,0.0
Other,1376971,0.0
6,1376991,0.0
6,1377001,0.0
1,1377024,0.0
1,1377024,0.0
1,1377024,0.0
1,1377024,0.0
3,1377105,0.0
3,1377105,0.0
3,1377105,0.0
3,1377132,0.0
3,1377132,0.0
3,1377132,0.0
1,1377173,Other
1,1377173,0.0
1,1377369,0.0
1,1377369,0.0
3,1377409,0.0
3,1377409,0.0
3,1377409,0.0
3,1377409,0.0
3,1377409,0.0
Other,1377493,0.0
1,1377497,Other
1,1377497,0.0
1,1377497,0.0
1,1377497,0.0
1,1377497,0.0
1,1377497,0.0
1,1377632,Other
1,1377632,0.0
3,1377815,0.0
3,1377815,0.0
3,1377815,0.0
3,1377815,0.0
Other,1377901,Other
6,1378081,0.0
2,1378112,0.0
2,1378112,0.0
2,1378112,0.0
1,1378142,0.0
1,1378142,0.0
1,1378142,0.0
1,1378142,0.0
6,1378143,0.0
6,1378153,0.0
1,1378257,0.0
1,1378257,0.0
6,1378397,0.0
6,1378409,0.0
1,1378434,0.0
1,1378434,0.0
6,1378472,Other
6,1378536,Other
2,1378546,0.0
2,1378546,0.0
1,1378659,0.0
1,1378659,0.0
1,1378659,0.0
3,1378670,0.0
3,1378670,0.0
1,1378807,Other
1,1378807,0.0
3,1378852,0.0
3,1378852,0.0
3,1378852,0.0
3,1378852,0.0
3,1378906,0.0
3,1378906,0.0
3,1378913,0.0
3,1378913,0.0
3,1378913,0.0
6,1378923,0.0
1,1378938,Other
1,1378938,0.0
1,1378938,0.0
1,1378938,0.0
1,1378938,0.0
1,1378938,Other
1,1378938,0.0
1,1378938,0.0
1,1378938,0.0
1,1378938,0.0
1,1378938,0.0
1,1378938,0.0
Other,1378977,0.0
Other,1378977,0.0
1,1379023,0.0
1,1379023,0.0
1,1379023,0.0
Other,1379043,Other
6,1379067,Other
1,1379176,0.0
1,1379176,0.0
1,1379176,0.0
1,1379209,0.0
1,1379209,0.0
1,1379209,0.0
1,1379209,0.0
1,1379209,0.0
1,1379253,0.0
1,1379253,0.0
1,1379253,0.0
1,1379502,0.0
1,1379502,0.0
1,1379516,Other
1,1379516,Other
1,1379516,0.0
1,1379519,Other
1,1379519,0.0
1,1379580,0.0
1,1379580,0.0
1,1379580,0.0
1,1379580,0.0
Other,1379589,0.0
Other,1379589,0.0
2,1379592,0.0
2,1379592,0.0
6,1379594,0.0
1,1379655,0.0
1,1379655,0.0
1,1379655,0.0
1,1379662,0.0
1,1379662,0.0
1,1379662,0.0
1,1379662,0.0
6,1379909,0.0
6,1379965,0.0
Other,1379971,0.0
1,1379990,0.0
1,1379990,0.0
1,1379990,0.0
1,1379990,0.0
6,1380073,0.0
1,1380192,Other
1,1380192,0.0
6,1380261,0.0
1,1380291,0.0
1,1380291,0.0
1,1380291,0.0
1,1380291,0.0
1,1380291,0.0
1,1380291,0.0
1,1380321,0.0
1,1380321,0.0
1,1380321,0.0
1,1380321,0.0
1,1380321,0.0
1,1380321,0.0
1,1380349,0.0
1,1380349,0.0
1,1380349,0.0
1,1380349,0.0
1,1380367,0.0
1,1380367,0.0
1,1380500,Other
1,1380500,0.0
6,1380626,0.0
1,1380746,0.0
1,1380746,0.0
6,1380747,0.0
1,1380856,Other
1,1380856,0.0
1,1380856,0.0
1,1380856,0.0
1,1380856,0.0
1,1380955,0.0
1,1380955,0.0
1,1380955,0.0
1,1380955,0.0
1,1380965,0.0
1,1380965,0.0
1,1380965,0.0
1,1380965,0.0
Other,1381160,0.0
3,1381213,Other
3,1381213,0.0
3,1381213,0.0
3,1381213,0.0
3,1381213,0.0
3,1381213,0.0
6,1381262,0.0
Other,1381299,0.0
1,1381307,0.0
1,1381307,0.0
1,1381420,0.0
1,1381420,0.0
1,1381420,0.0
1,1381420,0.0
1,1381420,0.0
1,1381420,0.0
1,1381420,0.0
1,1381420,0.0
1,1381431,0.0
1,1381431,0.0
1,1381431,0.0
1,1381431,0.0
1,1381450,Other
1,1381450,Other
Other,1381504,Other
1,1381620,0.0
1,1381620,0.0
1,1381620,0.0
1,1381620,0.0
1,1381620,0.0
1,1381669,Other
1,1381669,Other
1,1381708,0.0
1,1381708,0.0
1,1381708,0.0
1,1381708,0.0
1,1381708,0.0
1,1381708,0.0
1,1381708,0.0
3,1381725,0.0
3,1381725,0.0
3,1381725,0.0
3,1381725,Other
Other,1381751,0.0
Other,1381751,0.0
3,1381807,0.0
3,1381807,0.0
3,1381807,0.0
3,1381807,0.0
1,1381811,0.0
1,1381811,0.0
1,1381811,0.0
1,1381811,0.0
1,1381811,0.0
1,1381942,0.0
1,1381942,0.0
1,1381942,0.0
6,1381964,0.0
1,1381989,Other
1,1381989,0.0
2,1382038,0.0
2,1382038,0.0
2,1382038,0.0
2,1382038,0.0
2,1382038,0.0
2,1382038,Other
1,1382055,0.0
1,1382055,0.0
1,1382055,0.0
1,1382055,0.0
1,1382055,0.0
Other,1382151,0.0
Other,1382151,0.0
Other,1382176,0.0
Other,1382176,0.0
3,1382196,0.0
3,1382196,0.0
1,1382217,Other
1,1382217,0.0
1,1382217,Other
6,1382325,0.0
3,1382369,0.0
3,1382369,0.0
6,1382380,Other
1,1382487,0.0
1,1382487,0.0
1,1382487,0.0
1,1382487,0.0
3,1382543,0.0
3,1382543,0.0
3,1382543,0.0
3,1382543,0.0
3,1382543,0.0
3,1382543,0.0
1,1382578,0.0
1,1382578,0.0
1,1382578,0.0
2,1382591,0.0
2,1382591,0.0
6,1382592,Other
Other,1382597,Other
2,1382608,0.0
2,1382608,0.0
2,1382608,0.0
2,1382608,0.0
2,1382608,0.0
2,1382608,0.0
2,1382608,0.0
2,1382608,0.0
3,1382643,Other
3,1382643,0.0
1,1382720,0.0
1,1382720,0.0
1,1382720,0.0
1,1382736,0.0
1,1382736,0.0
Other,1382790,0.0
Other,1382790,0.0
Other,1382790,0.0
Other,1382805,0.0
Other,1382805,0.0
1,1382954,0.0
1,1382954,0.0
1,1383008,0.0
1,1383008,0.0
1,1383008,0.0
1,1383008,0.0
Other,1383121,0.0
Other,1383121,0.0
6,1383199,0.0
1,1383201,0.0
1,1383201,0.0
1,1383201,0.0
1,1383212,0.0
1,1383212,0.0
6,1383230,Other
6,1383475,Other
1,1383485,0.0
1,1383485,0.0
1,1383485,0.0
1,1383485,0.0
1,1383485,0.0
1,1383485,0.0
1,1383485,0.0
1,1383545,0.0
1,1383545,0.0
1,1383545,0.0
1,1383545,0.0
1,1383545,0.0
1,1383547,0.0
1,1383547,0.0
1,1383547,0.0
1,1383547,0.0
3,1383564,0.0
3,1383564,0.0
3,1383564,0.0
Other,1383690,0.0
Other,1383690,0.0
Other,1383708,0.0
1,1383713,Other
1,1383713,0.0
1,1383713,0.0
1,1383713,0.0
Other,1383724,0.0
1,1383753,0.0
1,1383753,0.0
1,1383753,0.0
1,1383753,0.0
3,1383757,0.0
3,1383757,0.0
6,1383784,0.0
Other,1383793,0.0
1,1383945,0.0
1,1383945,0.0
1,1383945,0.0
1,1383945,0.0
1,1383946,0.0
1,1383946,0.0
1,1383946,0.0
1,1383946,0.0
Other,1384110,0.0
Other,1384110,0.0
Other,1384137,0.0
6,1384185,0.0
Other,1384352,Other
1,1384442,0.0
1,1384442,0.0
1,1384442,0.0
1,1384442,0.0
1,1384442,0.0
1,1384442,0.0
1,1384442,0.0
1,1384442,Other
1,1384442,0.0
1,1384442,0.0
3,1384468,0.0
3,1384468,0.0
6,1384474,Other
6,1384483,0.0
2,1384508,Other
2,1384508,Other
1,1384634,0.0
1,1384634,0.0
1,1384689,0.0
1,1384689,0.0
1,1384689,0.0
1,1384689,0.0
1,1384689,0.0
2,1384725,0.0
2,1384725,0.0
2,1384725,0.0
2,1384725,0.0
1,1384823,0.0
1,1384823,0.0
1,1384823,0.0
1,1384823,0.0
1,1384823,0.0
1,1384823,0.0
1,1384823,0.0
1,1384825,Other
1,1384825,Other
Other,1385002,0.0
Other,1385002,0.0
1,1385096,0.0
1,1385096,0.0
1,1385096,0.0
Other,1385122,0.0
6,1385229,0.0
1,1385243,0.0
1,1385243,0.0
1,1385243,0.0
1,1385243,0.0
Other,1385326,0.0
Other,1385326,0.0
3,1385427,0.0
3,1385427,0.0
1,1385463,0.0
1,1385463,0.0
1,1385498,0.0
1,1385498,0.0
1,1385498,0.0
1,1385498,0.0
1,1385498,0.0
1,1385498,0.0
1,1385498,0.0
1,1385498,0.0
Other,1385499,0.0
Other,1385499,0.0
1,1385545,0.0
1,1385545,Other
1,1385545,0.0
1,1385545,0.0
1,1385609,0.0
1,1385609,0.0
1,1385609,0.0
1,1385609,0.0
1,1385609,0.0
1,1385609,0.0
1,1385609,0.0
1,1385776,0.0
1,1385776,0.0
1,1385776,0.0
1,1385776,0.0
1,1385776,0.0
1,1385776,0.0
1,1385776,0.0
1,1385776,0.0
1,1385782,0.0
1,1385782,0.0
1,1385787,0.0
1,1385787,0.0
1,1385787,0.0
1,1385787,0.0
1,1385835,Other
1,1385835,Other
1,1385865,0.0
1,1385865,0.0
1,1385865,0.0
1,1385865,0.0
1,1385865,0.0
2,1385883,0.0
2,1385883,0.0
Other,1385900,0.0
Other,1385900,0.0
3,1386223,0.0
3,1386223,0.0
3,1386223,0.0
1,1386252,0.0
1,1386252,0.0
1,1386252,0.0
2,1386254,0.0
2,1386254,0.0
2,1386254,0.0
2,1386254,0.0
2,1386254,0.0
1,1386272,0.0
1,1386272,0.0
1,1386272,0.0
1,1386272,0.0
1,1386272,0.0
1,1386272,0.0
1,1386272,0.0
1,1386272,0.0
1,1386304,0.0
1,1386304,0.0
1,1386304,0.0
1,1386304,0.0
1,1386304,0.0
Other,1386341,Other
1,1386363,Other
1,1386363,0.0
1,1386363,0.0
1,1386363,0.0
1,1386363,0.0
1,1386363,0.0
1,1386363,0.0
1,1386379,Other
1,1386379,0.0
1,1386379,0.0
1,1386428,0.0
1,1386428,0.0
1,1386428,0.0
1,1386428,0.0
1,1386428,0.0
1,1386428,0.0
1,1386428,0.0
Other,1386498,0.0
1,1386501,0.0
1,1386501,0.0
1,1386501,Other
1,1386540,Other
1,1386540,0.0
1,1386589,0.0
1,1386589,0.0
1,1386589,0.0
1,1386589,0.0
1,1386589,0.0
1,1386589,0.0
1,1386671,Other
1,1386671,Other
1,1386671,0.0
2,1386756,0.0
2,1386756,0.0
2,1386756,0.0
1,1386793,0.0
1,1386793,0.0
2,1386956,0.0
2,1386956,0.0
Other,1386972,0.0
Other,1386979,0.0
Other,1386988,0.0
Other,1386988,0.0
1,1387066,Other
1,1387066,0.0
1,1387111,0.0
1,1387111,0.0
1,1387111,0.0
Other,1387335,0.0
Other,1387451,0.0
Other,1387539,0.0
6,1387597,Other
Other,1387674,0.0
1,1387681,Other
1,1387681,0.0
6,1387799,0.0
1,1387950,0.0
1,1387950,0.0
1,1387950,0.0
1,1387950,0.0
1,1388052,0.0
1,1388052,0.0
1,1388052,0.0
1,1388052,0.0
1,1388052,0.0
1,1388052,0.0
1,1388052,0.0
1,1388052,0.0
1,1388052,0.0
1,1388052,0.0
1,1388052,0.0
1,1388052,0.0
6,1388079,0.0
3,1388103,0.0
3,1388103,0.0
3,1388103,0.0
1,1388122,Other
1,1388122,Other
6,1388191,0.0
Other,1388208,0.0
3,1388251,0.0
3,1388251,0.0
3,1388251,0.0
3,1388251,0.0
3,1388251,0.0
3,1388314,0.0
3,1388314,0.0
1,1388367,Other
1,1388367,0.0
6,1388429,Other
3,1388452,0.0
3,1388452,0.0
3,1388452,0.0
1,1388592,0.0
1,1388592,0.0
6,1388616,0.0
1,1388618,0.0
1,1388618,0.0
1,1388618,0.0
1,1388618,0.0
1,1388618,0.0
Other,1388677,0.0
1,1388717,0.0
1,1388717,0.0
1,1388717,0.0
6,1388796,0.0
1,1388842,Other
1,1388842,Other
1,1388842,Other
1,1388859,0.0
1,1388859,Other
1,1388886,0.0
1,1388886,0.0
Other,1388984,0.0
Other,1388995,0.0
1,1389048,Other
1,1389048,0.0
1,1389048,Other
6,1389049,Other
2,1389116,0.0
2,1389116,0.0
2,1389116,0.0
2,1389116,0.0
2,1389116,0.0
1,1389122,0.0
1,1389122,0.0
1,1389122,0.0
1,1389122,0.0
1,1389122,0.0
3,1389148,0.0
3,1389148,0.0
Other,1389253,0.0
3,1389354,0.0
3,1389354,0.0
3,1389354,0.0
1,1389452,0.0
1,1389452,0.0
1,1389452,0.0
1,1389452,0.0
1,1389452,0.0
1,1389452,0.0
1,1389452,0.0
1,1389547,0.0
1,1389547,0.0
1,1389547,0.0
1,1389547,0.0
1,1389696,Other
1,1389696,0.0
1,1389711,0.0
1,1389711,0.0
1,1389711,0.0
1,1389716,0.0
1,1389716,0.0
2,1389725,0.0
2,1389725,0.0
2,1389725,0.0
2,1389725,0.0
1,1389782,0.0
1,1389782,0.0
1,1389782,0.0
1,1389782,0.0
1,1389782,0.0
1,1389782,0.0
1,1389782,0.0
1,1389782,0.0
1,1389782,0.0
1,1389782,0.0
3,1389828,0.0
3,1389828,0.0
3,1389828,0.0
3,1389828,0.0
3,1389828,0.0
3,1389828,0.0
1,1389850,0.0
1,1389850,0.0
1,1389850,0.0
6,1389863,0.0
6,1389864,0.0
Other,1389890,0.0
Other,1389890,0.0
6,1389918,0.0
1,1389963,0.0
1,1389963,0.0
1,1389963,0.0
1,1389963,0.0
Other,1389975,0.0
Other,1389975,0.0
1,1390108,Other
1,1390108,Other
1,1390108,0.0
2,1390114,0.0
2,1390114,0.0
2,1390177,0.0
2,1390177,0.0
2,1390177,0.0
1,1390193,0.0
1,1390193,0.0
1,1390203,0.0
1,1390203,0.0
1,1390203,0.0
1,1390203,0.0
1,1390208,Other
1,1390208,0.0
1,1390287,Other
1,1390287,0.0
1,1390327,0.0
1,1390327,0.0
1,1390327,0.0
1,1390327,0.0
1,1390342,0.0
1,1390342,0.0
1,1390342,0.0
3,1390442,0.0
3,1390442,0.0
3,1390442,0.0
3,1390501,0.0
3,1390501,0.0
Other,1390580,0.0
6,1390589,Other
6,1390650,0.0
6,1390716,0.0
Other,1390717,Other
Other,1390717,Other
3,1390742,0.0
3,1390742,0.0
6,1390748,0.0
6,1390750,Other
3,1390761,0.0
3,1390761,0.0
2,1390772,0.0
2,1390772,0.0
3,1390859,0.0
3,1390859,0.0
3,1390859,0.0
3,1390859,0.0
6,1390949,0.0
1,1390962,Other
1,1390962,0.0
1,1390962,0.0
1,1390962,0.0
1,1390962,0.0
1,1390962,0.0
1,1391006,Other
1,1391006,0.0
3,1391037,0.0
3,1391037,0.0
Other,1391061,0.0
6,1391092,0.0
Other,1391131,0.0
1,1391285,0.0
1,1391285,0.0
1,1391285,0.0
1,1391309,Other
1,1391309,0.0
1,1391309,0.0
1,1391309,0.0
1,1391309,0.0
1,1391309,0.0
1,1391344,0.0
1,1391344,0.0
1,1391344,0.0
1,1391344,0.0
1,1391344,0.0
1,1391344,0.0
1,1391355,0.0
1,1391355,0.0
1,1391355,0.0
1,1391355,0.0
1,1391355,0.0
1,1391360,Other
1,1391360,0.0
1,1391360,0.0
6,1391413,0.0
3,1391465,0.0
3,1391465,0.0
2,1391528,0.0
2,1391528,0.0
1,1391541,0.0
1,1391541,0.0
1,1391541,0.0
1,1391558,0.0
1,1391558,0.0
1,1391674,0.0
1,1391674,0.0
1,1391709,0.0
1,1391709,0.0
1,1391709,0.0
1,1391709,0.0
1,1391732,0.0
1,1391732,0.0
1,1391732,0.0
1,1391732,0.0
6,1391749,0.0
3,1391779,0.0
3,1391779,0.0
3,1391779,0.0
3,1391779,0.0
6,1391796,0.0
1,1391817,0.0
1,1391817,0.0
Other,1391836,0.0
Other,1391836,0.0
Other,1391836,0.0
Other,1391836,0.0
Other,1391886,0.0
Other,1391931,0.0
Other,1391931,0.0
2,1391967,0.0
2,1391967,0.0
2,1391967,0.0
2,1391967,0.0
2,1391967,0.0
2,1391967,0.0
2,1391967,0.0
6,1392033,0.0
Other,1392055,0.0
Other,1392055,0.0
Other,1392055,0.0
1,1392059,0.0
1,1392059,0.0
3,1392111,0.0
3,1392111,0.0
3,1392111,0.0
3,1392204,0.0
3,1392204,0.0
3,1392204,0.0
3,1392229,0.0
3,1392229,0.0
Other,1392245,Other
Other,1392245,Other
3,1392249,0.0
3,1392249,0.0
3,1392249,0.0
Other,1392273,Other
3,1392314,0.0
3,1392314,0.0
3,1392314,0.0
1,1392337,0.0
1,1392337,0.0
1,1392352,Other
1,1392352,0.0
1,1392352,0.0
1,1392352,0.0
6,1392357,0.0
3,1392378,0.0
3,1392378,0.0
3,1392378,0.0
3,1392378,0.0
3,1392378,0.0
6,1392394,0.0
3,1392540,0.0
3,1392540,0.0
3,1392540,0.0
3,1392642,0.0
3,1392642,0.0
6,1392682,0.0
6,1392740,Other
6,1392745,0.0
1,1392751,Other
1,1392751,0.0
1,1392760,0.0
1,1392760,0.0
1,1392839,Other
1,1392839,0.0
1,1392839,0.0
1,1392922,0.0
1,1392922,0.0
1,1392922,0.0
1,1392922,0.0
6,1392926,0.0
Other,1393010,0.0
6,1393011,0.0
1,1393067,0.0
1,1393067,0.0
1,1393067,0.0
Other,1393090,0.0
Other,1393090,0.0
3,1393120,0.0
3,1393120,0.0
3,1393120,0.0
3,1393151,0.0
3,1393151,0.0
1,1393225,0.0
1,1393225,0.0
Other,1393355,0.0
1,1393364,0.0
1,1393364,0.0
1,1393364,0.0
1,1393364,0.0
1,1393389,Other
1,1393389,0.0
1,1393389,0.0
1,1393389,0.0
1,1393389,Other
1,1393389,0.0
1,1393410,0.0
1,1393410,0.0
1,1393424,0.0
1,1393424,0.0
1,1393424,0.0
1,1393497,0.0
1,1393497,Other
1,1393497,0.0
1,1393497,0.0
1,1393497,0.0
3,1393507,0.0
3,1393507,0.0
3,1393507,0.0
Other,1393607,0.0
Other,1393607,0.0
1,1393648,0.0
1,1393648,0.0
1,1393648,0.0
6,1393734,0.0
1,1393925,0.0
1,1393925,0.0
3,1393926,0.0
3,1393926,0.0
3,1393926,0.0
3,1393926,0.0
3,1393926,0.0
1,1393978,0.0
1,1393978,0.0
1,1393978,0.0
1,1393978,0.0
1,1393978,0.0
1,1393978,0.0
1,1394078,0.0
1,1394078,0.0
1,1394078,0.0
1,1394078,0.0
6,1394131,0.0
3,1394267,0.0
3,1394267,0.0
3,1394267,0.0
6,1394295,0.0
2,1394375,0.0
2,1394375,0.0
Other,1394412,Other
3,1394435,0.0
3,1394435,0.0
3,1394435,0.0
3,1394435,0.0
3,1394435,0.0
3,1394475,0.0
3,1394475,0.0
3,1394475,0.0
3,1394475,0.0
3,1394508,0.0
3,1394508,0.0
3,1394508,0.0
3,1394508,0.0
Other,1394537,0.0
1,1394569,0.0
1,1394569,0.0
1,1394569,0.0
1,1394569,0.0
3,1394606,0.0
3,1394606,0.0
6,1394688,0.0
2,1394689,0.0
2,1394689,0.0
2,1394689,0.0
1,1394690,0.0
1,1394690,0.0
1,1394690,0.0
6,1394798,0.0
3,1394907,0.0
3,1394907,0.0
3,1394907,0.0
3,1394907,0.0
3,1394907,0.0
3,1394907,0.0
3,1394907,0.0
3,1394907,0.0
1,1394913,0.0
1,1394913,0.0
1,1394913,0.0
1,1394913,0.0
1,1394913,0.0
1,1394944,0.0
1,1394944,0.0
6,1394993,0.0
Other,1395031,0.0
Other,1395031,Other
6,1395083,Other
2,1395121,0.0
2,1395121,0.0
6,1395225,0.0
1,1395240,Other
1,1395240,0.0
1,1395265,0.0
1,1395265,0.0
1,1395265,0.0
1,1395265,0.0
Other,1395295,0.0
1,1395366,0.0
1,1395366,0.0
1,1395366,0.0
1,1395366,0.0
1,1395366,0.0
3,1395422,0.0
3,1395422,0.0
3,1395422,0.0
3,1395422,0.0
Other,1395431,Other
Other,1395436,Other
1,1395509,0.0
1,1395509,Other
1,1395509,0.0
Other,1395645,0.0
Other,1395645,0.0
Other,1395676,0.0
Other,1395676,0.0
Other,1395676,0.0
1,1395701,0.0
1,1395701,0.0
1,1395701,0.0
1,1395701,0.0
1,1395701,0.0
1,1395701,0.0
1,1395701,0.0
1,1395780,0.0
1,1395780,0.0
1,1395780,0.0
1,1395949,Other
1,1395949,Other
Other,1396009,Other
Other,1396009,0.0
6,1396165,0.0
3,1396220,0.0
3,1396220,0.0
3,1396220,0.0
3,1396220,0.0
1,1396272,0.0
1,1396272,0.0
1,1396302,0.0
1,1396302,0.0
1,1396302,0.0
1,1396302,0.0
1,1396302,0.0
1,1396327,0.0
1,1396327,0.0
1,1396327,0.0
1,1396327,0.0
1,1396339,0.0
1,1396339,0.0
1,1396339,0.0
1,1396339,0.0
1,1396355,Other
1,1396355,0.0
1,1396355,0.0
1,1396355,0.0
1,1396355,0.0
1,1396355,0.0
1,1396355,0.0
1,1396360,Other
1,1396360,Other
1,1396360,0.0
1,1396400,0.0
1,1396400,0.0
1,1396508,0.0
1,1396508,0.0
1,1396508,0.0
1,1396553,Other
1,1396553,0.0
1,1396553,0.0
1,1396609,0.0
1,1396609,0.0
1,1396609,0.0
1,1396609,0.0
6,1396620,0.0
3,1396643,0.0
3,1396643,0.0
3,1396643,0.0
1,1396657,0.0
1,1396657,0.0
1,1396657,0.0
1,1396657,0.0
Other,1396664,0.0
Other,1396664,0.0
1,1396739,Other
1,1396739,0.0
Other,1396832,Other
Other,1397054,0.0
1,1397062,0.0
1,1397062,0.0
1,1397062,0.0
1,1397062,0.0
1,1397102,0.0
1,1397102,0.0
1,1397102,0.0
1,1397102,0.0
Other,1397130,0.0
1,1397164,0.0
1,1397164,0.0
6,1397176,0.0
3,1397315,Other
3,1397315,0.0
1,1397327,Other
1,1397327,0.0
1,1397327,0.0
1,1397327,0.0
1,1397327,0.0
1,1397327,0.0
1,1397327,0.0
1,1397327,0.0
6,1397400,0.0
6,1397597,0.0
1,1397680,0.0
1,1397680,0.0
1,1397680,0.0
1,1397680,0.0
3,1397704,0.0
3,1397704,0.0
3,1397704,0.0
3,1397704,0.0
2,1397816,Other
2,1397816,0.0
6,1397882,0.0
1,1398020,0.0
1,1398020,0.0
1,1398020,0.0
1,1398020,0.0
1,1398020,0.0
1,1398020,0.0
3,1398176,0.0
3,1398176,0.0
1,1398234,0.0
1,1398234,0.0
1,1398285,0.0
1,1398285,0.0
6,1398336,0.0
6,1398374,Other
Other,1398491,0.0
1,1398504,0.0
1,1398504,0.0
1,1398504,0.0
6,1398523,0.0
3,1398526,0.0
3,1398526,0.0
3,1398526,0.0
3,1398526,0.0
3,1398526,0.0
Other,1398539,0.0
1,1398645,0.0
1,1398645,0.0
6,1398652,0.0
1,1398795,0.0
1,1398795,0.0
1,1398795,0.0
1,1398795,0.0
1,1398827,0.0
1,1398827,0.0
1,1398843,0.0
1,1398843,0.0
6,1398942,0.0
1,1399015,0.0
1,1399015,0.0
6,1399028,Other
6,1399124,0.0
1,1399128,Other
1,1399128,Other
1,1399135,Other
1,1399135,Other
1,1399135,0.0
Other,1399191,Other
6,1399376,0.0
Other,1399503,Other
1,1399541,Other
1,1399541,Other
1,1399541,0.0
1,1399541,0.0
1,1399549,0.0
1,1399549,0.0
Other,1399628,Other
3,1399668,0.0
3,1399668,0.0
6,1399693,Other
3,1399792,Other
3,1399792,0.0
3,1399792,0.0
1,1399795,0.0
1,1399795,0.0
1,1399795,0.0
1,1399795,0.0
1,1399795,0.0
1,1399795,0.0
6,1399821,0.0
1,1399849,0.0
1,1399849,0.0
1,1399849,0.0
1,1399849,0.0
1,1399849,0.0
1,1399849,0.0
1,1399849,0.0
1,1399849,0.0
1,1399849,0.0
1,1399849,0.0
1,1399849,0.0
3,1399863,Other
3,1399863,Other
1,1399909,0.0
1,1399909,0.0
1,1399909,0.0
1,1399909,0.0
1,1399909,0.0
1,1399935,0.0
1,1399935,0.0
1,1400009,0.0
1,1400009,0.0
6,1400020,0.0
1,1400030,0.0
1,1400030,0.0
1,1400030,0.0
6,1400050,0.0
1,1400141,0.0
1,1400141,0.0
1,1400141,0.0
1,1400141,0.0
1,1400141,0.0
1,1400141,0.0
1,1400141,0.0
1,1400223,0.0
1,1400223,0.0
1,1400223,0.0
1,1400223,0.0
3,1400232,0.0
3,1400232,0.0
3,1400232,0.0
1,1400244,Other
1,1400244,0.0
1,1400244,0.0
1,1400244,0.0
3,1400262,0.0
3,1400262,0.0
3,1400262,0.0
6,1400351,Other
6,1400411,0.0
Other,1400463,0.0
3,1400505,Other
3,1400505,Other
3,1400505,0.0
3,1400505,0.0
3,1400505,0.0
3,1400505,0.0
6,1400518,0.0
1,1400532,0.0
1,1400532,0.0
6,1400618,0.0
1,1400654,0.0
1,1400654,0.0
1,1400654,0.0
1,1400654,0.0
6,1400770,Other
6,1400828,0.0
1,1400899,0.0
1,1400899,0.0
6,1400902,Other
1,1400909,0.0
1,1400909,0.0
1,1400909,0.0
1,1400909,0.0
1,1400909,0.0
1,1400909,0.0
3,1400910,0.0
3,1400910,0.0
3,1400910,0.0
1,1400922,0.0
1,1400922,0.0
1,1400922,0.0
2,1400927,0.0
2,1400927,0.0
2,1400927,0.0
