Hospitalizations - Total,Cases - Total,Deaths - Total,Date
58.0,788.0,12.0,01/20/2021
32.0,369.0,2.0,08/04/2020
7.0,178.0,0.0,05/08/2023
10.0,96.0,1.0,05/19/2023
178.0,990.0,40.0,04/20/2020
26.0,365.0,1.0,10/13/2022
12.0,120.0,1.0,04/21/2023
24.0,92.0,1.0,01/14/2024
40.0,527.0,0.0,07/17/2022
48.0,736.0,12.0,01/22/2021
18.0,213.0,9.0,02/20/2021
60.0,883.0,5.0,10/24/2020
15.0,186.0,5.0,02/25/2022
109.0,968.0,49.0,05/15/2020
50.0,458.0,20.0,05/29/2020
17.0,151.0,0.0,02/19/2024
44.0,356.0,4.0,12/18/2022
34.0,518.0,2.0,07/24/2022
22.0,327.0,5.0,03/08/2021
22.0,357.0,6.0,02/26/2021
43.0,492.0,3.0,01/11/2023
6.0,51.0,1.0,05/29/2023
29.0,263.0,13.0,02/06/2021
24.0,382.0,2.0,08/27/2020
40.0,731.0,3.0,03/29/2021
22.0,266.0,13.0,07/01/2020
16.0,178.0,0.0,03/17/2022
34.0,419.0,12.0,01/30/2021
14.0,59.0,1.0,06/06/2023
154.0,570.0,32.0,04/10/2020
16.0,100.0,7.0,06/02/2021
54.0,745.0,0.0,12/07/2022
33.0,286.0,5.0,05/18/2021
38.0,1211.0,0.0,06/02/2022
30.0,403.0,1.0,10/19/2022
8.0,32.0,0.0,03/13/2020
17.0,149.0,4.0,02/28/2021
17.0,339.0,3.0,07/30/2020
30.0,442.0,5.0,10/10/2020
81.0,1384.0,25.0,12/16/2020
128.0,283.0,20.0,03/29/2020
32.0,410.0,4.0,03/27/2021
39.0,425.0,14.0,01/30/2022
22.0,324.0,3.0,07/14/2020
30.0,547.0,2.0,08/26/2022
42.0,753.0,3.0,12/08/2022
11.0,217.0,0.0,07/21/2021
7.0,143.0,0.0,05/01/2023
112.0,2927.0,18.0,11/12/2020
30.0,181.0,3.0,01/14/2023
25.0,451.0,1.0,07/31/2022
11.0,85.0,1.0,08/13/2023
21.0,406.0,5.0,09/24/2020
19.0,264.0,2.0,03/23/2023
29.0,538.0,5.0,09/01/2021
17.0,406.0,2.0,09/26/2022
37.0,219.0,15.0,06/19/2020
26.0,413.0,3.0,09/29/2021
49.0,1165.0,3.0,10/19/2020
18.0,196.0,3.0,11/07/2023
30.0,856.0,2.0,06/23/2022
5.0,28.0,5.0,06/13/2021
16.0,177.0,3.0,08/08/2020
33.0,388.0,3.0,08/26/2020
8.0,120.0,0.0,07/17/2021
15.0,173.0,0.0,08/15/2023
6.0,58.0,0.0,08/05/2023
27.0,367.0,2.0,09/27/2022
139.0,1173.0,39.0,05/01/2020
49.0,947.0,6.0,04/05/2021
29.0,337.0,4.0,07/13/2020
24.0,381.0,1.0,10/04/2022
21.0,395.0,2.0,09/04/2020
44.0,658.0,7.0,09/08/2021
90.0,1381.0,17.0,01/07/2021
42.0,605.0,6.0,08/25/2021
11.0,136.0,0.0,09/12/2020
63.0,1307.0,4.0,10/22/2020
26.0,264.0,3.0,06/30/2020
8.0,599.0,0.0,04/06/2022
71.0,655.0,8.0,04/21/2021
28.0,374.0,3.0,11/21/2021
139.0,3352.0,14.0,11/10/2020
19.0,430.0,3.0,09/14/2020
110.0,2637.0,6.0,11/05/2020
26.0,228.0,3.0,09/25/2021
64.0,548.0,6.0,05/03/2021
22.0,222.0,8.0,02/13/2021
55.0,1089.0,12.0,01/12/2021
20.0,162.0,1.0,11/01/2023
15.0,530.0,0.0,04/30/2022
5.0,36.0,1.0,06/16/2021
37.0,423.0,2.0,01/30/2023
6.0,51.0,0.0,04/01/2024
33.0,387.0,0.0,10/12/2022
5.0,18.0,1.0,07/04/2021
155.0,404.0,8.0,03/27/2020
19.0,313.0,2.0,10/07/2022
45.0,529.0,1.0,09/02/2022
13.0,204.0,1.0,08/22/2023
18.0,242.0,0.0,11/14/2023
101.0,289.0,3.0,03/23/2020
67.0,872.0,10.0,12/11/2021
18.0,370.0,2.0,10/29/2021
10.0,335.0,0.0,03/14/2023
28.0,207.0,0.0,12/03/2023
19.0,407.0,3.0,01/24/2023
61.0,1016.0,4.0,10/23/2020
50.0,939.0,0.0,06/21/2022
29.0,583.0,0.0,11/07/2022
48.0,385.0,13.0,02/08/2021
27.0,485.0,1.0,02/15/2023
10.0,81.0,4.0,03/06/2022
27.0,364.0,1.0,10/05/2022
6.0,59.0,0.0,07/12/2023
18.0,393.0,0.0,02/14/2023
7.0,106.0,1.0,02/26/2022
17.0,173.0,0.0,05/11/2023
65.0,860.0,6.0,04/08/2021
18.0,168.0,2.0,02/04/2023
40.0,349.0,0.0,11/26/2022
48.0,525.0,0.0,01/03/2023
27.0,213.0,1.0,09/05/2022
148.0,774.0,43.0,04/17/2020
160.0,534.0,39.0,04/18/2020
14.0,182.0,3.0,10/08/2022
14.0,39.0,2.0,06/11/2021
39.0,608.0,9.0,02/01/2021
125.0,877.0,45.0,05/13/2020
51.0,899.0,3.0,07/08/2022
32.0,389.0,1.0,10/18/2022
49.0,762.0,2.0,08/22/2022
23.0,115.0,0.0,09/17/2023
12.0,148.0,0.0,04/05/2023
132.0,968.0,44.0,05/06/2020
31.0,218.0,9.0,06/22/2020
116.0,2070.0,30.0,12/03/2020
30.0,395.0,5.0,02/28/2023
68.0,858.0,4.0,04/06/2021
12.0,162.0,2.0,03/03/2022
37.0,194.0,0.0,12/10/2023
33.0,412.0,8.0,02/09/2021
16.0,170.0,0.0,10/16/2023
131.0,778.0,45.0,05/14/2020
19.0,133.0,0.0,09/04/2023
27.0,1470.0,1.0,05/12/2022
4.0,87.0,0.0,04/22/2023
31.0,289.0,1.0,07/21/2020
14.0,145.0,1.0,05/09/2023
7.0,46.0,0.0,06/12/2023
22.0,176.0,0.0,01/28/2023
14.0,176.0,1.0,10/25/2023
137.0,3227.0,14.0,11/09/2020
25.0,341.0,4.0,07/07/2020
51.0,508.0,1.0,12/28/2022
128.0,2187.0,36.0,12/01/2020
2.0,39.0,0.0,07/08/2023
35.0,185.0,2.0,03/19/2020
48.0,221.0,4.0,03/21/2021
33.0,575.0,2.0,07/09/2022
47.0,717.0,4.0,03/31/2021
28.0,423.0,0.0,02/23/2023
3.0,36.0,0.0,06/03/2023
5.0,59.0,1.0,04/23/2023
13.0,397.0,0.0,04/08/2022
27.0,204.0,2.0,10/01/2022
147.0,1053.0,45.0,04/22/2020
13.0,130.0,5.0,06/27/2020
28.0,192.0,2.0,12/09/2023
13.0,132.0,1.0,10/30/2023
32.0,171.0,6.0,05/26/2021
40.0,285.0,0.0,11/27/2022
34.0,506.0,4.0,08/09/2021
25.0,128.0,3.0,05/25/2021
18.0,120.0,3.0,08/16/2020
36.0,423.0,3.0,03/18/2021
12.0,143.0,0.0,10/17/2023
37.0,577.0,12.0,02/07/2022
28.0,438.0,1.0,01/20/2023
2.0,3.0,0.0,03/06/2020
29.0,592.0,2.0,11/10/2021
32.0,682.0,6.0,03/24/2021
51.0,1171.0,2.0,11/30/2021
12.0,148.0,2.0,09/22/2023
22.0,386.0,4.0,08/11/2020
7.0,204.0,4.0,10/24/2021
36.0,337.0,4.0,02/24/2021
28.0,1343.0,2.0,05/18/2022
32.0,496.0,3.0,08/04/2021
13.0,145.0,0.0,10/11/2023
43.0,278.0,7.0,05/19/2021
6.0,133.0,1.0,10/04/2023
61.0,1285.0,10.0,12/08/2021
14.0,132.0,4.0,07/18/2020
17.0,211.0,0.0,09/11/2022
21.0,194.0,1.0,09/18/2022
4.0,53.0,0.0,07/17/2023
14.0,152.0,1.0,04/28/2023
3.0,44.0,1.0,07/23/2023
48.0,619.0,21.0,12/24/2020
17.0,72.0,1.0,09/07/2020
34.0,363.0,3.0,10/25/2021
25.0,381.0,6.0,09/29/2020
21.0,95.0,3.0,08/02/2020
39.0,1038.0,3.0,07/25/2022
40.0,142.0,0.0,12/25/2023
3.0,3.0,0.0,03/07/2020
34.0,617.0,6.0,11/12/2021
11.0,84.0,1.0,09/30/2023
30.0,300.0,4.0,10/11/2020
37.0,823.0,1.0,07/22/2022
7.0,92.0,1.0,03/01/2024
9.0,96.0,1.0,07/28/2023
80.0,1338.0,17.0,12/22/2020
68.0,168.0,2.0,03/22/2020
47.0,531.0,7.0,04/29/2021
48.0,363.0,1.0,01/02/2024
22.0,291.0,6.0,03/05/2021
8.0,60.0,1.0,06/22/2023
55.0,237.0,21.0,05/30/2020
73.0,1208.0,6.0,12/06/2021
8.0,42.0,0.0,03/17/2024
47.0,372.0,1.0,08/21/2021
7.0,139.0,2.0,07/14/2021
29.0,282.0,5.0,07/06/2020
46.0,644.0,2.0,08/11/2022
13.0,198.0,0.0,02/28/2022
118.0,350.0,2.0,03/24/2020
9.0,31.0,0.0,03/14/2020
5.0,243.0,1.0,03/24/2022
16.0,257.0,2.0,03/13/2021
30.0,227.0,3.0,10/03/2020
13.0,208.0,1.0,09/13/2023
9.0,103.0,0.0,07/12/2021
20.0,468.0,0.0,02/01/2023
7.0,133.0,0.0,07/15/2021
8.0,150.0,2.0,03/18/2022
33.0,220.0,0.0,01/11/2024
23.0,328.0,9.0,02/11/2022
115.0,638.0,38.0,04/25/2020
41.0,566.0,5.0,03/23/2021
43.0,592.0,3.0,08/26/2021
25.0,329.0,1.0,03/20/2023
27.0,488.0,10.0,02/09/2022
50.0,346.0,7.0,05/17/2021
30.0,546.0,5.0,08/19/2021
42.0,811.0,1.0,08/04/2022
72.0,579.0,4.0,04/22/2021
19.0,322.0,2.0,10/19/2021
3.0,36.0,0.0,07/01/2023
26.0,324.0,3.0,07/17/2020
32.0,321.0,6.0,09/11/2021
51.0,677.0,4.0,04/13/2021
117.0,2326.0,17.0,11/18/2020
46.0,612.0,4.0,12/27/2022
23.0,353.0,6.0,09/24/2021
9.0,203.0,0.0,05/02/2023
26.0,245.0,9.0,06/24/2020
34.0,154.0,9.0,05/16/2021
18.0,165.0,0.0,10/19/2023
24.0,138.0,0.0,03/05/2023
25.0,241.0,1.0,11/06/2022
49.0,230.0,14.0,05/02/2021
22.0,292.0,2.0,03/03/2023
18.0,236.0,0.0,03/22/2023
59.0,656.0,6.0,04/16/2021
30.0,450.0,1.0,08/13/2022
31.0,357.0,13.0,02/12/2021
55.0,668.0,6.0,11/24/2021
20.0,305.0,4.0,02/17/2022
28.0,536.0,0.0,05/29/2022
62.0,1454.0,13.0,01/06/2021
27.0,290.0,1.0,01/16/2023
63.0,1058.0,8.0,12/02/2021
44.0,517.0,13.0,11/26/2021
27.0,369.0,2.0,09/21/2022
27.0,227.0,6.0,02/12/2022
23.0,428.0,3.0,10/04/2021
42.0,273.0,15.0,06/08/2020
25.0,495.0,1.0,11/04/2021
30.0,238.0,0.0,01/08/2023
18.0,180.0,4.0,03/14/2021
44.0,592.0,16.0,01/29/2021
23.0,239.0,1.0,10/31/2021
23.0,120.0,18.0,06/13/2020
30.0,569.0,9.0,02/08/2022
39.0,162.0,1.0,03/18/2020
50.0,763.0,1.0,12/05/2022
26.0,850.0,3.0,10/14/2020
100.0,520.0,53.0,05/09/2020
83.0,2053.0,35.0,12/08/2020
10.0,133.0,0.0,08/10/2023
133.0,2011.0,32.0,01/17/2022
17.0,110.0,0.0,09/10/2023
8.0,42.0,0.0,06/23/2023
19.0,186.0,1.0,04/06/2023
25.0,203.0,0.0,01/21/2023
5.0,38.0,0.0,06/10/2023
33.0,364.0,4.0,07/22/2020
168.0,1157.0,35.0,04/27/2020
26.0,288.0,8.0,03/04/2021
25.0,1269.0,1.0,05/02/2022
5.0,173.0,1.0,03/27/2022
34.0,343.0,5.0,09/04/2021
17.0,203.0,1.0,07/19/2021
38.0,171.0,17.0,01/31/2021
37.0,147.0,3.0,01/01/2023
29.0,268.0,5.0,07/31/2021
20.0,190.0,5.0,09/25/2022
13.0,224.0,1.0,07/22/2021
38.0,683.0,1.0,11/19/2021
116.0,2167.0,17.0,11/19/2020
78.0,955.0,19.0,12/26/2020
128.0,2489.0,9.0,11/11/2020
52.0,275.0,11.0,04/25/2021
32.0,468.0,2.0,01/17/2023
7.0,21.0,0.0,03/12/2020
8.0,117.0,0.0,10/05/2023
19.0,265.0,0.0,02/03/2023
39.0,531.0,4.0,08/10/2021
32.0,318.0,8.0,02/19/2021
30.0,442.0,2.0,10/03/2022
160.0,464.0,24.0,04/03/2020
3.0,0.0,0.0,03/03/2020
20.0,365.0,0.0,02/10/2023
102.0,514.0,28.0,05/16/2020
25.0,341.0,3.0,09/03/2020
32.0,350.0,3.0,12/14/2023
36.0,580.0,11.0,02/04/2022
16.0,95.0,7.0,06/03/2021
43.0,375.0,1.0,12/04/2022
104.0,1400.0,16.0,11/14/2020
12.0,95.0,0.0,10/14/2023
32.0,221.0,0.0,11/09/2023
22.0,485.0,5.0,08/19/2020
44.0,642.0,0.0,08/12/2022
33.0,284.0,7.0,08/22/2021
140.0,939.0,49.0,05/07/2020
24.0,200.0,0.0,09/18/2023
91.0,2173.0,12.0,12/13/2021
30.0,319.0,15.0,06/04/2020
29.0,430.0,0.0,09/20/2022
14.0,211.0,0.0,08/21/2023
66.0,659.0,20.0,01/03/2021
24.0,406.0,7.0,09/22/2021
97.0,326.0,41.0,05/17/2020
194.0,556.0,25.0,04/07/2020
19.0,451.0,0.0,02/08/2023
19.0,329.0,2.0,09/10/2020
23.0,307.0,1.0,03/16/2023
152.0,694.0,32.0,04/13/2020
30.0,547.0,1.0,03/22/2021
61.0,493.0,3.0,11/28/2021
6.0,43.0,0.0,06/08/2023
10.0,35.0,2.0,06/18/2021
12.0,163.0,2.0,03/08/2022
46.0,911.0,1.0,08/08/2022
26.0,489.0,3.0,08/17/2020
33.0,487.0,6.0,09/20/2021
26.0,279.0,4.0,09/06/2021
98.0,306.0,38.0,05/10/2020
2.0,60.0,0.0,06/20/2023
128.0,434.0,51.0,04/26/2020
29.0,219.0,13.0,06/26/2020
25.0,256.0,6.0,07/02/2020
11.0,200.0,0.0,04/25/2023
129.0,1017.0,38.0,05/11/2020
43.0,691.0,2.0,08/17/2022
171.0,873.0,36.0,04/21/2020
19.0,168.0,4.0,02/13/2022
66.0,715.0,14.0,01/18/2021
127.0,2374.0,19.0,11/23/2020
19.0,352.0,1.0,03/08/2023
6.0,56.0,0.0,06/02/2023
7.0,85.0,0.0,05/31/2023
151.0,574.0,25.0,04/09/2020
160.0,489.0,16.0,03/31/2020
123.0,940.0,46.0,05/12/2020
16.0,188.0,2.0,08/23/2023
10.0,108.0,1.0,05/17/2023
27.0,318.0,2.0,08/07/2021
10.0,187.0,3.0,07/20/2021
38.0,540.0,3.0,08/27/2021
59.0,1215.0,6.0,12/01/2021
7.0,67.0,4.0,03/25/2024
36.0,475.0,6.0,09/27/2021
4.0,11.0,0.0,03/10/2020
25.0,391.0,6.0,09/23/2020
35.0,626.0,3.0,08/13/2021
9.0,155.0,1.0,07/16/2021
53.0,685.0,0.0,11/30/2022
12.0,163.0,2.0,03/10/2022
7.0,319.0,1.0,04/10/2022
63.0,826.0,13.0,12/12/2021
46.0,469.0,9.0,04/03/2021
16.0,166.0,0.0,10/09/2022
22.0,139.0,4.0,05/28/2021
26.0,204.0,4.0,10/03/2021
19.0,356.0,4.0,09/18/2020
7.0,69.0,2.0,07/11/2021
13.0,118.0,2.0,03/04/2022
28.0,348.0,3.0,07/28/2021
22.0,160.0,1.0,01/29/2023
17.0,108.0,6.0,09/20/2020
30.0,479.0,2.0,08/05/2021
26.0,468.0,0.0,02/22/2023
96.0,2807.0,14.0,12/14/2021
15.0,530.0,0.0,04/12/2022
29.0,259.0,2.0,03/24/2023
10.0,93.0,1.0,03/05/2022
31.0,110.0,20.0,06/07/2020
23.0,89.0,7.0,05/29/2021
27.0,277.0,6.0,03/20/2021
73.0,733.0,6.0,11/01/2020
13.0,159.0,0.0,04/19/2023
38.0,571.0,3.0,09/08/2022
14.0,221.0,0.0,08/30/2023
24.0,417.0,2.0,08/07/2020
18.0,240.0,10.0,02/21/2022
23.0,422.0,3.0,08/20/2020
29.0,592.0,2.0,08/12/2021
26.0,309.0,4.0,09/18/2021
26.0,160.0,0.0,02/25/2023
2.0,45.0,0.0,06/28/2023
4.0,186.0,6.0,03/01/2022
4.0,35.0,3.0,06/25/2021
47.0,338.0,16.0,01/24/2021
7.0,111.0,0.0,08/03/2023
6.0,47.0,0.0,06/23/2021
35.0,941.0,2.0,07/14/2022
25.0,391.0,0.0,09/17/2020
65.0,856.0,11.0,01/25/2021
53.0,582.0,17.0,01/29/2022
18.0,398.0,0.0,04/24/2022
22.0,358.0,4.0,02/15/2022
25.0,158.0,9.0,02/21/2021
28.0,240.0,0.0,11/12/2022
9.0,57.0,2.0,05/14/2023
93.0,771.0,29.0,05/20/2020
166.0,666.0,33.0,04/14/2020
28.0,428.0,3.0,08/03/2020
140.0,397.0,33.0,04/11/2020
10.0,106.0,0.0,08/12/2023
22.0,429.0,2.0,02/02/2023
2.0,80.0,0.0,07/19/2023
3.0,5.0,0.0,03/09/2020
29.0,386.0,7.0,11/13/2021
70.0,521.0,22.0,05/28/2020
8.0,37.0,0.0,05/21/2023
84.0,1203.0,13.0,12/05/2020
21.0,369.0,1.0,09/08/2020
27.0,478.0,2.0,02/27/2023
38.0,514.0,4.0,09/09/2021
8.0,87.0,0.0,07/27/2023
37.0,437.0,0.0,11/18/2022
24.0,614.0,2.0,10/24/2022
28.0,388.0,0.0,01/26/2023
24.0,308.0,1.0,03/28/2023
48.0,247.0,25.0,06/02/2020
49.0,569.0,1.0,11/01/2022
65.0,1114.0,21.0,01/02/2021
30.0,514.0,1.0,06/25/2022
47.0,743.0,2.0,08/16/2022
37.0,962.0,1.0,08/02/2022
15.0,97.0,4.0,07/12/2020
24.0,233.0,4.0,08/29/2020
13.0,771.0,1.0,04/18/2022
14.0,90.0,0.0,04/02/2023
25.0,232.0,0.0,10/22/2022
44.0,819.0,3.0,12/19/2022
23.0,337.0,5.0,10/21/2021
25.0,353.0,1.0,10/18/2021
40.0,851.0,3.0,06/20/2022
24.0,336.0,5.0,03/03/2021
69.0,1083.0,19.0,01/19/2021
33.0,488.0,0.0,11/22/2022
31.0,374.0,5.0,10/06/2021
25.0,411.0,1.0,08/18/2020
27.0,505.0,3.0,09/14/2022
18.0,215.0,3.0,08/01/2021
5.0,54.0,1.0,07/03/2023
60.0,1444.0,24.0,12/30/2020
28.0,92.0,12.0,06/14/2020
20.0,349.0,4.0,08/06/2020
91.0,328.0,30.0,05/23/2020
3.0,53.0,0.0,06/29/2023
68.0,581.0,30.0,12/20/2020
4.0,27.0,0.0,07/04/2023
19.0,96.0,0.0,04/15/2023
104.0,2323.0,15.0,11/02/2020
17.0,39.0,2.0,06/10/2021
65.0,614.0,26.0,05/27/2020
47.0,389.0,2.0,01/02/2023
17.0,323.0,1.0,07/29/2021
19.0,1088.0,0.0,05/05/2022
19.0,1294.0,1.0,05/03/2022
21.0,247.0,0.0,09/17/2022
2.0,0.0,0.0,03/01/2020
10.0,170.0,3.0,03/09/2022
25.0,339.0,0.0,09/23/2022
51.0,620.0,3.0,12/02/2022
15.0,197.0,0.0,07/24/2021
79.0,853.0,24.0,12/19/2020
22.0,387.0,0.0,03/07/2023
44.0,852.0,3.0,07/15/2022
112.0,943.0,33.0,05/18/2020
28.0,417.0,5.0,01/12/2023
45.0,943.0,18.0,01/31/2022
8.0,122.0,0.0,05/16/2023
29.0,229.0,0.0,03/31/2023
32.0,622.0,5.0,07/23/2022
29.0,413.0,2.0,08/31/2020
25.0,311.0,0.0,03/09/2023
16.0,121.0,1.0,02/11/2024
63.0,666.0,27.0,01/23/2022
52.0,155.0,0.0,03/20/2020
77.0,749.0,23.0,05/26/2020
16.0,176.0,0.0,10/16/2022
29.0,354.0,1.0,03/11/2021
4.0,52.0,3.0,06/15/2021
7.0,3.0,0.0,03/08/2020
30.0,547.0,2.0,06/18/2022
9.0,240.0,1.0,03/25/2022
24.0,209.0,1.0,09/14/2023
199.0,4455.0,11.0,12/26/2021
25.0,184.0,1.0,02/07/2024
98.0,780.0,15.0,11/22/2020
82.0,1871.0,4.0,10/30/2020
34.0,464.0,1.0,01/18/2023
5.0,48.0,0.0,06/19/2023
36.0,254.0,23.0,06/09/2020
87.0,1887.0,4.0,10/29/2020
35.0,386.0,0.0,08/27/2022
82.0,1066.0,10.0,10/31/2020
30.0,329.0,7.0,03/02/2021
43.0,506.0,1.0,11/21/2022
13.0,96.0,0.0,03/05/2024
167.0,1466.0,36.0,04/23/2020
22.0,474.0,3.0,08/02/2021
3.0,27.0,0.0,06/18/2023
19.0,173.0,0.0,09/27/2023
7.0,58.0,2.0,07/05/2021
23.0,143.0,9.0,02/14/2021
36.0,388.0,2.0,08/14/2022
12.0,166.0,3.0,03/07/2022
38.0,558.0,3.0,08/17/2021
104.0,2065.0,35.0,12/07/2020
10.0,94.0,0.0,03/13/2024
40.0,121.0,22.0,05/31/2020
1.0,0.0,0.0,03/02/2020
20.0,190.0,0.0,03/04/2023
18.0,405.0,3.0,09/02/2020
26.0,412.0,4.0,08/25/2020
15.0,644.0,0.0,04/13/2022
17.0,116.0,0.0,09/23/2023
110.0,1757.0,28.0,12/09/2020
121.0,1923.0,17.0,11/24/2020
27.0,589.0,2.0,06/05/2022
32.0,564.0,3.0,08/20/2021
9.0,75.0,2.0,03/03/2024
30.0,327.0,2.0,12/23/2022
36.0,466.0,0.0,10/26/2022
13.0,199.0,1.0,08/31/2023
30.0,438.0,3.0,03/02/2023
35.0,692.0,5.0,11/15/2021
50.0,674.0,2.0,08/23/2022
29.0,635.0,1.0,05/21/2022
13.0,535.0,0.0,05/01/2022
21.0,258.0,7.0,02/15/2021
50.0,1002.0,4.0,07/19/2022
38.0,551.0,0.0,11/10/2022
39.0,504.0,1.0,11/15/2022
12.0,146.0,1.0,02/26/2024
20.0,757.0,2.0,04/29/2022
90.0,1223.0,21.0,12/23/2020
43.0,974.0,0.0,07/13/2022
17.0,191.0,2.0,08/22/2020
17.0,887.0,1.0,04/19/2022
20.0,681.0,0.0,04/21/2022
1.0,56.0,0.0,07/13/2023
87.0,1355.0,16.0,01/11/2021
61.0,331.0,1.0,12/10/2022
17.0,99.0,2.0,02/04/2024
55.0,399.0,9.0,05/06/2021
14.0,87.0,1.0,10/15/2023
26.0,383.0,4.0,08/28/2020
81.0,1507.0,20.0,01/24/2022
15.0,216.0,0.0,04/04/2023
114.0,3649.0,9.0,12/17/2021
45.0,437.0,2.0,11/25/2022
3.0,56.0,1.0,07/14/2023
35.0,361.0,1.0,10/14/2021
155.0,3073.0,21.0,01/14/2022
19.0,302.0,1.0,07/27/2021
37.0,526.0,19.0,02/03/2022
5.0,352.0,0.0,03/28/2022
14.0,349.0,9.0,03/12/2021
104.0,1856.0,32.0,12/04/2020
43.0,525.0,10.0,10/25/2020
98.0,921.0,43.0,05/08/2020
121.0,2789.0,10.0,11/06/2020
13.0,531.0,1.0,04/05/2022
13.0,176.0,0.0,09/08/2023
28.0,970.0,0.0,06/22/2022
43.0,1649.0,1.0,05/31/2022
29.0,184.0,14.0,06/18/2020
29.0,408.0,0.0,02/24/2023
108.0,1833.0,18.0,11/25/2020
33.0,192.0,3.0,12/31/2023
32.0,844.0,1.0,08/29/2022
129.0,248.0,4.0,03/28/2020
22.0,153.0,1.0,01/15/2024
19.0,362.0,1.0,07/27/2020
25.0,415.0,4.0,10/02/2020
26.0,347.0,3.0,08/14/2020
48.0,577.0,3.0,09/07/2021
36.0,777.0,0.0,08/30/2022
12.0,143.0,0.0,08/18/2023
63.0,438.0,6.0,04/17/2021
42.0,271.0,8.0,05/08/2021
28.0,258.0,3.0,11/05/2022
34.0,982.0,1.0,06/09/2022
11.0,139.0,0.0,09/02/2023
113.0,1703.0,19.0,12/10/2020
13.0,442.0,1.0,08/03/2021
17.0,256.0,0.0,03/30/2023
28.0,201.0,10.0,06/11/2020
23.0,237.0,4.0,10/02/2021
47.0,647.0,6.0,02/02/2021
58.0,864.0,5.0,04/12/2021
44.0,529.0,7.0,08/31/2021
21.0,239.0,4.0,10/09/2021
11.0,226.0,0.0,08/25/2023
29.0,179.0,1.0,01/22/2023
29.0,232.0,12.0,06/10/2020
62.0,495.0,18.0,01/10/2021
33.0,329.0,1.0,12/06/2023
52.0,538.0,9.0,02/04/2021
28.0,376.0,1.0,08/10/2020
6.0,120.0,2.0,03/20/2022
87.0,1736.0,9.0,10/28/2020
54.0,644.0,2.0,08/23/2021
12.0,103.0,2.0,07/13/2021
5.0,35.0,0.0,07/15/2023
7.0,56.0,0.0,07/30/2023
32.0,641.0,1.0,09/01/2022
22.0,129.0,1.0,01/01/2024
15.0,58.0,7.0,06/06/2021
13.0,87.0,1.0,03/11/2024
36.0,467.0,2.0,11/17/2022
29.0,419.0,2.0,09/28/2020
50.0,557.0,8.0,04/10/2021
115.0,1373.0,17.0,11/28/2020
18.0,253.0,1.0,04/10/2023
34.0,379.0,3.0,09/25/2020
59.0,352.0,4.0,05/01/2021
19.0,154.0,2.0,07/11/2020
14.0,73.0,0.0,10/08/2023
7.0,135.0,1.0,10/31/2023
21.0,203.0,3.0,09/05/2020
31.0,331.0,1.0,09/03/2022
46.0,405.0,6.0,08/14/2021
18.0,332.0,3.0,07/28/2020
102.0,265.0,23.0,11/26/2020
28.0,328.0,2.0,10/10/2022
34.0,487.0,1.0,07/30/2022
48.0,1005.0,2.0,07/20/2022
14.0,130.0,1.0,04/01/2023
9.0,107.0,1.0,10/22/2023
22.0,207.0,2.0,10/15/2022
42.0,733.0,2.0,11/17/2021
15.0,100.0,0.0,03/04/2024
34.0,436.0,3.0,11/01/2021
180.0,461.0,24.0,04/01/2020
5.0,27.0,1.0,06/20/2021
5.0,76.0,0.0,07/08/2021
25.0,241.0,1.0,11/21/2023
4.0,27.0,1.0,06/24/2023
10.0,181.0,0.0,09/28/2023
7.0,62.0,1.0,06/05/2023
42.0,333.0,2.0,12/05/2023
5.0,49.0,0.0,07/10/2021
155.0,1091.0,58.0,05/05/2020
91.0,3590.0,10.0,12/15/2021
7.0,82.0,1.0,07/09/2021
28.0,306.0,4.0,07/08/2020
11.0,94.0,2.0,03/14/2024
42.0,275.0,2.0,12/08/2023
142.0,2738.0,30.0,01/18/2022
63.0,233.0,20.0,06/01/2020
16.0,343.0,3.0,10/26/2021
121.0,2389.0,23.0,11/30/2020
31.0,519.0,8.0,11/03/2021
30.0,440.0,2.0,03/19/2021
22.0,141.0,5.0,08/01/2020
13.0,688.0,0.0,04/22/2022
31.0,444.0,5.0,02/21/2023
6.0,78.0,0.0,07/21/2023
41.0,368.0,2.0,12/27/2023
35.0,514.0,2.0,10/25/2022
11.0,93.0,0.0,07/24/2023
6.0,55.0,0.0,07/22/2023
,30.0,0.0,07/09/2023
23.0,400.0,6.0,10/28/2021
77.0,999.0,20.0,01/22/2022
44.0,299.0,2.0,01/07/2023
32.0,613.0,2.0,05/28/2022
20.0,320.0,4.0,10/11/2021
20.0,260.0,0.0,03/10/2023
33.0,452.0,1.0,07/03/2022
3.0,312.0,1.0,03/23/2022
6.0,40.0,0.0,07/16/2023
22.0,385.0,3.0,10/27/2021
22.0,144.0,1.0,01/13/2024
29.0,161.0,1.0,02/19/2023
14.0,549.0,1.0,04/15/2022
20.0,400.0,5.0,09/09/2020
35.0,252.0,2.0,12/31/2022
29.0,365.0,1.0,10/21/2022
27.0,192.0,1.0,09/20/2023
24.0,210.0,11.0,06/16/2020
23.0,389.0,3.0,02/09/2023
10.0,125.0,0.0,08/02/2023
13.0,281.0,1.0,04/09/2022
17.0,146.0,0.0,08/09/2023
27.0,328.0,2.0,12/04/2023
17.0,236.0,6.0,02/23/2022
122.0,833.0,13.0,11/15/2020
40.0,323.0,3.0,01/04/2024
23.0,261.0,0.0,09/19/2023
28.0,480.0,1.0,06/19/2022
6.0,51.0,0.0,06/30/2021
33.0,622.0,0.0,05/22/2022
21.0,376.0,6.0,10/12/2021
17.0,355.0,2.0,07/30/2021
10.0,47.0,0.0,05/20/2023
38.0,812.0,0.0,07/29/2022
3.0,45.0,0.0,07/10/2023
7.0,92.0,0.0,07/18/2021
16.0,123.0,1.0,10/13/2023
20.0,431.0,2.0,01/23/2023
35.0,464.0,4.0,02/06/2023
2.0,48.0,0.0,06/14/2023
40.0,497.0,6.0,09/02/2021
18.0,45.0,2.0,05/31/2021
16.0,104.0,2.0,10/06/2023
8.0,240.0,0.0,08/28/2023
16.0,172.0,0.0,09/15/2023
21.0,195.0,1.0,03/17/2023
79.0,1665.0,18.0,12/28/2020
30.0,383.0,4.0,10/01/2021
20.0,608.0,1.0,05/08/2022
24.0,157.0,1.0,03/11/2023
11.0,167.0,0.0,05/04/2023
31.0,280.0,1.0,11/19/2022
12.0,709.0,0.0,04/20/2022
125.0,2300.0,32.0,11/20/2020
14.0,135.0,0.0,04/20/2023
11.0,93.0,0.0,05/18/2023
7.0,13.0,0.0,03/11/2020
18.0,170.0,2.0,09/19/2020
8.0,64.0,5.0,06/09/2021
142.0,2462.0,21.0,11/17/2020
18.0,129.0,0.0,09/09/2023
17.0,336.0,10.0,03/10/2021
42.0,260.0,0.0,12/30/2023
28.0,462.0,7.0,09/30/2021
41.0,307.0,5.0,04/04/2021
88.0,1348.0,24.0,12/17/2020
2.0,1.0,0.0,03/04/2020
25.0,182.0,2.0,02/11/2023
16.0,381.0,15.0,02/14/2022
39.0,322.0,0.0,12/07/2023
46.0,828.0,0.0,12/06/2022
29.0,1141.0,0.0,06/06/2022
87.0,1878.0,10.0,01/04/2021
33.0,554.0,4.0,11/27/2021
25.0,453.0,0.0,02/07/2023
14.0,204.0,2.0,03/29/2023
158.0,326.0,22.0,04/04/2020
13.0,141.0,3.0,07/25/2021
24.0,554.0,3.0,08/24/2020
28.0,95.0,6.0,05/23/2021
41.0,742.0,6.0,11/16/2021
32.0,244.0,2.0,09/19/2021
21.0,161.0,1.0,01/23/2024
31.0,235.0,20.0,06/15/2020
52.0,774.0,0.0,12/21/2022
107.0,2140.0,13.0,11/03/2020
61.0,647.0,6.0,04/26/2021
19.0,139.0,2.0,01/26/2024
11.0,150.0,0.0,10/18/2023
25.0,346.0,3.0,07/24/2020
10.0,68.0,0.0,06/07/2023
87.0,1603.0,16.0,01/05/2021
23.0,158.0,1.0,01/25/2024
47.0,454.0,1.0,12/30/2022
97.0,888.0,27.0,05/19/2020
40.0,820.0,2.0,12/15/2022
28.0,680.0,0.0,06/17/2022
18.0,117.0,1.0,09/16/2023
122.0,367.0,5.0,03/25/2020
22.0,100.0,2.0,07/19/2020
22.0,100.0,5.0,08/30/2020
69.0,970.0,22.0,12/31/2020
46.0,347.0,1.0,10/18/2020
6.0,63.0,0.0,08/06/2023
7.0,122.0,0.0,03/19/2022
28.0,320.0,4.0,09/05/2021
29.0,876.0,5.0,10/13/2020
18.0,125.0,0.0,11/11/2023
170.0,436.0,15.0,04/02/2020
18.0,205.0,1.0,09/12/2023
31.0,588.0,1.0,08/18/2022
50.0,646.0,1.0,12/16/2022
65.0,1713.0,21.0,12/29/2020
16.0,48.0,11.0,06/21/2020
96.0,2512.0,8.0,11/04/2020
3.0,25.0,0.0,07/02/2023
26.0,490.0,4.0,11/02/2021
79.0,915.0,21.0,12/12/2020
43.0,511.0,6.0,09/03/2021
51.0,1204.0,18.0,01/08/2021
14.0,69.0,0.0,03/02/2024
22.0,96.0,1.0,03/17/2020
91.0,724.0,36.0,05/22/2020
23.0,425.0,6.0,02/10/2022
13.0,125.0,2.0,03/11/2022
166.0,719.0,49.0,05/02/2020
28.0,161.0,1.0,11/24/2022
23.0,548.0,1.0,10/07/2020
30.0,245.0,6.0,05/21/2021
63.0,624.0,15.0,01/16/2021
23.0,247.0,1.0,11/22/2023
58.0,1180.0,6.0,10/21/2020
15.0,192.0,0.0,05/10/2023
34.0,592.0,1.0,06/04/2022
17.0,330.0,3.0,09/01/2020
18.0,315.0,4.0,11/06/2021
31.0,1337.0,0.0,05/25/2022
35.0,276.0,0.0,12/16/2023
36.0,395.0,0.0,10/11/2022
30.0,220.0,2.0,03/06/2021
49.0,971.0,2.0,07/26/2022
29.0,188.0,3.0,11/13/2022
24.0,390.0,4.0,08/13/2020
118.0,2691.0,19.0,11/13/2020
24.0,386.0,1.0,05/30/2022
27.0,421.0,1.0,01/19/2023
26.0,351.0,1.0,12/11/2023
40.0,792.0,1.0,09/06/2022
90.0,612.0,24.0,12/27/2020
31.0,257.0,0.0,11/15/2023
32.0,419.0,1.0,03/06/2023
27.0,227.0,0.0,11/08/2023
173.0,704.0,36.0,04/08/2020
27.0,515.0,5.0,09/10/2021
24.0,394.0,5.0,07/20/2020
14.0,138.0,2.0,09/29/2023
29.0,318.0,3.0,07/23/2020
13.0,84.0,1.0,02/25/2024
32.0,828.0,0.0,06/14/2022
34.0,1097.0,1.0,06/03/2022
3.0,44.0,1.0,07/06/2023
53.0,644.0,12.0,01/26/2021
33.0,468.0,6.0,09/21/2021
37.0,568.0,3.0,08/24/2021
33.0,477.0,7.0,09/16/2021
21.0,122.0,1.0,09/03/2023
107.0,798.0,34.0,05/21/2020
96.0,1264.0,18.0,11/21/2020
16.0,235.0,4.0,02/24/2022
18.0,212.0,1.0,09/07/2023
14.0,165.0,1.0,08/17/2023
30.0,454.0,1.0,02/13/2023
21.0,199.0,0.0,11/10/2023
73.0,266.0,20.0,01/01/2021
37.0,681.0,4.0,10/12/2020
26.0,153.0,2.0,01/19/2024
39.0,445.0,2.0,01/04/2023
11.0,143.0,2.0,09/06/2020
33.0,315.0,6.0,02/18/2021
67.0,609.0,23.0,12/13/2020
36.0,309.0,9.0,05/11/2021
12.0,108.0,1.0,09/24/2023
18.0,162.0,1.0,09/21/2023
116.0,1145.0,30.0,01/16/2022
15.0,131.0,2.0,10/27/2023
4.0,45.0,0.0,07/05/2023
108.0,1670.0,28.0,12/11/2020
16.0,214.0,0.0,08/29/2023
5.0,79.0,0.0,05/24/2023
25.0,364.0,4.0,10/01/2020
32.0,232.0,4.0,12/01/2023
4.0,30.0,2.0,06/19/2021
7.0,356.0,1.0,04/16/2022
106.0,2049.0,36.0,12/02/2020
21.0,127.0,1.0,03/19/2023
10.0,52.0,0.0,05/13/2023
30.0,252.0,2.0,09/04/2022
10.0,97.0,3.0,01/20/2024
43.0,785.0,13.0,02/01/2022
162.0,1074.0,54.0,04/24/2020
42.0,575.0,1.0,08/25/2022
25.0,252.0,1.0,11/06/2023
22.0,332.0,5.0,03/09/2021
127.0,1121.0,48.0,05/04/2020
12.0,84.0,1.0,04/16/2023
6.0,90.0,1.0,07/25/2023
17.0,158.0,0.0,02/08/2024
37.0,130.0,5.0,05/22/2021
21.0,384.0,4.0,09/28/2021
27.0,466.0,5.0,08/06/2021
6.0,197.0,1.0,03/26/2022
42.0,382.0,0.0,12/28/2023
33.0,266.0,5.0,09/12/2021
41.0,422.0,2.0,11/11/2022
24.0,133.0,0.0,03/25/2023
47.0,949.0,3.0,08/01/2022
6.0,45.0,1.0,06/27/2023
17.0,125.0,0.0,10/20/2023
1.0,29.0,0.0,06/17/2023
61.0,125.0,2.0,03/21/2020
19.0,294.0,1.0,03/15/2023
46.0,874.0,1.0,07/28/2022
28.0,543.0,1.0,11/14/2022
32.0,689.0,2.0,09/07/2022
16.0,518.0,4.0,09/15/2021
91.0,898.0,18.0,11/29/2020
28.0,298.0,2.0,07/16/2020
38.0,495.0,5.0,09/14/2021
11.0,50.0,2.0,06/28/2021
136.0,341.0,33.0,04/12/2020
21.0,176.0,2.0,10/02/2022
23.0,392.0,2.0,07/31/2020
90.0,708.0,28.0,12/06/2020
4.0,47.0,0.0,06/15/2023
19.0,198.0,0.0,02/18/2023
33.0,398.0,1.0,02/17/2023
151.0,677.0,31.0,04/16/2020
53.0,659.0,7.0,04/19/2021
3.0,77.0,1.0,06/01/2023
49.0,572.0,5.0,04/28/2021
166.0,1274.0,40.0,04/30/2020
21.0,94.0,2.0,01/21/2024
78.0,252.0,23.0,05/25/2020
129.0,2336.0,18.0,01/19/2022
17.0,115.0,2.0,08/09/2020
40.0,439.0,5.0,09/17/2021
83.0,1627.0,4.0,10/27/2020
156.0,459.0,35.0,04/19/2020
33.0,257.0,1.0,07/04/2022
80.0,1300.0,19.0,12/18/2020
20.0,525.0,2.0,06/12/2022
14.0,74.0,4.0,06/08/2021
31.0,262.0,0.0,11/20/2022
55.0,588.0,9.0,01/23/2021
24.0,420.0,2.0,09/21/2020
26.0,307.0,2.0,09/10/2022
84.0,1613.0,22.0,12/15/2020
10.0,159.0,1.0,09/25/2023
40.0,722.0,4.0,11/23/2021
12.0,87.0,1.0,03/12/2023
35.0,525.0,0.0,10/31/2022
42.0,499.0,2.0,11/09/2022
30.0,422.0,0.0,09/16/2022
10.0,159.0,0.0,08/14/2023
9.0,46.0,3.0,06/21/2021
23.0,1223.0,1.0,05/04/2022
20.0,813.0,1.0,04/28/2022
40.0,306.0,1.0,12/22/2023
11.0,200.0,10.0,10/17/2021
28.0,558.0,2.0,10/06/2020
51.0,904.0,3.0,12/20/2022
30.0,368.0,5.0,09/23/2021
27.0,110.0,5.0,06/28/2020
12.0,518.0,0.0,04/04/2022
30.0,372.0,1.0,08/20/2022
130.0,413.0,2.0,03/26/2020
39.0,787.0,0.0,08/05/2022
21.0,106.0,2.0,10/21/2023
16.0,90.0,3.0,07/05/2020
37.0,345.0,2.0,08/28/2022
10.0,124.0,4.0,02/19/2022
12.0,100.0,0.0,10/09/2023
2.0,48.0,0.0,07/11/2023
31.0,282.0,0.0,01/08/2024
11.0,134.0,0.0,08/08/2023
6.0,400.0,1.0,03/30/2022
29.0,167.0,1.0,09/27/2020
60.0,1053.0,15.0,01/14/2021
28.0,344.0,6.0,07/10/2020
20.0,553.0,3.0,10/05/2020
8.0,269.0,0.0,03/22/2022
25.0,326.0,2.0,07/26/2021
53.0,363.0,5.0,04/11/2021
9.0,67.0,3.0,06/14/2021
7.0,93.0,7.0,02/27/2022
63.0,511.0,8.0,12/05/2021
10.0,45.0,0.0,06/24/2021
33.0,215.0,2.0,12/24/2023
10.0,362.0,0.0,03/29/2022
15.0,205.0,2.0,09/24/2022
151.0,2556.0,26.0,11/16/2020
35.0,289.0,6.0,05/14/2021
1.0,85.0,1.0,07/20/2023
42.0,355.0,7.0,03/28/2021
8.0,68.0,0.0,05/07/2023
25.0,829.0,0.0,06/10/2022
18.0,96.0,6.0,07/26/2020
19.0,430.0,5.0,08/21/2020
19.0,187.0,0.0,11/18/2023
21.0,210.0,0.0,04/12/2023
19.0,397.0,0.0,03/01/2023
94.0,1463.0,26.0,12/21/2020
103.0,1460.0,21.0,12/14/2020
24.0,248.0,21.0,06/12/2020
13.0,127.0,0.0,08/27/2023
113.0,3986.0,11.0,12/16/2021
19.0,169.0,0.0,09/01/2023
35.0,441.0,2.0,10/20/2022
51.0,1196.0,5.0,10/20/2020
36.0,823.0,1.0,06/24/2022
133.0,1255.0,23.0,11/27/2020
29.0,933.0,3.0,07/27/2022
55.0,675.0,3.0,04/02/2021
2.0,45.0,1.0,06/13/2023
7.0,55.0,0.0,05/26/2023
5.0,107.0,0.0,07/26/2023
18.0,281.0,4.0,02/18/2022
49.0,366.0,11.0,02/10/2021
39.0,437.0,10.0,02/11/2021
9.0,509.0,3.0,04/07/2022
148.0,630.0,31.0,04/15/2020
6.0,54.0,1.0,07/02/2021
26.0,587.0,3.0,08/16/2021
31.0,462.0,1.0,11/03/2022
27.0,164.0,3.0,01/12/2024
47.0,772.0,9.0,04/14/2021
29.0,345.0,5.0,01/13/2023
37.0,362.0,2.0,08/21/2022
28.0,1354.0,3.0,06/01/2022
31.0,287.0,5.0,08/15/2021
7.0,55.0,0.0,06/16/2023
43.0,1014.0,1.0,07/11/2022
13.0,234.0,2.0,03/16/2022
11.0,305.0,0.0,03/31/2022
41.0,369.0,0.0,12/21/2023
192.0,3620.0,30.0,01/13/2022
40.0,382.0,4.0,11/14/2021
25.0,130.0,1.0,08/23/2020
20.0,600.0,2.0,08/11/2021
18.0,691.0,0.0,05/07/2022
13.0,256.0,0.0,03/15/2022
25.0,223.0,1.0,11/13/2023
18.0,170.0,0.0,01/31/2024
28.0,334.0,1.0,02/20/2023
37.0,239.0,1.0,12/17/2023
44.0,304.0,1.0,01/03/2024
3.0,43.0,0.0,06/30/2023
56.0,337.0,2.0,12/29/2023
5.0,56.0,2.0,06/29/2021
10.0,82.0,1.0,03/13/2022
20.0,378.0,4.0,08/05/2020
53.0,747.0,23.0,01/28/2022
25.0,133.0,0.0,11/23/2023
19.0,446.0,3.0,07/29/2020
49.0,772.0,2.0,12/13/2022
13.0,169.0,0.0,09/11/2023
38.0,570.0,0.0,12/09/2022
22.0,155.0,8.0,07/25/2020
26.0,612.0,3.0,10/08/2020
14.0,77.0,1.0,03/16/2020
26.0,234.0,9.0,06/23/2020
26.0,343.0,1.0,10/28/2022
12.0,48.0,0.0,05/28/2023
23.0,141.0,0.0,11/12/2023
43.0,120.0,1.0,12/25/2022
38.0,521.0,1.0,07/10/2022
15.0,174.0,4.0,03/07/2021
44.0,547.0,5.0,10/17/2020
13.0,144.0,0.0,10/12/2023
142.0,1614.0,30.0,01/15/2022
19.0,174.0,1.0,01/24/2024
7.0,75.0,2.0,07/06/2021
11.0,107.0,0.0,08/01/2023
10.0,166.0,0.0,10/23/2023
23.0,230.0,1.0,10/29/2022
45.0,411.0,1.0,11/08/2022
7.0,61.0,0.0,04/02/2024
38.0,170.0,20.0,06/06/2020
4.0,20.0,0.0,06/26/2021
31.0,171.0,1.0,01/17/2024
37.0,441.0,3.0,08/07/2022
18.0,342.0,5.0,09/11/2020
3.0,102.0,0.0,05/23/2023
47.0,619.0,3.0,12/01/2022
17.0,883.0,0.0,04/27/2022
45.0,315.0,8.0,05/13/2021
52.0,550.0,9.0,04/30/2021
22.0,201.0,4.0,01/30/2024
14.0,926.0,0.0,04/26/2022
41.0,337.0,17.0,06/05/2020
11.0,154.0,2.0,10/26/2023
14.0,63.0,5.0,07/04/2020
7.0,546.0,1.0,04/14/2022
39.0,600.0,4.0,08/19/2022
27.0,285.0,1.0,11/16/2023
16.0,311.0,12.0,02/23/2021
15.0,543.0,1.0,04/11/2022
47.0,409.0,10.0,04/24/2021
9.0,117.0,0.0,08/20/2023
6.0,48.0,0.0,07/03/2021
10.0,62.0,6.0,06/05/2021
9.0,106.0,3.0,11/05/2023
15.0,268.0,0.0,09/06/2023
13.0,218.0,1.0,04/13/2023
36.0,427.0,2.0,09/22/2022
5.0,32.0,2.0,07/01/2021
37.0,426.0,1.0,11/04/2022
6.0,54.0,0.0,07/29/2023
221.0,4152.0,20.0,01/02/2022
25.0,1100.0,1.0,06/07/2022
113.0,1568.0,14.0,11/07/2020
19.0,121.0,6.0,05/27/2021
29.0,288.0,8.0,07/09/2020
23.0,207.0,9.0,09/26/2021
40.0,242.0,1.0,12/24/2022
54.0,1022.0,12.0,01/15/2021
18.0,166.0,0.0,11/02/2023
27.0,607.0,2.0,09/12/2022
98.0,1598.0,26.0,01/21/2022
20.0,567.0,1.0,07/16/2022
8.0,72.0,0.0,07/18/2023
7.0,113.0,0.0,04/08/2023
32.0,365.0,4.0,09/16/2020
29.0,1356.0,1.0,05/23/2022
20.0,131.0,0.0,11/04/2023
13.0,144.0,0.0,08/11/2023
11.0,159.0,0.0,04/27/2023
3.0,37.0,0.0,06/26/2023
44.0,739.0,1.0,06/15/2022
9.0,53.0,0.0,04/03/2024
17.0,96.0,0.0,04/09/2023
49.0,166.0,9.0,05/09/2021
38.0,887.0,1.0,11/28/2022
26.0,123.0,3.0,09/13/2020
5.0,46.0,0.0,05/27/2023
39.0,1048.0,2.0,07/06/2022
5.0,30.0,0.0,06/11/2023
21.0,221.0,5.0,08/15/2020
36.0,494.0,0.0,01/09/2023
47.0,657.0,14.0,01/27/2021
224.0,4831.0,36.0,01/07/2022
46.0,405.0,2.0,12/18/2023
37.0,600.0,6.0,03/26/2021
22.0,152.0,5.0,10/04/2020
31.0,279.0,7.0,06/29/2020
11.0,322.0,5.0,10/20/2021
28.0,174.0,5.0,07/03/2020
11.0,145.0,1.0,02/15/2024
13.0,106.0,2.0,03/26/2023
19.0,193.0,0.0,08/24/2023
31.0,494.0,2.0,09/13/2022
6.0,74.0,0.0,10/28/2023
158.0,1151.0,44.0,04/29/2020
15.0,125.0,1.0,04/07/2023
45.0,317.0,2.0,12/11/2022
30.0,376.0,15.0,02/05/2022
8.0,162.0,0.0,08/16/2023
27.0,400.0,0.0,01/27/2023
12.0,121.0,3.0,02/23/2024
9.0,132.0,1.0,02/02/2024
20.0,383.0,3.0,10/05/2021
6.0,35.0,2.0,06/17/2021
12.0,183.0,3.0,03/14/2022
46.0,970.0,0.0,07/21/2022
41.0,645.0,2.0,08/31/2022
24.0,360.0,0.0,09/29/2022
28.0,483.0,9.0,03/17/2021
76.0,1539.0,8.0,10/26/2020
38.0,365.0,11.0,05/07/2021
18.0,203.0,2.0,10/23/2022
39.0,420.0,1.0,01/06/2023
28.0,451.0,3.0,03/16/2021
28.0,359.0,3.0,08/28/2021
64.0,638.0,9.0,04/15/2021
37.0,953.0,3.0,10/16/2020
11.0,52.0,7.0,05/30/2021
17.0,192.0,0.0,04/18/2023
18.0,383.0,4.0,10/07/2021
10.0,86.0,0.0,10/29/2023
64.0,1207.0,15.0,12/10/2021
3.0,32.0,3.0,06/22/2021
32.0,368.0,6.0,03/15/2021
26.0,312.0,2.0,03/01/2021
23.0,128.0,5.0,06/01/2021
46.0,607.0,10.0,01/28/2021
17.0,173.0,0.0,04/24/2023
33.0,185.0,0.0,12/02/2023
79.0,611.0,4.0,12/04/2021
5.0,48.0,0.0,04/13/2024
7.0,69.0,1.0,03/08/2024
54.0,816.0,1.0,08/09/2022
38.0,571.0,7.0,02/03/2021
28.0,649.0,5.0,11/09/2021
158.0,439.0,12.0,03/30/2020
25.0,173.0,6.0,10/10/2021
149.0,7509.0,18.0,12/22/2021
16.0,75.0,6.0,06/04/2021
4.0,90.0,0.0,05/30/2023
24.0,469.0,1.0,09/09/2022
109.0,1105.0,11.0,11/08/2020
5.0,53.0,2.0,03/09/2024
18.0,180.0,0.0,04/17/2023
25.0,260.0,0.0,03/21/2023
27.0,542.0,0.0,07/02/2022
19.0,370.0,0.0,03/13/2023
26.0,372.0,1.0,01/25/2023
25.0,732.0,1.0,05/14/2022
92.0,278.0,27.0,05/24/2020
71.0,920.0,8.0,12/03/2021
24.0,268.0,7.0,07/15/2020
252.0,5755.0,38.0,01/06/2022
8.0,55.0,0.0,03/26/2024
13.0,117.0,0.0,08/26/2023
3.0,20.0,0.0,06/25/2023
20.0,40.0,0.0,03/15/2020
10.0,93.0,1.0,03/07/2024
7.0,28.0,0.0,03/30/2024
13.0,81.0,0.0,03/12/2024
32.0,450.0,3.0,06/26/2022
12.0,112.0,4.0,02/20/2022
102.0,2739.0,8.0,12/18/2021
15.0,306.0,5.0,10/22/2021
175.0,2058.0,24.0,01/09/2022
22.0,94.0,0.0,02/18/2024
31.0,175.0,0.0,11/26/2023
38.0,1179.0,1.0,05/19/2022
67.0,160.0,21.0,12/25/2020
46.0,916.0,1.0,12/12/2022
70.0,1299.0,8.0,12/09/2021
24.0,310.0,8.0,10/08/2021
8.0,204.0,0.0,04/02/2022
22.0,462.0,2.0,09/30/2020
6.0,321.0,0.0,04/01/2022
20.0,282.0,8.0,02/25/2021
4.0,93.0,0.0,07/31/2023
18.0,367.0,3.0,02/16/2022
36.0,341.0,6.0,05/12/2021
33.0,213.0,5.0,02/16/2021
17.0,243.0,3.0,07/23/2021
19.0,221.0,2.0,10/23/2021
22.0,249.0,11.0,06/25/2020
5.0,35.0,0.0,04/14/2024
42.0,420.0,1.0,12/03/2022
26.0,555.0,3.0,08/18/2021
28.0,219.0,21.0,06/17/2020
5.0,40.0,0.0,04/16/2024
45.0,819.0,2.0,11/29/2022
13.0,92.0,0.0,05/25/2023
31.0,384.0,8.0,02/17/2021
146.0,292.0,26.0,04/05/2020
18.0,177.0,7.0,02/27/2021
134.0,464.0,45.0,05/03/2020
34.0,907.0,2.0,10/15/2020
28.0,605.0,5.0,11/08/2021
44.0,722.0,2.0,04/01/2021
22.0,202.0,0.0,04/03/2023
31.0,500.0,3.0,10/27/2022
4.0,42.0,0.0,04/12/2024
19.0,276.0,2.0,11/20/2023
20.0,126.0,0.0,02/27/2024
30.0,514.0,0.0,11/23/2022
10.0,153.0,3.0,03/02/2022
43.0,444.0,2.0,12/26/2022
11.0,65.0,0.0,03/18/2024
56.0,781.0,17.0,01/09/2021
8.0,109.0,2.0,03/18/2023
53.0,465.0,6.0,05/04/2021
11.0,63.0,0.0,03/27/2024
32.0,168.0,1.0,01/16/2024
12.0,57.0,0.0,03/19/2024
227.0,10423.0,15.0,12/28/2021
42.0,363.0,1.0,11/29/2023
42.0,736.0,3.0,03/30/2021
72.0,1156.0,12.0,12/07/2021
41.0,745.0,0.0,06/16/2022
61.0,818.0,10.0,01/21/2021
33.0,217.0,4.0,05/24/2021
218.0,4817.0,31.0,01/10/2022
43.0,464.0,3.0,11/20/2021
12.0,54.0,1.0,03/22/2024
76.0,1463.0,7.0,11/29/2021
33.0,275.0,2.0,01/10/2024
28.0,525.0,4.0,11/11/2021
43.0,928.0,1.0,08/03/2022
35.0,373.0,1.0,12/19/2023
174.0,3923.0,17.0,12/24/2021
43.0,781.0,3.0,11/22/2021
26.0,350.0,3.0,09/22/2020
37.0,353.0,1.0,11/27/2023
33.0,325.0,2.0,12/12/2023
41.0,554.0,7.0,09/13/2021
180.0,6919.0,9.0,12/21/2021
53.0,564.0,5.0,04/20/2021
6.0,43.0,0.0,03/16/2024
33.0,1611.0,0.0,05/09/2022
9.0,64.0,0.0,03/20/2024
16.0,70.0,0.0,02/24/2024
12.0,172.0,0.0,02/20/2024
19.0,142.0,1.0,10/10/2023
37.0,734.0,1.0,08/15/2022
22.0,92.0,0.0,02/10/2024
20.0,172.0,1.0,01/22/2024
7.0,69.0,0.0,03/15/2024
9.0,49.0,0.0,04/11/2024
29.0,466.0,2.0,10/17/2022
4.0,86.0,1.0,03/12/2022
4.0,42.0,0.0,05/01/2024
9.0,53.0,0.0,04/23/2024
52.0,435.0,2.0,01/05/2023
44.0,1124.0,2.0,07/18/2022
12.0,108.0,0.0,05/05/2023
11.0,101.0,1.0,05/12/2023
6.0,1.0,0.0,03/05/2020
20.0,125.0,10.0,06/20/2020
248.0,9356.0,13.0,12/29/2021
8.0,50.0,1.0,03/29/2024
10.0,65.0,0.0,03/28/2024
18.0,315.0,1.0,10/15/2021
5.0,160.0,0.0,05/03/2023
9.0,106.0,0.0,05/15/2023
249.0,9477.0,24.0,01/03/2022
21.0,127.0,1.0,02/16/2024
26.0,1053.0,2.0,05/27/2022
20.0,143.0,1.0,02/09/2024
18.0,252.0,1.0,04/11/2023
111.0,1989.0,38.0,01/20/2022
14.0,162.0,2.0,09/26/2023
14.0,113.0,0.0,02/28/2024
22.0,176.0,0.0,02/12/2023
11.0,45.0,0.0,04/26/2024
38.0,332.0,6.0,12/13/2023
56.0,818.0,0.0,12/14/2022
26.0,186.0,3.0,11/25/2023
19.0,173.0,0.0,10/24/2023
24.0,423.0,0.0,02/16/2023
24.0,361.0,4.0,10/13/2021
18.0,164.0,0.0,02/05/2023
29.0,386.0,8.0,02/22/2021
8.0,37.0,1.0,03/31/2024
3.0,22.0,1.0,04/20/2024
25.0,345.0,3.0,10/14/2022
10.0,252.0,0.0,04/17/2022
126.0,5808.0,13.0,12/20/2021
33.0,921.0,2.0,06/30/2022
39.0,922.0,3.0,06/27/2022
17.0,169.0,1.0,02/13/2024
16.0,123.0,0.0,02/29/2024
18.0,198.0,3.0,10/30/2022
233.0,5189.0,23.0,12/31/2021
46.0,506.0,3.0,01/10/2023
19.0,286.0,0.0,09/05/2023
71.0,1355.0,18.0,01/25/2022
9.0,45.0,1.0,04/05/2024
32.0,171.0,0.0,11/19/2023
54.0,564.0,5.0,04/27/2021
20.0,413.0,2.0,01/31/2023
46.0,343.0,2.0,11/28/2023
35.0,1223.0,1.0,05/26/2022
23.0,1063.0,1.0,05/06/2022
36.0,675.0,3.0,03/25/2021
267.0,6818.0,22.0,01/05/2022
21.0,175.0,2.0,02/21/2024
6.0,93.0,1.0,03/06/2024
40.0,212.0,8.0,02/07/2021
32.0,988.0,0.0,07/07/2022
20.0,937.0,0.0,04/25/2022
8.0,64.0,0.0,04/04/2024
303.0,9560.0,32.0,01/04/2022
14.0,102.0,0.0,08/07/2023
5.0,41.0,0.0,04/17/2024
4.0,138.0,0.0,05/03/2024
24.0,205.0,0.0,11/17/2023
34.0,914.0,0.0,06/13/2022
36.0,1375.0,0.0,05/17/2022
25.0,182.0,2.0,02/01/2024
21.0,390.0,0.0,09/15/2022
18.0,142.0,2.0,02/22/2024
7.0,99.0,0.0,05/22/2023
7.0,28.0,1.0,03/23/2024
29.0,274.0,2.0,08/08/2021
23.0,231.0,0.0,12/23/2023
5.0,47.0,0.0,04/22/2024
189.0,3316.0,29.0,01/08/2022
221.0,4428.0,28.0,01/11/2022
3.0,36.0,1.0,05/04/2024
24.0,1655.0,2.0,05/11/2022
21.0,176.0,2.0,02/26/2023
60.0,1226.0,23.0,01/26/2022
26.0,299.0,1.0,03/27/2023
6.0,24.0,0.0,04/19/2024
40.0,384.0,1.0,12/17/2022
38.0,245.0,2.0,01/09/2024
6.0,20.0,1.0,04/21/2024
41.0,706.0,3.0,08/24/2022
4.0,20.0,0.0,05/05/2024
22.0,365.0,17.0,02/02/2022
40.0,1018.0,0.0,06/28/2022
29.0,1465.0,0.0,05/16/2022
10.0,51.0,0.0,04/08/2024
32.0,195.0,0.0,11/24/2023
2.0,25.0,0.0,04/07/2024
33.0,1103.0,2.0,05/20/2022
7.0,65.0,1.0,05/06/2023
9.0,35.0,0.0,04/09/2024
16.0,113.0,0.0,01/27/2024
10.0,38.0,0.0,05/02/2024
1.0,2.0,0.0,05/17/2024
6.0,38.0,0.0,05/10/2024
,17.0,0.0,05/16/2024
23.0,1711.0,0.0,05/10/2022
31.0,203.0,4.0,01/06/2024
20.0,152.0,1.0,01/15/2023
14.0,275.0,2.0,03/21/2022
25.0,197.0,1.0,01/18/2024
8.0,54.0,1.0,04/15/2024
20.0,137.0,1.0,04/26/2023
10.0,52.0,0.0,03/10/2024
3.0,36.0,0.0,05/08/2024
28.0,432.0,2.0,08/12/2020
3.0,29.0,1.0,04/27/2024
37.0,799.0,1.0,08/10/2022
12.0,69.0,5.0,10/07/2023
2.0,74.0,0.0,06/21/2023
811.0,1639.0,0.0,
7.0,50.0,0.0,04/10/2024
50.0,531.0,7.0,04/23/2021
6.0,47.0,0.0,05/14/2024
8.0,43.0,1.0,03/24/2024
10.0,55.0,0.0,05/13/2024
27.0,732.0,1.0,07/01/2022
27.0,530.0,1.0,06/11/2022
10.0,90.0,2.0,02/17/2024
182.0,4041.0,34.0,01/12/2022
244.0,9237.0,17.0,12/27/2021
20.0,96.0,0.0,01/28/2024
2.0,32.0,0.0,05/11/2024
7.0,38.0,0.0,04/25/2024
54.0,316.0,7.0,04/18/2021
25.0,727.0,1.0,05/15/2022
9.0,33.0,0.0,04/06/2024
3.0,53.0,0.0,05/06/2024
1.0,26.0,0.0,04/28/2024
7.0,53.0,1.0,05/07/2024
44.0,371.0,0.0,12/26/2023
5.0,50.0,0.0,04/24/2024
6.0,60.0,0.0,04/30/2024
64.0,1028.0,16.0,01/27/2022
6.0,56.0,0.0,04/30/2023
256.0,8184.0,15.0,12/30/2021
35.0,1264.0,2.0,05/13/2022
19.0,96.0,1.0,02/03/2024
41.0,964.0,5.0,07/12/2022
19.0,305.0,5.0,11/07/2021
19.0,168.0,0.0,01/07/2024
8.0,46.0,5.0,06/12/2021
20.0,197.0,1.0,01/29/2024
25.0,1319.0,0.0,05/24/2022
136.0,7146.0,18.0,12/23/2021
25.0,363.0,1.0,12/15/2023
6.0,39.0,0.0,04/18/2024
3.0,37.0,1.0,06/04/2023
109.0,2584.0,12.0,12/19/2021
57.0,529.0,4.0,12/29/2022
40.0,317.0,0.0,01/05/2024
6.0,79.0,0.0,04/29/2023
41.0,976.0,0.0,06/29/2022
44.0,535.0,1.0,08/06/2022
1.0,33.0,0.0,05/09/2024
19.0,138.0,0.0,10/02/2023
42.0,1117.0,0.0,07/05/2022
11.0,49.0,0.0,03/21/2024
34.0,510.0,0.0,11/16/2022
7.0,409.0,0.0,04/23/2022
4.0,45.0,0.0,04/29/2024
6.0,50.0,0.0,05/15/2024
2.0,32.0,0.0,05/12/2024
20.0,233.0,4.0,09/26/2020
195.0,1872.0,21.0,01/01/2022
14.0,144.0,1.0,10/03/2023
58.0,838.0,3.0,04/07/2021
11.0,108.0,2.0,10/01/2023
22.0,336.0,0.0,09/28/2022
17.0,280.0,2.0,10/30/2021
33.0,523.0,1.0,12/22/2022
175.0,1321.0,56.0,04/28/2020
29.0,668.0,4.0,10/09/2020
8.0,215.0,1.0,04/03/2022
62.0,1109.0,18.0,01/13/2021
1.0,15.0,1.0,06/27/2021
36.0,630.0,9.0,11/18/2021
163.0,1457.0,19.0,12/25/2021
48.0,403.0,8.0,02/05/2021
198.0,583.0,22.0,04/06/2020
4.0,45.0,0.0,07/07/2023
7.0,73.0,2.0,07/07/2021
41.0,596.0,5.0,08/30/2021
10.0,81.0,0.0,08/04/2023
20.0,317.0,1.0,09/30/2022
13.0,162.0,0.0,02/14/2024
31.0,442.0,0.0,09/19/2022
24.0,178.0,4.0,10/16/2021
35.0,419.0,2.0,12/20/2023
30.0,531.0,0.0,11/02/2022
15.0,142.0,1.0,08/19/2023
21.0,352.0,1.0,09/15/2020
20.0,360.0,0.0,10/06/2022
26.0,309.0,2.0,08/29/2021
17.0,166.0,1.0,04/14/2023
2.0,49.0,0.0,06/09/2023
34.0,291.0,23.0,02/06/2022
23.0,288.0,2.0,11/30/2023
50.0,280.0,21.0,06/03/2020
46.0,483.0,6.0,05/05/2021
52.0,392.0,15.0,01/17/2021
15.0,195.0,1.0,02/06/2024
44.0,177.0,7.0,05/15/2021
26.0,280.0,2.0,02/22/2022
27.0,471.0,3.0,11/05/2021
11.0,141.0,1.0,11/03/2023
21.0,187.0,0.0,02/05/2024
16.0,102.0,9.0,06/07/2021
43.0,399.0,6.0,05/10/2021
59.0,769.0,5.0,04/09/2021
28.0,1037.0,0.0,06/08/2022
46.0,188.0,3.0,11/25/2021
41.0,248.0,4.0,05/20/2021
21.0,188.0,1.0,02/12/2024
26.331759386063634,264.9266484529337,0.3399456016486819,12/09/2023
25.30283228431078,322.13520848759106,3.177858666381561,09/22/2022
18.44395661797842,125.9647282411063,7.286256906002917,06/02/2021
2.802505785755356,211.0555018719172,4.097224783795102,10/24/2021
62.10194023835359,985.723738162812,1.8232325486487315,12/20/2022
79.05329935151588,593.0003478043379,3.7907955182609823,12/04/2021
11.951404766133717,242.9212042971292,-0.1832637185878124,08/04/2023
45.582965888587246,471.4582897179183,8.27311364731452,04/23/2021
21.624029205158045,474.6786812441723,1.8968393800265164,11/03/2022
7.499366808997785,91.6601959503747,-0.6579669239337317,07/02/2023
191.24985771631705,1933.943912992772,21.23220420033449,01/01/2022
6.849259198801579,334.65449316420586,-0.0246357305151729,09/12/2020
11.077279557553132,241.3848271075591,3.499866539437391,11/05/2023
16.43435354081803,230.15110606548123,1.8303578744239848,02/04/2024
11.602373624731044,86.76380238719481,-0.5042187269071131,04/04/2024
26.588273911797742,879.0474676866254,0.0716695427439639,06/14/2022
28.303932543039338,665.2498546408957,1.4570589027650334,01/18/2023
21.50821649024693,163.13563561775524,-0.3078138859660375,10/19/2023
0.9445948936404998,197.128222059332,1.428220388190653,03/19/2022
33.270521792790525,689.6739888430377,2.098496993398126,09/08/2022
6.879039247651932,115.26276435299675,-0.8865310512277575,07/29/2023
79.04119375337606,1216.1431706920976,7.039683037706536,12/06/2021
17.787702656811245,219.34205556173612,3.293032486093769,11/07/2023
34.505795022138095,460.2167208396315,5.888890183762245,04/04/2021
31.39634698647376,459.1196676166493,1.251340456754801,09/28/2020
26.59179490186221,574.907629218741,0.993482686423056,07/02/2022
42.02607927778312,420.5721845868611,12.2197332631359,11/26/2021
5.000113968703677,-93.67424701412256,1.874632655978257,06/20/2021
43.59231813127027,362.8272052886798,1.401986637006445,11/17/2022
12.89541132858471,37.246635914644514,0.3399851090851122,02/11/2024
17.020420266252973,90.00492548573334,-0.2695091797843856,08/15/2023
75.92944871325201,1565.9196377327178,5.030216796192196,10/27/2020
35.80656767826864,355.9285799150726,3.927057407245436,03/18/2021
21.819359092278766,468.5991514629315,2.508163409050271,10/27/2021
12.0384128970639,255.41645273409213,-0.7280045781615536,08/21/2023
155.08717067694536,836.6566999529473,41.59548901773464,04/17/2020
34.08646464541926,258.44987800008903,3.962665014725694,01/14/2023
22.44633720646946,275.02421665937163,1.6245559694131109,08/27/2020
45.74561262410688,516.3736480700113,9.062156315410055,04/03/2021
85.58678004668874,2217.079646318336,11.589806985568474,12/13/2021
11.204373864338017,205.6069102741341,1.2783741606113102,03/25/2022
33.050166609096046,392.0859492107173,0.3578651607260084,01/08/2024
21.98924942964289,330.6045351994392,-0.1875254280447078,02/10/2023
54.081820213418105,781.7220114021956,3.035609412118566,12/02/2022
26.599261112667403,333.9753199212077,-1.031326070157024,09/16/2022
6.399678337056732,116.0272645848764,0.5251786545787455,05/03/2024
-2.6516848839613765,36.07034210141133,-0.9184602700009198,06/26/2021
155.70347475005235,1453.7555883356797,40.33197927193672,04/30/2020
30.841870609424827,368.77695195282007,2.554567916987538,11/05/2022
26.792953957402364,266.89184606699826,0.2379103893183269,10/24/2023
43.743379639516064,230.2558988186209,0.6433865489017819,12/30/2023
25.816079371411256,490.22206705485473,-0.5641237126749133,05/29/2022
16.804801025140456,315.83004849427783,0.6782039544641196,10/29/2022
76.1253026970806,514.5979932131442,4.401279535530442,04/22/2021
9.183814387573868,123.06068430699848,0.5005626263324912,03/06/2024
197.8708620956388,532.8424856036337,21.55595400390986,04/06/2020
25.40370990052861,418.7382794459525,5.286431440416296,07/13/2020
40.937002276495285,329.98764651258944,6.844687433085427,09/02/2021
16.80458405674011,414.2589842892407,-0.1414079453723074,04/24/2022
29.77091084742937,248.777116768004,2.3601938938932188,10/10/2022
71.93094928017923,787.9618924151335,6.717341562219988,11/01/2020
12.759641637519875,42.135739002307176,-1.1940217356850042,05/31/2023
11.309923115120531,-70.67314945034558,-1.0426489652349704,03/10/2024
57.597192859984936,1481.4120414524175,24.16510218672057,12/30/2020
52.3688769971595,983.8830509604802,5.132877797680946,04/12/2021
23.77861877736138,218.1049784334957,0.3366929301618041,11/06/2022
4.284121619637194,176.64163932991602,2.0359425375578053,08/13/2023
48.755881726450205,450.5956210302628,2.3079561842714904,12/03/2022
26.701557499859693,1211.8561372977458,1.2710506761211569,05/04/2022
32.4412698614232,166.4965238456472,3.4042572157521467,05/24/2021
36.07777368981528,154.72373020329607,20.400213843331134,05/31/2020
33.10244680946876,182.06571285171972,5.796567445039664,08/15/2021
46.047561464744135,859.7180446700698,0.1234877018131818,12/12/2022
32.768559614296265,414.7000743544693,-0.5186345339707377,08/18/2022
13.448641633487291,725.7904315598694,-0.8074881180115039,04/04/2022
37.269467410807096,1045.500974243278,-1.920798256265307,06/13/2022
22.633580137929982,1255.5719741766595,-0.3675397574165703,05/24/2022
14.860736258300047,526.7903184284169,0.3608577459596878,04/14/2022
26.55365814600224,1060.7323456683043,2.922791402999202,07/14/2022
12.060481375746386,200.3373106410416,-1.0501815421633869,08/16/2023
65.19820076275376,665.5772238442048,3.8097011670361054,11/28/2021
61.4389683107532,607.3105674446487,22.662629464868868,12/13/2020
24.14529007965536,177.3948277295626,8.24798427416571,06/22/2020
18.793919247596754,315.8799258518049,1.0436902955891827,07/29/2021
43.32072389293978,738.531723907275,1.6792485950788745,08/16/2022
44.07348351377468,559.18404715432,6.62959843816002,09/13/2021
12.833050581776618,198.82702674834275,2.6446654476834235,08/22/2023
34.753896081052126,571.8739948895612,1.3941074337732258,05/28/2022
18.045238032284825,103.7401705097005,4.442624444017514,08/02/2020
20.73451624893111,139.59877981060183,1.390370836938918,04/26/2023
23.7587954497004,581.3618353065082,2.933990606411858,09/04/2021
34.282324721329886,386.3328437408218,0.5203803282584425,10/14/2021
21.804631809864023,349.5479453777995,1.9831160231835805,09/27/2022
23.45469028064566,1241.1784206718555,0.4020011387722524,05/25/2022
3.5434916224816506,178.65224782348776,2.357810147733352,07/06/2021
30.534339051698904,461.3362850797695,7.9276167083653775,02/09/2021
131.4966240765276,5831.306847806174,12.830738770279911,12/20/2021
-0.4911643656273972,219.3439692611147,0.0741011026264939,06/23/2021
1.5289448306593014,106.55460258486728,-1.559316860455578,07/03/2021
4.295845167360755,-47.59467584763543,2.871187082162192,06/17/2021
20.68446203328071,370.04813375698205,7.3117011517200465,02/22/2021
23.850104749656754,437.1025265373687,1.5235505283903077,06/19/2022
43.84613122848452,202.7924726835946,7.67432124817535,05/08/2021
20.94350101934589,375.3806738275906,7.153134310383961,06/29/2020
159.57190243761923,601.7486323145865,39.45161335386894,04/18/2020
35.64280601219924,594.2959791386119,7.179250430842258,02/03/2021
10.502474307836527,221.7203170687582,3.4560336360178017,07/20/2021
131.97869263723922,959.9860918038532,36.86500436088407,05/11/2020
16.633864773926945,458.0615510150165,4.337938650134894,08/11/2020
41.17049478400964,521.5906946286731,9.115927403827612,10/25/2020
46.80635684298269,988.0166708559532,2.162771797272859,08/01/2022
21.360509523636704,236.2220806614989,3.4904058820037656,08/01/2021
25.4050412303328,220.92429031257623,12.36174177308178,06/11/2020
16.44894408764288,389.2285907869102,5.57247785253835,09/22/2021
21.53225834349577,120.08254338095132,4.29289126775679,07/19/2020
7.8446138440275,30.58543393700146,-0.243354841488255,04/11/2024
144.8687050778838,746.8940677926449,30.778959891983533,04/15/2020
28.966523496615345,274.69149671874936,1.1620006081551062,01/16/2024
37.89167749826137,666.8865969957379,-0.5855299077919498,12/30/2022
17.31435041804791,254.4949285329052,1.4682307660099054,10/18/2021
31.34270885016656,374.2521400714349,2.712195289431853,08/12/2021
13.669947803413995,41.08176623557624,-0.2898201084722366,03/18/2024
10.967205469343307,288.3229988281452,0.8255573023044783,07/22/2021
20.94324796252446,329.2629064732962,1.2388957055023953,10/15/2021
150.81429358742187,463.1983765355042,31.026353829292468,04/10/2020
27.52205862510193,736.0780338658226,3.228512941610027,05/21/2022
18.925706018594063,378.2475551320564,0.1092490904378298,03/15/2023
23.640823115771926,418.3994182911812,4.958491457015394,11/06/2021
5.368842751004915,-23.482270667093843,0.2911713102803491,03/11/2020
40.63153484591527,437.0569926747544,0.8228825691805575,11/08/2022
250.02440453788265,5712.816852490026,38.47117492448903,01/06/2022
15.193639450160015,128.6107047197214,-0.4006426019770751,02/18/2024
28.105776368143484,322.05978787067033,0.906685462431496,09/04/2022
18.583892447501647,327.31663145324484,0.2761639278991901,08/07/2021
1.6975016420218312,-36.48075868455594,-1.0460602184250227,06/10/2023
89.3254649294779,1629.755929383621,2.663115300132968,10/30/2020
43.580505837647415,342.784804360679,17.232382160957833,01/24/2021
12.263234094062344,237.2926013469854,-0.6282257748834095,03/31/2022
33.39920489687438,159.2530781881135,0.8084304375009952,08/23/2020
2.608804708119915,19.04464491723731,0.0320676976273248,07/23/2023
0.0931283359132454,60.626490807845855,-0.1888242489766289,05/09/2024
25.95888487425284,518.3039125976416,2.0184032869010333,08/26/2022
16.464036360270704,196.60160829777203,0.6366962726884166,02/08/2024
34.48127924450214,425.686073873784,5.285308714599827,05/14/2021
15.317499823203663,931.6914256240132,0.089484553966876,05/05/2022
22.804358032871,725.3788159698288,2.265589605198693,08/24/2020
10.33867186247773,-1.674279138891066,2.981745964198048,06/05/2023
23.241454000609355,435.8037667076673,0.0004895637138071,02/14/2023
-1.70645649363097,36.81142752126803,-0.4855492403090721,03/12/2020
38.235958000848406,323.1837340824653,2.927440744681582,12/24/2023
17.00974947186518,306.50009363047377,1.9386939696649848,09/15/2020
43.84015278874367,647.2193811698404,5.690183907304646,03/23/2021
8.624482223842914,195.5392428035948,1.4684807109595408,04/26/2024
3.931840518532367,-70.98099354426544,6.371917750548519,05/30/2021
56.597261054379366,1052.6600657961346,15.287320129226938,01/14/2021
22.05486901701296,297.9027073816326,3.491196541088184,06/30/2020
102.6563443735429,646.5703127487589,54.28724719547802,05/09/2020
7.994527218121793,31.940438036620897,0.5240927342327659,05/17/2024
29.851998257090628,186.1488263235867,2.4143244658058047,10/15/2022
8.588284338959784,-122.11951350727348,0.4078084669217896,06/25/2023
23.0659956445279,169.18696126704629,0.7728978426204235,11/11/2023
24.403989102530648,129.81880933273595,-1.1897270226556729,10/02/2023
22.2307748135872,293.4773477582748,-0.930227540534134,02/19/2024
44.464503895501146,321.8625214807975,1.6812818554728497,11/25/2022
35.512282838063,647.9098140453258,1.1554595584386047,06/04/2022
14.25914744509379,244.88274536169968,2.202436435724004,10/06/2023
104.68203319716336,597.5366377832338,40.02125012146893,04/25/2020
25.681363159222308,315.27533129570884,1.56196002227217,09/21/2022
8.315272667351064,237.49337967807585,0.5333347022812703,09/28/2023
7.832737923005419,207.68033493550035,0.641914637803482,06/16/2023
5.605384581641031,133.12203213404973,6.023942220415166,06/12/2021
20.97416497660298,46.24632719091187,2.8031758202638333,01/21/2024
179.13143201020682,6960.158091095277,8.768576461653284,12/21/2021
24.279340726246723,493.2387452497055,2.590068815638734,08/14/2020
33.30261769868732,341.278327726729,0.4504375756035099,12/07/2023
26.09562587225481,573.1909427915382,4.176944234743028,08/13/2020
36.83657129925878,126.9824995609434,-0.7401389041554014,01/11/2024
10.179243690451129,113.52769555393223,0.5574852626250808,06/08/2023
55.24623921959148,1145.7009432074108,6.240835530316196,10/21/2020
42.81597342467544,602.630593001366,4.0096940867999855,09/07/2022
35.09481522221285,301.26799493040585,7.184728110258726,05/12/2021
59.470253373048166,407.9866076021898,7.326336565414202,05/17/2021
17.76057223821603,155.79841089491998,0.1640215844009008,08/02/2023
-2.0617691547270507,55.21934735861935,-0.580451145547026,07/20/2023
44.10728915948639,312.0501442390718,15.45070789988829,06/19/2020
8.200070545866264,435.91764673303874,5.102775889662769,08/21/2020
222.84973240711776,10305.920666615391,15.535798897284224,12/28/2021
30.18376982007896,320.3190802659521,0.9941361420154664,09/03/2022
32.09746274770631,287.5234563195383,3.585356896775748,10/03/2020
18.50584866337413,387.60144227972967,2.570912225461825,07/14/2020
20.09036561826543,8.581855160598778,10.688786681113562,06/14/2020
5.09472447711405,-26.245017222908302,-0.104545947780944,04/29/2024
37.777037245502974,739.9851653351742,12.699622593509403,02/01/2022
24.25341300605148,181.362997404664,9.980407608589667,06/16/2020
93.2769954781826,240.83773814107585,2.9909954063891355,03/23/2020
12.203502558838125,137.6082352502123,5.65124042737323,07/26/2020
8.119709506771756,-63.164190220116325,1.858961277799196,04/08/2023
52.1612920153709,949.7593311753184,5.089227135444785,10/23/2020
2.633175501684671,341.91813201854376,1.3616018096661555,03/30/2022
8.222079837131982,143.25546806711395,-0.8818136413992638,05/28/2023
44.30550259947136,831.0475988613815,0.0822195325199354,07/29/2022
18.552766493460613,245.1930013644176,-1.186527721427451,08/30/2023
51.34069568674617,1472.6979669215884,13.298453076643773,01/06/2021
5.038970436961764,129.10146181246483,-1.6530719325687275,06/29/2023
17.10412124399461,252.1402686507384,4.99642467423528,08/06/2020
20.452952486410272,281.5893773373208,3.2863275534456857,07/24/2020
132.2630286434639,861.6770855544988,46.900420661048926,05/13/2020
40.273059660759365,966.272767657806,0.3499449638957638,11/28/2022
15.835965212337769,108.30070923668868,0.3306035976254329,04/24/2023
21.228147735390177,85.12378208134072,2.222552260871986,07/12/2020
13.188210093464784,689.114344299718,1.7496240630905129,04/15/2022
30.80576302317965,377.52687507115337,-0.783603168254887,02/16/2023
8.861618678249807,-9.94189195173852,2.5632778570205907,06/18/2021
39.63297808298967,573.815359407147,1.9751495523638456,08/17/2022
16.73465222836883,244.01241970509057,1.5407571963561932,11/20/2023
61.33428392159254,1176.2911631714562,18.66600126232925,01/13/2021
40.67960167867187,664.1746766083143,-0.8453792875925629,08/05/2022
45.35581277181199,179.79953282577105,1.8800482913527927,01/09/2024
13.605815684244243,74.34363918889866,1.2309154506389368,10/23/2022
25.811818122257893,347.5958590468905,2.1521494032352706,07/23/2020
22.25057040572285,252.64509710386244,4.752122405210907,05/18/2021
24.515257114247124,121.22513572956623,-0.479773376561808,11/04/2023
5.90625918787228,66.66248383999259,-1.4865407507012034,04/18/2024
50.85690606391393,624.4780102841916,6.320159431147664,04/19/2021
1.3602537345887558,49.06085147215866,2.7381657237297503,06/25/2021
60.53500604283921,494.8501698814992,29.896219451206715,12/20/2020
40.1224501407568,865.2462733163962,0.718987379940106,06/29/2022
7.780784711742412,126.84606313229514,1.743573764820764,07/14/2023
148.22553945682515,683.7041346393194,32.44949724880843,04/13/2020
41.68713367986532,261.913347787683,2.722856479133501,12/17/2023
-1.4013708951950807,37.26042421653492,2.8316047388135663,07/02/2021
30.974453401837028,472.4724747382809,1.0027203674476075,10/17/2022
122.05041975369558,2370.4858408977684,19.686480590622168,11/23/2020
8.063776894565958,30.00780566108404,1.1359550510897105,04/23/2023
45.172486538309954,-16.81329057385838,18.902928853240528,06/06/2020
17.517333488051417,63.613715163305855,1.2969482574679343,08/22/2020
30.397015226095608,536.7781014576274,0.7374177772435575,03/22/2021
14.795990048474444,22.6527771562769,0.4462892100839748,06/10/2021
38.636783994166485,276.0133002490424,4.403794943628818,11/14/2021
8.637055809387418,102.59058816748274,1.0246708303764258,04/23/2024
32.11429101113458,529.9245878010242,1.7528979186931548,11/15/2022
37.36486926822441,584.9376820037758,12.377787636491115,02/05/2022
26.84559113957124,870.8759199571691,2.47148226076624,05/14/2022
132.3971534109151,1244.5598351487445,23.289008794751872,11/27/2020
56.16070857543469,1278.480377299776,10.774787638547112,12/08/2021
31.10427042117739,338.709861328511,2.431172988686784,10/11/2021
7.90205027032681,87.92008980076218,0.4493653395430586,08/20/2023
71.6508503359171,1436.245740525909,16.535836860317275,01/25/2022
40.90316561650874,487.479178282936,2.524548564060385,08/26/2020
30.25741630788935,490.8678973709126,1.0903047100162233,10/21/2022
23.52599345119423,433.3758786967185,5.847040850547178,10/01/2020
58.86399315564052,601.513727600551,9.4036419648625,12/05/2021
24.93575717334858,317.4243980633542,2.276146439687693,09/10/2022
39.98627421298963,780.3677849426147,1.9293199881707312,07/28/2022
105.59864705489642,1283.3845996185282,15.31590205319359,11/14/2020
10.028208628300336,224.48025576555725,2.3283926603132468,03/18/2023
46.41465570700266,769.1040178147092,5.7495599385427365,02/02/2021
6.474549077669625,269.72171312403464,1.1913900797587609,03/20/2024
27.51380508239232,359.47647790767724,0.9425136895331347,12/06/2023
24.29302569555922,427.78367195831856,2.85792594031932,08/28/2020
9.339356853236149,37.84969817949024,1.4594156345719012,06/22/2023
70.82068921404233,250.73816337634395,22.15975532271518,12/25/2020
20.59648730369128,376.4990018449903,-0.929668121659978,04/02/2022
87.15982873619217,869.8038825714225,27.991575013490667,05/20/2020
27.466644798307524,387.7281189365089,3.902819283718816,08/25/2020
30.136002834053848,265.46264164165547,3.181234992340221,01/12/2024
25.681384160272387,637.5041811579287,2.976998948113741,10/27/2022
23.15741740786361,335.16089264342975,2.626977803808422,02/22/2022
106.93166255729696,2137.371093079797,12.046428895999084,11/03/2020
45.93852006967169,552.4749897721877,7.3303247400499485,04/10/2021
37.84058130905742,105.5446230890304,6.043693303488691,02/18/2021
109.78571940445308,2122.904549637088,32.76384179811401,12/04/2020
23.34931297508209,108.30934587642302,-0.7064779302472175,09/23/2023
7.508344585373427,-25.2037560486192,4.515000319436831,02/19/2022
48.22911032237503,599.9002643401278,4.350055871915281,01/10/2023
13.098992002493578,265.46443784436053,3.01475927442257,11/03/2023
40.30242457985781,1058.5961323000968,0.8385202586549876,05/20/2022
54.41396177287961,809.7920584856638,10.770913409383574,01/21/2021
30.551238468981293,261.1031723253756,0.2393064216485783,10/22/2022
35.62340601101539,708.5021041265882,6.269415111794756,03/26/2021
33.770750069025034,16.742702466753414,1.159815733836521,11/23/2023
41.8191925177014,831.5821538340658,2.19612622120459,08/03/2022
26.73912621125216,485.5119586055118,3.1431517775005675,10/04/2021
14.470666383151295,136.68532935290716,5.814558785560813,06/01/2021
23.268620716902905,316.36379771040646,0.4432450291598991,09/30/2022
27.050217247684746,563.577211357544,3.619611094108476,11/11/2021
13.785385649538837,142.9382652203852,1.6909600773282605,03/18/2022
8.01953645511114,125.40843028528543,0.3860735486765011,07/24/2023
49.98187762252084,405.2076111428466,10.4047088609079,04/24/2021
14.530463848370946,63.550599424444336,0.1513356473381648,03/21/2024
31.833091588072,22.786800292546783,1.2612504372738182,01/01/2023
-5.037707140385278,131.05300354254845,0.1029949827039819,07/18/2023
7.414751690360186,28.39055632859412,1.1226496913938304,09/30/2023
12.072601873597677,37.98651746910721,0.9091583247431356,08/03/2023
22.426868796524484,162.32987704097906,-0.2273054349292866,02/25/2023
9.384126458747575,76.46584910114979,0.6547080933163487,06/07/2023
47.31632310861835,1145.4381751322858,2.7411676701442715,10/19/2020
14.700233635010484,180.75270584624468,-0.8079607354258712,10/14/2023
64.56970515790263,1243.8468955927326,4.33717722570513,12/01/2021
11.427504418950392,711.0758401625435,0.1694480974594749,04/27/2022
37.99806906316278,527.4695338805958,2.8997912595789934,08/31/2022
29.305945698526106,395.72788252441234,7.861617241070694,07/15/2020
22.047361945243505,488.13381495704505,3.6653098381651614,11/05/2021
22.34384747028797,311.5435226104177,9.134016793406266,10/08/2021
20.20714333293722,429.5466983499225,-0.6391174177027819,02/22/2023
41.61980684594078,489.5957352695916,0.4568673303860406,12/21/2023
7.143068672517897,-110.3178207689554,2.9342598178120523,06/22/2021
25.76963490441372,296.22285472753305,2.5073613362100264,08/08/2021
27.11742845349878,179.3812074914494,2.6311513296299527,08/28/2021
0.3606581442969734,41.77659214908563,0.5458750898687698,07/07/2023
22.14625791535238,494.4257760637429,1.2990064742472711,02/07/2023
13.718686289096674,-33.75689683645908,1.6366686852968872,07/12/2021
22.85998149008862,384.9763378878837,5.031931457280708,01/12/2023
6.568706036273548,108.04161307984796,-1.2052762796101135,07/17/2023
12.362820821068055,151.01253784519477,-1.286201333975436,10/28/2023
6.191102601298269,-8.819499248658111,0.2556456849694123,05/06/2024
39.64919005604369,464.0983518695914,3.8451041121256737,11/21/2021
8.282281297063971,166.0704245320008,-0.5349367470876883,05/13/2024
35.30912318129229,375.1814367629484,5.024239708999982,08/27/2021
36.03328690957522,1060.6623006485452,3.946145513458797,10/16/2020
32.15514234040608,331.38916581437195,0.1955016013342204,02/15/2023
21.47733804104788,182.60065242513664,0.8618244715086397,10/10/2023
76.94541124869698,950.0096337009802,21.444625541047,12/12/2020
41.07762258566473,555.7822195188081,0.1968263903338472,11/27/2023
18.25810525303788,348.1658337447134,3.526143346246324,08/05/2020
27.85643070386843,417.806103200038,3.715910951993982,09/22/2020
176.53611825467254,1997.7733087473496,23.248626039689142,01/09/2022
36.55777288016332,618.0548823828265,0.9781803109852228,11/19/2021
33.533406637280066,1035.7821106146082,0.7947428628272786,06/09/2022
24.99269775960849,37.13295359644268,6.433585843020304,05/27/2021
32.471352102102635,224.32617685039804,2.1933198000266287,11/13/2022
39.90110600707354,465.0016632613374,0.2568346016040482,10/11/2022
5.396569014001466,-38.62956374134053,-0.9092684720392136,06/26/2023
47.69841766591689,395.9970237083482,16.51588269326323,06/05/2020
24.86807401321509,475.7029265373312,3.330984811550089,09/14/2022
15.82395121667901,131.6281325248239,-0.137337782171,02/06/2024
13.188235701482,708.6200006083228,-0.1196672258246117,05/07/2022
24.026715664534763,414.81858376585103,16.916673036492597,02/02/2022
10.401726070644232,286.1768416700048,0.8005286143059515,04/25/2023
1.0851747817307107,235.9768090181354,1.307524395454375,10/22/2023
31.426789131850523,396.670547489372,0.4623937046574889,08/27/2022
6.131420027353817,54.94259291549569,-0.2408450254732079,05/05/2024
110.11776039425024,2763.9231669313385,11.210249077657933,12/19/2021
9.809712821779923,563.660875969197,-1.2265459583805254,05/01/2022
8.83981868769372,402.53433465540166,0.5495625097634046,03/23/2022
28.11534683792363,232.05946010350408,2.5320499635950666,02/19/2023
42.775181877905496,480.0541495199749,5.223506387179761,03/25/2021
23.266268595101685,-137.49807643829308,0.7196637278552664,03/15/2020
38.611845532578975,703.361613720256,3.904530613208688,12/27/2022
155.49179513204504,592.3767795988413,25.14489012077206,04/03/2020
221.5832187219982,4280.575605273983,19.01730719562636,01/02/2022
170.34211547576226,525.5604858101598,32.12256508329855,04/14/2020
7.712147063555159,172.03284683155073,1.5275549886870168,10/15/2023
2.5556487046087764,45.33560418010077,0.8956509015377252,07/22/2023
6.642836627444329,155.15861285185915,1.5094305229988094,06/13/2023
15.12342488772638,225.0392051606377,3.824039519498344,03/09/2021
3.2840303404404287,26.59400458621736,-1.0904159700492988,06/20/2023
44.15920355043606,383.46299658086167,5.914965268235076,05/10/2021
58.51870264451564,588.2594688230043,6.764220086647729,05/03/2021
8.277415169987332,-4.048481395894996,1.089964301848243,04/30/2024
55.37279421012877,678.5726420362074,5.168845176950387,04/16/2021
54.01619290042855,806.5786656671788,0.5583690901426999,12/05/2022
25.24503205141651,266.27525016973567,2.343136160882283,11/30/2023
37.71541251969272,349.76429694189113,5.215549499107795,09/20/2021
23.386975396606967,116.8545431290504,1.2355001428161323,03/11/2023
23.452555541611275,123.2935086637451,5.420858417177888,07/03/2020
55.25786205396655,1018.5152224252608,10.796247118754264,01/15/2021
22.99727998079417,549.7512211067199,1.9925852215058224,02/27/2023
0.0326390046257991,32.40937455803915,-0.09131335152086,06/09/2023
5.60549740397091,-60.85999315093456,0.3365167459945203,03/17/2024
34.77902906774228,476.1197867011728,0.9271635278367172,10/05/2022
96.65747806427258,795.8330984949043,43.49406598097726,05/08/2020
134.97874269897713,69.19267992490387,1.922303848519045,03/28/2020
20.869809859178,236.64660668257025,2.486987560043461,08/16/2020
182.0776064994037,486.775639749328,16.271545451254724,04/02/2020
40.81004700368617,520.3360274712423,-1.3364506967054806,10/26/2022
17.64777717559452,208.21317147430955,4.66696338021369,09/26/2020
9.097583241480546,121.780645632307,-0.9992726135184689,05/03/2023
19.286379969592065,293.77674760543056,4.882984676281964,03/08/2021
47.36505556779247,385.0529100623416,10.249304487985894,02/11/2021
33.364938125524176,577.3839561788199,8.37962501027276,02/08/2022
11.94076943718688,30.17634826453866,0.8967655692293719,05/07/2023
69.73539322175851,746.0869173908856,27.673131175608862,01/23/2022
16.352882846434174,129.80690153574375,1.0180155670947186,03/07/2024
51.796131441911264,849.2086545790486,-0.2905670709936489,12/07/2022
23.7929973365232,729.9620650185219,-0.1494596321626501,04/21/2022
45.68343772400165,772.1326277999736,0.023389006372276,07/22/2022
23.046611756257207,35.4588602833212,9.787797354728385,06/23/2020
104.0514875271942,3914.146487058829,12.503702993009036,12/16/2021
12.709840975225315,-98.72828579662166,0.4622681670827939,05/14/2024
5.85589995232472,-79.908736896857,0.6563969744532376,05/08/2024
66.98786074333047,380.81840220546303,5.386807177178188,04/17/2021
14.978447472217766,121.081090680115,-0.7791419709937325,05/05/2023
8.287690296609144,186.4886038518133,1.647870128511955,02/02/2024
26.011624406877385,409.8318466268464,4.075641141488853,10/02/2020
28.531186959041413,535.7331068014332,3.101892473751406,08/04/2021
34.72041238154112,261.8532577831829,1.6124407261895726,12/23/2022
1.979635333161862,137.9569813030187,-0.97036316794416,07/11/2023
-1.222205906649264,269.69166513364314,-0.134908464495616,07/05/2023
32.277009018035145,385.8504411714481,3.1280592741693867,12/05/2023
22.45427419332435,99.79341905494628,7.735366261542008,05/29/2021
161.0011386230372,500.3844087973295,36.11773741216876,04/19/2020
7.626650395650861,417.5194438219127,2.6505875192509607,09/14/2020
68.43372618081901,952.2548776032124,20.448851674099643,01/22/2022
113.23477612752392,2796.844045935987,16.866357683324274,11/12/2020
51.99300031739755,164.3051245482633,7.956427102471093,05/09/2021
125.43889846517546,2207.417689276941,36.25562850928028,12/01/2020
13.397125967851442,26.701199647425263,0.9648639173126536,03/12/2023
22.60449372277235,530.2488299584805,-0.3883978262713402,01/27/2023
105.17221961427096,1946.6480209136528,17.274316065612382,11/25/2020
48.30032353431215,501.9545404662113,5.082722524083026,10/17/2020
18.89539762159112,390.1668359812128,1.1040768917652988,12/11/2023
149.97868884123656,241.7149433811117,25.85492568299481,04/05/2020
21.30652050666302,257.38457074100234,0.5964155017003341,04/14/2023
26.59473938130972,113.83071855790034,1.5533114606181009,03/07/2022
-2.691356052488671,-35.32500695842532,0.470300824517949,03/06/2020
50.75344280837552,704.8624593394202,17.502713723212867,01/29/2022
3.933964574901245,44.53643200714495,0.0856863906834014,03/27/2024
31.87618435045917,567.4062821054889,2.1444082123078534,08/16/2021
49.05006049208434,813.3490165613824,2.0272920284619724,08/09/2022
12.24678515561675,128.2954942509408,2.713593790332593,09/29/2023
19.004962170871124,46.80287531324751,13.124114787852609,06/26/2020
149.14317663913104,7514.350627393961,17.33667059186642,12/22/2021
8.220135302337836,151.20951778177687,-0.0302905171899014,03/12/2024
191.47535394562817,570.3779788967269,25.54241466073427,04/07/2020
51.415980946684485,897.8614697103051,1.8021543104141684,12/13/2022
30.101219828155223,146.41497758576094,-1.0983975508000543,12/02/2023
32.69278932358388,442.5568943288493,2.5337007378658294,08/14/2022
-1.1453004907046918,-109.9737037188474,-0.175530301618848,08/01/2023
247.843269833032,9428.28329524378,12.294894334400464,12/29/2021
19.778994060629927,36.29033251115344,-0.3031091947448989,08/18/2023
7.256667843877558,48.797896764703474,9.662068964309327,06/07/2021
19.256340466724104,210.9806485189855,1.763820223137778,09/26/2023
30.996324103639804,553.4482605663748,12.18635690338144,02/09/2022
112.6660399404202,2763.9636511051312,20.62945467640682,11/13/2020
131.80509722748548,1081.3713924792755,48.47689968026522,05/04/2020
7.476761265754587,147.2760919487855,0.8914355984804169,10/03/2023
21.275590714209383,243.58903476658017,2.2705658070244974,11/13/2023
3.530833661574032,-112.24113940000063,0.1107105505058295,06/15/2023
6.233233925428905,-60.76906184866164,-0.0900429719899385,07/27/2023
20.04956109711961,264.04881270499857,9.992106207621076,02/21/2021
-1.777189947362844,34.567142006936265,-1.0495486955411468,04/24/2024
266.998665908833,6789.201025857213,22.06883971139488,01/05/2022
18.4068378765271,78.59394753620872,4.714249101745824,09/25/2022
22.68917640787588,401.3070345643303,-1.5250347109856377,09/17/2020
1.3718903243172695,-44.854234694118986,-1.1902264026038634,05/30/2023
16.04787208504617,261.5678365956062,3.2811211288762663,09/18/2020
-0.9350919971044642,-67.6405890072935,0.0528111221218481,06/28/2023
66.61156635985955,619.4522084239715,13.397952588428955,01/18/2021
28.862108539079056,528.7606013850076,6.518875868659136,09/01/2021
166.604569967421,712.3895293979615,35.85987356459002,04/08/2020
56.32260392011872,180.79331141446303,8.13368033281612,05/06/2021
22.82920860948142,192.12060983696776,10.441961969761431,03/12/2021
79.75791340310575,927.6897650131416,18.14739492743057,12/26/2020
41.24526796924109,363.40508702476905,0.5114402668273776,12/22/2023
46.03169501663036,538.0590945488101,2.163939650453288,11/21/2022
32.46692681952562,742.2841076612841,-1.929822703267419,11/07/2022
-2.4469455069773405,133.94038718209774,-1.090160160084651,03/01/2020
26.417996099911377,109.59434230336996,-0.1488997407756642,08/09/2023
10.074049876390916,138.06700699203458,-1.9494094914862417,11/14/2023
8.522564833620072,0.7652251034476052,1.8201451438584408,04/02/2024
257.9297565584343,8399.95659165616,16.031816392904613,12/30/2021
38.47203079168828,177.33798956966234,-0.262618645638682,11/24/2023
34.352000014227805,338.85588942316514,1.898916896596883,08/13/2022
9.65580135854297,37.58217389291053,0.6428594748314467,07/16/2023
30.198752993065103,277.52126342062786,-0.3364866914763889,01/21/2023
22.61094480554084,228.4135765877532,1.8919993135122264,02/18/2023
34.93466993859873,477.256407935272,0.7128387460583061,06/25/2022
9.032180705684755,307.73892729048225,0.3652365560936648,03/22/2022
11.225038189753125,366.9631598079367,1.411097461482009,08/17/2023
5.158430196817873,44.20585857892493,1.102043153586555,06/24/2021
118.66896503231628,796.0682363568976,46.09856471346386,05/12/2020
35.57444492997661,46.69923639190824,2.216264087171468,03/18/2020
38.51233962700942,226.3006249487599,1.08283920109889,01/05/2024
20.04170529272729,286.62703445168216,11.906750098730427,03/10/2021
13.57453456154304,107.4316125041389,1.8747797100574004,06/11/2021
25.70998227826478,265.48065761096666,2.5473456862940216,12/14/2023
137.22691819861868,1978.1197863259524,32.051677148199644,01/17/2022
43.98294852027272,1073.702198263134,-0.2772928759303347,07/13/2022
48.16479635174909,175.27336316511787,8.134195656142158,05/13/2021
91.91568497339426,819.003346944236,14.810729491382284,11/22/2020
9.9510350768706,-13.422387956380136,2.462444417429164,03/08/2022
18.34542391032724,345.2025850393624,1.837875345499052,10/23/2021
32.37540594697624,187.5414133827728,5.730738300393442,05/26/2021
116.2404759710446,1162.1693099499196,30.37559559833233,01/16/2022
3.2855791100219047,332.6742148113321,-0.6192024289885275,03/15/2022
42.40578280817363,381.5609265833823,11.805788022615912,05/07/2021
43.29127584898677,451.534811154044,2.936682210079857,12/01/2022
25.83590940765028,419.7170262248047,2.34437837591041,12/12/2023
22.497725162823283,314.9663164920648,4.4278127722591725,10/11/2020
15.285458709811977,6.291747283630592,1.7061658254856726,05/26/2023
42.48163488436204,173.08569349503995,2.350043615046776,01/07/2023
33.52218968617045,78.67322080361136,0.114603195006649,12/10/2023
25.725737957954244,268.33923992188306,1.405878220054923,11/16/2023
15.0524412787839,313.4401258514379,2.200004110791072,02/18/2022
33.44409782236072,506.94378820329257,1.1296508390990778,10/28/2022
87.68708683918992,291.50671980909374,26.34315978988172,05/24/2020
4.288213982458965,137.7022470819831,0.0925238115596579,05/11/2024
17.14169972678077,238.24053730086496,1.9554673111513152,10/27/2023
16.656971058675662,323.0510055562873,2.4128314290459665,09/02/2020
48.45773901461498,500.13861606091024,22.00247348483956,12/24/2020
-0.6199281986106344,-26.876095463979425,0.9078503891363512,03/12/2022
6.113801906915585,99.2680584144214,0.023651934593188,07/31/2023
32.99516517991112,459.25434953302585,3.380319524578582,02/06/2023
10.248618767072267,116.65734752032782,1.224961899817556,04/20/2023
4.539481949582612,166.52236456539308,0.0992405013720302,06/19/2023
23.50633823340618,248.4033640545857,8.747840873093898,02/20/2021
35.48786280487303,275.1271116783786,1.64352918318193,07/21/2020
13.989804477097415,752.6003459297202,-0.0306889632504319,04/20/2022
43.93376367031859,528.9871092178695,15.137132209826126,01/29/2021
28.606706599249733,344.7251042625973,3.921980065395957,07/22/2020
9.315276427855274,203.45873621195983,-0.0687238708335462,07/15/2023
9.71150921795404,210.1793618136317,0.9850953270572438,08/10/2023
47.27546795567564,416.4185478534155,5.036804010892374,08/14/2021
7.968330309950052,349.6029454148107,-0.8594557727735191,04/23/2022
52.35817583646909,958.0224759016554,2.431057557998691,07/08/2022
1.7839532225890269,-26.00707062917616,0.9429888554082508,03/03/2020
24.527836860839265,201.21795756259195,1.490176910980498,03/17/2020
11.25108950116687,61.162177898021305,5.629289716860012,10/07/2023
110.21421311905408,3744.286985072624,6.9145584610342175,12/17/2021
25.43823598810366,297.81466205650423,6.697527136007697,03/02/2021
54.91594154849358,497.9889342352825,10.847736913279194,02/10/2021
54.0613063278344,400.4577896562715,8.040299429411672,02/05/2021
29.80032723239183,337.40134688765494,2.9262025007363297,09/25/2020
55.05460212554553,407.34142292699823,3.7981985967811096,03/21/2021
21.128546269800808,4.659095551371223,-0.18612259421048,09/08/2023
23.62231077547345,331.35375558564834,1.1484555108343488,07/26/2021
24.340398646573444,72.256082951146,4.6368250209719895,01/30/2024
18.777828962903023,269.77900152167507,2.0335184496313747,09/18/2022
7.361465851592726,100.4036580780031,3.073707959874853,03/02/2022
16.6595185858162,453.2322403338879,5.436869172213783,08/02/2021
27.630202737879003,28.28757877637988,20.2702920778705,06/07/2020
142.5029329577725,461.07646110895456,7.607121393274226,03/27/2020
22.0956758219747,220.4748200269113,0.5693262382263813,01/15/2024
1.68817149634811,-33.19442016221433,0.4409362771696311,07/08/2023
20.00270648265351,277.3035058703671,3.2914271699451167,08/20/2020
44.15493314194843,571.2011572133068,2.7801730090676355,11/17/2021
20.58471705327469,498.2567717135017,0.5968542731979074,08/18/2020
22.103748169646604,128.82637813557437,0.7502278284567555,04/13/2023
1.587282716429331,-36.87673218810046,0.3441580167051346,06/24/2023
8.673985383768672,207.1148505906252,-0.5642660103583834,10/09/2023
67.58353810745275,396.8348969449331,22.950571311607785,05/28/2020
19.42678672934001,356.518697483041,0.7667224183966351,01/20/2023
60.08880964098496,726.1562376413233,-0.9853021161528044,11/30/2022
9.87327226654006,108.92891260290224,1.1042278302755315,05/12/2023
40.27126946559956,487.4699711772947,3.603648131446504,11/01/2021
6.028284532914586,-101.1157346073622,1.3419766188802609,06/04/2023
26.52635858440816,210.68330577205788,12.56806239159819,06/10/2020
16.947157013736884,564.392007968781,0.9248135175849757,04/05/2022
19.27036449138421,368.396905917472,11.215378028937607,06/25/2020
39.57901642094,158.87686173550154,5.174565021025626,05/22/2021
16.543292550821764,188.80173506379884,0.5480643326841588,04/18/2023
11.747793499598462,50.690092242036016,2.6377146457823915,07/25/2021
179.00624336442664,1298.7194004219891,55.61769680391453,04/28/2020
5.100619269147372,156.2988669014666,0.7494751244651725,06/23/2023
33.45358470012658,469.48539195061153,-0.1195771148625212,11/10/2022
31.249860315905103,176.32164814255754,4.78453337517804,09/12/2021
58.65949559295142,1180.2337200951067,11.92059231017025,01/12/2021
32.7520095037221,418.6307456389701,3.783126881079228,03/27/2021
132.8521446285439,394.3777489005689,2.3921152613157908,03/26/2020
119.48340834879144,795.8429679455169,13.355862042857966,11/15/2020
19.95842988703622,1408.5653431754656,2.415648800615521,06/01/2022
19.30702026353836,78.35307907480905,0.7525858765082911,01/15/2023
22.174284353100685,938.2180804961788,2.225767074445184,05/27/2022
19.35909476227785,180.5980164050211,1.4745632184650952,02/15/2024
89.9955159456605,1948.6122108704008,35.2060672584536,12/08/2020
4.371220761580956,225.1670158293084,1.3583976807662623,05/07/2024
21.77730779203872,1783.0520195278552,0.1171767074094044,05/10/2022
15.759012644226528,238.1150779174192,0.8257425212618947,09/10/2020
17.957408225554076,141.00831141137903,-0.272484779605623,02/29/2024
10.719680483998596,-159.03576985663707,1.119133367467795,04/25/2024
15.513927895715309,127.55239996165756,-1.2361684816275988,10/06/2022
26.26775254383706,336.82267714207325,2.141570044000044,02/26/2023
54.64835435462112,677.6394736280117,16.918910780517308,01/09/2021
40.37003402345864,275.26913476629466,25.18188462647416,06/02/2020
154.08421218195076,602.831249655523,24.428419966799936,04/09/2020
33.03858693240047,308.4634815143944,-0.0994343180918862,11/09/2023
48.70939061942994,803.218720208371,2.0157777184486134,07/26/2022
16.604372537659234,105.47659720189792,0.0771487069858515,02/13/2024
21.642388230915728,2.0210553720238025,2.5066261135824286,05/31/2021
26.589343136139373,121.37970277291222,1.0547397644168983,01/18/2024
30.2158433807692,513.067209264288,6.9569457851847964,09/16/2021
35.1737204319988,626.3190139522619,9.13007575834274,02/04/2022
21.890761604786764,330.54708741302625,-0.3491571533194643,02/03/2023
13.986337083932955,78.77693264752321,6.53131328136486,06/04/2021
5.316369798260282,521.9263146625927,-1.0456418521307305,03/29/2022
23.65989569786048,174.41750150865394,3.8867471380964735,02/25/2022
41.27576357660888,166.07350829087014,0.9750661150004428,11/27/2022
30.407834254046733,94.76560165873384,0.4475802103801795,03/05/2023
32.747809760943994,1073.2985404069968,0.265101469665805,06/03/2022
25.12824895174223,391.7422847059432,1.1752519091085367,11/06/2023
161.5379104283161,1303.1924984169148,43.397040653515134,04/29/2020
77.47916265702355,1013.1236857652768,3.5520584198022607,04/06/2021
9.619160692624446,-231.02443063142115,-1.7620185939511308,03/02/2020
6.052247114223175,-22.599842614337547,-0.286378235630607,04/21/2024
106.9688651704837,1555.1720479057465,28.505730242346264,12/11/2020
97.75195782951384,2449.0414595015773,6.734747779578811,11/04/2020
31.29983635382236,498.2082262083277,3.2071375289204846,08/20/2021
21.66984065299168,-59.11274589261603,2.0768619521144056,03/03/2022
52.51091165243225,777.009768728074,0.3470577214708037,12/14/2022
22.733973538032025,262.9853952357063,-0.7090905206574846,03/25/2023
27.161069915440844,353.79587676463814,4.718414051432474,07/06/2020
66.01706567869259,319.1384248045037,2.294112034373935,09/07/2021
15.69111432124348,164.78984906212122,0.3993013976105265,03/05/2022
101.19925286562469,358.33471885569907,28.35129401129668,05/16/2020
168.02122040204776,975.940023260732,36.43965774229646,04/27/2020
33.12484577128047,388.7986022200629,5.615824583414319,09/14/2021
237.8173144453034,5303.540479505421,21.8112322414202,12/31/2021
23.10218624372738,-21.92250882284688,-0.4388880725733314,01/27/2024
8.552112725151446,-89.70580839261663,0.9430057333938796,04/15/2024
41.5723770866897,251.0405315114816,0.8774272770493705,12/26/2023
51.902816843001176,300.4530012900757,3.140692140501666,11/11/2022
14.842086619682163,673.2722407220676,3.17821226891756,04/29/2022
29.34435575937127,358.5601405623336,-0.5024683405180779,03/07/2023
29.37852819417952,313.9474684625255,13.553967416590742,06/18/2020
24.46835207861729,932.2243820243071,5.400822476642744,10/13/2020
14.479155369865648,77.59512079172983,0.5151896989641602,05/19/2023
6.723764420294279,-34.77306202609451,1.251229065720138,05/13/2023
10.425959411222458,-3.101677790327741,0.4403269528408022,04/02/2023
20.579632630407698,625.0148427870486,2.3481413450446613,10/03/2022
17.904949219163015,335.95667794684016,-0.139561658778623,10/13/2022
38.34987626174728,715.2714100648232,0.7853215656252424,06/24/2022
6.025633685834922,-23.985501018601184,0.4970624959662325,03/13/2024
19.61243794052121,266.5240950685948,1.1730222007863975,01/23/2024
77.43034955086293,1510.892822738506,26.336135169983592,12/16/2020
28.64095027633661,-85.1792219445845,10.733962226575631,02/14/2021
24.48097420551064,430.2255786833497,1.7289437061708357,03/20/2023
117.06895117746112,2223.7565222292765,29.390686338113607,12/03/2020
32.791315312267336,1008.1404876191424,1.7342371466252078,06/30/2022
15.762540343652873,339.4836737229496,5.160660162462404,10/09/2021
23.76421077040124,123.00974699076389,1.751427634991068,09/12/2023
11.543658533204562,59.67776083774237,2.2820664173374654,10/01/2023
14.2734785459943,395.4071349942538,4.140996260260197,09/11/2020
42.08354932729365,539.0853761835167,6.7152685782368495,05/05/2021
11.076975460645924,-51.13816701331992,0.4772526657285931,04/19/2024
55.0037101112665,435.7330256595593,1.6171560326746242,12/10/2022
24.2692717137462,315.0712219429503,2.503033506686112,10/16/2021
10.980368426060553,-130.15444794657316,0.9889103602102236,04/09/2024
23.84657274498572,285.3914931839644,3.879377842647486,03/21/2022
156.15268239726151,453.4760289777942,14.21262231876249,03/31/2020
64.51855418275713,277.78676638482256,11.467270603083968,04/25/2021
4.392203598637195,256.86686036992194,-0.3347005127024925,08/12/2023
42.63272588188659,689.8201655424679,3.1581501308749265,08/10/2021
24.96157021293568,559.2861830297815,-0.4740964698975962,05/30/2022
37.29619745997054,968.5866594840744,-0.3442969786418341,07/21/2022
18.009318858991797,158.88208225093769,4.098764451436392,03/26/2023
2.8508850155218,103.60408496642992,5.897712944768136,03/01/2022
16.149438792412102,596.4995149752789,0.6842208160343538,04/13/2022
39.86519164017145,561.3359244407807,19.59319667031634,02/03/2022
10.411356644133908,122.93268956913718,0.845677236432931,06/01/2023
154.86300646065436,1211.5935622491102,59.17424765452832,05/05/2020
32.56037732718646,384.714805463236,5.990248245302459,09/05/2021
31.677704108366463,543.7228393107738,-0.649062931475948,11/23/2022
39.81304406452181,569.5053345437371,-0.1216405099793442,08/25/2022
120.43255177746282,357.5413689240144,0.981401173128256,03/24/2020
5.835451348525213,188.8888817841417,1.1316616250340974,07/07/2021
20.72497085622464,147.17568184194994,-0.814510972323954,11/15/2023
20.43590940785831,-42.23680700414289,-0.5479385834381155,01/07/2024
25.1743939557788,413.75448491564833,1.938562240698032,02/09/2023
5.07428024799208,100.56671765749286,0.4931230928543557,08/05/2023
57.59717397521676,968.2123201430384,12.187942969121428,12/12/2021
1.6475054997069056,-82.93643702806807,0.3748466416377865,07/13/2023
45.95654059235462,816.2694403904206,4.062905494113614,03/29/2021
13.447888732755882,35.50093203185743,0.6549644959534956,03/01/2024
10.403356634375388,317.3482188771571,4.388228431502431,10/07/2021
29.53942843694573,1058.02489582376,-0.0552227067076995,10/15/2020
11.28598889129038,7.265318960985397,0.3919440546466636,03/05/2024
19.972791397007725,404.9337625121216,-0.1301348924135774,03/01/2023
28.82872538651401,503.6654910377706,3.469929432321122,03/19/2021
25.74115088874191,216.07550450673145,2.8279502332159665,09/25/2021
34.98603181790979,1300.850835456902,-0.3452801062766332,05/17/2022
26.09122966541476,290.57155736003944,-0.4310198386018882,01/16/2023
44.07729017166851,412.2906300779108,2.609774799580197,11/09/2022
26.960435752553494,622.5953846517627,7.479539356809746,11/03/2021
22.248379305634103,148.4493223404532,0.6309571720366154,02/01/2024
49.68096813807959,397.0300940700498,6.317186615353007,08/31/2021
14.858408145212625,419.9451491164261,1.6744375161694722,01/31/2023
816.9367045064217,1679.7703959672306,0.8319926788365032,
114.49055858940508,920.6816176168392,34.20166289836634,05/18/2020
64.71562608242012,920.06976002569,6.624370080468161,12/02/2021
124.80589505248037,2399.653028552605,32.94100707401495,11/20/2020
121.64385869121372,499.8609888772753,51.70261392763588,04/26/2020
8.87794417681096,307.5450182011169,-0.4753303129053464,09/02/2023
8.058747131732273,41.214328821551874,-1.061240437809153,05/08/2023
14.363530402173318,-8.84384380340552,3.378162180533097,04/21/2023
108.92742849456592,2140.675929276317,17.243642434820746,11/19/2020
17.36936164131361,43.41665502165684,4.424284576758321,08/01/2020
30.950173575044744,477.4308871494937,1.2082795950318184,07/30/2022
11.562038977897952,162.30154850429335,-0.2301145252360294,08/08/2023
16.669620084356154,39.49462098967727,1.40491995472925,08/19/2023
38.80361825306277,547.5810427911607,6.927380031429129,04/29/2021
58.52104142666484,638.6441435305022,12.772144729209847,01/26/2021
32.87175486095408,484.6026303208898,10.879199279589807,01/30/2021
39.68404151545772,535.520076182202,2.810118883352445,08/19/2022
13.011099512521035,264.0330335567904,9.87250934340507,02/23/2021
14.400120541523124,249.4525702071773,3.72454069459604,10/30/2022
25.815006676239765,289.1298740143812,1.0620107052411336,08/10/2020
44.45075116414579,853.2266456280303,1.3572848907607256,12/21/2022
118.6572649361745,2373.4791775134486,23.71131978633164,11/30/2020
108.0431218113098,711.9404706358623,34.70121004507163,05/21/2020
17.190719981365795,416.4970186335998,1.8432976730554864,08/03/2021
40.56163907578617,110.0316049376754,4.138898364959168,12/01/2023
6.459502084830594,67.39869393125701,-0.5252765289667543,05/02/2023
23.329195000039185,170.03639908406484,12.644826024813378,07/01/2020
28.875540339296595,405.48484431559945,8.216962268581653,08/22/2021
15.250155134942352,43.7735644188694,1.6203196552468508,02/26/2024
9.482579811450504,191.2604482650564,-0.1254168622788583,05/01/2023
16.00151989898178,453.89521171432034,2.8764976465157845,01/24/2023
19.64608970036088,370.821330311754,1.856822230787868,03/16/2023
18.48387031010368,512.9860657156114,1.645571323152907,09/26/2022
15.141359943006035,593.048213632271,2.983493095829896,04/07/2022
76.08679778340301,1396.1384684251548,16.826447644222323,12/22/2020
36.11099211152626,407.9101884369324,0.7154318108791747,11/26/2022
35.72161900678362,407.1976182511502,0.0734499869568904,12/28/2023
37.13032858798997,916.2886674575168,1.6966894376524428,12/15/2022
23.45615340323404,366.4780666950217,2.8965885162295524,09/04/2020
25.032580420056235,549.8908588662924,3.078512582262696,11/02/2021
33.69709830896531,239.33569839784428,-1.469435497183548,11/19/2022
40.84345762627506,753.2883223940435,2.910640185936309,12/08/2022
170.13770907034862,3911.542694601653,16.977561126152285,12/24/2021
22.03015170488268,337.1036420007013,0.9920040202568724,09/14/2023
15.637309460115643,227.2522170872216,-1.4638167567002751,04/03/2023
20.120480785958968,295.04563782176075,0.6827773812062663,04/17/2023
5.633484007428047,69.49503133136301,-0.1309538077500567,07/25/2023
253.13532767872323,9389.844722684416,23.035895713074083,01/03/2022
71.00014349493318,990.8515228413796,11.198206792005973,10/31/2020
30.432035024096407,384.14246131658416,-0.4086625802824024,09/29/2022
22.49996230692369,1018.4736500450553,-0.8135206664673018,06/22/2022
28.525315520372693,293.8104660218572,4.924289598292885,08/29/2020
2.392888057463882,95.651084264833,1.377435189949945,08/14/2023
44.76849753953033,579.7834046267806,0.948360665524774,08/15/2022
17.53608561133068,162.15779013817797,11.537996584651534,06/21/2020
2.0451063771065727,19.024663217458773,1.8289078476302845,07/01/2021
31.991654238817404,771.7047966596995,1.7576637446379284,06/23/2022
4.653459585046076,25.771683271640462,1.1594543263632122,06/28/2021
35.79495114163183,417.4050474087145,1.6136302075509106,01/30/2023
55.11034629285948,1064.3171366653348,1.5493878864880382,07/20/2022
17.81254187728918,101.3322856961274,0.6910482651685119,01/31/2024
14.902236165332534,272.33230794023484,-0.3156787658872342,09/11/2022
23.547519932571426,288.3978129771276,0.49532812521204,01/08/2023
12.730285032802293,751.4560589790453,-1.3037208429568514,04/22/2022
15.998148661976114,266.4049633274331,3.673000894091223,09/06/2021
2.684431209330744,72.75640610711724,3.80931500508862,06/15/2021
14.590213687841834,0.3792271513251819,0.7643786357670989,02/28/2024
4.0318530023213945,-10.888979003515445,0.2059733424335127,08/06/2023
50.07614431203076,1325.7961847907118,3.3716491831558404,11/30/2021
25.29171595419913,1007.703969149794,2.813600399847992,05/06/2022
49.480714618823264,461.6966427007195,13.734204905915083,02/08/2021
37.70089746933195,440.71702662904,14.588142197736987,01/30/2022
4.135755635578441,319.1467235094531,0.6001630446920216,08/28/2023
40.33046042360801,541.2622447269435,-2.203109246226802,10/31/2022
38.2570131770927,1139.5691427572092,4.117494588390169,07/25/2022
13.706767931211909,-18.920663013362457,-0.03682416781935,02/24/2024
22.334909746719667,265.6457199105853,4.749923336181752,09/24/2020
39.41626696738192,544.4317938190342,2.076958524277347,08/17/2021
136.73246917624516,1016.7276771842209,39.64682887530925,05/01/2020
56.74304340184602,709.362110050059,4.954848953799129,04/28/2021
8.410786391229916,-54.34364305477493,2.578333129152236,01/20/2024
13.222246293474967,98.23148360221596,-1.3659949105613682,02/27/2024
11.435579188103825,70.58563868185036,0.8104517047656121,09/22/2023
32.391355387657725,320.8995134027499,2.6914704293263743,02/28/2023
0.5906148450010198,28.35209921927212,1.4115680252270173,06/29/2021
71.9354660966673,754.0621493526378,9.456472563075025,04/21/2021
7.848677817732041,230.91211659924977,0.2272277805436946,04/01/2022
33.48228648735191,177.26934152469843,0.4251074350980655,12/03/2023
20.00721770618324,183.57023384270727,-0.1788626441983825,11/17/2023
-1.1497536219738986,145.57164089454892,2.216965114950329,07/05/2021
36.33220862818474,1128.4426192872738,0.4499541020692072,06/06/2022
3.397028464337696,57.14406171165184,1.6737453185286109,07/03/2023
27.368996783111,226.1969738415844,0.7648631244939621,10/01/2022
20.63650134327258,289.76155276680856,1.6768625333582776,10/19/2021
35.49760002749367,162.44395962951637,4.354143680435084,07/31/2021
29.26508236880592,394.4138100477604,7.058511247325324,11/13/2021
23.40578358965168,13.04622040185481,5.034722393617783,05/23/2021
31.816525185079684,490.6600213558681,4.966663502628014,08/19/2020
18.25244986586267,172.25553781616915,0.6826692027978918,10/07/2022
13.628174062578443,390.6959253389791,0.1457649554377811,03/13/2023
2.512681474711113,-16.46996607266278,-0.5641797015973521,07/10/2023
60.72723944090495,157.61090137878963,0.1987526610916254,03/21/2020
37.21901599455981,563.4298802048403,2.872679263958596,01/04/2023
4.340285967287085,149.2165033879012,1.65367755550021,04/27/2024
70.92987225072001,676.5949496576592,9.007536973056048,12/11/2021
22.90783568554453,312.0393422269044,3.9046275837025655,02/15/2022
93.60156506395474,1343.3427405864034,17.6834503038426,01/07/2021
23.861309186353694,952.8178686296162,-0.9829996292973994,07/07/2022
6.636943443868459,5.178504066516819,0.2200263494317809,06/17/2023
41.97895496025777,274.60756523704987,14.748475135352862,01/17/2021
7.839975655926928,61.55469357982669,1.9726239815498023,03/27/2022
7.570292647482585,49.11684572764548,1.1827566657861484,03/29/2024
5.389188650966039,103.44539097019198,-1.0047035574049472,05/15/2024
72.09798308363844,1124.8569958127068,12.332798001934988,12/07/2021
133.8380227851947,2482.1996881540194,21.68511658419691,11/17/2020
17.019883088688132,586.5199537421263,6.071480614781579,10/12/2021
43.787815477287374,566.8715138389628,1.5319058576813884,08/13/2021
9.956395179543309,56.77812960572915,-0.1934890673613137,07/15/2021
45.50667088330415,453.34033575368346,5.021810065921393,05/04/2021
34.86157197877516,422.61054398517047,14.978536558322682,02/12/2021
43.43334587613279,29.51502499588159,17.875512531644222,01/31/2021
26.98449609730199,96.98541051386364,1.90374923754469,11/24/2022
10.354678548880807,170.39818518793604,-0.7303590940034183,05/11/2023
19.188834034539667,447.9057140977792,3.1907051912913422,09/30/2020
187.81374910243247,521.4773621101972,24.32858731468223,04/01/2020
3.9638400880356666,-37.186847746054525,-0.0496628593354018,07/01/2023
11.60064655055244,74.16351526591254,-1.6149798427071296,04/03/2024
16.475914019999145,-36.77031838089786,1.7836127510644968,10/26/2023
23.965696951444173,362.2399913217342,-0.5271409061921637,10/04/2022
37.38157864075367,208.9877755872178,-0.9241437326228136,10/12/2022
-0.3314657670730545,103.24026966531116,-1.5622676834689326,04/22/2024
39.69854764054339,1234.1729084859717,-0.7661187431020735,06/02/2022
26.89429851872258,628.5896544347605,-2.1081027151381844,06/17/2022
50.84041007630408,562.0180297896269,7.759646095897249,01/28/2021
12.259889067915076,-95.76585168527,-0.3276681738874515,05/21/2023
8.175526464307104,-3.870883280593264,2.2459561729186146,03/09/2020
19.414726473529058,397.548834833501,16.989496492708113,02/14/2022
18.366768151182264,481.1033679449617,5.822525461229399,09/09/2020
134.9991175684413,291.0601476614646,33.513356976213885,04/12/2020
14.821655512617752,496.8359126897142,1.8467419347636127,10/05/2021
32.367706060545224,278.09409036422926,4.371719286655953,09/17/2021
47.51894453469847,370.0482669508031,1.9355257315508607,01/03/2024
59.09059372776943,1192.0288594630915,3.853002894120536,10/22/2020
112.04528820159348,2707.195801712008,6.0834700899189125,11/05/2020
28.43704314703746,330.79649896706326,-1.7269330421597235,09/28/2022
138.00455306264868,3516.7373919010147,13.555415881706796,11/10/2020
31.59498716999876,362.7170792954871,0.9858454407369864,03/28/2023
13.236110634611112,-124.01417099756262,0.4592456170048962,06/21/2021
24.24475903417512,235.9105602219072,0.9625444739619596,11/21/2023
52.1276377911159,538.3168011364315,1.0457679364005903,08/06/2022
12.79451237821474,745.19529299348,1.79593104819227,04/26/2022
32.631086388949015,374.17926141931935,0.0787237211543002,11/12/2022
29.93810393746052,275.0734549624192,2.785708354889971,02/11/2023
12.336503590156228,109.03573926450464,0.9663041464633496,07/30/2023
31.15757765506564,311.8102984209686,6.608251357550233,09/21/2021
18.881181734259272,138.56602437420952,1.7660679465094715,07/23/2021
15.018794010704266,143.66235208416836,0.2186440400223095,08/26/2023
-3.347677683297375,123.89219331631884,0.1861694537837706,02/20/2024
20.42470350253139,409.6554577109009,1.4062827520230412,08/05/2021
112.46738947307983,2062.7964414504704,38.69270083492604,01/20/2022
33.196493150252614,316.5065505282071,1.2420049446415296,08/28/2022
4.654332359975307,-76.84895048335036,2.408683660830849,05/01/2024
4.246986260439512,339.5120445891666,-0.1219043815310709,03/14/2023
29.30834060013584,764.0129116755874,0.3413801844900862,08/29/2022
32.021806582347914,314.3547133312978,1.644492146476605,02/13/2023
144.85097888356873,2600.02247587656,29.35931715736001,01/18/2022
2.64333684607797,144.90371650495194,8.289753134368752,02/27/2022
21.815300073101884,558.5366684646689,6.52371611420271,02/10/2022
31.59243505067245,504.3780048686439,1.103171624464681,09/09/2022
17.93509501019812,172.99801386255112,1.8074164124563337,08/08/2020
14.673401877199936,189.02238389818,3.2105733792093067,03/14/2021
10.983535411173808,354.7897533405051,1.2880777430302257,03/29/2023
43.16992682187109,237.465621020385,3.4131859023535385,08/21/2022
15.997587984380084,326.8749992803245,9.341560765423331,02/11/2022
2.289086415932152,385.94190422308566,0.3089960551832695,07/14/2021
29.45720402990792,1514.7199671441651,1.7066260728469538,05/12/2022
4.072947160246036,125.38139629610754,-1.840308254498067,06/21/2023
1.4482423943973393,27.98786871309798,-1.470713478736952,06/02/2023
31.74700398627251,231.96658399648024,8.838194914000667,02/17/2021
60.87638236113388,886.4390768264632,4.683692786555778,04/08/2021
22.46339534769869,71.99022849494219,4.272436198929428,10/04/2020
26.77506929669308,395.8431948250779,3.296819944557229,07/17/2020
44.30796440023662,238.74866543786484,6.235578286744479,05/15/2021
35.90359441420901,354.782901373761,1.39980685210161,12/17/2022
158.58448735553392,720.3054199447544,30.557774409896588,04/16/2020
47.79557570364844,859.5982994216953,12.68959116929781,01/22/2021
90.2422883702516,1243.2832234879695,11.92002872162268,12/05/2020
38.47620766034695,235.3035505388831,1.4413839943066378,02/17/2023
21.466882372650577,460.7981796732354,-0.96297410656719,03/10/2023
17.683971733801933,320.0848437757391,7.396864011499528,09/24/2021
14.880941168771614,153.12707590330825,1.3942976385280386,07/27/2021
7.604257825697619,228.34800660111492,-0.4730699696860976,07/16/2021
37.96524070150196,303.51625928164015,6.624919245505016,03/28/2021
104.31855054036988,2821.117093225401,8.219093692206286,12/18/2021
30.666945527554745,550.8964864066962,1.6834445201162662,06/05/2022
45.1550715752046,1185.1919655155348,0.7691111760494365,07/18/2022
39.08159540200505,393.5408158944364,-0.389609233860575,01/09/2023
73.68902282322108,1291.7867356221077,21.32447701524292,01/02/2021
17.98708813710117,324.55041555883446,-0.3197516239890383,04/09/2022
15.726004554729002,4.6185008071187,0.4073346017269625,05/02/2024
25.944060938279826,71.49247802858102,0.7008818798994624,09/04/2023
7.580200945999734,312.58858333549546,-0.4143564384387362,07/24/2021
35.41763853407248,295.8214703230387,6.956745610043951,07/09/2020
13.286764336092029,252.7559281724789,0.3699615236047261,10/13/2023
,-38.637972516025926,-0.3448775535809623,05/16/2024
24.61247762255249,143.79630023859303,-0.261108241070108,09/03/2023
12.96126959814092,-60.33906440568268,-0.4663281901888303,06/30/2021
-6.442492388123732,104.23259616351892,0.0839262823851471,06/18/2023
36.22013989289546,447.5950826451179,12.3227187861544,02/07/2022
34.08402618151702,510.4253110266837,1.169728330295547,11/16/2022
6.881700354279648,16.941665177205692,-0.1192535510909639,07/21/2023
29.370486149304888,282.36432799376496,1.9109916414624888,09/27/2020
29.89536787191116,461.74001061673806,2.334367899001492,06/26/2022
65.23777122388074,1071.628869992432,14.406412982175125,12/10/2021
129.12687971094692,2175.7055083647774,16.50539824964475,01/19/2022
21.133348034360647,242.18824559044933,1.502603453062792,02/05/2024
20.199581713686666,6.681403361474906,0.1665176720995129,01/14/2024
14.480438558185078,-88.89713248356665,1.3750848382738925,04/16/2023
12.241100824313126,97.17566291077654,1.5430456768236107,04/01/2023
8.809719947704044,15.59130844040483,-2.1210102460917346,10/29/2023
31.945049694319675,544.5948007330654,3.831076359844456,08/17/2020
37.651550588372594,844.5350903211473,5.859506530448462,11/16/2021
14.728295860877498,-8.388123789127022,-0.0326060178227417,05/20/2023
7.816125422724257,40.490221196747775,7.534347474959151,06/03/2021
40.59438888688712,492.4781487034416,-0.8030418817733866,07/10/2022
35.21130465524032,562.4057535497664,8.314200356742857,03/17/2021
31.44443589959016,239.2604681869664,2.6210915294759047,09/13/2020
36.1561545242477,85.17789987839956,9.311110971886029,05/16/2021
29.093746699481475,623.950424390505,1.074935928631095,11/14/2022
155.49680001807653,518.231087876475,10.655108391628648,03/30/2020
26.411274482827363,226.98244169484155,2.838486252994036,03/08/2023
98.85076685883624,1621.5789551013324,25.830234303544906,01/21/2022
24.822739944174863,286.5741328966492,3.886778659585324,09/23/2021
19.92624502765192,177.95281906259652,0.7158903037735255,10/16/2023
17.864839794202656,126.20518614130494,0.0451438335416198,02/07/2024
54.270465110279815,240.49902823173403,1.816742638784607,12/11/2022
13.07947791614934,258.38730509865024,0.6049947641466901,09/13/2023
17.472146637480304,186.3513098683662,3.7206827866487626,08/15/2020
11.608410984946955,7.490036757920805,-0.7514696311270224,04/30/2023
25.91717617813593,432.4827203785567,2.1371338048602,08/03/2020
80.66682246850618,1972.572483497196,3.5041344671483725,10/29/2020
13.704986923416303,215.57302164907844,4.186603246534172,10/22/2021
14.641385073919295,-11.1479694706168,-1.2093184099973642,02/28/2022
7.799150164807716,67.08187469270374,0.647734521933361,04/17/2024
0.880415562480314,63.271391367917296,-0.1478553229639873,03/14/2020
29.54834487557916,193.8759902206316,1.408474493900172,01/22/2024
36.40699921040826,408.7706219961084,24.55365437148016,02/06/2022
10.156374985449048,2.7390946656972943,0.3819917589392063,07/28/2023
14.352197286730574,100.73980660230228,1.6794542622259474,09/21/2023
17.04375215958581,533.204058377524,0.5035543991745547,04/06/2022
17.163304289474688,163.47966764014154,0.454324557804144,05/09/2023
47.189893171112814,765.2341045046064,0.3471257169171626,12/16/2022
79.49889094801328,1180.8314636046582,17.025785019033837,12/18/2020
8.020365432932778,-39.425658280457256,0.1787439960621044,04/13/2024
7.988580142885153,139.92868176799965,1.2529440776309484,03/04/2024
11.044920030524086,-38.471703066126565,1.769984096311064,03/23/2024
106.78976815109138,1848.043495824428,27.437250755554736,12/09/2020
13.74702110754393,209.9631791365468,-0.6997720058079455,01/24/2024
14.068806186117476,45.42036413842448,1.368815297195345,04/05/2023
19.606556350297023,248.0954925422521,4.283606770594364,10/13/2021
17.803602243562246,129.1146797418725,2.5008998067655424,10/02/2022
35.63244917867217,1863.667248383113,0.4512371120256777,05/09/2022
19.32660721529568,4.736618657800136,-0.733895607270846,03/02/2024
28.627761118807275,406.3206655710451,3.617407444005592,03/24/2023
163.97377879447814,946.1751471692404,36.58700981173006,04/21/2020
43.07767075704323,906.2421594517776,18.46354843536938,01/31/2022
-3.1628504883162947,165.10922645319917,3.858805161729681,03/09/2024
39.12473709748783,1000.9402397873926,2.0181920527197312,07/15/2022
36.96852154969497,786.7458783015212,-0.2444256147748167,08/10/2022
19.882377927995897,394.3804658024966,0.4557568145046241,02/08/2023
11.06921030966609,-62.04146736041511,-1.041431985041597,03/10/2020
60.017766955872204,674.630659348459,12.321000129573433,01/20/2021
31.568083089050152,872.9524927850763,1.3170367877381417,07/27/2022
106.46969340890682,165.7581986884214,38.794868870705656,05/10/2020
6.174968569993849,43.68822612285056,1.0418882151437172,06/19/2021
166.7663993301657,770.0318293334307,49.67004936717271,05/02/2020
12.337805547873788,40.04479530994601,-0.2640262556217682,04/06/2024
30.56365296100092,553.0540659409731,-1.6955286703468406,11/22/2022
7.862913223501936,196.53807849238763,0.1129063474815086,03/15/2024
24.092938853931347,440.58347231111,5.277870542414479,09/29/2021
45.65554738786781,450.20933196951466,7.832308010813727,02/04/2021
23.622470285505567,176.85278998954277,0.4488427576060217,02/12/2023
-2.4472222060939623,17.955218025032412,0.348604343104568,04/16/2024
33.21894794960184,702.7058619126592,2.557490397624674,09/13/2022
37.534956403825845,400.462124206044,3.346487619471132,08/09/2021
24.542031449346887,478.5097731852603,1.2071652007406644,09/08/2020
11.476542116892825,197.879567113322,4.750361458232311,10/08/2022
26.225111348167943,398.8889006504869,6.486217585621409,10/10/2020
41.79765776849405,194.9339922912976,23.2304033598266,06/09/2020
20.718274038009,530.5819076389193,6.174504084725454,07/20/2020
15.489760652351883,-35.714222501777186,0.1677218582718779,01/13/2024
10.94043327820821,526.7305565237676,-1.0247537659570487,04/30/2022
-3.407729822245167,64.78362359638163,1.049418458999405,05/12/2024
30.25684936909662,692.8053614027577,6.35313781278297,03/24/2021
15.610122364329127,221.07394816814283,-0.6018974031157259,11/10/2023
193.8191183207008,3254.1741788050813,28.429615926033367,01/08/2022
23.245674374570964,410.2865352632648,21.0500743770461,06/15/2020
13.703043021225106,72.8896937090525,0.9119552715885462,04/19/2023
33.41063019977559,302.62142598559984,6.39930006802489,09/11/2021
53.432020652571325,1027.1023537891194,5.458535895499222,04/05/2021
18.008750301253393,-26.3382978803418,4.956101598902878,08/30/2020
47.33232434272936,740.9530600934858,1.4682973930105678,08/22/2022
31.32726578241716,206.19370691940685,8.870898192019204,03/04/2021
202.37777770304228,3614.525709128697,29.90952861293796,01/13/2022
25.977577836129942,230.5179725926096,1.5343920693641857,09/03/2020
157.4638002302263,1450.606586512954,19.3694751106121,12/25/2021
42.515095459969125,697.9450175458611,-0.1160777593327586,06/15/2022
24.7552303736575,320.7533267682778,-0.8163957800529444,09/23/2022
33.330560171485885,425.1667328886384,-0.0860033794779117,09/20/2022
65.44468810753315,639.59360569761,16.108899427724417,01/16/2021
30.37604025172424,295.677727862652,7.478624102956863,07/02/2020
25.557631756899266,1246.240770572278,1.6180223594419287,05/03/2022
27.621469153114543,452.03330421500704,1.766893917249432,08/12/2020
23.79321502049165,89.77939997136018,-0.0125091063099846,09/18/2023
23.16077314777488,274.0371888250738,3.580842706570313,09/18/2021
13.468371042695711,380.506746650961,0.2085742112355891,04/08/2022
6.946907396855354,80.97336342491029,0.9323681289462584,06/06/2023
77.703868653355,813.5886058931438,22.89499902507785,05/26/2020
13.75030454980206,73.96025655977164,3.5483077123054003,07/18/2020
17.75223792413808,99.09554694402918,-1.1585333254368009,09/11/2023
29.265134869006783,1615.9180392517328,1.1737685269593083,05/11/2022
69.43222992848122,397.99237933862327,22.229799197396147,05/25/2020
8.868042609752322,44.775296186996506,3.286399600159325,05/04/2024
