AREA,DISTRICT,SAFETY
area_5,Other,63.35
,,64.39
area_5,Other,69.18
area_3,Other,70.75
,,63.14
area_2,Other,58.87
area_5,Other,64.86
area_2,Other,54.48
area_4,Other,57.35
area_4,Other,57.21
area_4,Other,51.22
area_2,Other,57.31
area_4,Other,41.87
area_2,Other,54.6
area_1,Other,47.42
area_4,Other,53.79
area_3,Other,56.56
area_5,25.0,52.9
area_5,Other,69.33
area_5,Other,63.5
area_3,Other,49.76
area_3,Other,49.02
area_3,Other,55.72
area_5,25.0,62.93
area_1,Other,50.77
Other,,65.47
area_4,Other,58.8
area_1,Other,60.48
area_5,Other,60.74
area_5,25.0,66.9
area_2,Other,58.06
area_3,Other,62.8
area_3,Other,57.6
area_4,Other,54.24
area_1,Other,47.44
area_4,Other,59.91
area_4,Other,56.37
area_1,Other,46.62
area_1,Other,63.2
area_5,Other,65.93
area_2,Other,43.49
area_1,Other,50.97
area_1,Other,56.03
area_3,Other,57.94
area_1,Other,49.62
area_5,Other,59.06
Other,,65.24
area_3,Other,64.89
area_4,Other,47.16
area_3,Other,64.24
area_1,Other,45.89
area_4,Other,50.24
area_1,Other,46.15
area_5,Other,68.55
area_2,Other,57.92
area_2,Other,57.5
area_5,Other,68.24
area_2,,55.0
area_4,Other,40.96
area_3,Other,69.94
area_3,Other,58.19
area_2,,55.45
area_1,Other,49.2
area_5,Other,69.41
area_3,Other,67.62
area_5,Other,64.67
area_1,Other,55.62
area_4,Other,53.91
area_2,Other,56.62
area_4,Other,47.88
area_3,Other,64.5
area_5,25.0,45.66
area_5,Other,72.04
area_2,Other,61.27
area_5,Other,74.03
area_2,Other,59.15
area_1,Other,46.42
area_5,,63.59
area_5,Other,63.93
area_2,Other,51.84
area_1,,54.86
area_1,Other,63.93
area_2,Other,49.57
area_1,Other,51.51
area_1,Other,55.31
area_1,Other,43.32
area_3,Other,78.75
area_2,Other,52.88
area_1,Other,54.28
area_5,Other,66.33
area_1,Other,59.76
area_5,25.0,59.45
area_3,Other,56.8
area_4,Other,50.27
area_3,Other,67.48
area_4,Other,54.27
area_5,Other,64.56
area_1,Other,59.61
area_3,Other,48.59
area_2,Other,57.86
area_3,,57.62
area_1,Other,50.47
area_4,Other,51.41
area_5,25.0,67.55
area_1,Other,59.74
area_1,Other,48.5
area_2,Other,59.8
area_4,Other,48.91
area_5,Other,62.87
area_3,Other,67.1
area_1,Other,64.64
area_1,Other,59.68
area_5,Other,69.97
Other,,66.85
area_4,Other,51.57
area_3,Other,66.17
area_1,Other,52.72
area_2,Other,45.63
area_3,Other,66.62
area_3,Other,62.73
area_1,Other,53.65
area_3,Other,60.32
area_4,Other,49.36
area_1,Other,51.87
area_3,Other,68.53
area_3,Other,70.91
area_3,Other,52.19
area_5,Other,60.72
area_3,Other,68.24
area_2,Other,57.32
area_4,Other,55.34
area_5,Other,63.93
area_3,Other,67.56
area_3,Other,61.32
area_1,Other,45.38
area_1,Other,55.95
area_3,Other,71.81
area_5,Other,73.57
area_5,Other,65.6
area_1,Other,56.89
area_4,Other,48.12
area_4,Other,53.9
area_3,Other,59.1
area_3,Other,63.3
area_2,Other,54.05
area_4,Other,46.06
area_4,Other,57.74
area_2,,56.89
area_5,25.0,54.42
area_2,,54.67
area_2,Other,58.24
area_1,Other,52.75
area_4,,60.24
area_1,Other,62.39
area_1,Other,50.58
area_2,Other,41.42
area_5,Other,65.92
area_5,25.0,65.03
area_5,Other,77.43
area_5,Other,57.29
Other,,64.22
area_3,Other,73.99
area_3,Other,62.1
area_3,Other,65.09
area_3,Other,56.63
area_5,25.0,65.37
area_4,Other,48.23
area_2,Other,52.67
area_2,Other,43.95
area_1,Other,56.25
area_1,Other,54.25
area_1,Other,42.52
area_3,Other,54.85
area_4,Other,45.23
area_3,Other,55.03
area_3,Other,58.98
area_5,25.0,62.58
area_3,Other,63.89
area_4,Other,55.8
area_2,Other,44.35
area_5,25.0,53.49
area_2,Other,62.52
area_5,,61.15
area_3,,67.63
area_5,25.0,61.86
area_3,Other,61.59
area_4,Other,59.43
area_1,Other,53.95
area_1,Other,51.91
area_4,Other,56.82
area_2,Other,54.83
area_3,Other,50.38
area_2,Other,46.44
area_1,Other,45.5
area_3,Other,61.51
area_1,Other,49.63
area_1,Other,57.06
area_1,Other,58.93
area_3,Other,65.79
area_2,Other,58.45
area_1,Other,55.44
area_5,Other,69.17
area_3,Other,65.39
area_3,Other,64.22
area_2,Other,58.4
area_3,Other,58.38
area_2,Other,45.18
area_1,Other,54.11
area_1,Other,59.21
area_5,Other,79.57
area_3,Other,47.0
area_4,Other,59.74
area_1,Other,46.62
Other,,61.57
area_1,Other,43.71
Other,,62.41
area_3,Other,69.58
area_3,Other,58.0
area_5,Other,59.17
area_3,Other,59.07
area_5,25.0,59.49
area_1,Other,57.15
area_1,Other,49.74
area_3,Other,67.95
Other,,66.45
area_3,Other,59.88
area_4,Other,49.96
area_4,Other,41.92
Other,,56.05
area_4,Other,55.51
area_1,Other,58.99
area_1,Other,55.05
area_2,Other,59.19
area_3,Other,67.18
area_1,Other,43.47
area_2,Other,49.04
area_5,Other,64.56
area_2,Other,56.81
area_1,Other,49.06
area_2,Other,57.82
area_5,Other,65.02
area_2,,48.91
,,56.99
area_5,Other,66.66
area_3,Other,43.17
area_5,Other,65.03
area_3,Other,58.12
Other,,68.67
area_3,Other,61.85
area_2,Other,51.26
area_1,Other,48.25
area_3,Other,63.74
area_1,Other,47.13
Other,,66.77
area_3,Other,69.36
area_4,,46.3
area_3,Other,65.32
area_2,Other,51.2
area_1,Other,49.13
area_3,Other,69.68
area_2,Other,51.41
area_5,Other,61.49
area_5,Other,59.16
area_4,Other,47.87
area_4,,48.38
area_5,Other,57.0
area_2,Other,54.92
area_3,Other,71.48
area_1,Other,60.74
,,51.93
area_2,Other,62.47
area_3,Other,60.62
area_4,Other,42.04
area_1,Other,50.6
area_4,Other,50.7
area_5,Other,68.63
area_4,Other,57.31
area_2,Other,56.19
area_2,Other,56.83
area_2,Other,50.67
area_2,Other,54.71
area_3,Other,55.44
area_2,Other,59.43
area_1,Other,40.91
Other,,54.52
area_1,Other,61.64
area_3,Other,52.46
area_1,Other,49.94
area_2,Other,58.98
area_3,Other,70.16
area_3,Other,63.96
area_3,,64.82
area_1,Other,58.96
area_3,Other,65.16
area_4,Other,55.51
area_1,Other,53.33
area_5,Other,66.07
area_4,Other,51.85
area_3,Other,66.08
area_5,Other,68.07
area_3,Other,60.38
area_3,Other,62.51
area_4,Other,55.33
area_2,Other,65.96
area_1,Other,59.4
area_5,Other,69.05
area_3,Other,63.62
area_5,Other,66.66
area_5,25.0,57.63
area_4,,48.28
area_2,Other,59.87
area_3,Other,51.57
area_5,,66.08
area_5,Other,70.97
area_2,Other,52.94
area_3,Other,53.25
area_5,Other,67.31
area_5,Other,63.06
area_2,Other,52.18
area_3,Other,64.13
area_4,Other,48.65
area_5,Other,63.97
area_3,Other,52.45
area_2,Other,48.71
Other,,62.9
area_4,,48.62
area_2,Other,59.47
area_1,Other,49.73
area_3,Other,63.66
area_3,Other,42.78
area_3,Other,67.33
area_3,,57.03
area_3,Other,61.2
area_1,Other,56.18
Other,,55.61
area_3,Other,59.4
area_4,Other,45.99
area_1,Other,58.38
area_1,Other,53.29
area_2,Other,60.92
area_3,Other,58.37
area_1,Other,60.57
area_3,Other,67.09
area_5,Other,60.34
area_4,Other,46.41
area_5,Other,69.42
area_2,Other,48.5
area_1,Other,59.84
area_3,Other,62.04
area_3,Other,72.19
area_3,Other,47.9
area_3,Other,53.32
area_1,Other,51.76
area_1,Other,51.06
area_5,Other,53.42
area_1,Other,49.2
area_5,25.0,61.7
area_2,Other,44.19
area_3,,64.54
area_2,Other,46.48
area_2,Other,55.81
area_3,Other,62.71
Other,,50.0
area_4,Other,49.03
area_1,Other,60.58
area_2,Other,56.52
area_3,Other,67.01
area_2,,47.31
,,59.41
,,59.41
area_5,Other,63.45
area_5,Other,73.69
area_5,Other,68.73
area_4,Other,54.25
area_1,Other,49.06
area_4,Other,59.36
area_3,,62.04
area_1,Other,62.2
area_4,,48.18
area_2,Other,63.11
area_2,Other,46.6
area_5,Other,68.69
area_1,,54.74
area_3,Other,55.84
area_2,Other,55.06
area_5,Other,62.32
area_5,Other,66.19
area_3,Other,59.87
area_2,Other,55.81
area_4,Other,60.28
area_3,Other,69.51
area_3,Other,72.32
area_1,Other,58.74
area_1,Other,56.12
area_2,Other,45.55
area_1,Other,63.31
area_2,Other,44.35
area_3,Other,63.68
area_3,Other,54.33
area_1,Other,57.92
area_5,Other,64.49
area_1,,53.59
area_5,25.0,61.76
area_2,Other,54.31
,,61.38
area_1,Other,60.09
area_3,Other,58.68
area_2,Other,62.26
area_2,Other,49.53
area_3,Other,55.74
area_1,Other,55.7
area_3,Other,69.84
,,49.87
area_2,Other,56.85
Other,,65.0
area_3,Other,64.25
area_5,Other,60.39
area_4,Other,46.48
area_1,Other,45.7
area_3,Other,68.31
area_3,,67.44
area_3,Other,68.74
Other,,65.07
area_3,Other,65.97
area_2,Other,41.3
area_3,Other,70.74
area_2,Other,40.26
area_4,Other,56.55
area_3,Other,63.71
area_3,Other,62.38
area_1,Other,59.34
Other,,52.77
area_2,Other,57.48
area_3,Other,64.47
area_1,Other,42.96
area_2,Other,51.22
area_3,Other,56.35
area_3,Other,71.51
Other,,61.05
area_3,Other,67.17
area_4,Other,54.65
area_4,Other,35.53
area_1,,55.4
area_1,Other,46.74
Other,,61.44
area_4,Other,60.24
,,53.14
area_1,Other,47.18
,,54.32
area_3,Other,66.79
area_5,Other,45.77
area_5,Other,60.15
area_2,Other,56.61
area_2,Other,48.69
area_5,25.0,52.88
area_2,Other,53.31
area_3,Other,67.4
area_3,Other,56.05
area_1,Other,32.49
area_4,Other,42.46
area_4,Other,48.29
area_5,Other,58.1
area_3,Other,65.62
area_5,25.0,57.22
area_5,25.0,60.37
area_3,Other,67.19
area_3,Other,56.22
,,62.36
,,62.36
area_3,Other,61.6
area_1,Other,57.77
area_3,Other,71.7
area_4,Other,56.36
area_4,Other,48.52
area_3,Other,68.43
area_1,Other,57.7
area_3,Other,64.66
area_5,Other,57.6
area_1,Other,49.37
Other,,60.32
area_3,Other,60.61
area_5,Other,61.14
area_4,Other,58.66
area_5,Other,68.56
area_5,Other,65.64
area_3,Other,51.82
Other,,63.41
area_3,Other,65.29
area_2,Other,58.84
area_3,Other,53.94
area_1,Other,56.76
area_2,Other,55.44
Other,,58.54
area_5,25.0,62.19
area_3,Other,60.46
area_1,Other,53.96
area_5,Other,70.9
area_3,Other,69.03
area_5,25.0,53.9
area_2,Other,48.71
area_5,Other,50.07
area_3,Other,74.88
area_1,Other,55.14
area_2,Other,63.38
area_3,Other,61.89
area_3,Other,76.61
Other,,52.19
area_5,25.0,69.55
area_1,Other,59.92
area_3,,64.14
area_3,Other,73.61
area_5,Other,63.77
area_2,Other,51.95
,,57.79
area_5,Other,62.05
area_2,Other,62.84
area_5,Other,61.31
,,57.38
area_4,Other,46.37
area_2,Other,65.83
area_5,Other,64.87
area_2,Other,50.13
area_3,Other,69.82
area_1,Other,61.08
area_1,Other,41.87
,,64.39
area_4,Other,42.52
area_1,Other,52.42
area_3,Other,73.03
area_3,Other,66.69
area_1,Other,43.99
area_5,25.0,64.57
area_5,Other,62.52
area_1,Other,52.93
area_5,Other,57.3
area_5,Other,62.58
area_1,Other,56.04
area_3,Other,68.99
area_5,25.0,54.18
area_1,,58.27
area_1,Other,46.52
Other,,66.7
area_3,Other,47.58
area_1,Other,70.59
area_2,Other,50.84
area_2,Other,48.06
area_1,Other,63.58
area_1,Other,45.41
area_2,Other,45.01
area_5,Other,64.33
area_1,Other,51.87
area_4,Other,51.1
area_2,Other,48.79
area_1,Other,50.3
area_1,Other,58.27
area_4,Other,45.42
area_2,Other,58.18
area_1,Other,56.4
area_1,Other,56.11
area_3,Other,58.31
area_3,Other,61.33
area_1,Other,54.02
area_4,Other,54.83
area_4,Other,53.02
area_3,Other,72.2
area_1,Other,64.18
area_1,,57.94
area_3,Other,66.64
area_2,Other,55.7
area_5,Other,67.38
area_5,Other,72.91
area_3,Other,58.47
area_3,Other,66.7
area_5,Other,61.23
area_1,Other,52.15
area_1,Other,62.57
area_5,Other,57.15
area_3,Other,68.18
area_2,Other,51.09
area_3,Other,70.63
area_1,Other,53.68
area_1,Other,50.19
area_5,Other,69.08
area_2,Other,70.91
area_5,25.0,54.56
area_1,Other,53.71
area_1,Other,60.73
area_1,Other,53.23
area_2,Other,67.05
area_1,Other,48.87
area_3,Other,62.39
area_5,Other,64.95
area_4,Other,52.77
area_2,Other,52.79
area_1,Other,62.57
area_4,Other,60.89
area_4,Other,54.85
area_1,Other,64.66
area_4,Other,42.25
area_1,Other,53.76
area_5,Other,70.19
area_5,Other,66.63
area_4,Other,55.88
area_1,Other,53.53
area_1,Other,55.67
area_4,Other,50.59
area_3,Other,60.37
area_1,Other,54.4
area_5,Other,69.05
area_1,Other,49.86
area_5,Other,66.82
Other,,48.45
area_3,Other,68.79
area_3,Other,70.34
area_5,25.0,65.8
area_3,Other,57.04
area_3,Other,70.83
area_4,,54.45
area_4,Other,51.62
area_2,Other,58.1
area_4,Other,50.77
area_5,Other,61.53
area_2,Other,62.4
area_3,Other,68.48
area_5,Other,73.53
area_2,Other,67.15
area_4,Other,48.9
area_2,Other,58.61
area_4,Other,48.61
area_4,Other,49.56
area_2,Other,51.42
area_4,Other,50.37
area_1,Other,44.76
area_3,,58.9
area_5,Other,61.47
area_3,Other,63.66
Other,,56.22
area_1,Other,60.69
area_3,Other,44.03
area_1,Other,49.5
area_5,Other,70.42
area_2,Other,62.84
area_5,Other,54.83
area_4,Other,53.14
,,58.51
area_2,Other,55.92
area_1,Other,57.57
area_4,Other,43.02
area_3,Other,62.3
area_3,,58.34
area_2,Other,55.7
area_4,Other,55.91
area_5,Other,69.49
area_4,Other,49.71
area_2,Other,58.23
area_1,Other,57.6
area_2,Other,48.88
area_5,Other,67.59
area_1,Other,46.89
area_3,Other,67.3
area_1,Other,54.73
Other,,65.49
area_4,Other,56.02
area_5,25.0,62.7
area_3,Other,62.89
area_5,25.0,52.76
area_2,Other,56.34
area_3,Other,62.54
area_5,Other,62.88
area_5,Other,61.05
area_1,Other,62.56
,,61.46
area_3,Other,58.46
area_5,Other,71.97
area_2,Other,47.5
area_4,Other,66.34
area_5,25.0,64.72
area_1,Other,57.88
area_3,Other,62.72
area_3,Other,46.33
area_1,Other,45.25
area_3,Other,59.48
area_1,Other,54.42
area_5,,60.73
area_3,Other,65.12
area_3,Other,48.93
area_1,Other,49.1
area_2,Other,51.69
area_1,Other,61.1
area_1,Other,56.75
area_3,Other,68.41
area_2,Other,57.27
area_3,Other,71.03
area_2,Other,61.82
area_3,Other,44.67
area_5,25.0,64.36
area_5,Other,65.15
area_2,Other,57.48
area_5,25.0,51.92
area_1,Other,52.19
area_1,Other,55.38
area_1,Other,49.84
area_5,Other,64.16
area_2,Other,62.14
area_5,25.0,63.86
area_5,25.0,62.39
area_1,Other,53.38
area_2,Other,44.8
Other,,57.14
area_4,Other,51.07
area_3,Other,71.96
area_5,Other,66.86
area_3,Other,61.55
area_3,Other,60.39
area_1,Other,57.95
area_2,Other,46.9
area_3,Other,65.26
area_1,Other,43.44
Other,,63.41
area_2,Other,48.49
area_4,Other,51.84
area_3,Other,60.86
area_1,Other,53.98
area_3,Other,64.98
Other,,58.38
area_5,25.0,61.77
area_1,Other,56.98
area_1,Other,46.73
area_2,Other,54.18
area_2,Other,59.19
area_3,Other,63.07
area_5,25.0,47.35
area_2,Other,47.83
area_1,Other,59.28
area_3,Other,58.41
area_2,Other,52.58
area_2,Other,50.75
area_3,Other,55.82
area_1,Other,48.21
,,59.74
,,59.74
area_4,Other,47.54
area_2,Other,45.66
area_3,Other,68.37
area_4,Other,43.99
area_1,Other,45.6
area_5,Other,56.07
area_5,,61.34
area_3,Other,61.29
area_1,Other,47.41
area_5,Other,61.2
area_4,Other,59.02
area_5,Other,62.96
area_1,Other,49.61
area_4,Other,56.95
area_1,Other,54.44
area_5,25.0,54.82
area_4,Other,45.83
area_5,Other,71.52
area_3,Other,66.36
area_1,Other,54.84
area_5,25.0,67.15
area_1,Other,57.32
area_3,Other,51.45
area_2,Other,51.6
area_3,Other,64.74
area_2,Other,65.56
area_4,Other,52.92
area_4,Other,60.5
area_1,,55.1
area_2,Other,56.04
area_5,Other,62.75
area_4,,51.93
area_4,Other,52.49
area_3,Other,60.79
area_5,Other,71.36
area_4,,54.5
area_1,Other,51.86
area_3,Other,68.51
area_2,Other,50.62
area_4,Other,59.11
area_1,Other,56.72
area_5,Other,63.1
area_5,,58.22
area_5,Other,66.23
area_3,Other,63.32
,,58.45
,,58.45
area_5,Other,65.59
area_2,Other,62.74
area_2,Other,54.96
area_1,Other,55.08
area_4,Other,56.67
area_3,Other,64.43
area_2,Other,50.01
area_5,Other,57.19
area_1,Other,48.8
area_4,Other,59.44
area_3,Other,61.35
area_3,Other,65.96
area_1,Other,60.21
area_2,,48.99
area_5,Other,70.28
area_2,Other,58.3
area_2,Other,55.81
area_3,Other,66.41
area_3,Other,59.26
area_2,Other,49.42
area_2,Other,49.06
area_3,Other,62.47
area_1,Other,49.26
area_3,Other,64.13
area_1,Other,52.73
area_5,Other,61.78
area_1,Other,60.57
area_4,,46.0
area_2,Other,52.24
area_1,,52.03
Other,,56.86
area_1,Other,51.25
area_4,Other,50.91
area_5,Other,70.77
area_2,Other,56.8
area_4,Other,43.45
area_1,Other,50.83
area_1,Other,48.86
area_2,Other,60.46
area_4,Other,60.86
area_5,Other,68.26
area_3,Other,62.55
area_3,Other,59.8
area_4,Other,47.26
area_4,Other,57.47
area_3,Other,70.0
,,57.26
area_4,Other,61.64
area_1,Other,49.83
area_4,,61.94
area_1,Other,58.22
area_2,Other,54.47
area_2,Other,55.92
area_1,Other,61.19
area_2,Other,55.01
area_4,Other,46.61
area_3,Other,69.6
area_4,Other,48.52
area_4,,44.95
area_3,Other,59.14
area_5,Other,69.4
area_1,Other,59.45
area_3,Other,56.55
area_3,Other,61.95
area_1,Other,41.12
area_5,Other,63.24
area_1,Other,61.43
area_1,Other,50.69
area_2,Other,73.9
area_1,Other,55.81
area_3,Other,70.44
area_4,Other,50.95
area_4,Other,58.09
area_5,Other,62.37
,,62.71
,,62.71
area_1,Other,55.84
area_4,Other,44.45
area_5,Other,62.45
area_3,Other,54.91
area_2,Other,57.45
area_2,,56.62
area_2,Other,54.5
area_3,,66.59
area_5,Other,63.31
area_3,Other,48.73
area_3,Other,61.49
area_2,Other,51.84
area_2,Other,50.88
area_3,Other,64.28
area_5,Other,63.54
area_2,Other,55.76
area_5,25.0,61.05
area_1,Other,53.19
area_4,Other,43.66
area_3,Other,60.99
area_5,25.0,58.17
area_1,Other,54.84
area_5,Other,69.44
area_2,Other,63.22
area_5,25.0,56.55
area_5,Other,70.0
area_3,Other,70.81
area_5,,58.68
area_3,Other,66.3
area_2,Other,51.65
area_3,Other,61.48
area_3,Other,68.79
area_5,Other,62.99
area_1,Other,50.17
area_5,Other,64.91
area_1,Other,50.04
area_5,Other,71.08
area_2,Other,52.81
area_3,Other,56.36
area_1,Other,45.65
area_2,Other,58.89
area_2,Other,55.85
area_1,Other,49.58
area_3,Other,70.12
area_3,Other,71.55
area_3,Other,71.41
area_2,Other,46.94
area_1,Other,51.48
area_3,Other,63.82
area_1,Other,60.8
area_3,Other,73.17
area_2,Other,59.16
area_1,Other,50.86
area_5,25.0,56.72
area_2,Other,43.39
area_4,Other,49.92
area_1,Other,51.9
area_4,Other,53.34
area_5,25.0,55.65
,,61.58
area_3,Other,73.09
area_5,Other,63.12
area_4,Other,61.8
area_3,Other,58.58
area_2,Other,60.97
area_3,Other,61.43
area_5,Other,62.38
area_2,Other,50.13
area_4,Other,56.3
area_3,Other,69.24
area_4,Other,54.28
Other,,65.88
area_5,Other,67.05
area_4,Other,48.74
area_2,Other,58.33
area_4,Other,45.08
area_3,Other,72.76
area_4,Other,53.22
area_3,Other,62.61
area_5,25.0,55.38
area_5,Other,52.33
area_1,Other,49.43
area_4,Other,54.04
area_4,,50.58
area_2,Other,49.62
area_4,Other,46.23
area_1,,53.16
area_1,Other,57.85
,,63.31
Other,,65.08
area_4,,47.13
area_3,Other,61.54
area_3,Other,67.98
area_4,Other,53.69
area_4,Other,46.04
area_5,Other,53.88
area_2,Other,56.96
area_1,Other,39.33
area_3,Other,71.12
area_3,Other,64.31
area_2,Other,54.56
area_1,Other,55.63
area_1,Other,55.9
area_3,,68.33
area_1,Other,65.02
area_3,Other,64.18
Other,,60.56
area_5,Other,69.58
area_1,Other,53.01
area_3,Other,70.35
area_5,Other,68.61
area_1,Other,55.93
area_3,Other,49.36
area_2,Other,59.13
area_3,Other,48.2
area_5,25.0,55.73
area_2,Other,59.83
area_1,,54.21
area_2,,57.74
area_1,Other,54.44
area_3,,58.28
area_3,Other,60.2
area_2,Other,58.23
area_5,,61.99
area_2,Other,56.18
area_3,Other,56.95
area_3,Other,73.42
area_3,Other,54.15
area_1,Other,57.09
area_2,,53.43
area_5,Other,68.16
area_4,Other,53.27
area_1,Other,58.05
area_3,Other,69.52
Other,,63.08
area_3,Other,58.88
,,66.37
,,66.37
area_5,25.0,65.41
area_1,Other,55.37
area_5,25.0,55.7
area_4,Other,42.64
area_2,Other,47.18
area_5,Other,67.03
area_3,Other,58.9
area_3,Other,68.1
area_1,Other,60.64
area_1,Other,56.03
area_1,Other,49.61
area_2,Other,52.49
area_2,Other,55.99
area_5,25.0,54.39
area_2,,55.98
area_5,Other,71.46
area_5,25.0,46.09
area_3,Other,57.26
area_3,Other,62.14
area_2,Other,59.04
area_2,Other,60.34
area_3,Other,59.22
area_5,25.0,50.18
area_3,Other,62.47
area_3,Other,67.9
area_3,Other,68.74
area_5,Other,65.26
area_5,25.0,56.68
area_1,Other,53.03
area_2,Other,61.24
area_1,Other,52.61
area_1,Other,56.32
,,54.84
area_5,Other,70.16
area_3,Other,71.82
area_3,Other,56.63
area_1,Other,59.24
area_2,Other,59.18
area_3,Other,63.93
area_3,Other,54.16
area_1,Other,47.83
area_5,25.0,59.63
area_5,Other,68.7
area_2,Other,60.22
area_4,Other,62.74
area_1,Other,58.39
area_3,,61.1
area_1,Other,63.11
area_3,Other,69.42
area_4,Other,57.26
area_1,Other,54.09
area_1,Other,41.53
area_5,25.0,56.44
area_1,Other,47.26
area_2,Other,61.36
area_3,,58.97
area_5,25.0,54.83
area_4,Other,46.26
area_5,25.0,61.01
area_5,25.0,58.19
area_5,Other,65.89
area_3,Other,67.56
area_5,Other,61.21
area_2,Other,55.77
area_1,Other,55.39
area_5,Other,72.09
area_1,Other,54.75
area_3,Other,69.07
area_3,Other,59.74
area_5,Other,60.94
area_3,Other,55.93
area_1,,52.32
area_4,Other,42.98
area_1,Other,44.57
area_4,Other,41.41
area_2,Other,56.4
area_2,Other,61.55
area_5,Other,71.41
area_5,25.0,62.73
area_5,25.0,55.38
area_3,Other,60.99
area_4,Other,59.76
area_2,Other,50.35
area_4,Other,46.6
area_1,Other,58.7
,,58.66
,,58.66
area_2,Other,70.47
area_2,Other,49.95
,,60.27
,,60.27
area_3,Other,68.6
area_4,Other,45.99
area_1,Other,61.12
area_4,Other,59.52
area_3,Other,65.14
area_5,Other,62.82
area_1,Other,55.6
area_2,Other,45.04
area_1,Other,45.49
area_3,Other,69.46
area_4,Other,50.52
area_4,Other,44.09
area_1,Other,57.35
area_1,Other,57.14
area_1,Other,58.42
area_5,Other,65.41
area_1,Other,62.64
area_4,Other,64.94
area_2,Other,52.07
area_5,25.0,55.29
area_1,Other,44.92
area_5,Other,63.34
area_1,Other,59.63
area_3,,69.97
area_1,Other,47.31
area_3,Other,61.15
area_1,Other,48.3
area_5,Other,58.86
area_5,Other,64.54
,,57.89
,,57.89
area_2,Other,65.61
area_5,Other,64.26
area_2,Other,58.49
area_4,Other,53.42
area_3,Other,58.86
area_5,Other,60.28
area_5,25.0,54.18
area_3,Other,58.56
area_1,Other,59.01
area_2,Other,59.18
area_5,Other,52.77
area_5,,60.63
area_4,Other,51.59
area_3,Other,70.1
area_5,25.0,66.01
area_2,Other,48.62
area_2,Other,50.96
area_3,Other,59.13
area_4,Other,46.36
area_4,Other,50.11
area_5,Other,68.23
area_1,Other,54.75
area_3,Other,55.68
area_2,Other,50.81
area_3,Other,69.66
area_4,Other,40.1
area_5,Other,74.93
area_3,Other,60.24
area_4,Other,50.89
area_1,Other,48.61
,,62.18
area_2,Other,58.53
area_2,,56.74
area_3,Other,56.21
area_2,Other,61.27
area_3,Other,55.29
area_2,Other,53.09
area_3,Other,46.04
area_2,Other,48.1
area_5,Other,67.45
area_2,Other,47.06
area_4,Other,61.02
area_2,Other,54.83
area_5,Other,67.06
area_5,Other,65.78
area_1,,55.54
area_3,Other,57.3
area_4,Other,52.81
area_4,Other,59.21
area_2,Other,67.62
,,57.97
area_3,Other,68.15
area_2,Other,43.86
area_4,Other,53.56
area_3,Other,63.58
area_5,25.0,57.99
area_1,Other,63.77
area_2,Other,65.07
area_5,25.0,55.32
area_5,25.0,58.35
area_5,25.0,62.44
area_4,Other,48.02
area_3,Other,63.49
area_3,Other,65.08
area_3,Other,56.12
area_1,Other,61.9
Other,,63.3
area_3,Other,67.01
area_5,25.0,55.74
area_4,Other,47.03
area_2,Other,61.34
area_3,Other,54.65
area_4,Other,45.89
area_5,Other,61.84
area_2,Other,43.47
area_4,Other,47.43
area_2,Other,62.81
area_1,Other,48.27
area_5,25.0,52.98
area_1,Other,41.89
area_3,Other,61.43
area_1,Other,52.69
area_1,Other,66.44
area_3,Other,69.83
area_4,Other,57.34
area_3,Other,51.93
area_5,25.0,58.5
area_4,Other,41.87
area_2,Other,56.74
area_5,Other,72.8
area_3,Other,59.58
area_3,Other,68.31
area_5,Other,64.33
area_1,Other,51.79
area_1,Other,54.02
area_4,Other,49.24
area_3,Other,62.36
area_5,Other,68.41
area_2,Other,59.2
area_2,Other,57.02
area_1,Other,51.31
area_4,Other,51.62
area_5,25.0,58.85
area_2,Other,39.11
area_1,Other,46.15
area_3,Other,59.28
area_1,Other,59.4
area_5,Other,62.96
area_1,Other,61.81
area_2,Other,52.0
area_3,Other,69.49
area_4,Other,44.35
area_5,,64.19
area_1,Other,55.09
area_3,Other,58.53
area_4,Other,52.08
area_1,Other,59.64
Other,,64.31
area_3,Other,65.09
area_2,Other,60.09
area_1,Other,50.05
area_5,25.0,55.88
area_4,Other,42.96
area_3,Other,63.28
area_1,Other,40.78
,,63.67
,,63.67
area_5,25.0,57.99
area_3,Other,70.48
Other,,68.98
area_2,Other,57.45
Other,,64.62
area_1,Other,64.77
area_5,Other,62.5
area_4,,54.25
area_3,Other,68.05
area_3,Other,60.79
area_2,Other,65.26
area_2,Other,47.28
area_2,Other,45.77
area_4,Other,54.43
area_3,Other,53.16
area_3,Other,60.58
area_5,Other,64.15
area_3,Other,67.67
area_3,Other,61.6
area_3,Other,71.34
area_5,25.0,56.46
area_2,Other,53.58
area_4,Other,52.89
area_1,Other,51.3
area_1,Other,46.88
area_3,Other,56.97
area_1,Other,54.41
area_5,Other,61.28
area_3,Other,68.56
area_2,Other,49.23
area_4,Other,51.62
area_2,Other,65.24
area_3,Other,71.34
area_3,Other,70.56
area_4,Other,42.56
area_3,Other,58.69
area_1,Other,47.58
area_1,Other,50.37
area_4,Other,47.85
area_4,Other,62.44
area_3,Other,56.25
area_1,Other,59.36
area_5,Other,61.63
area_5,Other,71.58
area_1,Other,40.0
area_3,Other,65.36
Other,,61.27
area_5,Other,66.92
area_5,Other,63.34
area_3,Other,64.64
area_4,Other,48.96
,,51.22
area_1,Other,50.09
area_3,Other,58.38
area_3,Other,67.96
area_4,Other,44.72
area_3,Other,68.09
area_5,Other,59.35
area_5,25.0,56.22
area_3,,57.68
area_5,Other,63.81
area_3,Other,62.24
area_4,Other,54.9
area_2,,47.61
area_3,Other,67.76
area_2,Other,53.34
area_1,Other,58.75
area_4,Other,45.42
area_3,Other,66.55
area_5,Other,72.59
area_2,Other,51.32
area_3,Other,69.88
area_3,Other,54.01
area_2,Other,54.14
area_4,Other,55.87
area_1,Other,58.69
area_3,Other,66.74
area_3,Other,67.38
area_4,Other,59.91
area_1,Other,56.69
area_2,Other,57.92
area_5,25.0,54.25
area_2,Other,63.25
,,58.56
,,58.56
area_4,Other,56.26
area_3,Other,65.59
area_1,Other,47.07
area_2,Other,44.83
area_3,Other,69.56
area_2,Other,58.41
area_3,Other,73.46
Other,,65.43
area_3,Other,64.2
area_3,Other,67.68
area_3,Other,43.79
area_3,Other,62.88
area_1,Other,55.05
area_1,Other,53.75
area_3,Other,61.26
area_3,Other,68.51
area_4,Other,58.04
Other,,53.19
area_4,Other,54.04
area_3,Other,64.97
area_2,Other,57.94
area_3,Other,59.64
area_5,,62.58
area_5,25.0,69.45
area_3,Other,61.15
area_4,Other,65.96
area_3,Other,63.43
area_3,Other,70.53
area_2,Other,55.51
Other,,62.05
area_5,Other,64.59
area_5,25.0,60.91
area_3,Other,63.68
area_2,Other,53.5
area_4,Other,67.05
area_1,Other,51.61
area_5,25.0,56.36
area_3,Other,71.33
area_5,Other,53.27
area_3,Other,57.25
area_4,Other,49.49
Other,,60.95
area_3,Other,67.16
area_3,Other,68.62
area_2,Other,49.06
area_5,25.0,64.83
area_5,Other,71.27
area_5,Other,61.28
area_4,Other,49.04
area_5,25.0,68.32
area_3,Other,66.71
area_3,Other,70.7
area_1,Other,60.23
area_1,Other,48.0
area_2,Other,49.52
area_5,Other,61.92
area_3,Other,65.42
area_1,Other,55.16
area_1,Other,57.91
area_1,Other,56.05
area_2,Other,70.19
area_4,Other,41.85
area_1,Other,54.81
area_3,Other,50.58
area_5,Other,63.26
area_1,Other,53.3
area_3,Other,63.59
area_2,Other,46.1
area_3,Other,60.86
area_3,Other,64.98
area_1,Other,60.91
area_3,Other,61.54
area_5,25.0,65.85
area_5,Other,63.54
area_1,Other,55.26
area_3,Other,65.11
area_5,Other,65.68
area_3,Other,59.42
area_4,Other,58.3
area_2,Other,53.88
area_2,Other,60.56
area_3,Other,66.32
area_1,Other,54.44
area_3,Other,73.91
area_3,Other,68.95
area_5,25.0,62.91
area_5,25.0,51.06
area_4,Other,38.5
area_5,Other,67.63
area_1,Other,63.71
area_4,,56.63
area_1,Other,63.07
area_5,25.0,63.19
area_2,Other,53.91
area_2,Other,60.67
area_1,Other,57.61
area_5,Other,67.89
area_2,Other,38.16
area_3,Other,55.25
area_3,Other,63.02
area_3,Other,69.54
area_1,Other,52.12
area_5,Other,62.99
area_5,Other,66.57
area_1,Other,52.98
area_5,Other,65.83
area_2,Other,56.0
area_1,Other,62.65
Other,,64.87
area_3,Other,67.0
area_2,Other,59.06
area_2,Other,55.9
area_4,Other,64.07
area_4,Other,51.65
area_3,Other,72.39
area_3,Other,58.91
area_5,25.0,57.35
area_2,Other,49.81
area_3,Other,57.01
area_4,Other,52.62
area_5,Other,64.2
area_1,Other,59.64
area_3,Other,68.56
,,53.53
area_4,Other,58.8
area_3,Other,74.32
area_3,Other,67.41
area_1,Other,56.9
area_5,Other,63.16
area_3,Other,68.7
area_2,Other,51.8
area_5,Other,70.01
area_4,Other,57.5
area_1,Other,60.29
area_1,Other,53.31
area_3,Other,70.04
area_2,Other,54.9
area_3,Other,61.86
area_3,Other,54.02
area_3,Other,60.19
area_4,Other,49.5
area_5,Other,71.59
area_5,Other,58.19
area_5,Other,62.85
area_5,Other,59.47
area_3,,60.33
Other,,63.39
area_3,Other,61.21
area_3,Other,62.22
area_5,25.0,59.95
area_3,Other,58.47
area_5,Other,62.06
,,57.27
area_1,Other,54.37
area_4,Other,50.72
area_3,Other,67.74
area_1,Other,57.35
area_3,Other,54.35
area_3,Other,63.04
area_5,Other,61.1
area_1,Other,61.23
area_3,Other,58.65
area_2,Other,50.29
area_5,Other,61.96
area_4,Other,51.47
area_3,Other,62.49
area_2,Other,50.92
Other,,59.58
area_2,Other,64.09
area_3,Other,50.81
area_2,Other,61.22
area_1,Other,55.7
area_1,Other,42.62
area_4,Other,59.41
area_1,Other,62.44
area_3,Other,67.48
area_3,Other,61.96
Other,,57.85
area_2,Other,61.44
area_1,Other,59.68
area_5,Other,69.35
area_2,Other,61.76
area_5,25.0,57.95
area_1,Other,65.52
,,56.09
Other,,65.17
area_3,Other,57.6
area_2,Other,62.52
area_1,Other,56.34
area_3,Other,60.61
area_3,Other,65.51
area_3,Other,53.21
area_1,Other,63.06
area_5,,61.95
area_4,Other,45.51
,,56.12
area_2,Other,40.25
area_2,Other,49.55
area_2,Other,49.25
area_1,Other,55.88
area_5,,63.71
area_4,Other,54.33
area_5,25.0,53.93
area_5,25.0,68.06
,,59.82
area_4,Other,63.04
area_5,Other,60.69
area_4,Other,57.56
area_5,25.0,57.24
area_2,,59.09
area_1,Other,61.48
area_1,Other,46.3
area_2,Other,51.56
area_1,Other,47.11
area_4,Other,58.9
area_5,Other,60.64
area_5,Other,65.93
area_5,Other,63.58
area_1,Other,62.09
area_1,Other,64.62
area_2,,59.96
area_3,Other,62.31
area_3,Other,69.13
area_3,Other,54.34
area_5,Other,58.64
area_2,Other,52.19
area_1,Other,57.1
Other,,58.59
area_4,,51.74
area_1,Other,52.49
area_5,Other,62.99
area_1,Other,46.07
area_3,Other,63.68
area_2,Other,62.07
area_2,Other,54.42
area_1,,51.07
area_4,Other,41.8
area_1,Other,44.42
area_5,Other,57.63
area_1,Other,62.24
area_3,Other,63.37
area_3,Other,49.01
area_4,Other,47.57
area_5,Other,68.28
area_4,Other,56.96
area_2,Other,60.5
area_3,Other,72.09
area_1,Other,56.31
area_1,Other,57.01
area_5,Other,60.29
area_5,25.0,67.5
area_5,Other,64.18
area_4,Other,58.5
area_4,Other,52.4
area_2,Other,46.41
area_1,Other,47.95
area_1,,54.43
area_5,Other,65.46
area_1,Other,59.61
area_5,Other,63.99
area_4,Other,48.39
area_5,25.0,54.31
area_1,Other,55.5
area_4,Other,51.85
area_1,Other,49.1
area_1,Other,46.94
area_3,Other,63.04
area_1,Other,49.96
area_5,Other,65.61
area_3,Other,68.54
area_1,Other,61.35
area_5,Other,71.62
area_3,Other,71.92
area_3,Other,71.06
area_5,Other,67.56
area_4,Other,58.21
area_3,Other,68.09
area_2,Other,52.95
area_3,Other,60.74
area_5,Other,66.8
area_1,Other,50.79
area_1,Other,57.22
area_3,Other,57.38
Other,,60.49
area_1,Other,48.72
area_1,Other,50.88
area_2,Other,69.7
area_3,Other,61.86
area_3,Other,60.73
area_5,Other,55.51
area_3,Other,68.44
area_1,Other,39.1
area_3,Other,55.35
area_2,,56.33
area_5,Other,61.67
area_5,Other,61.38
area_4,Other,63.28
area_3,Other,48.69
area_3,Other,56.13
area_4,Other,51.13
area_5,25.0,60.94
area_4,Other,42.29
area_4,Other,52.5
area_3,Other,62.54
area_3,Other,71.88
area_2,Other,46.44
area_3,Other,58.52
area_3,Other,74.42
area_5,25.0,58.89
area_1,Other,62.05
area_1,Other,56.35
area_1,Other,61.01
area_3,Other,59.74
area_3,Other,69.06
,,53.79
area_3,Other,58.42
area_2,Other,55.08
Other,,53.9
area_5,Other,60.5
area_3,Other,62.59
area_1,Other,61.47
area_1,Other,56.08
area_5,Other,58.79
area_3,Other,61.84
Other,,64.93
area_2,,57.77
,,57.45
area_3,Other,60.74
area_4,Other,45.28
area_1,Other,51.82
area_3,Other,63.33
area_4,Other,55.73
area_1,Other,57.63
area_3,Other,69.71
area_3,Other,69.86
area_2,Other,46.22
area_5,25.0,54.52
area_5,Other,71.51
area_3,Other,58.56
area_3,Other,59.0
area_5,Other,62.15
area_2,Other,50.46
area_1,Other,52.86
area_5,Other,60.25
area_5,Other,61.91
area_5,Other,66.96
area_1,Other,53.9
area_2,Other,67.27
area_2,Other,50.84
area_3,Other,60.46
area_4,Other,44.26
area_3,Other,59.2
area_3,Other,47.95
area_1,Other,58.07
area_1,Other,41.76
area_5,Other,70.81
area_5,Other,67.01
area_2,Other,47.77
area_2,Other,57.2
area_5,Other,64.99
area_3,Other,63.92
area_3,Other,61.2
area_1,Other,58.93
area_5,Other,63.42
area_1,Other,65.01
area_3,Other,62.09
area_1,Other,64.34
area_5,25.0,51.02
area_3,Other,61.84
area_1,Other,55.6
area_3,Other,67.17
area_4,Other,38.96
area_3,Other,64.86
area_3,Other,66.0
area_1,Other,63.35
area_1,Other,68.91
,,59.23
,,62.21
area_3,Other,59.57
area_3,Other,54.45
Other,,66.3
area_5,Other,72.25
area_4,Other,44.74
area_2,Other,71.12
area_5,Other,61.05
area_5,25.0,66.39
area_4,Other,62.42
area_2,Other,52.95
area_3,Other,73.83
area_3,Other,62.51
area_2,Other,57.37
area_2,Other,54.06
area_5,,66.53
area_5,25.0,59.18
area_5,Other,64.3
area_5,Other,70.25
area_3,Other,65.63
area_1,Other,39.07
area_5,Other,66.24
area_2,Other,49.65
Other,,58.43
area_1,Other,67.64
area_4,,47.99
area_5,25.0,57.82
area_3,Other,63.22
area_4,Other,52.89
area_1,Other,60.38
area_2,Other,56.13
area_3,Other,58.22
area_5,25.0,54.46
area_5,Other,61.84
area_3,Other,66.08
area_5,25.0,61.49
area_5,Other,62.43
area_1,Other,54.89
area_2,Other,47.93
area_5,25.0,59.0
area_4,Other,44.74
area_3,Other,50.27
area_5,Other,65.01
area_1,Other,45.95
area_3,Other,62.07
area_4,,41.89
area_1,Other,57.09
area_2,Other,56.58
area_4,Other,53.38
area_3,Other,67.45
area_4,Other,57.28
area_2,,52.67
area_2,Other,58.96
area_4,Other,50.01
area_3,Other,57.83
area_2,Other,54.68
area_5,25.0,57.28
area_1,Other,64.29
area_3,Other,54.78
area_1,Other,52.8
area_4,Other,52.23
area_4,,55.18
area_1,Other,60.12
area_3,Other,51.48
area_3,Other,61.59
area_1,Other,62.6
area_4,Other,59.28
area_1,,56.97
area_3,Other,69.34
area_3,Other,60.76
area_2,Other,47.2
area_4,Other,50.14
area_4,Other,48.65
area_2,Other,54.17
area_1,Other,68.09
area_1,Other,48.7
area_2,,53.16
area_1,Other,54.9
area_2,Other,48.52
area_2,,53.73
area_2,Other,60.4
area_5,Other,62.95
area_1,Other,45.45
area_2,Other,43.23
area_5,,64.1
area_1,Other,49.89
area_1,Other,66.92
area_3,Other,69.67
area_3,Other,65.33
area_2,Other,63.93
area_4,Other,51.44
area_3,Other,70.41
area_2,Other,53.73
area_3,Other,57.92
area_2,Other,49.07
area_3,Other,62.85
area_3,Other,59.17
area_4,,50.9
area_3,Other,48.23
area_2,Other,58.15
area_2,Other,56.1
area_5,Other,70.98
area_2,Other,54.66
,,62.26
,,62.26
area_5,Other,63.36
area_4,Other,52.08
area_3,Other,70.65
area_5,25.0,67.3
area_5,Other,56.69
area_2,,50.43
area_1,Other,56.85
area_1,Other,46.37
area_1,Other,52.28
Other,,68.14
area_2,Other,59.22
area_1,Other,55.38
area_1,Other,38.16
area_1,Other,51.3
area_5,25.0,61.64
Other,,66.37
area_3,Other,67.13
area_3,Other,60.75
area_5,Other,61.46
area_3,Other,59.05
area_3,Other,61.45
area_5,Other,61.75
area_1,,59.41
area_4,Other,53.63
area_2,Other,51.63
area_4,Other,43.29
area_5,Other,71.84
area_5,25.0,59.25
area_3,Other,70.66
area_2,Other,43.46
area_1,Other,48.49
area_1,Other,47.84
area_1,Other,49.75
area_3,Other,62.25
area_4,Other,55.06
area_1,Other,50.41
area_1,Other,45.43
area_5,Other,64.72
area_3,Other,68.63
area_2,Other,50.41
area_2,Other,55.71
area_5,Other,65.38
area_2,Other,60.98
area_5,25.0,52.24
area_1,Other,57.24
area_1,Other,52.13
area_4,,50.29
area_4,Other,43.6
area_3,Other,58.17
area_5,Other,66.47
area_1,Other,49.9
area_5,,65.23
area_2,Other,52.59
area_4,Other,45.19
area_2,Other,49.27
area_4,Other,54.74
area_1,Other,57.99
area_3,Other,71.02
area_3,Other,55.9
area_5,25.0,58.23
area_3,Other,48.99
area_4,Other,49.73
area_4,Other,59.19
area_5,Other,78.32
area_3,Other,67.52
area_4,Other,47.68
area_5,Other,66.72
area_1,Other,54.96
area_1,Other,56.85
area_1,Other,54.24
area_1,,53.35
area_1,Other,49.85
area_3,Other,63.0
area_2,Other,61.08
area_2,Other,55.38
Other,,58.84
area_4,Other,53.05
area_1,Other,56.41
area_5,,64.93
area_3,Other,63.92
area_4,Other,50.33
,,64.4
area_5,25.0,54.89
area_4,Other,44.31
area_1,Other,53.62
area_1,Other,49.77
area_1,Other,49.67
area_3,Other,58.26
area_3,Other,69.47
area_5,25.0,50.77
area_1,Other,53.25
area_2,Other,60.95
area_2,Other,50.4
Other,,67.18
area_4,Other,57.21
area_1,Other,50.66
area_3,Other,53.0
area_3,Other,69.65
area_5,Other,63.76
area_5,25.0,58.75
area_5,Other,53.31
area_1,Other,54.01
area_3,Other,65.51
area_4,Other,61.33
area_5,25.0,54.3
area_5,Other,70.1
area_1,Other,41.6
area_3,Other,57.44
area_5,Other,62.88
area_1,,47.36
area_1,Other,45.5
area_4,Other,56.15
area_5,Other,65.56
area_5,Other,69.05
,,61.07
,,61.07
area_4,Other,46.28
area_4,Other,46.01
area_1,Other,56.48
area_3,Other,55.13
area_1,Other,56.75
area_1,Other,59.05
area_2,Other,58.67
area_2,Other,60.61
area_5,Other,67.95
area_5,25.0,58.17
area_4,Other,42.04
area_2,Other,65.24
area_2,Other,50.08
area_3,Other,67.16
area_1,Other,52.28
area_3,Other,66.71
area_3,Other,63.37
area_5,Other,61.11
area_5,Other,65.58
area_3,Other,46.98
area_1,Other,39.51
area_4,Other,58.07
area_2,,52.63
area_2,Other,53.82
area_3,Other,66.58
area_2,Other,49.12
area_1,Other,40.37
area_3,Other,62.31
area_3,Other,63.26
area_4,Other,59.26
area_5,25.0,65.86
area_1,Other,60.4
area_4,Other,50.13
area_5,25.0,49.62
area_4,Other,50.25
area_1,Other,58.54
area_3,Other,71.74
area_1,Other,54.58
area_3,Other,51.32
area_3,Other,71.64
area_4,Other,42.62
area_3,Other,61.93
area_4,Other,45.78
area_3,Other,52.91
area_1,Other,51.87
area_3,Other,59.61
area_4,Other,46.39
Other,,59.18
area_3,,68.02
area_5,Other,61.61
area_2,Other,52.63
area_5,Other,65.31
area_1,Other,63.27
area_3,Other,60.19
area_5,25.0,61.4
area_2,Other,47.57
area_3,,66.65
area_1,Other,52.9
area_4,Other,46.38
Other,,53.91
area_1,Other,59.02
area_1,Other,58.4
area_2,Other,53.21
area_2,Other,53.39
area_5,25.0,51.8
area_1,Other,56.83
area_2,Other,33.01
area_5,25.0,57.44
area_5,Other,67.12
area_4,Other,50.87
area_5,25.0,57.58
area_1,Other,60.35
area_2,Other,57.91
area_5,Other,64.26
area_3,Other,67.14
area_4,Other,45.67
area_2,Other,56.1
area_5,25.0,61.21
area_5,Other,63.39
area_1,,58.2
area_1,Other,40.96
area_2,Other,41.92
area_4,Other,35.46
area_5,Other,65.16
area_4,Other,62.38
area_2,Other,57.17
area_1,Other,48.79
area_3,Other,58.36
area_1,Other,59.34
area_3,Other,62.55
area_1,Other,58.21
area_1,Other,61.13
area_1,Other,53.97
Other,,56.99
area_3,Other,67.76
area_2,Other,56.21
area_2,Other,54.66
area_4,Other,53.56
area_4,Other,46.26
area_5,25.0,60.82
area_3,Other,72.63
area_4,Other,52.84
,,64.13
,,64.13
area_3,Other,71.2
area_2,Other,61.13
area_1,Other,46.02
area_5,Other,63.11
area_5,Other,68.29
Other,,64.02
area_3,Other,56.01
area_2,Other,57.51
area_3,Other,50.46
area_3,Other,66.02
area_3,Other,61.85
area_3,,60.22
area_3,Other,66.43
area_2,Other,54.13
area_4,Other,62.15
area_5,Other,60.2
,,61.66
,,61.66
area_4,Other,52.24
area_3,Other,47.93
area_1,Other,55.34
area_2,Other,59.16
area_4,Other,53.79
area_4,Other,58.32
area_2,Other,53.62
area_1,Other,44.8
area_3,Other,56.34
area_3,Other,69.96
area_5,25.0,61.04
area_1,Other,58.01
area_5,25.0,57.18
area_3,Other,62.72
area_5,Other,67.83
area_2,Other,52.77
area_3,Other,72.45
area_3,Other,71.41
area_5,25.0,48.46
area_1,Other,48.15
area_5,Other,70.08
Other,,61.13
area_3,Other,53.34
area_4,Other,45.97
area_4,Other,49.01
area_4,Other,51.94
area_4,,51.14
area_4,Other,58.85
area_1,Other,56.04
area_3,Other,63.6
area_5,Other,67.58
area_1,Other,64.41
area_5,,61.89
area_4,Other,56.9
,,56.64
Other,,61.08
area_4,Other,47.61
area_3,Other,59.34
area_3,Other,64.46
area_2,Other,57.73
area_3,Other,65.29
area_3,Other,62.65
area_5,25.0,55.65
,,59.63
area_1,Other,61.62
area_3,Other,52.97
area_5,Other,55.73
area_2,Other,53.55
area_4,Other,51.84
area_1,Other,60.26
area_3,Other,63.86
area_2,Other,45.59
area_1,Other,59.5
area_3,Other,66.75
area_1,Other,52.67
area_5,Other,54.72
area_2,Other,51.26
area_2,Other,45.34
area_5,Other,67.9
area_3,Other,52.8
area_1,Other,54.11
area_2,Other,48.14
area_5,Other,68.83
area_2,Other,48.84
area_1,Other,49.09
area_1,Other,52.92
area_2,Other,49.72
area_3,Other,57.46
area_1,Other,56.87
area_4,Other,61.66
area_3,Other,68.38
area_3,Other,56.76
area_1,Other,50.4
area_2,Other,50.1
area_3,Other,60.54
area_3,,62.78
area_3,Other,52.44
area_1,Other,47.0
area_1,Other,52.24
area_1,Other,50.24
area_3,Other,67.54
area_4,Other,61.76
area_5,25.0,53.85
,,60.18
,,60.18
area_3,Other,62.12
area_1,Other,58.29
area_2,Other,43.92
area_3,Other,62.0
area_2,Other,57.02
Other,,64.58
area_5,25.0,60.09
area_3,Other,72.35
area_5,Other,67.54
area_2,Other,47.37
area_2,Other,54.77
area_1,Other,60.13
area_3,Other,53.7
area_3,Other,65.26
area_4,Other,41.79
area_3,Other,71.32
area_1,Other,49.72
area_4,Other,41.77
area_1,Other,56.29
area_1,Other,47.43
area_1,Other,61.31
area_3,Other,61.22
area_3,Other,66.95
area_4,Other,63.27
area_4,,53.43
area_5,Other,57.84
area_5,25.0,60.34
area_3,Other,66.53
area_1,Other,59.88
area_5,Other,69.81
area_5,25.0,48.97
area_5,Other,64.75
area_1,Other,62.09
area_3,Other,65.79
area_5,25.0,55.66
area_4,Other,42.19
area_4,,56.38
area_4,Other,38.19
area_5,Other,56.11
area_2,Other,53.42
area_5,,62.02
area_5,Other,63.82
area_5,Other,70.82
area_1,Other,33.98
area_3,Other,56.84
area_1,Other,57.53
Other,,66.27
area_3,Other,69.12
area_2,Other,59.53
area_2,,48.5
area_4,Other,55.75
area_3,Other,62.84
area_2,Other,46.18
area_4,Other,41.15
area_1,Other,49.85
area_1,Other,47.66
area_5,Other,65.94
area_4,Other,46.41
area_1,Other,53.62
area_3,Other,58.18
,,65.57
,,65.57
area_4,,54.11
area_2,Other,53.34
area_3,Other,68.21
area_3,Other,53.64
area_2,Other,55.79
area_2,Other,52.98
area_5,Other,66.12
area_2,Other,58.01
area_1,Other,58.93
Other,,61.79
area_1,Other,50.84
area_5,25.0,50.19
area_4,Other,45.47
area_1,Other,47.41
area_1,Other,56.6
area_2,Other,36.84
area_5,25.0,59.88
area_5,Other,78.6
area_2,Other,57.34
area_3,Other,62.74
area_1,Other,56.42
area_2,Other,63.34
area_4,Other,60.65
area_2,Other,62.08
area_1,Other,49.65
area_3,Other,60.51
area_3,Other,70.45
area_3,Other,72.97
area_5,Other,64.7
area_2,Other,65.45
area_4,Other,51.08
area_1,Other,46.79
Other,,57.91
area_3,Other,66.1
area_3,Other,62.76
area_2,Other,45.2
area_3,Other,53.44
area_1,Other,50.59
area_3,Other,57.07
area_1,,52.48
area_4,Other,47.15
area_4,Other,58.07
area_5,Other,59.18
area_5,25.0,59.38
area_1,Other,56.29
area_5,Other,59.1
Other,,65.65
area_3,Other,65.48
area_5,Other,62.43
area_5,,63.0
area_3,Other,54.84
area_4,Other,56.01
area_1,Other,55.76
area_5,25.0,57.33
area_3,Other,68.96
area_4,Other,62.89
area_1,Other,52.43
area_4,Other,48.93
area_4,Other,41.85
area_3,Other,59.04
area_4,Other,53.31
area_2,Other,66.56
area_3,Other,63.96
area_2,Other,57.76
area_3,Other,60.87
area_5,Other,68.07
area_1,Other,55.77
area_5,Other,58.63
area_1,Other,60.88
Other,,60.92
,,57.05
area_4,Other,53.17
area_3,Other,62.35
area_2,Other,47.02
area_4,Other,50.66
area_1,Other,60.63
area_5,Other,64.03
area_5,Other,70.05
area_2,Other,58.34
area_3,Other,70.42
area_1,Other,57.79
area_3,Other,72.15
area_1,Other,44.61
area_1,Other,57.33
area_2,Other,50.22
area_1,Other,50.65
area_3,Other,63.4
area_3,Other,63.26
area_5,Other,67.84
area_3,Other,58.08
area_1,Other,51.58
area_2,Other,52.6
area_1,Other,55.07
area_3,Other,62.12
area_4,Other,49.43
area_3,Other,73.9
area_1,Other,56.77
area_1,Other,57.25
area_5,Other,61.45
area_2,Other,55.8
area_2,Other,61.53
area_1,Other,56.42
area_3,Other,65.54
area_5,Other,60.31
area_3,Other,53.52
area_4,Other,52.95
area_3,Other,67.44
area_4,Other,64.73
area_5,,62.23
area_4,,42.37
area_2,Other,40.8
area_2,Other,48.62
area_2,Other,53.52
area_1,Other,52.05
area_5,Other,53.51
area_1,Other,59.25
area_5,Other,64.34
area_3,Other,67.21
area_5,Other,66.96
area_1,Other,54.22
area_1,Other,52.9
area_4,Other,51.49
area_2,Other,48.03
area_4,Other,61.59
area_3,Other,58.53
area_3,Other,59.22
area_1,Other,58.83
area_3,Other,46.54
area_2,Other,53.83
area_1,Other,44.24
area_3,Other,61.3
area_1,Other,56.14
area_5,Other,68.09
area_2,Other,51.05
area_3,Other,53.34
area_5,Other,65.87
area_2,Other,57.64
area_3,Other,65.8
area_4,Other,59.06
area_2,Other,55.43
area_2,,56.89
area_2,Other,56.17
Other,,68.91
area_4,Other,56.82
area_1,Other,63.75
Other,,64.48
area_5,25.0,64.37
Other,,66.88
area_2,Other,51.94
area_1,Other,60.96
area_2,Other,58.34
area_5,25.0,63.82
area_1,Other,50.43
area_3,Other,68.58
area_5,25.0,65.43
area_1,Other,67.34
area_5,Other,61.7
area_5,25.0,54.08
area_3,Other,58.61
area_5,Other,63.68
area_1,Other,55.9
area_5,25.0,55.12
area_2,,55.56
area_1,Other,61.37
area_1,Other,59.99
area_1,Other,49.8
area_1,Other,59.36
area_3,Other,64.44
area_4,Other,41.67
area_2,Other,55.04
area_1,Other,54.17
area_5,Other,71.8
area_2,,51.47
area_1,Other,52.62
area_4,Other,46.25
,,60.09
,,60.09
area_3,Other,49.44
area_3,Other,64.52
area_1,Other,56.21
area_1,Other,59.91
area_4,Other,56.94
area_5,Other,68.01
area_2,Other,49.26
area_4,Other,54.16
area_4,Other,49.43
area_4,Other,53.24
area_3,Other,55.0
area_1,Other,55.39
area_5,Other,55.74
area_5,Other,62.26
area_3,Other,63.88
area_5,Other,69.15
area_1,Other,49.96
area_5,Other,67.67
area_3,Other,71.96
area_5,25.0,62.12
area_2,Other,64.01
area_1,Other,61.43
area_4,Other,57.27
area_1,Other,60.12
area_2,Other,57.36
area_4,Other,42.66
area_4,Other,52.25
area_4,Other,55.24
area_1,Other,47.54
area_5,Other,68.17
area_2,Other,44.08
area_2,Other,52.33
area_1,Other,62.33
area_1,Other,57.86
area_3,Other,58.21
area_5,Other,63.99
area_1,Other,51.13
area_2,Other,62.65
area_5,25.0,65.13
area_1,Other,50.88
area_1,Other,48.4
Other,,64.51
area_3,Other,63.12
area_3,Other,52.49
area_1,Other,48.75
area_4,Other,43.61
area_2,Other,52.57
area_4,Other,54.24
area_3,Other,62.6
area_3,Other,66.12
,,59.14
,,59.14
area_1,Other,54.07
area_1,Other,50.51
area_1,Other,61.91
area_5,Other,76.26
area_5,Other,56.29
Other,,63.2
area_3,Other,49.25
,,55.87
area_1,Other,63.92
area_2,Other,62.23
area_5,Other,67.79
area_5,Other,69.87
area_3,Other,60.03
area_1,Other,44.47
area_3,Other,65.24
area_1,Other,54.78
area_1,Other,62.17
area_5,Other,67.89
area_5,Other,58.44
area_3,Other,65.22
area_2,Other,53.39
area_1,Other,54.65
area_3,Other,54.58
area_3,Other,70.84
area_2,Other,53.38
area_1,Other,49.57
area_3,Other,63.02
area_1,Other,50.79
area_4,Other,46.94
area_4,Other,50.2
area_2,Other,65.32
area_1,Other,66.72
area_2,Other,50.09
area_3,Other,72.68
area_2,Other,55.57
Other,,64.96
area_3,Other,58.88
area_5,25.0,55.5
area_1,Other,61.67
Other,,66.35
area_4,Other,46.26
area_5,25.0,53.32
area_3,,55.78
area_2,,58.84
area_3,Other,72.33
area_4,,52.61
area_5,Other,66.35
area_3,Other,64.88
area_1,Other,58.15
area_1,,54.5
area_3,Other,68.33
area_1,Other,47.89
area_5,Other,58.6
,,50.49
area_1,Other,50.14
area_4,Other,63.19
area_4,Other,53.01
area_5,Other,70.17
area_4,Other,48.42
area_3,Other,71.5
area_3,Other,67.4
area_5,25.0,64.12
area_5,25.0,53.6
area_2,Other,55.46
area_1,Other,52.96
area_5,25.0,62.73
area_1,Other,60.89
area_5,Other,64.25
area_3,Other,62.97
area_1,,54.09
area_4,Other,63.2
area_5,Other,66.77
area_5,Other,61.38
area_1,Other,54.78
area_4,,45.94
area_5,Other,61.22
area_4,Other,54.81
area_3,Other,72.57
area_5,Other,72.67
area_5,25.0,56.11
area_5,Other,62.27
area_2,Other,57.92
area_2,Other,51.27
area_3,Other,67.28
area_5,Other,60.8
area_5,Other,63.22
area_3,Other,60.85
area_2,Other,49.56
area_1,Other,52.12
area_3,Other,64.41
area_1,Other,56.84
area_3,Other,62.57
area_3,Other,74.31
area_1,Other,46.21
area_1,Other,59.74
area_5,Other,59.11
area_5,25.0,59.08
area_3,Other,69.38
area_2,Other,59.98
,,59.04
area_3,Other,64.11
area_3,Other,74.88
area_3,Other,60.92
area_2,Other,60.91
area_1,Other,62.89
area_1,Other,51.74
area_4,Other,40.77
area_3,Other,53.72
area_2,Other,58.63
area_3,Other,65.93
area_3,,58.78
area_3,Other,66.55
area_4,Other,41.0
area_2,Other,54.36
area_3,Other,68.12
area_1,Other,47.79
area_3,Other,50.1
area_5,Other,68.76
area_4,Other,52.47
area_4,Other,51.95
area_3,Other,65.43
area_5,Other,65.98
area_2,Other,58.4
area_2,Other,53.4
Other,,56.23
area_1,Other,61.87
,,58.78
,,58.78
area_1,Other,51.45
area_3,Other,58.78
area_3,Other,71.8
area_1,Other,56.97
area_5,25.0,59.35
area_3,Other,63.84
area_3,Other,66.17
area_1,Other,45.5
area_1,Other,61.56
area_1,Other,44.51
area_5,Other,61.41
area_3,Other,54.22
area_2,Other,43.61
area_1,Other,46.72
area_4,Other,51.64
area_4,Other,53.88
area_5,Other,65.78
area_3,Other,57.5
area_3,Other,60.92
area_1,Other,57.28
area_1,Other,57.63
area_4,Other,55.09
area_2,Other,47.78
area_5,Other,61.98
area_5,Other,63.4
area_1,Other,63.9
area_2,Other,53.19
area_2,Other,49.51
area_5,Other,65.83
area_3,Other,72.56
area_3,Other,60.89
Other,,61.89
area_1,Other,57.01
area_2,Other,58.42
area_5,Other,62.16
area_2,Other,45.82
area_2,Other,47.72
area_3,Other,70.85
area_5,Other,67.83
area_2,Other,46.28
area_5,Other,66.84
area_5,25.0,58.76
area_3,Other,62.09
area_1,Other,48.79
area_3,Other,69.01
area_3,Other,57.26
,,66.25
area_3,Other,65.03
area_3,Other,70.44
area_5,Other,63.15
area_2,Other,72.87
area_1,Other,51.76
area_2,Other,56.29
,,56.59
area_5,Other,61.28
area_3,Other,63.37
area_2,Other,71.18
area_1,Other,49.74
area_1,Other,58.71
area_5,,60.91
area_2,Other,59.18
area_5,25.0,59.76
area_3,Other,60.95
area_2,Other,51.56
area_4,Other,53.38
area_2,Other,46.17
area_5,25.0,51.05
area_1,Other,48.2
area_3,Other,56.05
Other,,61.68
area_3,,65.34
area_5,25.0,61.73
Other,,66.82
area_2,Other,61.22
area_1,Other,59.41
area_5,Other,59.03
area_2,Other,51.85
area_1,Other,58.39
area_2,Other,58.55
area_4,Other,55.78
area_3,Other,41.82
area_2,Other,41.12
Other,,53.95
area_2,Other,53.89
area_3,Other,72.22
area_5,Other,66.74
area_3,Other,66.58
area_5,Other,65.73
area_5,Other,70.71
area_2,Other,47.25
area_5,Other,68.23
area_1,,56.34
area_1,Other,56.37
area_5,25.0,59.23
area_1,Other,55.17
area_1,Other,55.74
area_2,Other,51.43
area_2,Other,54.72
area_4,Other,49.26
area_2,Other,54.57
area_1,Other,54.72
area_3,Other,71.14
area_3,Other,64.01
area_4,Other,50.99
area_5,Other,63.56
area_1,Other,44.76
area_3,Other,58.44
area_2,Other,57.39
area_2,Other,54.85
area_5,25.0,63.32
area_3,Other,59.41
area_3,Other,68.16
area_5,25.0,62.71
area_5,25.0,59.08
area_3,Other,49.68
area_4,Other,39.26
area_3,Other,62.98
area_5,Other,70.63
area_2,Other,57.07
area_5,Other,65.43
area_3,Other,60.11
area_3,Other,64.08
area_3,Other,62.06
area_1,Other,44.28
area_5,25.0,64.45
area_3,Other,60.78
area_3,Other,58.04
area_3,,58.46
,,65.98
,,65.98
area_2,Other,50.09
area_3,Other,55.8
area_1,Other,38.61
area_4,,49.12
area_5,Other,52.97
area_5,Other,68.73
area_4,Other,57.5
area_5,Other,60.04
area_4,Other,50.56
area_2,Other,54.33
,,63.49
,,63.49
area_5,Other,70.34
area_3,Other,60.62
area_3,Other,66.62
area_1,Other,56.63
area_4,Other,54.55
area_3,Other,61.01
area_1,Other,56.63
area_5,Other,65.11
area_2,Other,44.33
area_5,25.0,60.38
area_3,Other,66.12
area_4,Other,42.17
area_1,,60.08
area_4,Other,41.97
area_4,Other,51.16
area_4,Other,50.35
area_1,Other,53.88
area_2,Other,48.75
area_5,25.0,56.88
area_1,Other,50.63
area_2,,55.31
area_1,Other,50.28
area_4,Other,44.57
area_1,Other,47.25
area_3,Other,62.33
area_5,25.0,54.63
area_3,Other,50.61
area_2,,59.18
area_1,Other,53.21
area_5,25.0,64.09
area_3,Other,56.11
Other,,65.07
area_5,25.0,59.27
area_3,Other,54.59
area_1,Other,55.34
area_2,Other,52.58
area_2,Other,51.87
area_1,Other,48.05
area_4,Other,55.81
area_5,Other,57.9
area_5,25.0,55.94
area_3,Other,68.47
area_3,Other,57.04
area_1,Other,52.94
area_1,Other,47.27
area_1,Other,54.84
area_3,Other,69.84
area_5,Other,67.89
area_4,Other,53.92
area_4,Other,46.26
area_1,Other,50.99
,,64.1
,,64.1
area_2,Other,50.73
area_3,Other,46.79
area_5,25.0,60.52
area_2,Other,55.6
area_5,Other,53.2
area_1,Other,44.24
area_3,Other,71.26
area_1,Other,43.3
area_3,Other,69.8
area_4,,51.18
area_3,Other,70.01
area_3,Other,61.65
area_1,Other,42.59
area_5,Other,55.38
area_3,,56.84
area_3,Other,65.6
area_3,Other,61.17
area_3,Other,69.61
area_3,Other,58.63
area_2,Other,35.51
area_5,Other,66.63
area_1,,56.16
area_4,Other,55.8
area_3,Other,65.7
area_1,Other,57.64
area_5,Other,67.3
area_2,Other,56.67
area_5,25.0,53.91
area_4,Other,55.46
area_5,Other,61.54
area_2,Other,57.72
area_3,Other,59.45
area_4,Other,51.42
area_4,Other,61.59
area_3,Other,66.91
Other,,66.81
area_1,Other,34.58
area_5,Other,62.45
area_4,Other,62.57
area_2,Other,60.46
area_5,25.0,63.6
area_5,25.0,60.8
area_3,Other,56.51
area_5,25.0,58.0
area_5,25.0,49.79
area_1,Other,58.04
area_2,Other,41.24
area_1,Other,57.96
area_4,,52.25
area_5,Other,60.74
area_3,Other,61.47
area_5,Other,71.64
area_1,Other,47.53
area_3,Other,64.44
area_3,Other,67.13
area_3,Other,67.15
area_4,Other,51.03
area_5,Other,67.7
area_3,Other,64.81
area_5,Other,69.57
area_5,25.0,57.23
area_3,Other,58.0
area_5,Other,69.82
area_1,Other,66.66
area_4,Other,54.46
area_1,Other,45.96
area_3,Other,54.84
area_1,Other,41.15
area_4,Other,48.92
area_3,Other,63.69
area_5,Other,57.3
area_2,Other,60.48
area_1,Other,60.2
area_4,Other,53.65
area_3,,65.77
area_2,,53.07
,,54.26
area_3,Other,61.6
area_1,Other,55.78
area_2,Other,53.71
area_5,Other,64.56
area_2,Other,53.67
area_4,Other,50.53
area_5,Other,64.67
area_2,Other,56.4
area_4,Other,55.06
area_1,,47.07
area_2,,51.24
area_3,Other,56.0
area_3,Other,60.8
area_5,,67.36
area_3,Other,71.17
area_5,Other,69.8
area_5,Other,66.39
area_2,Other,61.47
area_2,Other,62.39
area_3,Other,55.63
area_5,25.0,58.08
area_2,Other,47.88
Other,,56.4
area_3,Other,68.37
area_5,25.0,59.87
area_3,Other,57.16
area_3,Other,59.52
area_3,Other,70.22
area_3,Other,61.42
area_1,Other,54.0
area_1,Other,61.72
area_1,Other,56.91
Other,,65.62
area_2,Other,57.23
area_4,Other,43.04
area_1,Other,54.24
area_1,Other,58.26
area_4,,50.09
area_3,Other,78.26
Other,,59.6
area_4,Other,35.5
area_4,Other,42.01
area_4,Other,56.52
area_1,Other,56.21
area_1,Other,59.71
Other,,61.92
area_1,Other,40.37
area_2,Other,51.86
area_1,Other,58.49
area_1,Other,61.21
area_5,Other,70.26
area_5,Other,66.99
area_5,Other,68.52
area_4,Other,46.49
area_4,Other,60.26
area_5,Other,61.68
area_4,Other,49.06
area_1,Other,67.98
area_3,Other,58.26
,,58.44
area_3,Other,68.87
area_2,Other,56.13
area_1,Other,52.33
area_1,Other,51.62
area_3,Other,67.24
area_1,Other,54.18
area_4,Other,54.05
area_4,Other,43.94
area_3,Other,61.43
area_2,Other,56.21
area_1,Other,57.38
area_5,25.0,62.28
Other,,63.31
area_1,Other,61.56
area_5,Other,69.98
area_1,Other,46.22
area_1,Other,42.55
area_2,Other,63.42
area_1,Other,51.46
area_3,Other,60.78
area_1,Other,64.33
area_1,Other,54.45
area_4,Other,54.05
area_1,Other,61.49
Other,,58.76
area_5,Other,64.7
area_3,Other,49.59
area_5,Other,79.1
area_5,,63.64
area_4,,45.73
area_2,Other,46.04
area_3,Other,69.56
area_3,Other,61.92
area_5,Other,67.25
area_1,Other,49.85
area_2,Other,56.59
area_3,Other,71.13
area_3,Other,70.35
area_5,25.0,55.11
area_5,Other,62.06
area_3,Other,66.65
area_3,Other,61.88
area_5,Other,71.78
area_5,Other,61.62
area_1,Other,51.49
Other,,67.12
Other,,56.64
area_2,Other,54.17
area_5,25.0,55.74
area_2,Other,61.54
area_4,Other,40.09
area_3,Other,65.62
area_2,Other,60.51
area_1,Other,49.9
area_5,25.0,62.45
area_1,Other,51.05
area_3,Other,68.37
,,57.97
,,57.97
area_2,Other,54.93
area_2,Other,48.9
area_5,Other,64.61
area_1,Other,61.14
area_5,Other,66.45
area_4,Other,48.84
area_4,Other,57.99
area_2,Other,58.22
Other,,63.99
area_1,Other,56.6
area_2,Other,51.94
area_5,Other,65.58
area_4,Other,60.41
area_5,Other,64.05
area_2,,57.32
area_2,,55.13
Other,,58.33
area_1,Other,59.53
area_1,,47.82
area_3,Other,55.14
area_5,25.0,58.8
area_1,,55.1
area_4,Other,62.03
area_4,Other,45.76
area_5,25.0,58.83
area_2,Other,52.93
area_2,Other,60.74
area_1,Other,46.78
area_1,Other,55.81
area_5,25.0,52.95
area_5,Other,76.94
area_4,Other,46.66
area_5,Other,57.29
area_5,Other,68.34
area_1,Other,47.47
,,60.26
,,60.26
area_1,Other,54.48
area_5,Other,68.23
Other,,64.27
area_2,Other,54.28
area_1,Other,42.73
area_5,25.0,61.96
area_3,Other,53.8
area_4,Other,36.41
area_4,Other,55.05
area_1,Other,51.88
area_2,Other,56.73
area_5,25.0,48.6
area_1,Other,51.48
area_4,Other,47.33
area_5,Other,64.77
Other,,63.67
area_2,Other,46.36
area_1,Other,54.24
area_2,Other,57.38
area_1,Other,55.46
area_3,Other,65.02
area_3,Other,69.28
area_3,Other,54.23
area_4,Other,57.83
area_4,Other,48.59
area_2,Other,54.22
area_5,25.0,59.24
area_1,Other,60.81
area_4,Other,46.17
area_5,,63.45
area_1,Other,58.09
area_5,Other,65.46
area_1,Other,54.27
area_2,Other,57.23
area_3,Other,47.44
area_5,25.0,65.64
area_3,Other,59.69
area_5,Other,68.08
area_3,Other,63.26
,,60.32
area_1,Other,58.07
area_3,,69.89
area_5,Other,64.8
area_3,Other,59.34
area_3,Other,48.84
area_1,,46.74
area_5,Other,66.47
area_3,Other,54.04
area_5,25.0,52.39
area_4,Other,57.26
area_5,Other,68.56
area_5,25.0,59.87
area_4,Other,49.08
area_5,Other,60.34
area_1,Other,51.14
area_1,Other,52.51
area_2,Other,53.53
area_5,Other,74.8
area_5,Other,66.98
area_1,Other,55.05
area_3,Other,58.91
area_5,25.0,70.16
area_3,Other,53.88
,,64.58
,,64.58
area_2,Other,46.61
area_2,Other,57.54
area_1,Other,50.18
area_5,25.0,62.31
area_1,Other,57.91
area_4,Other,54.63
area_1,,61.46
area_1,Other,59.63
Other,,66.94
Other,,63.96
area_5,Other,68.15
area_3,Other,64.61
area_4,Other,48.6
,,61.06
,,61.06
Other,,62.65
area_3,Other,62.88
area_1,Other,55.07
area_2,Other,56.49
area_5,Other,66.26
area_2,Other,61.71
area_2,Other,58.87
area_2,Other,55.4
area_3,Other,63.17
area_3,Other,65.92
area_5,Other,63.44
area_5,Other,59.16
area_2,Other,53.73
area_2,Other,59.29
area_2,Other,51.53
area_2,Other,62.44
area_3,Other,72.08
area_5,25.0,52.17
area_1,Other,56.65
area_1,Other,62.42
area_2,Other,47.62
area_2,Other,52.03
area_3,Other,56.97
area_3,Other,62.24
area_5,25.0,61.33
area_3,Other,55.35
area_1,Other,46.33
area_4,Other,51.3
area_5,25.0,62.71
area_5,,59.59
area_5,25.0,49.71
area_5,Other,64.66
area_3,Other,62.52
area_2,Other,57.02
Other,,67.9
area_3,Other,62.93
area_3,Other,50.46
area_5,Other,60.68
area_2,Other,47.44
area_5,Other,62.61
area_2,,59.61
area_5,Other,75.05
Other,,57.94
area_5,Other,74.5
area_3,Other,59.46
area_3,Other,64.17
area_3,Other,63.17
area_5,25.0,55.87
area_1,Other,59.14
area_1,Other,54.44
area_5,25.0,56.34
area_5,25.0,66.99
area_1,Other,55.66
area_2,Other,55.6
area_3,Other,65.44
area_5,25.0,56.62
area_1,Other,58.07
area_3,Other,67.89
area_4,Other,56.01
area_5,Other,56.34
area_4,Other,50.47
area_5,Other,67.14
area_3,Other,57.82
area_4,Other,55.11
area_5,25.0,59.87
area_5,Other,66.26
area_2,Other,52.46
area_1,Other,48.22
area_3,Other,63.98
area_3,Other,63.05
area_4,Other,54.8
area_5,Other,62.67
area_5,25.0,62.51
area_1,Other,54.19
area_1,Other,55.1
area_4,Other,54.8
,,58.24
Other,,64.88
area_2,Other,53.25
area_5,,63.77
area_2,Other,62.44
area_1,Other,52.76
area_4,Other,41.9
area_2,Other,54.14
area_1,Other,62.02
area_4,Other,47.92
area_3,Other,59.4
area_4,Other,39.34
area_1,Other,39.34
,,56.09
area_5,Other,63.3
area_5,25.0,58.33
area_4,Other,52.13
area_3,,69.04
area_4,Other,51.48
,,63.14
area_4,Other,52.75
area_4,Other,54.61
area_2,Other,45.61
area_3,Other,52.19
area_5,Other,71.46
area_3,Other,66.1
area_3,Other,61.57
area_2,Other,55.33
area_3,Other,61.56
area_1,Other,51.05
area_3,Other,58.35
area_2,Other,53.87
area_1,Other,56.42
area_5,Other,60.93
area_3,Other,54.63
area_3,Other,63.82
area_1,Other,53.01
Other,,65.19
area_4,Other,48.64
area_5,,62.98
area_2,Other,51.93
area_4,Other,45.74
area_3,Other,64.8
,,58.61
,,58.61
area_5,Other,61.26
area_3,Other,68.49
area_2,Other,54.43
area_5,25.0,60.29
area_1,Other,52.82
area_2,Other,46.96
area_4,Other,39.11
area_2,Other,55.59
area_2,,54.71
area_5,25.0,56.53
area_2,Other,58.17
area_4,Other,48.99
area_3,Other,66.74
area_1,Other,66.41
area_4,Other,51.81
area_1,Other,49.66
area_5,Other,62.04
area_3,Other,68.82
area_5,Other,58.58
area_3,,68.76
area_4,Other,39.95
area_1,Other,45.28
area_5,25.0,61.52
area_1,Other,53.81
area_3,Other,45.85
area_1,Other,55.34
area_4,Other,43.79
Other,,64.27
area_2,Other,56.72
area_1,Other,45.48
area_1,Other,55.67
area_1,Other,58.09
area_2,Other,51.96
area_4,,60.76
area_3,Other,59.86
area_3,Other,72.59
area_1,Other,50.62
area_2,Other,49.22
area_2,Other,55.86
area_1,Other,53.8
area_1,Other,63.69
area_2,Other,60.11
area_2,Other,60.81
area_2,Other,45.1
area_1,Other,47.73
area_2,Other,70.84
area_5,Other,64.32
Other,,57.58
area_1,,52.57
area_1,Other,49.89
area_2,Other,47.24
area_2,Other,56.17
area_2,Other,52.79
area_5,25.0,60.46
area_3,Other,68.15
area_5,Other,64.91
area_1,Other,56.08
area_1,Other,50.02
area_3,Other,62.95
area_5,Other,66.01
area_1,Other,51.84
area_5,Other,59.84
area_5,25.0,66.42
area_4,Other,44.73
area_5,Other,62.14
area_1,Other,46.14
area_5,25.0,61.07
area_1,Other,49.65
area_2,Other,61.04
Other,,57.02
area_4,Other,56.83
area_4,Other,67.01
area_3,Other,65.44
area_3,Other,62.5
area_5,25.0,49.01
area_1,Other,57.44
area_3,Other,71.56
area_5,Other,67.71
area_5,Other,59.13
area_3,Other,59.84
area_1,Other,57.29
area_3,Other,60.85
area_1,Other,59.55
area_4,Other,54.06
area_4,Other,46.36
area_3,Other,64.6
Other,,63.24
area_2,Other,53.61
area_3,Other,71.37
area_2,Other,65.01
area_3,Other,56.41
area_2,Other,46.48
area_4,Other,46.32
area_3,Other,56.81
area_3,Other,66.27
area_3,,64.51
area_5,Other,65.32
area_5,25.0,60.14
area_2,Other,62.07
area_3,Other,64.86
area_3,Other,60.82
area_2,Other,56.21
area_5,Other,65.82
area_1,Other,48.69
area_3,Other,66.38
area_2,Other,55.26
area_3,Other,50.26
area_3,Other,50.91
area_1,Other,52.96
area_5,Other,59.24
,,59.31
,,59.31
area_5,Other,63.3
area_4,Other,47.24
Other,,56.64
area_3,Other,72.16
area_1,Other,54.33
area_3,Other,63.21
area_1,Other,56.44
area_5,Other,62.53
area_1,Other,51.49
Other,,61.14
area_5,Other,63.67
area_2,Other,60.78
area_1,Other,58.39
area_1,Other,42.4
area_5,,66.62
area_4,Other,65.63
area_3,,68.68
Other,,62.85
area_4,Other,61.05
area_1,Other,61.58
area_4,Other,54.31
area_4,Other,50.19
area_2,Other,57.48
area_3,Other,64.2
area_5,Other,66.58
area_1,Other,60.05
area_2,Other,53.39
area_2,Other,52.1
area_2,Other,53.82
area_3,Other,63.09
area_4,Other,59.73
,,64.25
,,64.25
area_3,Other,61.44
area_1,Other,43.75
area_2,Other,48.71
area_1,Other,57.58
area_3,Other,62.31
area_5,Other,64.56
area_3,Other,59.37
Other,,58.36
Other,,67.85
area_5,Other,61.38
area_5,25.0,60.93
area_4,Other,48.18
area_2,Other,58.55
area_3,Other,68.15
area_3,Other,48.68
area_1,Other,54.07
area_5,,66.78
area_1,Other,57.78
area_3,Other,61.73
area_3,Other,52.41
area_5,25.0,59.11
area_2,Other,58.74
area_3,Other,66.55
area_5,Other,62.59
area_5,Other,65.44
area_1,Other,57.45
area_1,Other,49.75
area_4,Other,54.46
area_3,Other,74.36
area_1,Other,42.51
area_2,Other,49.38
area_5,Other,77.02
area_3,Other,66.42
,,63.53
,,63.53
area_5,Other,66.49
area_1,Other,61.02
area_2,Other,54.4
area_3,Other,73.09
area_3,Other,61.84
area_1,Other,55.59
area_2,Other,53.85
area_4,Other,46.52
area_2,,53.61
Other,,67.06
area_5,Other,60.66
area_4,Other,59.15
area_2,Other,62.93
area_2,Other,58.47
area_3,Other,59.01
area_4,Other,50.25
area_5,Other,59.03
area_4,Other,41.6
area_3,Other,44.08
,,58.29
,,58.29
Other,,59.43
area_2,Other,53.91
area_1,Other,59.49
area_3,Other,65.56
area_1,Other,57.03
area_5,25.0,66.08
area_4,Other,44.91
area_2,Other,55.49
area_5,25.0,63.25
area_4,Other,51.35
area_2,Other,51.13
Other,,58.82
area_3,Other,66.02
area_5,Other,66.42
Other,,66.12
area_3,Other,63.43
area_5,Other,72.48
area_5,Other,58.36
area_1,Other,60.78
area_4,Other,52.36
area_3,Other,51.19
area_2,Other,57.09
area_5,25.0,68.45
area_2,Other,53.43
area_3,,58.31
area_3,Other,64.8
Other,,66.74
area_3,Other,65.83
area_3,Other,62.2
area_4,Other,43.87
area_1,Other,62.99
area_4,Other,48.93
area_1,Other,47.28
area_1,Other,41.12
area_3,,68.12
area_3,Other,64.65
area_1,Other,57.61
area_5,25.0,64.74
area_1,Other,56.74
area_3,Other,72.07
area_1,Other,59.6
area_1,Other,52.02
area_1,Other,51.0
area_2,Other,51.94
area_4,Other,57.22
area_1,Other,43.31
area_1,Other,47.01
area_3,Other,59.19
area_3,Other,62.6
area_3,Other,57.74
area_4,Other,46.41
area_3,Other,62.15
area_1,Other,61.92
area_4,Other,45.48
area_1,Other,61.86
area_2,Other,58.58
area_3,Other,66.29
area_2,Other,51.76
area_1,Other,56.35
area_3,Other,64.39
area_5,Other,67.34
area_1,Other,60.44
area_4,Other,57.49
area_2,Other,60.28
area_5,25.0,53.84
area_5,Other,64.28
area_5,Other,64.38
area_2,Other,56.6
,,58.09
area_3,Other,68.47
area_2,Other,53.86
area_3,Other,59.83
,,64.95
,,64.95
area_2,Other,63.98
area_5,Other,64.97
area_1,Other,57.86
area_5,25.0,61.51
area_2,Other,40.97
area_5,Other,64.1
area_3,Other,61.89
area_5,Other,69.77
area_4,Other,45.98
area_3,Other,64.35
area_5,Other,68.28
area_5,,61.65
area_1,Other,48.72
area_1,Other,61.47
area_3,Other,56.46
area_5,25.0,64.95
area_5,25.0,62.23
area_5,Other,69.24
area_1,Other,43.94
area_5,25.0,58.32
area_4,Other,51.54
area_3,Other,65.93
area_1,Other,58.82
area_4,Other,55.28
area_5,Other,72.83
area_1,Other,60.75
area_4,Other,49.84
area_2,Other,54.58
area_1,Other,51.56
,,61.35
area_2,Other,64.77
area_2,Other,59.54
area_2,Other,58.08
area_5,Other,67.48
area_5,Other,66.48
area_5,Other,70.87
area_5,Other,67.03
area_5,,67.17
area_2,Other,55.48
area_3,Other,62.19
area_5,Other,69.56
area_5,25.0,62.26
area_4,Other,59.0
area_5,Other,63.62
area_2,Other,46.41
area_5,25.0,55.8
area_5,Other,64.94
area_2,Other,41.7
area_3,Other,64.12
area_1,,54.27
area_5,25.0,56.1
area_2,Other,50.47
area_1,Other,47.41
area_5,Other,59.09
area_4,Other,51.68
area_4,,46.67
area_5,Other,60.8
area_5,Other,68.56
area_3,Other,71.79
area_3,Other,64.79
area_5,Other,58.4
area_2,Other,45.72
area_1,Other,65.18
area_3,Other,66.93
area_5,Other,58.52
area_3,Other,52.66
area_4,Other,60.65
area_1,Other,65.39
area_4,Other,44.35
area_1,Other,55.9
area_2,Other,46.91
area_3,Other,58.96
area_5,25.0,59.24
area_3,Other,62.37
area_2,Other,53.0
area_4,Other,42.63
area_4,Other,43.47
area_1,Other,45.16
area_1,Other,61.48
,,52.6
area_4,Other,58.3
area_1,Other,55.09
area_3,Other,56.96
area_4,Other,48.36
area_5,25.0,54.78
area_1,Other,45.84
area_2,Other,60.63
area_1,Other,63.42
area_2,Other,57.48
area_1,Other,64.91
area_4,Other,38.75
area_1,Other,49.91
area_1,Other,60.95
area_4,Other,38.99
area_3,Other,52.84
area_5,25.0,58.53
area_4,Other,62.21
area_1,Other,44.52
area_2,Other,55.98
area_5,25.0,64.94
area_3,Other,60.27
area_5,25.0,58.78
area_1,Other,59.39
area_2,Other,63.72
area_3,Other,52.0
area_1,Other,49.42
area_2,Other,52.75
area_2,Other,56.85
area_4,Other,49.37
area_4,Other,49.52
area_1,Other,59.71
area_3,,66.41
area_3,Other,74.81
area_5,Other,61.09
area_1,Other,49.82
area_1,,50.93
area_2,Other,46.36
area_5,25.0,50.36
area_3,Other,59.79
area_3,Other,53.64
area_4,Other,45.9
area_2,Other,49.34
area_2,Other,70.8
area_3,Other,69.17
area_2,Other,46.31
area_5,Other,65.99
area_5,25.0,58.55
area_3,Other,63.44
area_1,Other,48.4
area_3,Other,69.23
area_3,Other,69.89
area_4,Other,59.68
Other,,58.16
Other,,62.24
area_1,Other,58.89
area_1,Other,47.97
area_5,Other,70.2
area_4,Other,49.89
,,58.16
area_1,Other,48.56
area_5,Other,63.04
area_3,Other,67.11
area_1,Other,60.62
area_1,Other,52.96
area_2,Other,46.43
area_3,Other,66.94
area_3,Other,67.3
area_3,Other,51.78
area_1,Other,55.87
area_3,Other,60.99
area_2,Other,38.89
area_1,Other,53.35
area_4,Other,63.01
area_1,Other,59.32
area_4,Other,53.64
area_5,25.0,62.5
area_2,Other,59.81
Other,,65.28
area_5,25.0,59.34
area_3,Other,64.07
area_5,25.0,61.92
area_1,,55.89
area_1,Other,56.52
area_4,Other,49.09
area_3,Other,67.11
area_5,Other,58.51
area_5,25.0,53.16
area_1,,55.74
area_1,Other,52.64
area_3,,55.1
area_3,Other,61.14
area_1,Other,50.62
area_3,Other,73.39
area_1,Other,43.04
area_3,,63.6
area_4,Other,45.56
area_3,Other,64.94
area_2,Other,55.13
,,58.1
area_4,Other,54.09
area_2,Other,44.09
area_4,Other,50.95
area_2,Other,62.82
area_4,Other,49.84
area_1,Other,57.12
area_4,Other,48.92
area_3,Other,70.12
area_2,Other,53.7
area_2,Other,59.71
area_1,Other,54.28
area_4,Other,54.77
area_3,Other,57.53
area_4,Other,51.73
area_1,Other,51.29
area_3,Other,59.28
area_3,,66.47
area_2,Other,51.99
area_5,Other,55.38
area_2,Other,53.68
area_3,Other,62.19
area_4,Other,50.97
area_5,Other,56.76
area_3,Other,64.41
area_2,,60.49
area_4,Other,51.83
area_5,Other,65.63
area_5,25.0,58.44
area_3,Other,69.08
area_3,Other,62.78
area_2,Other,57.05
,,64.9
,,64.9
area_5,Other,65.05
area_4,Other,56.67
area_2,Other,57.73
area_4,Other,44.4
area_2,Other,48.27
area_1,Other,57.18
area_3,Other,66.13
Other,,63.68
area_5,25.0,51.48
area_3,Other,66.24
area_5,Other,53.32
area_5,Other,63.26
area_3,Other,72.17
area_4,Other,60.78
area_2,Other,66.82
area_3,Other,55.73
area_3,Other,70.07
area_3,Other,56.03
area_5,,66.26
area_5,Other,62.06
area_1,Other,59.76
area_5,Other,69.89
area_4,Other,50.89
area_4,Other,59.99
area_4,Other,46.09
area_5,Other,59.58
area_3,Other,71.04
area_2,Other,50.65
area_1,Other,47.68
area_5,Other,64.64
area_1,Other,48.68
area_3,Other,60.95
area_1,Other,48.33
area_4,Other,60.65
area_2,Other,69.12
area_2,Other,45.16
area_1,Other,61.64
area_3,Other,57.55
area_2,Other,70.04
area_5,Other,55.06
area_5,Other,68.3
area_3,Other,58.45
area_5,Other,63.39
area_4,Other,52.48
area_3,Other,62.03
area_3,Other,61.1
area_2,Other,46.8
area_3,Other,54.99
area_1,,55.25
area_4,Other,56.46
area_5,Other,61.25
area_5,Other,59.82
area_5,Other,60.69
area_2,Other,59.94
area_3,Other,64.21
area_1,Other,46.39
area_3,Other,67.06
area_4,Other,53.67
area_2,Other,53.21
area_3,Other,60.47
area_4,Other,47.3
area_5,Other,54.46
area_5,,63.71
area_1,Other,63.82
area_2,Other,69.08
area_2,Other,39.38
area_3,Other,60.16
area_4,Other,54.89
area_3,Other,60.91
area_3,Other,59.64
area_3,Other,71.34
area_3,Other,72.14
area_1,Other,52.93
area_4,,55.17
area_1,Other,58.15
area_5,Other,57.46
area_2,Other,38.18
area_5,Other,64.5
area_3,Other,63.1
area_2,Other,54.11
area_4,Other,53.95
area_1,Other,60.06
area_1,Other,47.44
area_3,Other,58.2
area_1,Other,56.41
area_3,Other,72.3
area_2,Other,55.08
area_4,,52.83
area_3,Other,69.02
area_2,Other,60.23
area_5,25.0,58.42
area_1,Other,59.57
area_1,Other,43.08
Other,,65.02
area_5,25.0,55.62
area_3,Other,69.36
area_3,Other,60.24
area_3,Other,65.96
area_1,Other,61.9
area_1,Other,48.84
area_3,Other,54.39
area_4,Other,49.58
area_1,Other,64.0
area_1,Other,59.93
area_5,25.0,52.8
area_1,Other,63.0
area_3,Other,66.9
area_1,Other,56.64
area_3,Other,55.43
area_4,Other,47.25
area_5,Other,70.36
area_2,Other,53.59
area_3,Other,69.1
area_2,Other,55.61
area_4,Other,54.39
area_2,Other,50.78
area_5,,61.28
area_2,Other,54.9
area_3,Other,64.16
area_3,Other,66.49
area_5,Other,57.91
area_4,Other,55.53
area_3,Other,66.24
area_5,Other,64.82
Other,,55.99
area_5,25.0,49.44
area_1,Other,53.71
area_5,Other,66.68
area_2,Other,52.97
area_1,Other,57.46
area_5,Other,50.96
area_3,Other,73.92
area_2,Other,66.37
area_3,Other,60.27
area_1,Other,58.79
area_4,Other,51.12
area_5,25.0,62.79
area_1,Other,57.35
area_3,Other,68.1
area_4,Other,45.15
area_5,Other,58.77
area_1,Other,62.96
Other,,60.32
area_4,Other,57.86
area_4,Other,52.76
area_1,Other,52.76
area_5,Other,55.1
area_3,Other,71.15
area_5,25.0,58.39
area_5,Other,55.96
area_1,Other,51.59
area_5,Other,71.55
area_3,Other,63.71
area_2,Other,55.06
area_5,25.0,54.99
area_5,Other,68.82
area_2,Other,62.14
area_1,,54.93
area_2,Other,55.87
area_1,,55.63
area_1,Other,47.8
area_5,Other,66.48
area_3,Other,71.59
Other,,53.87
area_3,Other,60.71
,,53.05
area_3,Other,67.16
area_5,Other,61.65
area_3,Other,69.88
area_1,Other,50.16
area_2,Other,52.57
area_4,Other,28.36
area_5,Other,65.89
area_3,Other,69.62
Other,,67.89
area_3,Other,53.0
area_1,Other,51.74
area_5,25.0,51.0
,,64.28
,,64.28
area_4,Other,59.72
area_4,Other,60.35
area_3,Other,42.92
area_4,Other,45.95
area_3,Other,56.4
area_4,Other,51.65
area_1,,51.24
area_3,,65.18
area_2,Other,44.34
area_3,Other,68.28
area_1,Other,60.65
area_5,Other,57.14
area_2,Other,46.91
area_3,Other,52.78
area_5,Other,75.64
area_3,Other,54.32
area_5,,62.06
area_1,Other,53.21
area_3,Other,70.29
area_3,Other,55.67
area_2,Other,54.93
,,58.29
area_5,25.0,54.46
area_4,Other,57.44
area_3,,59.96
area_1,Other,64.6
area_1,Other,58.19
area_3,Other,66.87
area_1,Other,66.34
area_1,Other,62.86
area_1,Other,43.66
area_5,25.0,60.39
area_3,Other,64.99
area_1,Other,59.35
area_5,25.0,56.57
area_1,Other,67.54
area_4,Other,45.22
area_2,Other,49.68
area_4,Other,59.09
area_3,Other,70.01
area_3,Other,47.49
area_3,Other,66.49
area_3,Other,56.92
area_3,Other,63.57
area_1,Other,47.82
area_2,Other,56.71
Other,,51.96
area_2,Other,52.71
area_5,Other,70.13
area_4,Other,48.34
area_2,Other,46.74
area_2,Other,49.1
area_3,Other,57.11
area_3,Other,57.44
area_3,Other,62.73
area_1,,54.44
area_4,Other,40.68
,,60.13
area_5,Other,66.66
,,56.74
area_4,Other,55.76
area_5,,66.53
area_5,Other,66.47
area_2,Other,55.24
area_1,Other,59.43
area_2,Other,59.62
area_4,,54.42
area_5,25.0,60.51
area_1,Other,55.74
area_3,Other,54.92
area_1,Other,50.76
area_3,Other,63.7
area_2,Other,51.33
area_4,Other,49.75
area_4,,47.43
area_2,Other,53.52
area_5,Other,69.42
area_5,25.0,59.8
area_2,Other,57.52
area_2,Other,66.27
area_3,Other,66.95
area_3,Other,64.43
area_3,Other,62.15
area_4,Other,53.9
area_4,Other,49.92
area_2,Other,55.75
area_3,Other,68.21
area_3,Other,57.68
area_5,Other,68.65
area_3,Other,60.1
area_5,Other,67.41
area_4,Other,57.57
area_2,Other,72.61
area_4,Other,58.77
area_5,Other,75.93
area_4,Other,50.18
area_5,Other,67.27
area_5,25.0,66.95
area_3,Other,67.5
area_3,Other,50.79
area_1,Other,41.2
,,63.41
area_2,Other,48.22
area_1,Other,53.74
area_2,Other,45.77
area_3,Other,70.8
area_5,25.0,61.28
area_2,Other,56.77
area_1,Other,45.22
area_2,Other,54.87
area_1,Other,64.31
area_1,Other,59.77
area_1,Other,49.2
area_5,25.0,62.03
area_2,Other,51.2
area_3,Other,59.61
area_5,25.0,55.02
area_5,25.0,65.21
area_3,Other,56.21
area_2,Other,50.45
,,61.02
,,61.02
,,62.02
,,62.02
area_2,Other,50.18
area_2,Other,53.64
area_2,Other,61.63
area_2,Other,58.84
area_3,Other,60.89
area_5,25.0,67.53
area_3,Other,66.37
area_1,Other,59.07
area_5,Other,63.97
area_3,Other,63.01
area_2,Other,50.76
area_2,Other,61.45
area_1,Other,52.62
area_4,Other,54.54
area_5,Other,69.71
area_1,Other,54.77
area_3,Other,59.63
area_1,Other,60.57
area_5,25.0,55.39
area_5,Other,62.16
area_3,Other,66.57
area_3,Other,50.9
area_5,Other,60.79
area_3,Other,55.24
area_1,Other,43.84
area_5,25.0,58.78
area_1,Other,56.28
area_5,Other,63.61
area_1,Other,49.38
area_5,Other,65.61
area_5,Other,58.97
area_5,,64.27
Other,,54.42
area_3,Other,63.22
area_1,Other,50.52
Other,,59.06
Other,,56.94
area_4,Other,57.8
area_3,Other,57.92
area_3,,59.68
area_3,Other,67.98
area_5,25.0,52.3
area_1,,52.03
area_3,Other,63.57
Other,,63.48
area_3,,68.19
area_5,Other,58.25
area_1,Other,57.64
Other,,59.35
area_5,Other,67.89
area_4,Other,49.22
area_3,Other,59.46
area_3,Other,66.92
area_2,Other,59.56
area_3,Other,59.29
area_5,Other,67.38
area_5,25.0,53.56
area_2,Other,49.94
area_1,Other,50.81
area_3,Other,68.24
area_5,Other,57.39
area_4,Other,51.53
area_3,Other,65.48
area_1,Other,58.66
area_2,Other,62.86
area_1,Other,45.41
area_3,Other,55.59
area_1,Other,48.47
area_5,25.0,57.48
area_5,25.0,60.17
area_1,Other,51.57
area_2,,53.15
area_1,Other,57.91
area_2,Other,54.5
area_3,Other,67.37
area_2,Other,59.49
Other,,61.05
area_5,Other,66.96
Other,,66.22
area_4,Other,56.13
area_3,Other,53.94
area_3,Other,70.71
area_3,Other,55.53
area_3,Other,63.82
area_3,Other,56.0
area_2,Other,51.13
area_4,,52.78
area_3,Other,59.55
area_3,Other,63.32
area_2,Other,51.63
area_3,Other,55.33
area_5,Other,69.9
area_1,Other,57.25
area_5,Other,69.72
area_3,Other,68.32
area_3,Other,54.15
area_2,Other,62.82
Other,,48.63
area_4,Other,55.37
area_1,Other,46.76
area_2,Other,69.19
area_4,Other,49.51
area_5,25.0,62.12
area_1,Other,44.33
area_5,Other,61.6
area_4,Other,50.09
area_5,Other,54.92
area_3,Other,67.03
area_1,Other,44.99
area_2,Other,53.68
area_5,,65.15
area_1,Other,52.23
area_2,Other,43.1
area_5,Other,59.47
area_3,Other,63.53
area_2,Other,55.23
area_2,Other,69.32
area_2,Other,57.3
,,59.02
area_5,,62.05
area_2,Other,48.41
area_5,Other,69.12
area_1,Other,56.98
area_5,25.0,62.35
Other,,59.37
area_5,Other,62.35
area_5,Other,67.92
area_1,Other,45.43
area_3,Other,69.21
area_2,Other,54.4
area_5,Other,61.42
area_5,25.0,59.84
area_5,25.0,57.89
area_5,Other,63.78
area_4,,50.78
area_3,Other,65.33
area_3,Other,55.44
Other,,64.82
area_5,Other,61.94
area_4,Other,45.1
area_1,,55.05
area_1,Other,43.7
area_2,Other,43.91
area_1,Other,56.83
area_4,Other,49.66
area_2,Other,34.24
area_3,Other,61.18
area_3,Other,61.78
area_5,Other,67.97
area_3,Other,67.94
Other,,59.36
area_1,Other,61.72
area_2,Other,53.14
area_5,Other,68.0
area_3,Other,64.03
area_3,Other,56.54
area_1,Other,59.58
area_3,Other,52.72
area_3,Other,60.47
area_2,Other,53.27
area_1,Other,59.04
area_3,Other,68.92
area_1,Other,57.0
area_4,Other,45.66
area_3,Other,52.8
area_3,Other,62.17
area_1,Other,56.56
Other,,60.37
area_2,Other,57.66
area_1,Other,56.6
area_1,Other,58.22
area_5,25.0,63.8
area_4,Other,57.38
area_4,Other,47.56
area_2,Other,51.05
area_1,Other,58.28
area_1,Other,51.99
area_2,Other,57.71
area_3,Other,62.71
area_5,25.0,56.78
Other,,52.51
area_1,Other,53.46
area_4,Other,49.01
area_1,Other,59.76
area_4,Other,54.03
area_2,Other,55.17
area_2,Other,53.27
area_4,,54.12
area_3,Other,53.01
area_3,Other,65.12
area_5,Other,65.26
area_3,,60.22
area_5,Other,80.33
,,59.84
,,59.84
area_1,Other,62.48
area_3,Other,62.76
area_5,Other,67.59
area_2,Other,57.24
area_5,25.0,56.34
area_2,Other,54.37
area_1,Other,64.82
area_3,Other,61.51
area_3,Other,55.57
area_1,Other,53.88
area_1,Other,56.24
area_3,Other,69.63
area_5,Other,65.27
area_3,Other,68.49
area_4,Other,60.25
area_3,Other,63.61
area_5,Other,65.63
area_5,Other,67.49
area_5,Other,65.06
area_2,Other,50.78
area_3,Other,69.07
area_4,Other,48.77
,,61.67
,,61.67
area_2,Other,58.7
area_3,Other,63.27
area_1,Other,56.18
area_1,Other,56.5
area_1,Other,64.36
area_2,Other,68.62
area_1,Other,56.86
area_1,Other,54.77
area_3,Other,70.8
area_3,Other,59.31
area_2,Other,69.0
area_5,25.0,65.32
area_1,Other,51.5
area_2,Other,59.72
area_3,Other,70.49
area_3,Other,57.77
area_3,Other,53.22
area_1,Other,59.46
area_5,25.0,56.45
area_4,Other,38.41
,,64.76
,,64.76
area_3,Other,65.04
area_3,,58.87
area_3,Other,58.36
area_1,Other,50.15
area_3,Other,75.8
area_3,Other,68.23
area_3,Other,70.11
area_1,Other,60.05
area_5,25.0,56.58
area_2,Other,61.08
area_3,Other,69.22
area_1,Other,62.25
area_5,Other,59.1
area_2,Other,57.51
area_2,Other,52.94
area_5,Other,72.51
area_5,Other,70.09
area_1,Other,59.05
area_3,Other,67.41
area_3,Other,59.98
area_3,Other,66.23
area_5,,62.33
area_1,Other,55.8
area_1,Other,55.08
area_4,Other,54.8
area_2,,60.75
area_1,Other,54.03
area_3,Other,50.57
area_5,Other,66.22
area_2,Other,62.0
area_1,Other,44.22
area_5,Other,73.4
area_2,Other,53.21
area_1,Other,59.23
area_3,Other,63.82
area_5,Other,66.12
area_5,25.0,59.48
area_3,Other,62.55
Other,,66.93
area_5,25.0,55.37
area_3,Other,61.38
area_3,Other,58.93
area_5,Other,67.0
area_1,Other,62.56
area_1,Other,49.97
area_5,Other,67.32
area_5,25.0,49.21
area_1,Other,51.09
area_2,Other,48.08
area_5,Other,64.99
area_3,Other,51.92
area_3,Other,71.17
area_1,Other,63.14
area_3,Other,52.11
area_2,Other,58.24
area_3,Other,68.24
area_3,Other,52.26
area_4,Other,54.61
area_1,Other,41.61
area_2,Other,51.68
area_1,Other,48.12
area_3,Other,67.01
area_3,Other,65.09
area_4,Other,41.97
area_2,Other,52.37
area_5,25.0,62.26
area_3,Other,65.55
area_5,Other,62.07
area_3,Other,65.67
area_5,Other,61.88
area_3,Other,58.89
area_3,Other,59.08
area_2,Other,49.93
area_4,Other,61.19
area_2,Other,60.79
area_3,Other,65.06
area_2,Other,58.56
area_1,Other,44.99
area_1,Other,55.52
Other,,57.51
,,64.68
,,64.68
area_2,Other,60.06
area_2,Other,55.96
area_3,Other,57.67
area_5,Other,72.01
area_3,Other,72.46
area_5,Other,69.07
area_5,Other,63.87
area_1,Other,49.87
area_4,,54.34
area_1,Other,52.9
area_3,Other,59.44
area_4,Other,58.44
area_1,Other,56.8
area_3,Other,57.22
area_3,Other,60.78
area_4,Other,57.92
area_3,Other,59.75
area_5,Other,61.99
area_4,,55.26
area_3,Other,58.57
area_1,Other,53.78
area_1,Other,58.45
area_5,Other,76.24
area_4,Other,48.04
area_2,Other,48.99
area_4,Other,62.07
area_2,Other,56.65
area_1,Other,51.51
area_5,25.0,64.06
area_5,Other,62.47
Other,,56.34
area_5,Other,64.39
area_2,Other,52.81
area_3,Other,62.09
area_1,Other,60.81
area_1,Other,51.16
area_1,Other,58.93
area_3,Other,69.21
area_1,Other,60.43
area_3,Other,61.85
area_1,Other,53.26
area_5,25.0,55.36
area_1,Other,44.84
area_3,Other,70.34
area_4,Other,46.55
area_2,Other,46.62
area_5,Other,62.2
area_5,Other,64.57
area_4,Other,47.43
area_1,Other,64.63
area_3,Other,58.33
area_3,Other,69.59
,,58.67
area_4,Other,50.23
area_2,,54.79
area_5,Other,62.83
area_3,Other,57.75
area_1,Other,58.24
area_1,Other,60.24
area_2,,54.78
area_5,,63.48
area_3,Other,54.94
area_3,Other,65.91
area_3,Other,69.75
area_3,Other,55.75
area_1,Other,45.84
area_2,Other,55.14
area_5,Other,59.4
area_4,Other,58.69
area_1,Other,57.05
area_1,Other,57.46
area_2,Other,55.46
area_1,Other,60.18
area_5,Other,68.65
area_4,Other,62.19
area_3,Other,61.92
area_2,Other,62.89
area_2,,54.42
area_5,Other,62.3
area_3,Other,59.83
area_1,Other,49.13
area_1,Other,55.89
area_1,Other,55.31
area_2,Other,49.78
area_3,Other,60.8
area_5,Other,68.58
area_5,Other,59.08
area_5,Other,64.51
area_2,Other,48.43
area_5,Other,65.57
area_1,Other,62.15
area_4,,56.74
area_2,Other,61.61
area_2,Other,56.97
area_1,Other,37.61
area_5,Other,65.3
area_5,Other,62.58
area_4,Other,55.61
Other,,65.48
area_2,Other,53.06
area_2,Other,49.85
area_5,Other,71.64
area_1,Other,62.39
area_3,Other,65.47
Other,,57.61
Other,,60.56
area_1,Other,60.12
area_1,Other,52.77
area_5,Other,62.11
area_2,Other,53.76
area_3,Other,70.47
area_3,Other,60.67
Other,,66.65
area_5,25.0,63.64
area_2,Other,50.43
area_4,,47.82
area_1,Other,57.75
area_1,Other,52.64
area_1,Other,64.53
area_3,Other,61.31
area_4,Other,52.45
area_3,Other,58.67
area_1,Other,55.08
area_3,Other,65.35
area_3,Other,60.07
area_2,Other,38.89
area_5,Other,64.55
area_3,Other,58.73
area_5,25.0,55.2
area_2,Other,57.56
area_4,Other,56.7
area_1,Other,47.63
area_3,Other,63.43
area_1,Other,56.22
area_3,Other,51.63
area_3,Other,63.03
area_2,Other,68.11
area_2,Other,56.74
area_3,Other,60.05
area_4,Other,55.27
area_5,Other,71.02
area_3,Other,48.74
area_2,Other,45.18
area_2,Other,57.73
area_1,Other,51.88
area_3,Other,67.34
area_1,,59.19
area_4,Other,58.0
area_3,Other,54.28
area_3,Other,63.93
area_1,Other,52.74
area_3,Other,52.04
area_3,Other,54.52
area_1,Other,59.36
area_3,Other,59.47
area_1,Other,58.1
area_3,Other,61.41
area_3,Other,67.32
area_2,Other,60.2
Other,,59.98
area_4,Other,47.75
area_5,Other,49.17
area_2,Other,57.46
area_2,Other,57.07
area_5,25.0,57.72
area_1,Other,51.03
area_5,Other,61.71
area_5,25.0,57.23
area_3,Other,70.47
area_2,Other,48.47
area_4,Other,40.65
area_2,,46.71
area_3,Other,57.93
area_4,Other,50.72
area_5,Other,69.92
area_3,Other,73.04
area_1,Other,62.55
area_5,Other,67.63
area_1,,56.05
area_2,Other,54.73
area_2,Other,57.88
area_3,Other,64.77
area_3,Other,61.11
area_3,Other,53.86
area_1,Other,48.75
area_1,Other,62.64
area_5,Other,74.92
area_3,Other,72.91
area_2,Other,54.31
area_1,,54.65
area_1,Other,56.73
area_4,Other,58.56
area_5,25.0,56.35
area_3,Other,56.37
area_1,Other,50.76
area_3,Other,61.95
area_3,Other,75.97
area_5,25.0,60.25
area_4,Other,48.03
area_3,Other,66.07
area_5,Other,63.37
area_3,Other,68.73
area_1,Other,65.03
area_3,Other,53.58
area_1,Other,48.62
area_3,Other,45.36
area_3,Other,55.5
area_1,Other,65.56
area_4,,50.43
area_3,Other,69.63
area_2,Other,48.77
area_3,Other,64.08
area_5,Other,64.54
area_4,Other,47.74
area_1,Other,51.42
area_5,Other,76.66
area_4,Other,54.76
area_1,Other,56.97
area_3,Other,59.07
area_1,Other,54.17
area_3,Other,64.41
area_1,Other,62.21
area_3,Other,54.51
area_5,Other,71.33
area_5,Other,59.65
area_3,Other,59.7
area_1,Other,51.58
area_3,Other,67.41
area_1,,45.81
area_4,Other,64.56
area_3,Other,70.54
area_3,Other,67.91
area_5,Other,65.64
area_3,Other,58.96
area_5,Other,66.35
area_3,Other,68.96
area_1,Other,45.25
area_3,Other,67.18
area_3,Other,66.12
Other,,63.88
area_3,Other,60.61
area_3,Other,66.17
area_3,Other,72.56
area_3,Other,41.92
area_5,25.0,64.52
area_3,Other,62.82
area_2,Other,49.71
area_1,Other,45.24
area_3,Other,60.85
,,57.81
,,57.81
area_5,Other,60.38
area_3,Other,66.27
area_3,,63.46
area_5,Other,65.37
area_3,Other,59.03
area_4,Other,48.02
area_3,Other,55.26
area_3,Other,70.54
area_3,Other,59.65
area_1,Other,53.81
area_1,Other,47.95
,,63.22
,,63.22
area_2,Other,48.75
area_1,Other,38.93
Other,,59.5
area_2,,54.62
area_5,25.0,63.59
area_4,Other,52.12
area_1,Other,56.3
area_5,Other,63.37
area_5,25.0,57.34
area_4,Other,51.35
area_1,Other,57.2
area_2,Other,58.15
area_5,Other,65.78
area_3,Other,70.86
area_4,Other,45.82
area_3,Other,62.34
area_2,Other,55.68
area_5,25.0,61.06
area_5,Other,67.8
area_3,Other,62.19
area_1,Other,50.82
area_1,Other,59.09
area_1,Other,44.11
area_5,,62.31
area_3,Other,67.43
area_2,Other,52.97
area_1,Other,55.49
area_4,Other,51.48
area_2,Other,65.78
area_5,25.0,56.48
area_1,Other,59.78
area_4,Other,38.25
area_4,Other,54.68
area_3,Other,55.51
area_4,Other,64.99
area_4,Other,55.36
area_1,Other,54.71
area_2,Other,54.93
area_4,Other,51.24
area_3,Other,69.38
area_1,Other,46.84
area_3,Other,72.75
area_5,25.0,53.55
area_5,Other,72.42
area_4,Other,62.35
area_3,Other,68.31
area_1,Other,59.71
area_4,Other,54.24
area_4,Other,64.12
area_1,Other,44.86
area_2,Other,57.86
area_1,Other,55.69
area_1,Other,57.83
area_3,Other,52.18
area_4,,56.42
area_2,Other,61.7
area_1,,52.4
area_4,Other,50.09
,,59.16
,,59.16
area_3,Other,68.55
area_4,Other,46.62
area_1,Other,60.6
area_3,Other,66.97
area_3,Other,63.89
area_1,,54.6
area_2,Other,59.24
area_5,Other,67.82
,,58.33
area_5,Other,56.57
area_5,25.0,57.69
area_3,Other,58.78
area_5,Other,62.71
area_3,Other,76.29
area_4,Other,55.79
area_4,Other,54.4
area_1,Other,45.03
area_1,Other,60.49
area_3,Other,66.35
area_3,Other,44.65
area_1,Other,49.3
area_3,Other,65.38
area_1,Other,60.07
area_2,Other,50.53
area_2,Other,57.53
area_5,Other,65.7
area_3,Other,60.68
area_1,Other,56.51
area_2,Other,55.15
area_5,25.0,54.73
area_5,Other,63.59
area_2,Other,66.23
area_1,Other,51.43
area_2,Other,53.92
area_3,Other,43.72
area_3,Other,63.2
area_1,Other,59.4
area_3,Other,59.19
area_4,Other,44.67
area_3,Other,67.52
area_2,Other,41.52
area_5,Other,69.92
area_4,,49.77
area_1,Other,57.69
area_3,,62.89
area_1,Other,48.82
area_1,Other,58.63
area_2,Other,62.38
area_5,Other,65.85
area_2,Other,46.74
area_5,Other,61.13
area_4,Other,62.34
area_1,Other,45.26
area_3,Other,63.67
area_1,Other,57.6
area_1,Other,50.11
area_2,Other,44.44
area_4,Other,53.28
area_1,Other,60.53
area_3,Other,59.71
area_3,Other,49.91
area_2,Other,56.83
area_3,Other,67.97
area_4,Other,51.58
area_1,Other,51.31
area_3,Other,65.42
area_4,Other,52.26
area_1,Other,62.68
area_1,Other,63.61
area_3,Other,69.75
area_3,Other,66.5
area_2,Other,49.01
area_3,,63.59
area_5,Other,60.1
area_1,Other,62.7
area_2,Other,53.03
area_4,Other,51.05
area_4,Other,65.17
area_4,Other,57.78
area_5,,66.44
area_3,Other,65.92
area_4,,52.41
area_1,Other,56.67
area_2,Other,58.92
area_2,Other,53.92
area_3,Other,57.74
area_3,Other,57.66
area_1,Other,46.69
area_3,Other,57.17
area_2,Other,45.63
area_3,Other,69.03
area_3,Other,61.31
area_3,Other,70.45
area_2,Other,62.07
area_1,Other,42.94
area_4,Other,47.72
area_3,Other,71.11
area_1,Other,69.56
area_2,Other,61.64
area_3,Other,57.4
area_5,Other,63.28
area_3,Other,58.66
area_2,Other,47.07
area_2,Other,53.72
area_4,Other,60.55
area_5,Other,73.75
area_4,Other,61.94
area_5,Other,67.24
area_2,,50.68
area_4,Other,52.13
area_1,Other,50.15
area_1,Other,56.85
area_5,,63.7
area_5,Other,70.61
area_5,,61.66
area_2,Other,56.17
area_1,Other,64.85
Other,,66.92
area_3,Other,48.41
Other,,60.83
area_5,25.0,59.65
area_2,Other,42.72
area_4,Other,47.35
area_4,Other,61.36
area_5,,65.57
area_5,Other,69.22
area_2,Other,55.01
area_3,Other,64.26
area_5,Other,61.4
area_2,Other,52.49
area_3,Other,69.25
area_1,Other,61.27
area_5,25.0,52.62
area_4,Other,62.11
area_5,Other,64.63
area_2,Other,41.83
area_3,Other,61.96
area_5,Other,69.09
area_4,Other,51.36
area_1,,53.91
area_1,Other,50.51
Other,,64.99
area_2,,52.92
area_2,,54.24
area_5,25.0,69.11
area_1,Other,35.28
,,61.95
,,61.95
area_3,Other,61.97
area_1,Other,50.59
area_3,Other,58.96
area_5,25.0,57.68
area_4,Other,39.77
area_3,Other,65.61
area_1,Other,51.29
area_3,Other,51.74
area_2,Other,55.24
area_1,Other,61.63
area_3,Other,71.23
area_1,Other,43.0
area_4,Other,54.84
area_4,Other,51.21
area_3,Other,56.69
area_2,Other,57.81
area_5,Other,65.1
area_3,,61.85
area_5,Other,60.85
area_4,Other,48.52
area_5,25.0,61.9
area_4,Other,58.54
area_2,Other,73.1
area_2,Other,58.03
area_5,Other,73.77
area_3,Other,67.45
area_1,Other,55.76
area_3,Other,55.53
area_4,Other,56.18
area_5,Other,62.72
area_4,Other,43.21
area_2,Other,49.82
area_3,,56.49
area_3,Other,71.61
area_1,Other,59.05
area_4,Other,49.66
area_4,Other,50.98
area_3,Other,52.29
area_1,Other,63.53
area_5,25.0,58.71
area_1,Other,52.84
area_5,Other,68.56
area_1,Other,44.4
area_2,Other,56.57
area_3,Other,66.51
area_1,Other,68.17
area_5,Other,69.82
area_3,Other,67.76
area_1,Other,54.53
area_2,Other,56.89
area_3,,69.54
area_3,Other,62.35
area_1,Other,59.76
area_5,Other,70.8
area_3,,61.95
,,53.57
Other,,59.57
area_2,Other,52.99
area_3,Other,54.83
area_3,Other,65.79
area_1,Other,63.25
area_2,Other,37.46
area_4,Other,58.5
area_1,Other,54.87
area_3,Other,68.45
area_3,Other,61.78
area_1,Other,57.16
area_1,Other,58.09
,,62.9
,,62.9
area_1,Other,57.42
area_4,Other,46.8
area_1,Other,66.85
area_5,Other,67.37
area_2,Other,64.69
area_5,Other,67.78
area_2,Other,47.6
area_1,Other,53.57
area_2,Other,56.51
area_1,Other,53.51
area_2,Other,58.65
area_2,Other,65.45
Other,,64.81
area_2,Other,50.0
area_4,Other,56.5
area_4,Other,42.47
area_1,Other,46.9
area_2,Other,58.51
area_1,Other,48.33
area_5,Other,60.97
area_4,Other,57.63
area_3,Other,54.36
area_1,Other,54.09
area_3,Other,68.76
area_3,Other,60.32
area_3,Other,63.88
area_3,Other,72.52
area_3,Other,67.41
area_5,Other,56.78
area_3,Other,55.22
area_2,Other,49.99
area_1,Other,55.77
area_2,Other,48.07
area_4,,47.21
area_1,Other,58.85
area_3,Other,61.93
area_5,25.0,59.62
area_1,Other,54.45
area_5,Other,67.03
area_2,Other,51.58
,,62.01
,,62.01
area_1,Other,61.34
area_3,Other,71.14
area_5,Other,60.72
area_4,Other,46.52
area_1,Other,61.02
area_5,Other,53.48
area_1,Other,58.76
area_3,Other,58.34
area_4,Other,54.61
area_3,Other,62.35
area_3,Other,73.07
area_1,Other,55.11
area_2,Other,53.42
area_2,Other,43.94
area_2,Other,68.75
area_3,Other,70.26
area_1,Other,61.75
area_1,Other,56.55
area_5,25.0,63.45
area_2,Other,49.1
,,65.32
,,65.32
area_1,Other,51.72
area_2,Other,57.1
area_3,Other,62.33
area_1,Other,61.01
area_3,Other,67.63
area_3,Other,57.79
area_4,Other,56.44
area_3,Other,65.27
area_3,Other,66.32
area_3,Other,61.5
area_2,Other,35.32
area_5,Other,63.05
area_1,Other,54.22
area_5,Other,63.97
area_1,Other,63.53
area_1,Other,57.78
area_3,Other,66.56
area_3,Other,70.23
area_5,Other,66.84
,,58.57
area_3,Other,66.57
area_5,Other,72.19
area_2,Other,50.94
area_1,,54.85
area_3,Other,74.23
area_1,Other,59.46
area_2,Other,58.86
area_3,Other,71.58
area_1,Other,62.49
,,63.72
,,63.72
area_3,Other,55.63
area_3,Other,74.93
area_1,Other,51.91
area_3,Other,64.47
area_5,,63.64
area_5,Other,60.18
area_1,,50.5
area_5,25.0,60.08
area_3,Other,72.97
area_2,Other,54.05
area_1,Other,63.09
area_3,Other,69.4
area_3,Other,65.0
area_4,Other,42.84
area_5,Other,59.65
area_2,Other,51.9
area_3,Other,60.85
area_3,Other,63.11
area_2,Other,57.56
area_5,Other,64.19
area_3,Other,67.76
area_1,Other,53.23
area_3,Other,63.65
area_2,Other,52.66
area_5,Other,67.76
Other,,68.27
,,65.69
area_5,25.0,54.82
area_3,Other,73.22
area_2,Other,45.09
area_1,Other,40.62
area_4,Other,54.33
area_3,Other,70.34
area_3,Other,65.64
area_1,Other,59.4
area_2,Other,53.88
area_1,Other,48.5
area_3,Other,60.9
area_1,,45.12
area_3,Other,59.18
area_3,Other,55.13
area_3,Other,55.78
area_3,Other,58.35
area_5,25.0,54.15
area_3,Other,61.62
area_2,Other,56.89
area_4,Other,57.04
area_5,Other,65.47
area_2,Other,50.68
area_4,Other,38.08
area_2,Other,53.59
area_2,Other,46.55
area_3,Other,63.05
area_2,Other,59.6
area_2,Other,60.81
area_1,Other,52.08
area_5,,63.18
area_3,Other,71.26
area_4,Other,40.13
area_4,Other,48.24
area_3,Other,69.54
area_2,Other,57.09
area_3,Other,70.29
area_5,Other,67.69
area_3,Other,61.44
area_5,Other,67.6
area_3,Other,69.58
area_1,Other,58.09
area_2,Other,56.85
area_1,Other,46.61
area_5,25.0,52.9
area_5,25.0,58.54
area_3,Other,67.86
area_3,Other,62.55
area_5,25.0,65.79
area_3,Other,64.05
area_5,Other,64.02
area_2,Other,56.36
area_5,Other,67.3
area_3,Other,58.49
area_2,Other,41.68
area_2,Other,55.98
area_5,Other,66.47
area_1,Other,43.62
area_4,Other,53.56
area_1,Other,55.21
area_5,Other,67.75
area_1,Other,59.35
area_1,Other,50.68
area_1,Other,59.51
area_4,Other,56.41
area_2,Other,60.45
area_5,25.0,55.98
area_5,25.0,57.48
area_1,Other,57.05
area_5,Other,56.11
area_2,Other,48.03
area_3,Other,67.69
area_1,Other,46.33
area_4,Other,45.19
area_1,Other,55.13
area_2,Other,52.95
area_4,Other,50.7
area_3,Other,61.42
area_3,Other,61.43
area_1,Other,55.99
area_3,Other,66.0
area_1,Other,56.54
area_3,Other,59.18
area_4,Other,47.21
area_5,25.0,67.12
area_1,Other,45.43
area_1,Other,39.83
area_1,Other,59.54
area_3,Other,68.45
area_2,Other,52.81
area_2,Other,64.95
area_3,Other,62.91
area_2,Other,58.35
area_1,Other,60.14
area_4,Other,52.49
area_3,Other,63.85
area_3,Other,72.35
area_4,Other,52.75
area_1,Other,58.39
area_3,Other,68.17
Other,,60.06
area_5,Other,64.65
area_4,Other,57.51
Other,,59.7
area_4,Other,48.54
area_5,Other,65.39
area_2,,55.88
area_2,Other,49.23
area_2,Other,35.09
area_3,Other,63.71
area_1,Other,58.39
area_3,Other,62.74
area_4,Other,49.05
area_5,Other,64.46
area_4,Other,57.19
area_1,,59.28
area_1,Other,45.56
area_5,Other,70.18
area_3,Other,63.55
area_4,Other,41.92
area_4,Other,42.38
area_4,Other,48.82
area_3,Other,66.02
area_3,Other,67.63
area_4,Other,54.85
area_3,Other,67.43
area_4,Other,62.67
area_3,Other,48.39
area_3,Other,69.02
area_5,25.0,60.99
area_5,Other,73.11
area_4,Other,48.45
area_1,Other,48.63
area_2,Other,53.29
area_5,,62.45
area_4,Other,47.84
area_4,Other,47.58
area_3,Other,52.59
area_2,Other,59.76
area_3,Other,59.89
area_2,Other,40.09
area_2,Other,52.63
area_2,Other,53.38
area_1,Other,62.18
area_1,Other,53.7
area_4,Other,57.88
area_3,Other,66.42
area_1,Other,63.48
area_2,Other,55.95
area_4,Other,50.0
area_5,Other,76.67
area_3,Other,61.7
Other,,68.69
area_4,Other,42.57
area_1,Other,52.53
area_3,Other,62.65
area_3,,59.95
area_2,Other,53.36
area_3,Other,61.3
area_4,Other,49.3
area_1,Other,48.18
Other,,68.23
area_4,Other,55.01
area_5,,59.75
area_4,Other,60.36
area_4,Other,58.03
area_1,Other,58.18
area_5,Other,67.53
area_2,Other,54.84
area_3,Other,68.94
area_1,Other,59.99
area_3,Other,70.33
area_5,Other,61.35
area_5,Other,63.81
area_1,Other,49.72
area_1,Other,53.44
area_2,Other,49.46
area_3,Other,68.71
area_5,,61.11
area_1,Other,60.3
area_2,Other,44.56
area_3,Other,58.3
area_2,Other,62.52
area_2,Other,48.15
area_5,Other,62.62
,,59.19
,,59.19
area_2,Other,57.62
area_4,Other,59.6
area_5,Other,63.09
area_4,Other,66.41
area_1,Other,65.38
area_4,Other,44.68
area_2,Other,54.24
area_4,Other,56.54
area_1,Other,50.71
area_1,Other,66.27
area_3,Other,57.12
area_1,Other,55.54
area_4,Other,48.77
area_4,Other,54.96
area_5,Other,68.57
area_5,Other,60.44
area_2,Other,54.09
area_3,Other,52.51
area_1,Other,63.57
area_3,Other,69.95
area_1,Other,59.13
area_3,Other,64.07
area_3,Other,60.6
area_4,Other,55.74
area_2,,58.49
area_3,Other,57.5
area_2,Other,44.9
area_5,Other,57.44
area_2,Other,60.07
area_5,Other,58.59
area_2,Other,51.75
area_1,Other,49.61
area_3,Other,66.39
area_3,Other,59.91
area_2,Other,57.68
area_3,Other,69.31
area_1,Other,47.24
area_3,Other,65.55
Other,,61.39
,,64.92
area_5,Other,61.52
area_4,Other,50.76
area_2,Other,68.52
area_3,Other,51.9
area_4,Other,53.94
area_5,Other,63.81
area_3,Other,56.13
area_4,Other,56.54
area_3,Other,74.04
area_1,Other,48.65
area_5,Other,54.29
area_1,Other,63.98
area_3,Other,68.89
area_5,Other,58.86
area_1,Other,50.17
area_3,Other,66.25
area_3,Other,61.56
area_2,Other,63.35
area_4,Other,51.78
area_1,Other,45.59
Other,,59.24
area_3,Other,59.09
area_4,Other,52.5
area_5,Other,72.31
area_3,,57.85
area_3,Other,73.15
area_3,Other,58.31
area_4,Other,36.67
area_5,25.0,56.95
area_1,Other,64.46
area_4,Other,61.87
area_3,Other,68.83
area_1,Other,47.68
area_3,Other,63.69
area_4,Other,57.88
area_2,Other,56.04
area_1,Other,55.21
area_5,25.0,57.58
area_3,Other,59.18
area_2,Other,53.54
area_5,25.0,62.12
Other,,65.74
area_5,Other,67.73
area_3,Other,62.3
area_4,Other,40.37
area_3,Other,53.41
area_1,Other,58.4
area_3,Other,59.07
area_5,Other,67.84
area_3,Other,67.51
area_3,Other,72.34
area_3,Other,63.94
area_2,Other,60.31
area_5,Other,66.18
area_1,Other,65.21
area_5,,65.45
area_4,Other,36.97
area_5,Other,67.49
area_3,Other,72.9
area_3,Other,63.69
area_5,25.0,56.65
area_5,Other,63.55
area_2,Other,65.02
area_1,Other,56.23
area_5,Other,58.67
area_4,Other,54.92
area_5,Other,69.55
area_3,Other,62.35
area_3,Other,69.38
area_3,Other,67.55
area_3,Other,45.27
area_2,Other,64.78
area_2,Other,34.19
area_2,,56.99
area_3,Other,67.13
area_5,Other,66.42
,,58.04
area_1,Other,61.68
area_2,Other,49.43
area_2,Other,60.24
area_2,Other,61.17
area_2,Other,57.45
area_3,Other,67.61
area_3,Other,56.48
area_3,Other,70.75
area_3,Other,54.44
area_1,Other,62.18
area_3,Other,69.53
area_1,Other,63.96
area_5,,61.05
area_4,,55.42
area_3,Other,68.93
area_5,25.0,63.11
area_3,Other,55.25
area_5,Other,59.45
area_3,Other,60.72
area_5,Other,62.28
area_2,Other,57.03
area_1,Other,53.16
,,65.59
,,65.59
area_3,Other,65.7
area_3,Other,62.46
area_3,Other,62.97
area_5,Other,60.37
area_3,Other,59.75
area_3,Other,63.61
area_1,Other,57.3
area_2,Other,43.64
area_3,Other,63.03
area_5,,61.29
area_3,Other,66.44
area_3,Other,52.59
area_2,,55.12
area_5,Other,61.35
area_3,Other,55.28
area_5,25.0,66.84
area_1,Other,51.51
area_1,Other,61.25
area_2,Other,57.13
area_1,Other,46.5
area_2,Other,50.69
area_3,Other,57.09
Other,,63.36
area_1,Other,57.73
area_1,Other,60.27
area_1,Other,61.51
area_1,Other,59.54
area_1,Other,54.44
area_3,Other,52.59
area_5,25.0,60.86
area_2,Other,55.5
area_5,Other,66.15
area_4,Other,38.29
area_3,Other,64.19
area_5,Other,67.52
area_3,Other,64.26
area_1,Other,51.37
area_2,Other,49.84
area_3,Other,68.69
area_3,Other,67.96
Other,,59.33
area_4,Other,53.92
area_5,Other,58.07
area_2,Other,56.13
,,62.69
,,62.69
area_2,Other,54.25
area_1,Other,45.22
area_5,Other,57.65
area_3,Other,64.07
area_1,Other,64.07
area_5,Other,62.44
area_3,Other,69.11
area_3,Other,54.84
area_2,Other,49.88
area_3,Other,58.46
area_3,Other,62.2
area_1,Other,58.76
area_5,Other,66.04
area_1,Other,55.41
area_5,25.0,64.81
area_3,Other,60.92
area_4,Other,44.75
area_2,Other,40.15
area_2,Other,61.86
area_5,Other,78.34
area_3,Other,46.38
area_3,Other,70.13
area_3,Other,55.99
area_4,,52.22
area_5,Other,73.45
area_5,,64.73
area_5,Other,59.48
area_2,Other,68.56
area_1,Other,45.33
area_5,Other,60.95
area_5,Other,67.2
area_3,Other,57.77
area_5,25.0,56.47
area_1,Other,55.6
area_1,Other,63.26
area_3,Other,66.34
area_1,Other,63.73
area_2,Other,49.16
area_3,Other,68.51
area_1,Other,51.67
area_1,Other,54.2
area_1,Other,50.96
area_1,Other,50.38
area_1,Other,59.2
area_2,Other,55.21
area_1,Other,62.04
area_5,Other,62.78
area_2,Other,58.66
,,61.35
area_4,Other,43.25
,,59.79
area_2,Other,55.67
area_5,25.0,54.04
area_1,Other,55.2
area_4,Other,52.51
area_1,Other,50.85
area_1,Other,60.42
area_2,Other,44.92
area_2,Other,61.22
area_1,Other,57.93
area_5,Other,71.97
area_5,Other,72.11
area_5,Other,65.9
area_2,Other,67.79
area_2,Other,57.67
area_1,Other,53.92
area_3,Other,72.88
area_2,,59.11
area_3,Other,54.66
area_2,Other,45.62
area_1,Other,53.11
area_4,Other,53.55
area_2,Other,51.64
area_1,Other,46.58
area_1,Other,47.8
area_1,Other,59.36
area_3,Other,63.78
area_2,Other,56.62
area_5,Other,58.98
area_4,,55.68
area_5,Other,57.46
area_1,Other,53.75
area_2,Other,57.03
area_3,Other,64.88
area_2,Other,53.49
area_1,Other,43.86
area_1,Other,57.26
area_1,Other,50.94
area_3,Other,68.75
area_3,Other,63.21
area_5,Other,57.03
area_1,Other,58.7
area_1,Other,59.1
area_3,Other,53.28
area_5,25.0,57.36
area_3,Other,62.04
area_1,Other,60.04
area_1,Other,53.88
area_4,Other,54.86
area_4,Other,52.4
area_1,Other,55.99
area_5,Other,69.53
area_5,Other,52.6
area_3,Other,64.14
area_4,Other,54.89
area_1,Other,56.21
area_3,Other,67.81
area_5,Other,66.66
area_2,Other,58.39
area_5,Other,61.77
area_3,Other,60.42
area_2,Other,67.69
area_3,Other,70.1
area_4,Other,47.51
area_3,Other,59.51
area_1,Other,50.13
area_4,Other,51.35
area_5,Other,58.33
area_5,25.0,54.13
area_5,Other,67.07
area_5,25.0,70.88
area_5,25.0,62.15
area_3,Other,61.58
area_1,Other,57.04
area_1,Other,56.97
area_1,Other,54.56
area_2,Other,62.26
area_3,Other,66.49
area_5,Other,76.15
area_5,Other,63.38
area_2,Other,60.91
area_4,Other,48.6
area_5,Other,66.45
area_3,Other,58.03
area_4,Other,55.98
area_5,25.0,73.12
area_4,Other,60.73
area_3,Other,67.98
area_3,Other,61.5
area_1,Other,56.51
area_1,Other,58.44
area_3,Other,65.67
area_5,Other,58.69
area_4,,52.32
area_2,Other,59.76
area_3,Other,67.31
area_1,Other,56.1
area_1,Other,43.82
area_3,Other,54.91
area_2,Other,52.44
area_3,Other,55.71
area_1,Other,37.41
area_3,Other,50.85
,,57.81
area_5,25.0,50.45
area_2,Other,48.44
area_5,25.0,52.29
area_1,Other,49.15
area_5,,66.74
area_1,Other,62.04
area_2,Other,52.3
area_4,Other,44.48
area_5,25.0,53.91
area_3,Other,57.48
area_5,Other,61.18
area_2,Other,55.31
Other,,64.94
area_5,,60.59
area_4,Other,46.21
area_4,Other,47.01
area_2,Other,49.65
area_2,Other,41.65
area_5,Other,60.75
area_2,,50.34
area_2,Other,54.87
area_3,Other,58.58
area_1,Other,46.31
area_3,Other,52.31
area_2,Other,56.73
area_3,Other,66.02
area_2,Other,57.57
area_1,Other,47.84
area_1,Other,52.01
area_5,25.0,58.53
area_5,25.0,56.78
area_1,Other,45.38
area_1,Other,55.75
area_5,25.0,49.5
area_2,Other,45.88
area_2,Other,54.35
area_1,Other,52.2
area_2,Other,45.31
area_4,Other,33.84
area_2,Other,46.85
area_1,Other,49.72
area_3,Other,72.58
area_3,Other,64.46
area_5,25.0,59.87
area_1,Other,58.21
area_1,Other,55.82
area_3,Other,58.76
area_5,Other,64.09
area_1,Other,51.83
area_4,,52.85
area_3,Other,66.66
area_5,Other,69.05
area_5,Other,64.32
area_1,Other,58.4
area_2,Other,66.41
area_4,Other,46.38
area_3,Other,61.66
area_1,Other,50.31
area_5,25.0,54.21
area_5,Other,62.44
area_1,Other,46.7
area_2,Other,56.48
area_3,Other,66.76
area_3,Other,62.23
area_2,Other,50.93
area_5,Other,62.48
area_1,Other,50.69
area_2,Other,58.61
,,61.98
,,61.98
Other,,67.41
area_4,Other,58.18
area_4,Other,49.88
area_1,Other,52.98
area_1,Other,50.11
area_5,25.0,63.59
area_4,Other,50.44
area_2,Other,55.57
area_1,,55.8
area_5,Other,61.09
area_1,Other,59.2
area_1,Other,56.93
area_3,Other,59.45
area_1,Other,56.32
area_1,Other,60.43
area_5,Other,58.12
area_1,Other,46.69
area_2,Other,57.5
area_1,Other,57.06
area_4,Other,55.01
area_1,Other,46.71
area_1,Other,58.11
area_5,Other,61.16
area_1,Other,46.36
Other,,60.42
area_2,Other,58.46
area_4,Other,53.43
area_1,Other,56.99
area_2,Other,64.27
area_5,25.0,57.69
area_1,Other,52.3
area_3,Other,68.59
area_1,Other,64.48
area_3,Other,70.23
area_1,Other,65.66
area_1,Other,58.38
area_5,Other,59.53
area_2,Other,66.29
area_2,Other,53.44
area_2,Other,52.37
area_5,25.0,53.42
area_3,Other,66.9
area_2,Other,55.97
area_4,Other,71.32
area_2,Other,53.65
area_4,Other,50.25
area_1,Other,54.02
area_2,Other,51.88
area_3,Other,60.05
area_5,Other,72.65
area_4,Other,56.34
area_4,Other,45.51
area_5,Other,65.57
area_5,Other,63.93
area_1,Other,59.66
area_3,Other,55.33
area_1,Other,56.34
area_3,Other,63.76
area_3,Other,58.26
area_4,Other,59.34
area_4,Other,61.04
area_4,Other,53.92
area_1,Other,56.37
area_2,Other,55.1
area_2,Other,60.39
area_3,Other,66.34
area_1,Other,55.39
area_5,Other,53.12
area_1,Other,56.6
area_1,,55.4
area_2,Other,54.03
area_3,Other,57.09
area_1,Other,49.26
area_2,Other,51.83
area_5,25.0,53.78
area_3,Other,55.52
area_2,Other,53.58
area_5,Other,62.98
area_4,Other,59.76
area_1,Other,59.76
area_5,Other,64.52
area_5,Other,58.97
area_1,Other,65.92
area_3,Other,54.79
area_1,Other,56.84
area_2,Other,54.77
area_1,Other,44.97
area_1,Other,49.27
area_2,Other,58.13
area_5,Other,67.06
area_2,Other,53.09
area_5,Other,66.98
area_5,Other,58.37
area_2,Other,62.86
area_3,Other,64.76
area_3,Other,68.76
,,61.2
,,61.2
area_2,Other,47.33
area_1,Other,65.15
area_3,Other,71.29
area_3,Other,57.06
area_2,Other,48.97
area_1,Other,64.64
Other,,61.34
area_5,Other,55.58
area_2,Other,48.91
area_5,Other,64.35
area_2,Other,54.93
area_2,Other,52.28
area_5,25.0,60.23
area_2,Other,60.5
area_2,Other,54.31
area_3,Other,70.25
,,57.33
area_1,Other,70.44
area_4,Other,44.31
area_5,Other,68.13
area_5,25.0,59.57
area_4,Other,34.0
area_3,Other,60.39
area_2,Other,48.24
area_1,Other,69.26
area_4,Other,53.87
area_4,Other,64.75
area_1,Other,54.23
area_2,,54.1
area_2,Other,55.55
area_4,Other,49.11
area_3,Other,65.79
Other,,58.06
area_1,Other,58.43
area_4,Other,51.76
area_2,Other,53.48
area_3,Other,67.89
area_1,Other,45.83
area_3,Other,66.96
area_5,Other,62.92
area_3,Other,70.71
area_2,Other,58.88
area_5,Other,65.02
area_3,Other,58.36
area_5,,66.74
area_3,Other,67.98
area_5,25.0,60.45
area_4,Other,43.26
area_5,Other,59.46
area_1,Other,41.91
area_5,Other,63.52
area_1,Other,56.46
area_4,,49.52
area_4,Other,56.81
area_4,Other,54.24
area_2,Other,53.63
Other,,65.7
area_3,Other,49.48
area_1,,55.88
area_4,Other,51.93
area_3,Other,68.49
area_1,Other,49.04
area_1,Other,53.17
area_2,Other,60.45
Other,,68.91
area_3,Other,71.97
area_4,Other,47.55
area_5,Other,64.07
area_4,Other,58.18
area_5,25.0,67.61
,,65.74
,,65.74
area_4,Other,40.55
area_1,Other,68.91
area_5,25.0,60.48
area_2,Other,58.8
area_4,Other,58.74
area_1,Other,49.95
area_4,Other,53.64
area_1,Other,59.88
area_4,Other,62.98
area_5,Other,70.81
area_5,25.0,63.19
area_2,Other,52.92
area_1,Other,56.98
area_5,Other,64.55
area_3,Other,52.59
area_3,Other,64.4
area_1,Other,57.66
area_3,Other,66.12
area_2,Other,59.14
area_2,Other,55.49
area_3,Other,68.65
area_3,Other,66.82
area_1,Other,60.52
area_5,Other,63.09
area_3,Other,56.19
area_1,,50.16
area_5,Other,62.02
area_3,Other,68.78
Other,,54.69
area_4,Other,54.79
area_4,Other,49.55
area_3,Other,62.55
area_3,Other,70.82
area_4,Other,49.84
area_3,Other,62.05
,,66.04
,,66.04
area_2,Other,54.64
area_4,Other,56.81
area_2,Other,50.07
area_5,25.0,61.51
area_3,Other,59.45
area_2,Other,50.41
area_4,Other,53.4
area_3,Other,71.22
Other,,56.05
area_1,Other,46.72
area_3,Other,70.04
area_3,Other,62.95
area_3,Other,55.42
area_4,Other,49.91
area_2,Other,55.27
,,57.62
area_5,Other,63.49
area_2,,50.73
area_2,Other,68.82
area_1,Other,43.81
area_4,Other,32.7
area_1,Other,53.86
area_1,Other,53.57
area_2,,53.01
area_2,,58.13
area_1,Other,46.14
area_3,Other,59.38
area_4,Other,53.32
area_4,Other,35.24
area_2,Other,63.73
area_3,Other,66.84
area_4,Other,52.46
area_1,Other,58.28
area_4,Other,41.1
area_3,Other,57.6
area_3,Other,66.7
area_3,Other,53.91
area_2,Other,55.27
area_5,Other,69.45
area_2,Other,41.61
area_2,Other,60.58
area_3,Other,58.4
area_1,Other,57.68
area_2,,47.19
area_5,Other,58.52
area_5,Other,65.36
area_5,Other,65.81
area_3,Other,58.68
area_3,Other,53.92
area_1,Other,49.35
area_5,Other,71.05
area_2,,57.27
area_4,Other,57.37
area_1,Other,57.59
area_1,Other,66.44
area_5,25.0,52.46
area_5,25.0,60.41
area_2,Other,49.75
area_2,,56.42
Other,,57.56
area_5,Other,69.03
area_1,Other,49.89
area_3,Other,57.99
area_5,Other,63.62
area_5,25.0,57.02
,,59.65
area_5,Other,61.33
area_2,Other,50.92
area_1,Other,41.62
area_1,Other,55.74
area_3,Other,61.03
area_1,Other,61.17
area_4,Other,51.38
area_1,Other,64.65
area_1,Other,55.3
area_5,25.0,59.94
area_3,Other,69.62
area_2,Other,56.94
area_1,Other,47.32
area_1,Other,55.49
area_1,Other,62.36
area_1,Other,40.0
area_3,Other,72.1
area_5,Other,57.14
area_1,Other,49.57
area_5,Other,61.36
area_3,Other,66.8
area_3,Other,62.73
area_2,Other,55.99
area_5,25.0,65.79
area_2,Other,52.58
area_1,Other,57.52
area_2,Other,70.16
area_1,,58.44
area_2,Other,58.81
area_5,25.0,53.73
area_3,Other,66.74
area_5,25.0,56.66
area_3,Other,67.18
area_1,Other,46.71
area_2,Other,54.83
Other,,56.95
area_1,Other,51.54
area_5,25.0,57.09
area_1,Other,57.41
area_5,Other,62.71
area_1,Other,51.3
area_4,Other,56.23
area_5,,65.35
area_5,Other,67.56
area_3,Other,60.51
area_1,Other,45.94
area_3,Other,62.55
area_3,Other,54.09
area_4,Other,55.83
area_5,Other,64.3
area_3,Other,56.01
area_1,Other,62.1
area_3,Other,65.94
area_5,Other,61.44
area_3,Other,63.68
area_1,Other,46.65
area_2,Other,50.56
area_1,Other,50.7
area_3,Other,57.31
area_5,25.0,60.08
area_4,Other,39.98
area_3,Other,63.03
area_5,Other,55.16
area_1,Other,52.66
area_1,Other,56.43
area_5,25.0,65.86
area_3,Other,68.09
area_5,25.0,63.3
area_1,Other,56.23
area_3,Other,61.41
area_3,Other,63.96
area_3,Other,60.83
area_4,Other,62.61
area_3,Other,71.69
area_3,Other,60.63
area_1,Other,58.11
area_5,Other,63.49
area_5,25.0,59.97
area_3,Other,69.82
area_5,Other,66.22
area_5,Other,66.86
area_3,Other,47.27
area_1,Other,69.93
,,57.05
area_3,Other,59.95
area_5,Other,63.5
area_3,Other,66.29
area_1,Other,56.94
area_2,Other,56.94
area_3,Other,58.14
area_5,25.0,58.81
area_2,Other,65.82
area_3,Other,66.69
area_2,Other,60.29
,,55.37
area_5,25.0,66.74
area_1,Other,60.59
area_5,Other,55.97
area_3,Other,53.25
area_2,Other,44.08
area_3,Other,57.9
area_1,Other,56.37
area_1,Other,61.53
area_2,Other,67.24
area_5,Other,55.24
area_4,Other,50.95
area_2,,57.6
area_5,Other,73.13
Other,,65.0
area_1,Other,49.93
area_3,Other,55.74
area_1,Other,47.8
area_1,Other,46.65
area_5,Other,65.67
area_3,Other,69.86
area_2,Other,45.62
area_1,Other,49.08
area_5,Other,65.66
area_3,,60.99
area_1,Other,57.12
area_3,Other,64.8
area_3,Other,62.02
area_1,Other,55.42
area_2,Other,51.67
area_1,,52.45
area_4,Other,52.42
area_4,,53.45
area_2,Other,52.23
area_5,Other,63.96
area_5,Other,62.26
area_5,25.0,53.02
Other,,63.27
area_1,Other,48.38
area_3,Other,67.04
area_1,Other,58.54
area_4,Other,47.28
area_3,Other,63.79
area_3,Other,65.12
area_3,Other,61.12
area_1,Other,52.3
area_4,Other,55.48
area_5,Other,66.5
area_4,Other,58.65
area_5,25.0,54.35
area_2,Other,67.01
area_2,Other,55.74
area_1,Other,61.92
area_5,25.0,60.49
area_4,Other,48.19
area_3,,67.89
area_1,Other,60.35
area_5,25.0,62.88
area_5,25.0,59.42
area_1,Other,62.62
area_5,Other,63.91
area_2,Other,52.44
area_1,Other,50.96
area_5,Other,62.66
area_1,Other,60.29
Other,,59.3
area_3,Other,54.14
area_1,Other,50.85
area_3,,66.09
area_5,Other,57.72
area_5,Other,70.0
area_3,Other,67.59
area_3,Other,61.04
,,58.99
,,58.99
area_2,Other,51.86
area_2,Other,52.72
area_1,Other,58.94
area_3,Other,66.0
area_3,Other,68.44
area_1,,52.8
area_1,Other,54.04
area_3,Other,67.95
Other,,68.98
area_3,Other,65.89
area_2,Other,55.01
area_2,Other,47.71
area_2,Other,61.05
area_2,Other,60.62
area_3,Other,71.66
area_2,Other,52.41
area_1,Other,53.35
area_3,Other,68.34
area_3,Other,60.72
area_3,Other,62.28
area_3,Other,56.24
area_3,Other,61.9
area_5,25.0,57.11
area_4,Other,43.53
area_1,Other,51.14
area_2,Other,51.08
area_3,Other,55.77
area_1,Other,52.67
area_5,Other,55.75
area_4,Other,63.67
area_5,25.0,71.85
area_3,Other,54.75
area_3,Other,66.68
area_1,Other,56.21
area_3,Other,71.37
area_3,Other,67.13
area_1,Other,62.13
area_2,Other,50.45
area_3,Other,65.31
area_1,Other,60.18
area_2,Other,59.03
area_4,Other,42.83
area_4,Other,41.29
area_1,Other,59.78
area_3,Other,54.01
area_1,Other,50.19
area_4,Other,57.36
area_4,Other,50.77
area_2,Other,48.08
area_4,Other,53.63
area_1,Other,45.08
area_1,,60.45
area_1,Other,50.77
area_5,Other,61.26
area_4,Other,45.99
area_3,Other,67.09
area_4,Other,58.44
area_3,,59.94
area_5,Other,61.3
area_4,Other,50.15
,,60.09
,,60.09
area_1,Other,52.71
area_3,Other,70.69
area_4,Other,53.39
,,56.84
,,56.84
area_5,Other,60.07
area_5,25.0,57.46
area_4,Other,52.28
area_3,Other,47.71
area_3,Other,70.52
area_2,Other,48.68
area_2,Other,47.83
area_4,Other,46.49
area_4,Other,57.46
area_3,Other,55.46
area_2,Other,58.94
area_5,,62.72
area_3,Other,52.46
area_3,Other,70.52
area_1,Other,62.65
Other,,63.91
area_3,Other,65.71
area_4,Other,54.34
Other,,61.38
area_3,Other,61.49
area_1,Other,51.67
area_2,Other,52.45
area_3,Other,70.48
area_5,25.0,53.85
area_2,Other,58.11
area_5,25.0,59.16
area_2,Other,58.31
area_2,Other,66.27
area_5,25.0,63.11
area_2,Other,51.37
area_3,Other,61.28
area_1,Other,51.16
area_3,,65.22
area_2,Other,60.45
area_2,Other,62.86
area_4,Other,49.14
area_1,Other,52.84
area_1,Other,57.98
area_5,Other,70.66
area_3,Other,61.84
area_1,Other,49.06
area_1,Other,56.36
area_1,Other,54.5
area_4,Other,56.89
area_4,Other,37.0
area_5,Other,59.98
area_2,Other,56.9
area_1,Other,60.62
area_5,Other,70.41
area_4,Other,58.27
area_3,Other,62.66
area_5,25.0,59.74
area_3,Other,49.78
area_5,Other,64.53
,,63.95
,,63.95
area_5,25.0,56.79
area_5,Other,64.32
area_3,Other,65.81
Other,,63.61
area_5,Other,66.47
area_2,Other,57.46
area_1,Other,58.81
area_1,Other,56.86
area_2,,57.12
area_3,Other,62.3
area_5,Other,67.32
area_3,Other,62.41
area_5,Other,73.64
area_3,Other,51.52
area_4,,49.91
area_5,Other,64.19
area_3,Other,58.48
area_3,Other,70.74
area_2,Other,51.95
area_1,Other,59.02
area_3,,58.87
area_5,25.0,56.47
area_2,,54.52
area_5,Other,59.21
area_5,Other,64.68
area_3,Other,52.24
area_2,Other,61.09
area_3,Other,58.47
area_3,Other,60.21
area_4,Other,58.1
area_1,Other,50.51
area_1,Other,46.33
area_3,Other,62.54
area_2,Other,55.9
Other,,60.09
area_3,Other,62.72
area_5,Other,57.41
area_3,Other,66.64
area_2,Other,46.05
area_4,Other,55.37
area_3,Other,68.74
area_3,Other,63.2
area_2,Other,59.28
area_5,25.0,65.19
Other,,69.79
area_5,Other,62.37
area_1,Other,53.68
area_1,Other,49.96
area_3,Other,65.68
area_4,Other,53.35
area_2,Other,55.14
area_3,Other,63.1
area_5,25.0,48.29
area_2,Other,58.14
area_2,Other,50.0
area_5,Other,67.49
area_3,Other,63.72
area_1,Other,52.34
area_5,Other,79.99
area_2,Other,45.67
area_1,Other,56.17
area_2,Other,41.64
area_5,Other,56.98
area_1,,59.9
area_4,Other,49.53
area_1,Other,61.46
area_3,Other,73.26
area_5,Other,65.76
area_4,Other,59.94
area_5,Other,64.68
area_5,Other,66.71
area_2,Other,59.95
area_2,Other,67.36
area_3,Other,56.06
area_1,Other,57.05
area_3,Other,57.1
area_3,Other,51.31
area_3,Other,68.04
area_3,Other,61.69
area_4,Other,57.21
area_3,Other,54.76
area_1,Other,53.72
area_4,Other,46.87
area_3,Other,66.58
area_3,Other,61.76
area_3,Other,67.47
area_5,Other,63.2
area_2,Other,48.61
area_5,25.0,66.8
area_5,25.0,64.07
area_5,Other,55.97
area_2,Other,50.97
area_3,Other,57.79
area_4,Other,54.16
area_5,25.0,63.65
area_1,Other,59.09
Other,,66.45
Other,,61.45
area_2,,53.91
area_1,Other,33.93
area_2,Other,54.47
area_5,Other,69.39
area_4,Other,50.53
area_1,Other,59.29
area_1,Other,51.91
area_4,,54.93
area_3,Other,48.84
area_2,Other,62.28
area_3,Other,65.53
area_3,Other,64.74
area_3,Other,70.96
area_5,Other,56.26
area_3,Other,62.2
area_5,Other,56.34
area_4,Other,46.1
area_3,,61.71
area_2,Other,51.48
Other,,63.69
area_4,Other,41.91
area_2,Other,65.13
area_3,Other,68.97
area_4,Other,38.55
area_3,Other,72.33
area_1,Other,59.89
area_5,25.0,59.81
area_1,Other,66.36
area_3,Other,68.1
area_5,Other,66.87
area_1,Other,51.48
Other,,65.68
area_1,Other,51.2
area_5,Other,66.09
area_3,Other,66.92
area_5,25.0,56.11
area_3,Other,69.29
area_3,Other,66.37
,,55.58
area_5,Other,62.03
area_3,Other,59.75
,,57.88
area_1,Other,57.46
,,60.56
area_4,,57.22
area_3,Other,73.25
area_5,Other,68.75
area_1,Other,35.24
area_1,Other,51.54
area_3,Other,58.73
area_4,Other,59.17
area_2,Other,59.5
area_1,Other,50.39
area_3,Other,60.2
area_4,,55.48
area_5,Other,66.1
area_2,Other,61.27
area_1,Other,58.68
,,57.5
area_5,25.0,62.07
area_2,Other,68.63
area_1,Other,58.34
area_5,Other,64.68
area_3,Other,68.17
area_4,Other,58.81
area_4,Other,44.34
area_1,Other,60.79
Other,,61.21
area_5,Other,64.77
area_5,25.0,62.93
area_3,Other,64.42
area_3,Other,60.53
area_1,Other,46.94
area_2,Other,53.56
area_3,Other,61.67
area_4,Other,51.0
area_5,,65.89
area_3,Other,63.86
area_5,Other,61.56
area_5,25.0,68.25
area_1,Other,41.78
area_3,Other,64.99
area_1,Other,61.33
area_5,25.0,65.58
area_5,Other,64.77
area_2,Other,53.89
area_3,Other,68.96
area_1,Other,43.99
area_4,Other,44.46
area_1,Other,54.27
area_5,25.0,51.56
area_5,Other,65.12
area_5,25.0,61.58
area_5,25.0,62.74
area_3,Other,70.04
area_5,Other,68.55
area_1,Other,47.17
area_4,Other,50.44
area_5,Other,63.06
area_2,Other,54.63
area_5,Other,64.11
Other,,64.58
area_1,Other,48.61
area_4,,49.15
area_2,Other,55.89
area_1,Other,39.51
area_2,,50.34
area_3,Other,61.51
area_1,Other,62.64
area_2,,56.79
area_2,Other,54.57
area_3,Other,68.95
area_5,25.0,60.82
area_1,Other,48.75
area_3,Other,57.19
area_4,Other,56.57
area_3,Other,65.87
area_5,Other,58.94
area_2,Other,57.56
area_3,Other,64.17
area_5,25.0,58.99
Other,,53.19
area_3,Other,65.67
area_2,Other,46.64
area_5,,59.05
area_3,Other,62.42
area_5,25.0,54.46
area_3,Other,61.25
area_5,25.0,57.44
area_3,Other,63.45
area_5,Other,62.07
area_5,25.0,57.69
area_3,Other,57.81
area_5,25.0,61.46
Other,,65.1
area_3,Other,64.02
area_3,Other,58.19
area_5,Other,70.66
area_3,Other,61.92
area_5,Other,69.99
area_3,,64.9
,,60.74
area_3,Other,65.5
area_5,Other,69.38
area_4,Other,43.26
area_2,Other,59.99
,,58.04
area_4,Other,50.14
area_5,Other,57.68
area_2,Other,56.15
area_1,Other,45.61
area_2,Other,57.61
area_5,Other,63.52
area_4,Other,49.57
area_5,25.0,60.64
area_1,Other,50.48
area_1,,54.49
area_2,Other,59.51
area_3,Other,63.54
area_1,Other,53.73
area_1,,57.6
area_1,Other,57.36
area_2,Other,54.6
Other,,62.61
Other,,66.03
area_2,Other,50.79
area_4,Other,54.16
area_3,Other,62.95
area_2,Other,62.13
area_1,Other,46.74
area_1,Other,42.44
Other,,61.01
area_4,Other,45.05
area_1,Other,54.57
area_2,Other,53.33
area_4,Other,62.98
area_5,Other,64.8
area_3,Other,61.13
area_3,Other,56.26
area_2,Other,55.26
area_3,Other,63.81
area_2,Other,52.11
area_2,Other,61.08
area_3,Other,66.0
area_3,Other,72.73
,,62.51
,,62.51
area_2,Other,54.65
area_2,Other,49.35
area_5,,58.15
area_3,Other,65.2
area_4,Other,51.01
area_1,Other,56.08
area_2,Other,52.73
area_3,Other,43.72
area_3,Other,45.6
area_3,Other,65.92
area_2,,55.45
area_1,Other,53.85
area_2,Other,51.18
area_4,Other,47.57
area_4,Other,46.89
area_5,25.0,59.32
area_5,25.0,57.08
area_3,Other,68.74
area_3,Other,59.4
area_4,Other,52.06
area_2,Other,61.59
area_2,Other,48.36
area_5,Other,70.51
area_1,Other,52.47
area_4,Other,45.2
area_2,Other,58.89
area_3,Other,70.32
area_4,Other,48.72
area_2,Other,48.59
area_1,Other,50.17
area_5,,66.92
area_5,Other,59.46
area_2,Other,47.14
area_1,Other,67.24
area_5,25.0,57.24
area_4,,47.62
area_5,Other,69.14
area_5,Other,60.73
area_3,Other,56.63
area_4,Other,37.28
area_1,Other,50.31
area_4,Other,52.22
area_1,Other,64.74
area_4,Other,52.51
area_1,Other,49.85
area_5,Other,55.04
area_5,Other,66.47
area_3,Other,68.34
area_5,Other,63.05
area_1,Other,48.06
,,57.16
area_3,Other,58.83
area_3,Other,66.0
area_4,Other,54.28
area_2,Other,56.26
,,59.86
area_1,Other,51.22
area_1,Other,53.95
area_2,Other,65.43
area_5,Other,71.28
area_3,Other,63.14
area_3,Other,58.83
area_2,Other,59.53
area_1,Other,51.15
Other,,55.54
area_4,Other,50.04
area_2,Other,49.39
area_5,25.0,55.97
area_5,Other,59.24
area_5,Other,57.35
area_1,Other,50.93
area_4,Other,58.75
area_4,Other,45.53
area_2,Other,52.72
area_1,,59.4
Other,,68.94
area_2,,55.67
area_4,Other,36.73
area_1,Other,51.71
area_4,Other,51.93
area_2,Other,52.2
area_5,25.0,59.64
area_1,Other,48.03
area_4,Other,44.67
,,63.94
area_2,Other,55.93
area_3,Other,55.24
area_3,,62.3
area_1,Other,63.98
area_1,Other,48.16
area_5,Other,69.8
area_1,Other,60.29
area_5,25.0,57.1
area_4,Other,54.94
area_2,Other,60.47
area_3,Other,51.79
area_2,,57.48
area_5,Other,59.97
area_2,Other,60.8
area_3,Other,62.3
area_2,Other,48.72
area_1,Other,54.64
area_1,Other,59.35
area_3,Other,63.68
area_5,25.0,54.47
area_3,Other,55.65
area_5,25.0,59.24
area_3,Other,71.4
area_3,Other,67.34
area_3,Other,67.69
area_1,Other,58.26
area_2,Other,50.98
area_1,Other,63.72
area_4,Other,49.26
area_2,Other,48.63
area_1,Other,58.86
area_2,Other,51.67
area_1,Other,56.46
area_5,25.0,65.11
area_1,Other,39.21
area_2,Other,60.09
area_3,Other,59.44
area_1,Other,65.54
area_3,Other,53.81
area_1,Other,47.69
area_1,Other,57.24
area_5,Other,62.87
area_1,Other,59.17
area_5,Other,64.3
area_1,,48.79
area_1,Other,58.3
area_3,Other,60.87
area_3,Other,50.67
area_3,Other,56.86
area_1,Other,54.02
area_1,Other,41.84
area_4,Other,50.73
area_2,Other,51.04
area_4,Other,59.63
area_1,Other,57.89
area_2,Other,54.81
area_5,Other,59.54
area_5,25.0,60.26
area_5,Other,72.92
area_5,25.0,64.77
area_3,Other,59.9
area_3,Other,56.66
Other,,57.18
area_2,Other,60.6
area_4,,49.66
area_2,Other,47.57
area_1,Other,50.32
area_3,Other,55.81
area_3,Other,69.5
area_3,Other,66.28
area_2,Other,59.58
area_1,Other,55.33
area_5,Other,60.74
area_3,Other,69.34
area_4,Other,53.92
area_4,Other,58.37
area_5,25.0,58.44
area_1,Other,64.9
area_2,Other,53.38
area_4,Other,58.68
area_2,Other,54.17
area_4,Other,56.35
area_4,Other,46.86
area_1,Other,63.43
area_3,Other,61.08
area_2,Other,61.4
area_5,25.0,64.22
area_3,Other,61.9
area_2,Other,50.81
area_3,Other,63.61
area_3,Other,69.8
area_1,Other,55.16
area_2,Other,54.85
area_3,Other,70.09
area_3,Other,61.37
area_4,Other,51.39
area_2,Other,56.34
area_1,Other,68.6
Other,,68.9
area_2,Other,61.62
area_4,Other,49.81
Other,,64.35
area_1,Other,46.54
area_1,Other,61.8
area_3,Other,50.96
area_4,,53.4
area_5,Other,67.77
area_1,Other,47.42
area_5,Other,67.18
area_2,Other,58.8
area_5,Other,64.09
area_3,Other,57.93
,,57.34
area_4,Other,56.91
,,61.95
,,61.95
area_3,Other,63.78
area_2,Other,57.88
area_3,Other,67.46
area_5,25.0,54.78
area_5,Other,63.77
area_5,Other,61.48
area_5,Other,62.71
area_5,25.0,61.06
area_3,Other,59.74
area_2,Other,51.57
area_5,Other,66.65
area_5,Other,71.29
area_5,25.0,56.37
area_3,Other,55.89
area_3,Other,64.96
area_1,Other,57.38
area_5,25.0,59.93
area_3,Other,61.5
area_3,Other,72.42
area_3,Other,72.21
area_5,Other,60.56
area_1,Other,40.56
area_5,25.0,64.12
area_4,,44.64
area_4,Other,53.22
area_1,Other,54.02
area_5,Other,63.27
area_1,Other,47.86
area_3,Other,61.45
area_2,Other,59.53
area_2,Other,47.18
area_4,Other,58.69
area_5,25.0,59.11
area_4,Other,53.84
area_5,Other,65.77
area_1,Other,50.97
area_2,Other,57.76
area_5,Other,65.23
area_3,Other,56.11
area_4,Other,51.19
area_5,Other,63.45
area_1,Other,55.53
area_5,Other,67.47
area_3,Other,61.88
area_1,Other,62.68
,,54.57
area_5,Other,57.23
area_1,Other,49.37
area_5,25.0,58.14
area_5,Other,60.96
area_1,Other,51.93
area_2,Other,59.62
area_5,Other,72.35
area_5,Other,62.55
area_3,Other,59.75
area_5,25.0,51.73
area_3,,61.59
area_1,Other,55.08
area_4,Other,53.4
area_5,Other,61.2
area_5,25.0,61.14
area_4,Other,51.95
area_3,Other,69.54
area_2,,56.2
area_3,Other,67.32
area_3,Other,46.17
area_5,Other,65.29
area_3,Other,68.34
area_4,Other,55.73
area_5,25.0,56.68
area_3,Other,47.46
area_3,Other,61.76
area_4,Other,57.82
area_3,Other,66.11
area_5,Other,65.09
area_4,Other,49.64
area_1,Other,60.38
area_5,,63.11
area_5,Other,67.12
area_3,Other,65.1
area_2,Other,42.59
area_4,Other,41.36
Other,,64.38
area_2,,57.87
area_2,Other,51.76
area_3,Other,69.14
area_3,Other,57.04
area_4,Other,51.67
area_5,25.0,61.15
area_3,Other,67.47
area_5,Other,60.54
area_1,Other,58.22
area_5,Other,62.11
area_2,Other,60.84
area_4,Other,42.71
area_2,Other,51.98
area_5,Other,64.57
Other,,56.75
area_3,Other,64.01
area_1,Other,61.43
area_5,Other,63.86
area_3,Other,65.58
area_4,Other,54.29
area_3,Other,65.01
area_1,,53.8
area_1,Other,54.91
area_3,Other,62.25
area_2,Other,52.52
area_2,Other,49.54
area_1,Other,52.77
area_2,Other,48.74
area_2,Other,61.19
area_1,Other,44.25
area_1,Other,56.85
area_5,Other,66.77
area_4,Other,43.9
area_3,Other,71.29
area_4,Other,45.81
area_1,Other,45.57
area_2,Other,52.73
area_4,Other,60.35
area_4,Other,44.74
area_2,Other,41.6
area_5,Other,63.74
area_2,Other,50.96
area_1,Other,60.06
area_1,Other,48.01
area_1,,56.54
area_3,,67.89
area_1,Other,51.99
area_1,Other,55.98
area_5,Other,60.0
area_4,Other,52.85
area_1,Other,56.72
area_3,Other,73.04
area_2,Other,51.3
area_2,Other,62.41
area_3,,68.1
area_1,Other,61.54
area_3,Other,71.49
area_2,Other,44.67
area_3,Other,67.44
area_4,Other,64.17
area_5,Other,70.34
area_1,Other,64.15
area_2,Other,67.02
area_3,Other,50.28
area_2,Other,66.59
area_3,Other,71.16
area_5,Other,71.63
area_2,Other,63.19
area_1,Other,44.05
area_1,Other,63.26
area_3,Other,62.09
area_4,Other,53.81
area_2,Other,52.33
area_4,Other,49.75
area_1,Other,50.64
area_2,Other,58.47
area_2,Other,58.8
area_4,Other,51.01
area_3,Other,70.26
area_2,Other,65.46
area_5,Other,62.75
area_2,Other,51.33
area_3,Other,50.92
area_3,Other,69.48
area_4,Other,44.25
area_2,Other,47.38
area_3,Other,59.54
,,57.22
area_5,25.0,62.13
area_2,Other,62.63
area_4,Other,48.18
area_1,Other,55.61
area_2,Other,49.71
area_3,,66.94
area_3,Other,63.57
area_2,Other,65.99
area_2,Other,51.96
area_3,Other,51.14
area_4,Other,62.44
area_1,Other,46.96
area_3,Other,60.19
area_4,Other,44.85
area_5,25.0,70.49
area_3,Other,65.67
area_1,Other,47.44
area_3,Other,62.25
area_5,25.0,55.78
area_4,Other,55.9
area_3,Other,66.27
area_1,Other,56.22
area_2,Other,51.78
area_3,Other,57.78
area_5,Other,62.48
Other,,66.51
area_3,Other,59.44
area_3,Other,50.9
area_1,Other,60.22
Other,,65.57
area_1,Other,52.93
area_1,,55.15
area_5,25.0,58.37
area_1,Other,54.44
area_5,Other,72.02
area_3,Other,58.48
,,62.89
area_5,25.0,60.77
area_2,Other,55.28
area_2,Other,57.14
area_1,Other,58.62
area_2,Other,52.35
,,64.15
area_2,Other,53.13
area_5,25.0,59.84
area_4,Other,53.98
area_1,Other,48.62
Other,,62.0
area_3,Other,76.59
area_3,Other,62.03
Other,,66.58
area_1,Other,58.28
area_3,Other,58.71
area_1,Other,39.06
area_1,Other,63.48
area_1,Other,56.6
area_1,Other,49.27
area_3,Other,56.66
area_1,Other,47.15
area_3,Other,74.77
area_5,Other,64.87
,,56.47
,,56.47
area_5,Other,64.53
area_1,Other,55.59
area_1,Other,54.31
area_5,Other,68.72
area_5,Other,68.06
area_1,Other,49.4
area_1,Other,45.5
area_5,25.0,53.15
area_1,Other,47.71
area_2,Other,48.97
area_4,Other,30.3
area_3,Other,59.15
area_5,Other,61.16
area_4,Other,44.36
area_4,Other,56.64
area_1,Other,55.77
area_3,Other,59.32
area_3,Other,47.93
area_3,Other,63.64
area_4,Other,53.37
area_1,Other,46.97
area_4,Other,52.47
area_2,Other,54.12
area_3,Other,65.53
area_1,Other,52.25
area_2,Other,59.58
area_5,25.0,61.69
area_2,Other,39.87
area_2,Other,57.75
area_1,Other,59.09
area_3,Other,75.66
Other,,65.81
area_3,Other,65.29
area_3,Other,58.46
area_5,,63.07
area_5,Other,59.87
area_3,Other,59.11
area_3,Other,66.15
area_2,Other,66.67
area_2,Other,64.52
area_2,Other,58.41
area_2,Other,59.43
area_3,Other,62.59
area_3,,56.03
area_3,Other,59.12
area_4,Other,46.32
area_3,Other,68.66
area_3,Other,64.67
area_5,Other,65.3
area_3,Other,57.13
area_5,25.0,60.1
area_1,Other,48.36
area_3,,65.62
area_1,Other,47.16
area_1,Other,63.17
area_4,Other,54.74
area_1,Other,56.75
area_4,Other,50.17
area_1,Other,46.11
area_3,Other,54.66
Other,,65.88
area_1,Other,55.79
area_2,Other,60.72
area_3,Other,54.55
area_3,Other,50.34
Other,,63.89
area_4,Other,52.19
area_4,Other,52.95
area_3,Other,55.0
area_2,Other,48.78
area_2,Other,56.5
area_2,Other,55.63
area_3,Other,65.03
area_1,Other,43.37
area_5,Other,57.72
area_1,Other,53.49
area_5,Other,62.67
area_3,Other,53.82
area_5,Other,57.96
area_3,Other,61.3
area_2,Other,52.73
area_3,Other,63.94
area_2,Other,57.56
area_3,Other,62.67
area_3,Other,44.49
area_2,Other,56.5
Other,,67.43
area_2,Other,49.08
area_3,Other,59.5
area_5,25.0,58.55
area_3,Other,69.11
area_3,Other,63.79
area_3,Other,54.3
area_2,Other,55.68
area_4,Other,54.79
Other,,58.53
area_3,Other,60.84
area_4,Other,50.11
area_1,Other,67.48
area_3,Other,57.62
area_2,Other,56.17
area_5,Other,69.08
,,51.91
area_1,Other,44.16
area_3,Other,66.62
area_2,Other,56.26
area_2,Other,60.79
area_4,Other,55.8
area_3,Other,70.35
area_5,Other,67.24
area_2,Other,56.29
area_3,Other,70.45
area_5,25.0,59.35
area_3,Other,61.73
,,65.17
,,65.17
area_2,Other,51.65
area_1,Other,55.43
area_3,Other,55.04
area_1,Other,57.25
area_1,Other,48.39
area_5,Other,68.07
area_1,Other,58.53
area_5,Other,63.19
area_1,Other,58.67
area_3,Other,59.31
area_2,Other,49.34
area_4,,54.83
area_5,Other,61.57
area_3,Other,54.82
area_1,Other,58.9
area_4,Other,52.32
area_1,Other,58.69
area_1,Other,49.55
area_4,Other,51.29
area_4,Other,59.05
area_3,Other,64.28
,,61.42
,,61.42
area_3,Other,66.54
area_3,Other,51.6
area_2,Other,58.21
area_3,Other,63.52
area_2,Other,59.8
area_3,Other,61.39
area_1,Other,51.73
area_3,Other,61.21
area_1,Other,57.54
area_4,Other,42.89
area_3,Other,62.94
area_5,,65.76
area_1,Other,59.9
area_2,Other,52.43
area_5,25.0,52.35
area_3,Other,63.67
area_5,25.0,64.25
area_5,Other,65.61
area_4,Other,53.01
area_3,Other,63.92
area_1,Other,54.94
area_1,Other,57.02
area_1,Other,54.9
area_2,Other,36.09
area_3,Other,70.28
area_1,Other,61.26
area_2,Other,57.4
area_5,Other,60.12
area_3,Other,64.55
area_4,Other,59.88
area_3,Other,59.9
area_4,,53.78
area_1,Other,50.78
area_2,Other,62.99
area_5,Other,66.58
area_1,Other,54.7
area_3,,61.88
area_2,Other,56.94
area_3,Other,68.04
area_2,Other,55.0
area_3,Other,48.8
area_4,Other,48.85
area_5,25.0,52.8
area_5,,58.97
area_1,Other,63.21
area_5,Other,66.19
area_4,Other,47.0
area_3,Other,55.46
area_2,Other,58.02
area_3,Other,75.14
area_3,Other,63.6
area_2,Other,69.84
area_3,Other,64.83
Other,,60.44
area_2,Other,56.57
area_4,Other,48.7
area_3,Other,55.33
area_1,Other,59.99
area_3,Other,67.33
area_5,Other,63.97
area_3,Other,57.58
area_3,Other,65.67
area_3,Other,59.88
area_1,Other,50.54
area_1,Other,53.57
area_5,Other,61.67
area_3,Other,62.03
area_2,Other,67.11
area_2,Other,63.56
area_1,Other,52.99
area_2,Other,52.32
area_1,Other,57.43
area_1,Other,40.69
area_3,Other,48.3
area_4,Other,54.94
area_1,Other,59.28
area_1,Other,57.87
area_2,Other,48.68
area_2,Other,43.5
area_3,Other,67.43
area_3,Other,53.71
Other,,49.19
area_5,Other,65.32
area_5,Other,63.62
area_2,Other,51.95
area_2,Other,59.14
area_5,Other,62.16
area_1,Other,43.77
area_3,Other,67.18
area_3,Other,67.44
area_1,Other,60.54
Other,,67.59
area_2,,58.68
area_4,Other,58.51
area_2,Other,53.45
area_4,Other,52.34
area_3,Other,67.07
area_4,Other,42.78
area_2,Other,53.75
area_3,Other,61.99
area_4,Other,64.21
area_4,Other,58.17
area_3,Other,41.77
area_1,Other,46.44
area_5,25.0,58.58
area_1,Other,45.83
area_5,,61.74
area_5,Other,60.28
area_2,Other,70.42
area_1,Other,67.08
area_3,Other,52.19
area_2,Other,56.91
area_2,Other,60.92
area_5,Other,72.43
area_4,Other,55.99
area_3,Other,59.33
area_1,Other,55.85
area_5,,64.84
area_1,Other,44.38
area_5,Other,62.85
area_2,Other,62.23
area_3,Other,51.18
area_4,Other,43.85
area_5,Other,67.07
area_5,25.0,51.88
area_5,Other,73.01
area_4,Other,64.51
area_4,Other,44.48
Other,,66.01
area_2,Other,49.4
area_3,Other,65.08
area_2,Other,52.34
area_5,25.0,55.01
area_5,Other,63.41
area_5,Other,68.25
area_3,Other,61.7
area_3,Other,73.74
area_1,Other,47.16
area_2,Other,53.29
area_4,Other,39.76
area_1,Other,60.79
area_4,Other,45.32
area_1,Other,44.56
area_5,Other,70.88
area_5,Other,73.97
area_3,Other,55.69
area_4,Other,40.49
area_1,Other,61.55
area_2,Other,62.51
area_1,Other,59.36
area_2,,53.96
area_1,Other,59.66
area_1,Other,45.44
area_5,Other,66.73
area_1,Other,52.54
area_3,Other,61.87
area_3,Other,72.34
area_1,Other,63.14
area_3,Other,58.58
area_2,Other,62.5
area_5,Other,61.87
area_5,Other,71.02
area_4,Other,56.58
area_5,Other,69.03
area_5,Other,73.82
area_5,Other,60.38
area_3,,55.1
area_2,Other,51.68
area_5,Other,68.43
area_5,Other,67.78
area_3,Other,54.53
area_2,Other,56.02
area_2,Other,55.11
area_1,Other,44.61
area_2,Other,52.95
area_2,Other,56.86
area_3,Other,68.06
area_5,25.0,61.33
area_3,Other,58.41
area_5,Other,66.84
area_3,Other,60.42
area_1,Other,58.38
area_1,Other,59.83
area_3,Other,63.88
area_4,Other,50.07
area_3,Other,62.21
area_4,Other,38.48
area_3,Other,71.31
area_1,Other,46.69
area_2,Other,56.97
area_1,Other,57.4
area_4,Other,59.07
area_4,Other,50.09
area_1,,53.02
area_3,Other,70.75
area_2,Other,54.97
area_3,Other,63.02
area_5,Other,60.22
Other,,67.25
area_3,Other,66.7
area_2,Other,48.85
area_1,Other,68.09
area_1,,58.57
area_2,Other,45.42
area_2,Other,67.94
area_5,Other,66.42
area_3,Other,68.24
area_4,Other,51.17
area_5,Other,70.9
area_3,Other,70.45
area_3,Other,64.79
area_1,Other,52.39
area_3,Other,66.19
area_3,Other,63.5
area_1,Other,52.36
area_3,Other,78.95
area_2,Other,52.14
area_3,Other,62.5
area_4,Other,50.31
area_1,Other,49.38
Other,,60.89
area_1,Other,64.62
area_3,Other,63.85
area_2,Other,47.69
area_1,Other,56.82
area_1,Other,58.67
area_1,Other,53.76
area_5,Other,68.3
area_4,Other,45.17
area_5,25.0,58.34
area_4,Other,49.02
Other,,65.47
area_3,Other,67.06
area_4,Other,55.76
area_5,Other,63.59
area_2,Other,43.55
area_2,Other,49.15
area_5,Other,68.69
area_1,Other,65.36
area_5,Other,66.87
area_2,Other,58.83
area_2,Other,63.52
area_4,Other,58.22
area_3,Other,59.61
area_5,25.0,61.8
area_3,Other,66.34
area_5,Other,59.43
area_3,Other,62.67
area_2,Other,51.88
area_3,Other,66.34
area_5,25.0,57.86
area_2,Other,54.58
area_3,Other,42.0
area_5,Other,60.33
area_3,,58.38
area_2,,52.03
area_5,Other,62.2
area_1,Other,68.18
,,55.08
area_5,Other,64.36
area_4,Other,67.74
area_1,Other,50.92
area_1,Other,56.87
area_3,Other,61.74
area_4,Other,47.25
area_3,Other,67.93
area_5,Other,69.71
area_3,Other,53.33
area_5,Other,63.78
area_1,Other,63.43
area_3,Other,65.23
area_3,Other,48.09
area_1,Other,53.71
area_3,Other,69.66
area_4,Other,53.82
area_3,Other,63.66
area_2,Other,63.98
area_1,Other,44.99
area_1,Other,62.58
area_3,Other,62.51
area_1,Other,58.06
area_2,Other,48.27
area_3,Other,66.52
area_5,25.0,57.07
Other,,60.76
area_2,Other,64.98
area_4,,40.8
area_4,Other,54.26
area_1,Other,44.95
area_3,Other,61.9
area_1,Other,58.72
area_4,Other,45.46
area_4,Other,55.3
area_3,,58.61
area_5,Other,61.13
area_5,Other,62.11
area_3,Other,63.1
area_1,Other,55.52
area_5,Other,61.42
area_4,Other,44.83
area_1,Other,40.94
area_2,Other,57.35
area_5,Other,62.62
area_2,Other,59.86
area_2,Other,44.97
area_2,Other,57.81
area_5,Other,68.92
area_3,Other,66.02
area_3,Other,63.34
,,55.73
area_2,Other,58.05
Other,,56.71
area_3,Other,61.69
area_1,Other,63.62
area_3,Other,72.34
area_2,Other,53.36
area_2,Other,60.98
area_5,Other,62.79
area_2,Other,63.11
area_5,Other,50.77
area_5,Other,67.81
Other,,58.07
area_2,Other,50.42
area_1,Other,40.08
area_5,Other,65.04
area_2,Other,59.92
area_3,Other,62.05
area_3,Other,52.98
area_2,Other,54.09
area_2,Other,54.46
area_1,Other,52.49
area_1,Other,50.57
area_3,Other,67.31
area_1,Other,53.76
area_5,Other,66.62
area_5,Other,68.38
area_5,25.0,56.92
area_4,,58.98
area_4,Other,49.84
area_1,Other,46.66
area_1,Other,56.59
area_1,Other,59.02
area_3,Other,67.93
area_5,Other,58.95
area_4,Other,58.32
area_1,Other,59.78
area_3,Other,58.12
area_3,Other,51.67
area_1,Other,49.69
area_4,Other,45.46
area_4,Other,42.25
area_3,Other,62.94
area_1,Other,58.3
area_3,Other,68.37
area_3,Other,53.95
area_3,Other,69.15
area_1,Other,54.43
area_2,Other,50.14
area_5,25.0,58.4
area_5,Other,65.66
area_5,25.0,60.27
area_1,Other,57.95
area_3,Other,61.02
area_4,,50.97
area_5,Other,63.1
area_5,Other,64.68
area_3,Other,71.54
area_5,25.0,58.5
area_4,Other,47.57
area_3,Other,58.67
area_5,25.0,62.38
area_2,Other,56.72
area_4,Other,58.25
area_5,Other,67.94
area_4,Other,38.68
area_1,Other,59.27
area_5,Other,58.32
area_5,Other,65.35
area_2,Other,62.61
area_1,Other,55.79
area_5,Other,72.49
area_2,Other,47.77
area_2,Other,54.24
area_5,Other,62.75
Other,,69.35
area_3,Other,65.18
area_3,Other,51.21
area_1,Other,41.7
area_5,Other,61.02
,,60.28
,,60.28
area_3,Other,56.24
Other,,65.18
area_3,Other,52.21
area_5,,58.62
area_2,Other,48.03
area_5,Other,65.15
area_1,Other,51.03
area_3,Other,53.32
area_3,Other,65.83
area_1,Other,66.87
area_1,Other,54.28
,,57.35
area_3,Other,63.27
area_3,Other,68.79
area_2,Other,60.74
area_3,Other,62.68
area_3,Other,52.61
area_3,Other,58.74
area_1,Other,61.84
area_3,Other,54.49
area_1,,56.78
area_1,Other,44.35
area_1,Other,39.04
area_1,Other,54.5
area_2,Other,46.92
area_5,Other,51.07
area_5,Other,67.97
area_2,Other,47.35
area_2,Other,47.26
area_3,Other,62.85
area_2,Other,56.56
Other,,66.3
area_2,Other,51.48
area_5,Other,63.75
area_3,Other,69.96
area_3,Other,65.64
area_5,Other,66.58
area_5,,61.02
area_2,Other,41.27
area_2,Other,62.33
area_3,Other,72.48
area_1,Other,56.15
area_2,Other,56.77
area_3,,61.71
area_4,Other,46.44
area_2,Other,63.61
area_3,Other,59.43
area_5,Other,71.03
area_2,Other,53.04
,,64.91
,,64.91
area_1,Other,45.06
area_1,Other,55.87
area_4,Other,59.75
area_3,Other,62.94
area_3,Other,71.93
area_1,Other,54.21
area_3,Other,65.03
area_2,Other,53.65
area_5,Other,64.37
area_3,Other,68.19
area_3,Other,55.85
area_1,Other,54.38
area_2,Other,70.97
area_3,Other,60.34
Other,,68.49
area_3,Other,65.33
area_3,Other,62.35
area_2,Other,49.32
area_5,Other,62.85
area_1,,52.69
area_4,Other,62.27
area_3,Other,69.42
area_2,Other,59.25
area_1,Other,60.58
area_3,Other,72.92
area_2,Other,56.09
area_3,Other,62.68
area_4,Other,48.92
area_1,,50.98
area_3,Other,67.17
area_3,Other,52.18
area_2,Other,46.49
area_5,Other,65.86
area_2,Other,61.05
area_2,Other,43.26
area_5,Other,64.02
area_1,Other,57.89
area_2,Other,48.4
area_4,Other,52.57
area_4,Other,51.88
area_5,,59.59
area_5,Other,63.31
area_5,Other,57.26
area_2,Other,62.1
area_2,Other,44.82
area_3,Other,63.49
area_3,Other,70.86
area_1,Other,50.67
area_4,Other,51.87
area_2,Other,56.75
area_2,Other,50.84
area_2,Other,60.45
area_2,Other,53.34
area_2,Other,51.78
area_1,Other,60.5
area_4,Other,41.14
area_4,Other,57.25
Other,,52.65
area_5,Other,63.99
area_2,Other,56.53
area_2,Other,58.79
area_1,Other,61.93
area_5,Other,66.81
area_5,Other,64.63
area_4,Other,51.04
area_5,Other,65.79
area_2,Other,63.68
area_4,Other,50.47
area_5,Other,56.51
area_4,Other,51.58
area_5,Other,57.23
area_2,Other,51.92
area_2,Other,53.92
area_3,Other,68.88
area_4,Other,51.65
area_2,Other,50.75
area_5,25.0,57.01
area_4,Other,46.58
,,60.85
area_5,Other,67.13
area_5,Other,62.63
area_4,,52.63
area_3,Other,70.07
area_2,Other,52.75
area_3,Other,68.05
area_4,Other,56.7
area_1,Other,53.36
area_2,Other,44.02
area_2,Other,66.79
area_1,Other,47.89
area_4,Other,48.0
area_4,Other,48.44
area_3,Other,71.19
area_4,Other,43.04
area_5,Other,58.87
area_2,Other,51.14
area_4,Other,46.25
area_4,Other,48.62
area_5,Other,64.51
area_5,25.0,56.2
area_5,Other,67.23
area_2,Other,51.83
area_5,Other,72.87
area_4,Other,63.96
area_4,Other,53.83
area_5,25.0,58.9
area_2,Other,57.75
area_3,Other,59.94
area_3,Other,61.49
area_5,Other,67.67
area_4,Other,49.61
area_2,Other,51.96
area_5,25.0,53.8
area_2,Other,52.42
area_1,Other,48.22
area_2,Other,52.72
area_2,Other,47.7
area_3,Other,69.42
area_5,Other,67.52
area_1,Other,58.35
,,66.04
,,66.04
area_5,Other,59.17
area_1,Other,53.77
area_5,25.0,58.49
area_3,Other,70.31
area_1,Other,54.74
